{
  "method": "dml_fixed",
  "func_type": "bachelier",
  "dim": 20,
  "n_samples": 2048,
  "noise_level": 0.0,
  "seed": 42,
  "lambda": 1.0,
  "test_value_mse": 4.6246424595988157e-08,
  "test_grad_mse": 1.3008764663425894e-07,
  "best_epoch": 988,
  "time_s": 40.31822180747986,
  "n_epochs_actual": 1000,
  "key": "bachelier_d20_n2048_noise0.0_s42_dml_fixed",
  "timestamp": "2026-04-08T04:01:28.885531"
}