{
  "method": "dml_relobralo",
  "func_type": "bachelier",
  "dim": 1,
  "n_samples": 512,
  "noise_level": 0.0,
  "seed": 1000,
  "lambda": 1.0,
  "test_value_mse": 4.000870460016876e-09,
  "test_grad_mse": 8.878324797141526e-07,
  "best_epoch": 130,
  "time_s": 3.84963059425354,
  "n_epochs_actual": 181,
  "key": "bachelier_d1_n512_noise0.0_s1000_dml_relobralo",
  "timestamp": "2026-04-26T07:39:02.476066"
}