{
  "method": "dml_relobralo",
  "func_type": "bachelier",
  "dim": 10,
  "n_samples": 8192,
  "noise_level": 0.0,
  "seed": 456,
  "lambda": 1.0,
  "test_value_mse": 1.6732718185367113e-08,
  "test_grad_mse": 1.4127924364900698e-07,
  "best_epoch": 996,
  "time_s": 94.0454089641571,
  "n_epochs_actual": 1000,
  "key": "bachelier_d10_n8192_noise0.0_s456_dml_relobralo",
  "timestamp": "2026-04-26T08:13:24.889720"
}