{
  "method": "baseline_krr",
  "func_type": "bachelier",
  "dim": 20,
  "n_samples": 512,
  "noise_level": 0.0,
  "seed": 456,
  "lambda": 1.0,
  "test_value_mse": 9.88553896139724e-05,
  "test_grad_mse": 8.343430875228153e-05,
  "time_s": 2.652508020401001,
  "key": "bachelier_d20_n512_noise0.0_s456_baseline_krr",
  "timestamp": "2026-04-08T03:57:41.038380"
}