{
  "method": "baseline_gp",
  "func_type": "bachelier",
  "dim": 1,
  "n_samples": 2048,
  "noise_level": 0.0,
  "seed": 1000,
  "lambda": 1.0,
  "test_value_mse": 1.288829640150418e-10,
  "test_grad_mse": 1.8067710490753906e-07,
  "time_s": 107.61950635910034,
  "key": "bachelier_d1_n2048_noise0.0_s1000_baseline_gp",
  "timestamp": "2026-04-07T18:59:29.690852"
}