{
  "method": "dml_relobralo",
  "func_type": "bachelier",
  "dim": 5,
  "n_samples": 512,
  "noise_level": 0.0,
  "seed": 123,
  "lambda": 1.0,
  "test_value_mse": 7.099567133762187e-08,
  "test_grad_mse": 1.800268170174098e-06,
  "best_epoch": 999,
  "time_s": 24.286713361740112,
  "n_epochs_actual": 1000,
  "key": "bachelier_d5_n512_noise0.0_s123_dml_relobralo",
  "timestamp": "2026-04-26T07:49:24.651770"
}