{
  "method": "vanilla",
  "func_type": "bachelier",
  "dim": 1,
  "n_samples": 512,
  "noise_level": 0.0,
  "seed": 789,
  "lambda": 1.0,
  "test_value_mse": 2.618488894348251e-09,
  "test_grad_mse": 1.5738252933895888e-06,
  "best_epoch": 999,
  "time_s": 27.35771679878235,
  "n_epochs_actual": 1000,
  "key": "bachelier_d1_n512_noise0.0_s789_vanilla",
  "timestamp": "2026-04-07T18:43:55.615273"
}