{
  "method": "baseline_gp",
  "func_type": "bachelier",
  "dim": 20,
  "n_samples": 2048,
  "noise_level": 0.0,
  "seed": 42,
  "lambda": 1.0,
  "test_value_mse": 1.356059932438654e-08,
  "test_grad_mse": 5.335647802141167e-07,
  "time_s": 95.60394406318665,
  "key": "bachelier_d20_n2048_noise0.0_s42_baseline_gp",
  "timestamp": "2026-04-08T04:04:14.711286"
}