{
  "method": "baseline_rf",
  "func_type": "bachelier",
  "dim": 1,
  "n_samples": 512,
  "noise_level": 0.0,
  "seed": 42,
  "lambda": 1.0,
  "test_value_mse": 6.010388969746227e-06,
  "test_grad_mse": 8.515478551633807,
  "time_s": 0.7127280235290527,
  "key": "bachelier_d1_n512_noise0.0_s42_baseline_rf",
  "timestamp": "2026-04-07T18:41:44.947710"
}