{
  "method": "vanilla",
  "func_type": "bachelier",
  "dim": 1,
  "n_samples": 512,
  "noise_level": 0.0,
  "seed": 456,
  "lambda": 1.0,
  "test_value_mse": 1.824772513036495e-08,
  "test_grad_mse": 7.0183782979546484e-06,
  "best_epoch": 427,
  "time_s": 9.300390005111694,
  "n_epochs_actual": 478,
  "key": "bachelier_d1_n512_noise0.0_s456_vanilla",
  "timestamp": "2026-04-07T18:42:29.165028"
}