{
  "method": "baseline_krr",
  "func_type": "bachelier",
  "dim": 1,
  "n_samples": 2048,
  "noise_level": 0.0,
  "seed": 42,
  "lambda": 1.0,
  "test_value_mse": 4.491319549274047e-05,
  "test_grad_mse": 0.005259382155868878,
  "time_s": 0.24252867698669434,
  "key": "bachelier_d1_n2048_noise0.0_s42_baseline_krr",
  "timestamp": "2026-04-07T18:49:22.214005"
}