{
  "method": "dml_fixed",
  "func_type": "bachelier",
  "dim": 20,
  "n_samples": 2048,
  "noise_level": 0.0,
  "seed": 123,
  "lambda": 1.0,
  "test_value_mse": 4.935718025075446e-08,
  "test_grad_mse": 1.374556621487821e-07,
  "best_epoch": 993,
  "time_s": 36.41230249404907,
  "n_epochs_actual": 1000,
  "key": "bachelier_d20_n2048_noise0.0_s123_dml_fixed",
  "timestamp": "2026-04-08T04:05:14.137008"
}