{
  "method": "vanilla",
  "func_type": "bachelier",
  "dim": 20,
  "n_samples": 8192,
  "noise_level": 0.0,
  "seed": 1000,
  "lambda": 1.0,
  "test_value_mse": 4.904445419714386e-08,
  "test_grad_mse": 1.5978632823104462e-07,
  "best_epoch": 896,
  "time_s": 57.83821129798889,
  "n_epochs_actual": 947,
  "key": "bachelier_d20_n8192_noise0.0_s1000_vanilla",
  "timestamp": "2026-04-08T06:49:01.934175"
}