{
  "method": "baseline_krr",
  "func_type": "bachelier",
  "dim": 2,
  "n_samples": 512,
  "noise_level": 0.0,
  "seed": 123,
  "lambda": 1.0,
  "test_value_mse": 0.0003232262140577416,
  "test_grad_mse": 0.007896680948014356,
  "time_s": 0.9046728610992432,
  "key": "bachelier_d2_n512_noise0.0_s123_baseline_krr",
  "timestamp": "2026-04-07T21:04:54.475000"
}