{
  "method": "baseline_krr",
  "func_type": "bachelier",
  "dim": 20,
  "n_samples": 8192,
  "noise_level": 0.0,
  "seed": 456,
  "lambda": 1.0,
  "test_value_mse": 1.8152657986272715e-05,
  "test_grad_mse": 2.8654315875577014e-05,
  "time_s": 13.547447919845581,
  "key": "bachelier_d20_n8192_noise0.0_s456_baseline_krr",
  "timestamp": "2026-04-08T06:21:59.572196"
}