{
  "method": "baseline_krr",
  "func_type": "bachelier",
  "dim": 20,
  "n_samples": 512,
  "noise_level": 0.0,
  "seed": 1000,
  "lambda": 1.0,
  "test_value_mse": 7.258648835894702e-05,
  "test_grad_mse": 8.307787721161679e-05,
  "time_s": 1.7698643207550049,
  "key": "bachelier_d20_n512_noise0.0_s1000_baseline_krr",
  "timestamp": "2026-04-08T04:00:34.861817"
}