{
  "method": "dml_relobralo",
  "func_type": "bachelier",
  "dim": 50,
  "n_samples": 8192,
  "noise_level": 0.0,
  "seed": 42,
  "lambda": 1.0,
  "test_value_mse": 2.0191162749577824e-08,
  "test_grad_mse": 2.2857246276508827e-08,
  "best_epoch": 615,
  "time_s": 55.150559425354004,
  "n_epochs_actual": 666,
  "key": "bachelier_d50_n8192_noise0.0_s42_dml_relobralo",
  "timestamp": "2026-04-26T08:31:13.497290"
}