{
  "method": "baseline_rf",
  "func_type": "bachelier",
  "dim": 5,
  "n_samples": 8192,
  "noise_level": 0.0,
  "seed": 456,
  "lambda": 1.0,
  "test_value_mse": 0.00013416514483381077,
  "test_grad_mse": 2.2918386748997426,
  "time_s": 3.655885934829712,
  "key": "bachelier_d5_n8192_noise0.0_s456_baseline_rf",
  "timestamp": "2026-04-08T00:56:20.081761"
}