{
  "method": "dml_fixed",
  "func_type": "bachelier",
  "dim": 5,
  "n_samples": 8192,
  "noise_level": 0.0,
  "seed": 1000,
  "lambda": 1.0,
  "test_value_mse": 1.3887329216376487e-09,
  "test_grad_mse": 5.010639281259724e-08,
  "best_epoch": 998,
  "time_s": 73.79080247879028,
  "n_epochs_actual": 1000,
  "key": "bachelier_d5_n8192_noise0.0_s1000_dml_fixed",
  "timestamp": "2026-04-08T01:20:25.932249"
}