{
  "method": "dml_gradnorm",
  "func_type": "bachelier",
  "dim": 10,
  "n_samples": 2048,
  "noise_level": 0.0,
  "seed": 42,
  "lambda": 1.0,
  "test_value_mse": 6.646801098361782e-08,
  "test_grad_mse": 5.542033171374001e-07,
  "best_epoch": 992,
  "time_s": 61.505786657333374,
  "n_epochs_actual": 1000,
  "key": "bachelier_d10_n2048_noise0.0_s42_dml_gradnorm",
  "timestamp": "2026-04-08T01:43:09.563486"
}