{
  "method": "vanilla",
  "func_type": "bachelier",
  "dim": 10,
  "n_samples": 8192,
  "noise_level": 0.0,
  "seed": 456,
  "lambda": 1.0,
  "test_value_mse": 5.139315351098968e-08,
  "test_grad_mse": 4.5343945506124784e-07,
  "best_epoch": 841,
  "time_s": 52.2073016166687,
  "n_epochs_actual": 892,
  "key": "bachelier_d10_n8192_noise0.0_s456_vanilla",
  "timestamp": "2026-04-08T02:49:20.333309"
}