{
  "method": "dml_fixed",
  "func_type": "bachelier",
  "dim": 50,
  "n_samples": 2048,
  "noise_level": 0.0,
  "seed": 1000,
  "lambda": 1.0,
  "test_value_mse": 2.0943408363087004e-08,
  "test_grad_mse": 2.0447127585944728e-08,
  "best_epoch": 989,
  "time_s": 43.339783668518066,
  "n_epochs_actual": 1000,
  "key": "bachelier_d50_n2048_noise0.0_s1000_dml_fixed",
  "timestamp": "2026-04-08T07:29:07.900270"
}