{
  "method": "dml_fixed",
  "func_type": "bachelier",
  "dim": 50,
  "n_samples": 8192,
  "noise_level": 0.0,
  "seed": 1000,
  "lambda": 1.0,
  "test_value_mse": 4.909319674720328e-09,
  "test_grad_mse": 5.0666237109992654e-09,
  "best_epoch": 999,
  "time_s": 82.65584373474121,
  "n_epochs_actual": 1000,
  "key": "bachelier_d50_n8192_noise0.0_s1000_dml_fixed",
  "timestamp": "2026-04-08T07:55:24.230760"
}