{
  "method": "dml_gradnorm",
  "func_type": "bachelier",
  "dim": 5,
  "n_samples": 8192,
  "noise_level": 0.0,
  "seed": 789,
  "lambda": 1.0,
  "test_value_mse": 2.100009142037101e-09,
  "test_grad_mse": 7.360789663732731e-08,
  "best_epoch": 989,
  "time_s": 146.38295316696167,
  "n_epochs_actual": 1000,
  "key": "bachelier_d5_n8192_noise0.0_s789_dml_gradnorm",
  "timestamp": "2026-04-08T01:00:57.052939"
}