{
  "method": "dml_gradnorm",
  "func_type": "bachelier",
  "dim": 20,
  "n_samples": 8192,
  "noise_level": 0.0,
  "seed": 1000,
  "lambda": 1.0,
  "test_value_mse": 8.658201231959099e-09,
  "test_grad_mse": 2.6595086860193303e-08,
  "best_epoch": 997,
  "time_s": 143.9008572101593,
  "n_epochs_actual": 1000,
  "key": "bachelier_d20_n8192_noise0.0_s1000_dml_gradnorm",
  "timestamp": "2026-04-08T06:52:45.090984"
}