{
  "method": "dml_relobralo",
  "func_type": "bachelier",
  "dim": 5,
  "n_samples": 8192,
  "noise_level": 0.0,
  "seed": 1000,
  "lambda": 1.0,
  "test_value_mse": 3.1621084500775166e-09,
  "test_grad_mse": 1.125504263069292e-07,
  "best_epoch": 621,
  "time_s": 65.28043222427368,
  "n_epochs_actual": 672,
  "key": "bachelier_d5_n8192_noise0.0_s1000_dml_relobralo",
  "timestamp": "2026-04-26T08:03:52.063918"
}