{
  "method": "dml_fixed",
  "func_type": "bachelier",
  "dim": 20,
  "n_samples": 2048,
  "noise_level": 0.0,
  "seed": 1000,
  "lambda": 1.0,
  "test_value_mse": 4.500346147665162e-08,
  "test_grad_mse": 1.3323964011712214e-07,
  "best_epoch": 999,
  "time_s": 35.47711110115051,
  "n_epochs_actual": 1000,
  "key": "bachelier_d20_n2048_noise0.0_s1000_dml_fixed",
  "timestamp": "2026-04-08T04:17:08.045994"
}