{
  "method": "dml_fixed",
  "func_type": "bachelier",
  "dim": 5,
  "n_samples": 2048,
  "noise_level": 0.0,
  "seed": 123,
  "lambda": 1.0,
  "test_value_mse": 6.6639325522375866e-09,
  "test_grad_mse": 2.150251138579758e-07,
  "best_epoch": 999,
  "time_s": 37.2063090801239,
  "n_epochs_actual": 1000,
  "key": "bachelier_d5_n2048_noise0.0_s123_dml_fixed",
  "timestamp": "2026-04-07T23:36:13.722608"
}