{
  "method": "dml_gradnorm",
  "func_type": "bachelier",
  "dim": 2,
  "n_samples": 8192,
  "noise_level": 0.0,
  "seed": 1000,
  "lambda": 1.0,
  "test_value_mse": 6.902720326826072e-10,
  "test_grad_mse": 7.134036037071711e-08,
  "best_epoch": 167,
  "time_s": 35.55703115463257,
  "n_epochs_actual": 218,
  "key": "bachelier_d2_n8192_noise0.0_s1000_dml_gradnorm",
  "timestamp": "2026-04-07T23:01:38.916952"
}