{
  "method": "dml_gradnorm",
  "func_type": "bachelier",
  "dim": 50,
  "n_samples": 8192,
  "noise_level": 0.0,
  "seed": 42,
  "lambda": 1.0,
  "test_value_mse": 7.4193425113268605e-09,
  "test_grad_mse": 8.233985741145029e-09,
  "best_epoch": 999,
  "time_s": 156.18948698043823,
  "n_epochs_actual": 1000,
  "key": "bachelier_d50_n8192_noise0.0_s42_dml_gradnorm",
  "timestamp": "2026-04-08T07:35:48.616219"
}