{
  "method": "vanilla",
  "func_type": "bachelier",
  "dim": 2,
  "n_samples": 512,
  "noise_level": 0.0,
  "seed": 42,
  "lambda": 1.0,
  "test_value_mse": 3.4728847538133604e-08,
  "test_grad_mse": 7.888655804211564e-06,
  "best_epoch": 429,
  "time_s": 8.532417058944702,
  "n_epochs_actual": 480,
  "key": "bachelier_d2_n512_noise0.0_s42_vanilla",
  "timestamp": "2026-04-07T21:02:05.963507"
}