{
  "method": "baseline_krr",
  "func_type": "bachelier",
  "dim": 1,
  "n_samples": 2048,
  "noise_level": 0.0,
  "seed": 456,
  "lambda": 1.0,
  "test_value_mse": 4.497833134764522e-05,
  "test_grad_mse": 0.006074769242985287,
  "time_s": 0.20504140853881836,
  "key": "bachelier_d1_n2048_noise0.0_s456_baseline_krr",
  "timestamp": "2026-04-07T18:54:06.749963"
}