{
  "method": "baseline_gp",
  "func_type": "bachelier",
  "dim": 10,
  "n_samples": 2048,
  "noise_level": 0.0,
  "seed": 42,
  "lambda": 1.0,
  "test_value_mse": 3.8125076914020995e-08,
  "test_grad_mse": 1.5063250841453524e-07,
  "time_s": 25.184815168380737,
  "key": "bachelier_d10_n2048_noise0.0_s42_baseline_gp",
  "timestamp": "2026-04-08T01:43:55.578898"
}