{
  "method": "baseline_rf",
  "func_type": "bachelier",
  "dim": 1,
  "n_samples": 8192,
  "noise_level": 0.0,
  "seed": 123,
  "lambda": 1.0,
  "test_value_mse": 9.089920268157854e-09,
  "test_grad_mse": 1.7735370074462349,
  "time_s": 1.2461285591125488,
  "key": "bachelier_d1_n8192_noise0.0_s123_baseline_rf",
  "timestamp": "2026-04-07T19:39:33.565605"
}