{
  "method": "dml_relobralo",
  "func_type": "bachelier",
  "dim": 2,
  "n_samples": 8192,
  "noise_level": 0.0,
  "seed": 123,
  "lambda": 1.0,
  "test_value_mse": 1.2160402523785673e-09,
  "test_grad_mse": 6.331905442052462e-08,
  "best_epoch": 213,
  "time_s": 26.525802850723267,
  "n_epochs_actual": 264,
  "key": "bachelier_d2_n8192_noise0.0_s123_dml_relobralo",
  "timestamp": "2026-04-26T07:46:49.860149"
}