{
  "method": "dml_gradnorm",
  "func_type": "bachelier",
  "dim": 2,
  "n_samples": 2048,
  "noise_level": 0.0,
  "seed": 456,
  "lambda": 1.0,
  "test_value_mse": 4.135223293669366e-09,
  "test_grad_mse": 5.347651333418541e-07,
  "best_epoch": 208,
  "time_s": 17.153521060943604,
  "n_epochs_actual": 259,
  "key": "bachelier_d2_n2048_noise0.0_s456_dml_gradnorm",
  "timestamp": "2026-04-07T21:16:04.037559"
}