{
  "method": "dml_fixed",
  "func_type": "bachelier",
  "dim": 10,
  "n_samples": 1024,
  "noise_level": 0.05,
  "seed": 42,
  "lambda": 1.0,
  "test_value_mse": 5.070645302655693e-08,
  "test_grad_mse": 3.359638862010378e-07,
  "best_epoch": 480,
  "time_s": 16.2478289604187,
  "n_epochs_actual": 500
}