{
  "method": "dml_fixed",
  "func_type": "bachelier",
  "dim": 5,
  "n_samples": 2048,
  "noise_level": 0.0,
  "seed": 1000,
  "lambda": 1.0,
  "test_value_mse": 5.774102111126891e-09,
  "test_grad_mse": 2.0644510438695276e-07,
  "best_epoch": 997,
  "time_s": 36.44099259376526,
  "n_epochs_actual": 1000,
  "key": "bachelier_d5_n2048_noise0.0_s1000_dml_fixed",
  "timestamp": "2026-04-07T23:45:07.356860"
}