{
  "method": "baseline_gp",
  "func_type": "bachelier",
  "dim": 10,
  "n_samples": 2048,
  "noise_level": 0.0,
  "seed": 789,
  "lambda": 1.0,
  "test_value_mse": 8.34394603478066e-09,
  "test_grad_mse": 5.0370633971737406e-08,
  "time_s": 51.3158483505249,
  "key": "bachelier_d10_n2048_noise0.0_s789_baseline_gp",
  "timestamp": "2026-04-08T01:54:58.754668"
}