{
  "method": "vanilla",
  "func_type": "bachelier",
  "dim": 20,
  "n_samples": 2048,
  "noise_level": 0.0,
  "seed": 456,
  "lambda": 1.0,
  "test_value_mse": 3.13113822137089e-07,
  "test_grad_mse": 7.097988938565552e-07,
  "best_epoch": 401,
  "time_s": 13.824234247207642,
  "n_epochs_actual": 452,
  "key": "bachelier_d20_n2048_noise0.0_s456_vanilla",
  "timestamp": "2026-04-08T04:08:54.466140"
}