{
  "method": "dml_gradnorm",
  "func_type": "bachelier",
  "dim": 10,
  "n_samples": 512,
  "noise_level": 0.0,
  "seed": 456,
  "lambda": 1.0,
  "test_value_mse": 2.833478960139173e-07,
  "test_grad_mse": 1.4254878152138336e-06,
  "best_epoch": 999,
  "time_s": 27.871938228607178,
  "n_epochs_actual": 1000,
  "key": "bachelier_d10_n512_noise0.0_s456_dml_gradnorm",
  "timestamp": "2026-04-08T01:38:08.393149"
}