{
  "method": "baseline_rf",
  "func_type": "bachelier",
  "dim": 10,
  "n_samples": 2048,
  "noise_level": 0.0,
  "seed": 42,
  "lambda": 1.0,
  "test_value_mse": 0.000528272368544036,
  "test_grad_mse": 0.6422132554346348,
  "time_s": 4.039103269577026,
  "key": "bachelier_d10_n2048_noise0.0_s42_baseline_rf",
  "timestamp": "2026-04-08T01:44:02.789455"
}