{
  "method": "dml_fixed",
  "func_type": "bachelier",
  "dim": 10,
  "n_samples": 1024,
  "noise_level": 0.2,
  "seed": 123,
  "lambda": 1.0,
  "test_value_mse": 1.6859376936375448e-07,
  "test_grad_mse": 1.001795374310559e-06,
  "best_epoch": 300,
  "time_s": 11.531328439712524,
  "n_epochs_actual": 351
}