{
  "method": "baseline_rf",
  "func_type": "bachelier",
  "dim": 20,
  "n_samples": 8192,
  "noise_level": 0.0,
  "seed": 1000,
  "lambda": 1.0,
  "test_value_mse": 0.0003585496481748844,
  "test_grad_mse": 0.14117234244744664,
  "time_s": 11.195894241333008,
  "key": "bachelier_d20_n8192_noise0.0_s1000_baseline_rf",
  "timestamp": "2026-04-08T07:12:37.906142"
}