{
  "method": "baseline_krr",
  "func_type": "bachelier",
  "dim": 5,
  "n_samples": 8192,
  "noise_level": 0.0,
  "seed": 1000,
  "lambda": 1.0,
  "test_value_mse": 1.6972547843712492e-05,
  "test_grad_mse": 0.00019037287033188348,
  "time_s": 4.091670036315918,
  "key": "bachelier_d5_n8192_noise0.0_s1000_baseline_krr",
  "timestamp": "2026-04-08T01:34:24.871334"
}