{
  "method": "baseline_krr",
  "func_type": "bachelier",
  "dim": 1,
  "n_samples": 8192,
  "noise_level": 0.0,
  "seed": 456,
  "lambda": 1.0,
  "test_value_mse": 9.272279004177346e-06,
  "test_grad_mse": 0.0014233086396717718,
  "time_s": 11.717604637145996,
  "key": "bachelier_d1_n8192_noise0.0_s456_baseline_krr",
  "timestamp": "2026-04-07T20:05:53.447867"
}