{
  "method": "baseline_krr",
  "func_type": "bachelier",
  "dim": 10,
  "n_samples": 2048,
  "noise_level": 0.0,
  "seed": 42,
  "lambda": 1.0,
  "test_value_mse": 8.78548043343762e-05,
  "test_grad_mse": 0.0002442924466711746,
  "time_s": 3.17063307762146,
  "key": "bachelier_d10_n2048_noise0.0_s42_baseline_krr",
  "timestamp": "2026-04-08T01:43:58.749968"
}