{
  "method": "dml_fixed",
  "func_type": "bachelier",
  "dim": 10,
  "n_samples": 512,
  "noise_level": 0.0,
  "seed": 1000,
  "lambda": 1.0,
  "test_value_mse": 1.0352955707522835e-07,
  "test_grad_mse": 5.730733131396494e-07,
  "best_epoch": 999,
  "time_s": 17.02623701095581,
  "n_epochs_actual": 1000,
  "key": "bachelier_d10_n512_noise0.0_s1000_dml_fixed",
  "timestamp": "2026-04-08T01:40:37.768137"
}