{
  "method": "vanilla",
  "func_type": "bachelier",
  "dim": 2,
  "n_samples": 8192,
  "noise_level": 0.0,
  "seed": 1000,
  "lambda": 1.0,
  "test_value_mse": 2.0309929376783398e-08,
  "test_grad_mse": 5.244664948588786e-06,
  "best_epoch": 176,
  "time_s": 16.07438325881958,
  "n_epochs_actual": 227,
  "key": "bachelier_d2_n8192_noise0.0_s1000_vanilla",
  "timestamp": "2026-04-07T23:00:51.469030"
}