{
  "method": "baseline_gp",
  "func_type": "bachelier",
  "dim": 1,
  "n_samples": 512,
  "noise_level": 0.0,
  "seed": 123,
  "lambda": 1.0,
  "test_value_mse": 6.600518551438261e-10,
  "test_grad_mse": 1.0823773120219717e-06,
  "time_s": 3.3536934852600098,
  "key": "bachelier_d1_n512_noise0.0_s123_baseline_gp",
  "timestamp": "2026-04-07T18:42:19.274873"
}