{
  "method": "dml_gradnorm",
  "func_type": "bachelier",
  "dim": 10,
  "n_samples": 512,
  "noise_level": 0.0,
  "seed": 1000,
  "lambda": 1.0,
  "test_value_mse": 1.12132990287153e-07,
  "test_grad_mse": 8.372696272542124e-07,
  "best_epoch": 999,
  "time_s": 35.537009954452515,
  "n_epochs_actual": 1000,
  "key": "bachelier_d10_n512_noise0.0_s1000_dml_gradnorm",
  "timestamp": "2026-04-08T01:41:13.305642"
}