{
  "method": "dml_gradnorm",
  "func_type": "bachelier",
  "dim": 1,
  "n_samples": 512,
  "noise_level": 0.0,
  "seed": 1000,
  "lambda": 1.0,
  "test_value_mse": 3.004056516457636e-10,
  "test_grad_mse": 1.0439610467111717e-07,
  "best_epoch": 916,
  "time_s": 40.28634738922119,
  "n_epochs_actual": 967,
  "key": "bachelier_d1_n512_noise0.0_s1000_dml_gradnorm",
  "timestamp": "2026-04-07T18:45:52.281490"
}