{
  "method": "dml_relobralo",
  "func_type": "bachelier",
  "dim": 10,
  "n_samples": 2048,
  "noise_level": 0.0,
  "seed": 1000,
  "lambda": 1.0,
  "test_value_mse": 7.971415142266399e-08,
  "test_grad_mse": 6.177334099423236e-07,
  "best_epoch": 998,
  "time_s": 40.60328125953674,
  "n_epochs_actual": 1000,
  "key": "bachelier_d10_n2048_noise0.0_s1000_dml_relobralo",
  "timestamp": "2026-04-26T08:08:08.171060"
}