{
  "method": "dml_fixed",
  "func_type": "bachelier",
  "dim": 50,
  "n_samples": 8192,
  "noise_level": 0.0,
  "seed": 123,
  "lambda": 1.0,
  "test_value_mse": 5.0143424946444475e-09,
  "test_grad_mse": 5.140057016344441e-09,
  "best_epoch": 991,
  "time_s": 79.49056386947632,
  "n_epochs_actual": 1000,
  "key": "bachelier_d50_n8192_noise0.0_s123_dml_fixed",
  "timestamp": "2026-04-08T07:38:40.478741"
}