{
  "method": "vanilla",
  "func_type": "bachelier",
  "dim": 5,
  "n_samples": 512,
  "noise_level": 0.0,
  "seed": 123,
  "lambda": 1.0,
  "test_value_mse": 1.8861801490072817e-07,
  "test_grad_mse": 4.2402844104399335e-06,
  "best_epoch": 999,
  "time_s": 17.340432167053223,
  "n_epochs_actual": 1000,
  "key": "bachelier_d5_n512_noise0.0_s123_vanilla",
  "timestamp": "2026-04-07T23:28:01.797114"
}