{
  "method": "vanilla",
  "func_type": "bachelier",
  "dim": 10,
  "n_samples": 2048,
  "noise_level": 0.0,
  "seed": 789,
  "lambda": 1.0,
  "test_value_mse": 1.6295831221848907e-07,
  "test_grad_mse": 1.4163240985857752e-06,
  "best_epoch": 443,
  "time_s": 14.340623617172241,
  "n_epochs_actual": 494,
  "key": "bachelier_d10_n2048_noise0.0_s789_vanilla",
  "timestamp": "2026-04-08T01:52:02.388315"
}