{
  "method": "vanilla",
  "func_type": "bachelier",
  "dim": 5,
  "n_samples": 2048,
  "noise_level": 0.0,
  "seed": 456,
  "lambda": 1.0,
  "test_value_mse": 4.6755039956345474e-08,
  "test_grad_mse": 1.797204659555739e-06,
  "best_epoch": 996,
  "time_s": 27.587050199508667,
  "n_epochs_actual": 1000,
  "key": "bachelier_d5_n2048_noise0.0_s456_vanilla",
  "timestamp": "2026-04-07T23:38:55.391322"
}