{
  "method": "vanilla",
  "func_type": "bachelier",
  "dim": 10,
  "n_samples": 8192,
  "noise_level": 0.0,
  "seed": 1000,
  "lambda": 1.0,
  "test_value_mse": 4.084582780034083e-08,
  "test_grad_mse": 3.880471292904419e-07,
  "best_epoch": 912,
  "time_s": 59.48114562034607,
  "n_epochs_actual": 963,
  "key": "bachelier_d10_n8192_noise0.0_s1000_vanilla",
  "timestamp": "2026-04-08T03:33:58.129117"
}