{
  "method": "baseline_rf",
  "func_type": "bachelier",
  "dim": 2,
  "n_samples": 2048,
  "noise_level": 0.0,
  "seed": 456,
  "lambda": 1.0,
  "test_value_mse": 3.068868602659017e-05,
  "test_grad_mse": 15.159736050975832,
  "time_s": 1.1708078384399414,
  "key": "bachelier_d2_n2048_noise0.0_s456_baseline_rf",
  "timestamp": "2026-04-07T21:17:22.621719"
}