{
  "method": "baseline_gp",
  "func_type": "bachelier",
  "dim": 20,
  "n_samples": 512,
  "noise_level": 0.0,
  "seed": 1000,
  "lambda": 1.0,
  "test_value_mse": 5.031453595460575e-08,
  "test_grad_mse": 9.554070805363206e-08,
  "time_s": 1.4030067920684814,
  "key": "bachelier_d20_n512_noise0.0_s1000_baseline_gp",
  "timestamp": "2026-04-08T04:00:33.091456"
}