{
  "method": "dml_fixed",
  "func_type": "bachelier",
  "dim": 10,
  "n_samples": 1024,
  "noise_level": 0.2,
  "seed": 789,
  "lambda": 1.0,
  "test_value_mse": 1.9442791569698766e-07,
  "test_grad_mse": 1.0988223215106507e-06,
  "best_epoch": 266,
  "time_s": 10.130740404129028,
  "n_epochs_actual": 317
}