{
  "method": "dml_fixed",
  "func_type": "bachelier",
  "dim": 5,
  "n_samples": 2048,
  "noise_level": 0.0,
  "seed": 456,
  "lambda": 1.0,
  "test_value_mse": 1.4695651980165717e-08,
  "test_grad_mse": 3.192035716856052e-07,
  "best_epoch": 507,
  "time_s": 19.54691767692566,
  "n_epochs_actual": 558,
  "key": "bachelier_d5_n2048_noise0.0_s456_dml_fixed",
  "timestamp": "2026-04-07T23:39:14.938689"
}