{
  "method": "dml_relobralo",
  "func_type": "bachelier",
  "dim": 1,
  "n_samples": 8192,
  "noise_level": 0.0,
  "seed": 1000,
  "lambda": 1.0,
  "test_value_mse": 3.365018836615937e-10,
  "test_grad_mse": 5.7374247953420687e-08,
  "best_epoch": 113,
  "time_s": 16.578632354736328,
  "n_epochs_actual": 164,
  "key": "bachelier_d1_n8192_noise0.0_s1000_dml_relobralo",
  "timestamp": "2026-04-26T07:42:48.042460"
}