{
  "method": "dml_gradnorm",
  "func_type": "bachelier",
  "dim": 5,
  "n_samples": 2048,
  "noise_level": 0.0,
  "seed": 456,
  "lambda": 1.0,
  "test_value_mse": 7.530240974248715e-09,
  "test_grad_mse": 2.4737479826082936e-07,
  "best_epoch": 997,
  "time_s": 56.76277709007263,
  "n_epochs_actual": 1000,
  "key": "bachelier_d5_n2048_noise0.0_s456_dml_gradnorm",
  "timestamp": "2026-04-07T23:40:11.701967"
}