{
  "method": "dml_fixed",
  "func_type": "bachelier",
  "dim": 2,
  "n_samples": 8192,
  "noise_level": 0.0,
  "seed": 42,
  "lambda": 1.0,
  "test_value_mse": 8.329358045026265e-10,
  "test_grad_mse": 7.324614780985766e-08,
  "best_epoch": 278,
  "time_s": 28.007739543914795,
  "n_epochs_actual": 329,
  "key": "bachelier_d2_n8192_noise0.0_s42_dml_fixed",
  "timestamp": "2026-04-07T21:24:24.410938"
}