{
  "method": "dml_relobralo",
  "func_type": "bachelier",
  "dim": 2,
  "n_samples": 2048,
  "noise_level": 0.0,
  "seed": 1000,
  "lambda": 1.0,
  "test_value_mse": 8.18168061273789e-10,
  "test_grad_mse": 2.0685212855497143e-07,
  "best_epoch": 391,
  "time_s": 18.869173765182495,
  "n_epochs_actual": 442,
  "key": "bachelier_d2_n2048_noise0.0_s1000_dml_relobralo",
  "timestamp": "2026-04-26T07:45:50.121827"
}