{
  "method": "vanilla",
  "func_type": "bachelier",
  "dim": 1,
  "n_samples": 512,
  "noise_level": 0.0,
  "seed": 1000,
  "lambda": 1.0,
  "test_value_mse": 7.067058269341369e-06,
  "test_grad_mse": 0.0008890114813420104,
  "best_epoch": 51,
  "time_s": 2.4367942810058594,
  "n_epochs_actual": 102,
  "key": "bachelier_d1_n512_noise0.0_s1000_vanilla",
  "timestamp": "2026-04-07T18:44:56.697660"
}