{
  "method": "dml_gradnorm",
  "func_type": "bachelier",
  "dim": 10,
  "n_samples": 8192,
  "noise_level": 0.0,
  "seed": 456,
  "lambda": 1.0,
  "test_value_mse": 8.132651229690342e-09,
  "test_grad_mse": 7.889075548875764e-08,
  "best_epoch": 996,
  "time_s": 143.00158858299255,
  "n_epochs_actual": 1000,
  "key": "bachelier_d10_n8192_noise0.0_s456_dml_gradnorm",
  "timestamp": "2026-04-08T02:52:59.279035"
}