{
  "method": "vanilla",
  "func_type": "bachelier",
  "dim": 5,
  "n_samples": 8192,
  "noise_level": 0.0,
  "seed": 789,
  "lambda": 1.0,
  "test_value_mse": 9.839008667260495e-09,
  "test_grad_mse": 4.353594136609604e-07,
  "best_epoch": 999,
  "time_s": 57.94667887687683,
  "n_epochs_actual": 1000,
  "key": "bachelier_d5_n8192_noise0.0_s789_vanilla",
  "timestamp": "2026-04-08T00:57:18.032032"
}