{
  "method": "baseline_krr",
  "func_type": "bachelier",
  "dim": 20,
  "n_samples": 8192,
  "noise_level": 0.0,
  "seed": 123,
  "lambda": 1.0,
  "test_value_mse": 2.0787274264448032e-05,
  "test_grad_mse": 3.0505461086808058e-05,
  "time_s": 15.105255126953125,
  "key": "bachelier_d20_n8192_noise0.0_s123_baseline_krr",
  "timestamp": "2026-04-08T05:42:59.268574"
}