{
  "method": "baseline_rf",
  "func_type": "bachelier",
  "dim": 10,
  "n_samples": 2048,
  "noise_level": 0.0,
  "seed": 456,
  "lambda": 1.0,
  "test_value_mse": 0.0005268250653468549,
  "test_grad_mse": 0.7479155374860795,
  "time_s": 3.999145984649658,
  "key": "bachelier_d10_n2048_noise0.0_s456_baseline_rf",
  "timestamp": "2026-04-08T01:51:48.045548"
}