{
  "method": "dml_fixed",
  "func_type": "bachelier",
  "dim": 2,
  "n_samples": 512,
  "noise_level": 0.0,
  "seed": 1000,
  "lambda": 1.0,
  "test_value_mse": 4.899472995495512e-09,
  "test_grad_mse": 4.718495205218231e-07,
  "best_epoch": 276,
  "time_s": 6.137699127197266,
  "n_epochs_actual": 327,
  "key": "bachelier_d2_n512_noise0.0_s1000_dml_fixed",
  "timestamp": "2026-04-07T21:07:05.896620"
}