{
  "method": "dml_gradnorm",
  "func_type": "bachelier",
  "dim": 50,
  "n_samples": 512,
  "noise_level": 0.0,
  "seed": 789,
  "lambda": 1.0,
  "test_value_mse": 9.649926888046864e-07,
  "test_grad_mse": 9.030970714451549e-07,
  "best_epoch": 999,
  "time_s": 30.620770692825317,
  "n_epochs_actual": 1000,
  "key": "bachelier_d50_n512_noise0.0_s789_dml_gradnorm",
  "timestamp": "2026-04-08T07:17:08.610297"
}