{
  "method": "dml_relobralo",
  "func_type": "bachelier",
  "dim": 20,
  "n_samples": 8192,
  "noise_level": 0.0,
  "seed": 123,
  "lambda": 1.0,
  "test_value_mse": 3.5302620442708685e-08,
  "test_grad_mse": 1.1256146502631348e-07,
  "best_epoch": 749,
  "time_s": 66.68464469909668,
  "n_epochs_actual": 800,
  "key": "bachelier_d20_n8192_noise0.0_s123_dml_relobralo",
  "timestamp": "2026-04-26T08:22:27.812023"
}