{
  "method": "baseline_rf",
  "func_type": "bachelier",
  "dim": 2,
  "n_samples": 2048,
  "noise_level": 0.0,
  "seed": 789,
  "lambda": 1.0,
  "test_value_mse": 2.8036453656686622e-05,
  "test_grad_mse": 12.175320531160912,
  "time_s": 1.0963871479034424,
  "key": "bachelier_d2_n2048_noise0.0_s789_baseline_rf",
  "timestamp": "2026-04-07T21:19:56.075101"
}