{
  "method": "baseline_rf",
  "func_type": "bachelier",
  "dim": 5,
  "n_samples": 8192,
  "noise_level": 0.0,
  "seed": 123,
  "lambda": 1.0,
  "test_value_mse": 0.00015211375220526175,
  "test_grad_mse": 1.371851394445406,
  "time_s": 3.2170112133026123,
  "key": "bachelier_d5_n8192_noise0.0_s123_baseline_rf",
  "timestamp": "2026-04-08T00:35:07.082888"
}