{
  "method": "dml_fixed",
  "func_type": "bachelier",
  "dim": 2,
  "n_samples": 2048,
  "noise_level": 0.0,
  "seed": 456,
  "lambda": 1.0,
  "test_value_mse": 1.5006889926869675e-08,
  "test_grad_mse": 1.2330854480022004e-06,
  "best_epoch": 71,
  "time_s": 5.276709318161011,
  "n_epochs_actual": 122,
  "key": "bachelier_d2_n2048_noise0.0_s456_dml_fixed",
  "timestamp": "2026-04-07T21:15:46.883526"
}