{
  "method": "baseline_rf",
  "func_type": "bachelier",
  "dim": 2,
  "n_samples": 2048,
  "noise_level": 0.0,
  "seed": 42,
  "lambda": 1.0,
  "test_value_mse": 2.8051168686603083e-05,
  "test_grad_mse": 7.945212628725889,
  "time_s": 1.156256914138794,
  "key": "bachelier_d2_n2048_noise0.0_s42_baseline_rf",
  "timestamp": "2026-04-07T21:11:07.381563"
}