{
  "method": "dml_fixed",
  "func_type": "bachelier",
  "dim": 10,
  "n_samples": 1024,
  "noise_level": 0.2,
  "seed": 456,
  "lambda": 1.0,
  "test_value_mse": 2.646082321633275e-07,
  "test_grad_mse": 1.3380370322070985e-06,
  "best_epoch": 197,
  "time_s": 8.194780588150024,
  "n_epochs_actual": 248
}