{
  "method": "dml_gradnorm",
  "func_type": "bachelier",
  "dim": 20,
  "n_samples": 512,
  "noise_level": 0.0,
  "seed": 123,
  "lambda": 1.0,
  "test_value_mse": 3.5609118907253565e-07,
  "test_grad_mse": 1.1832487194261355e-06,
  "best_epoch": 694,
  "time_s": 18.55578923225403,
  "n_epochs_actual": 745,
  "key": "bachelier_d20_n512_noise0.0_s123_dml_gradnorm",
  "timestamp": "2026-04-08T03:54:54.810478"
}