{
  "method": "baseline_gp",
  "func_type": "bachelier",
  "dim": 20,
  "n_samples": 8192,
  "noise_level": 0.0,
  "seed": 123,
  "lambda": 1.0,
  "test_value_mse": 3.7431563617538135e-08,
  "test_grad_mse": 9.445177278663327e-06,
  "time_s": 2266.7969460487366,
  "key": "bachelier_d20_n8192_noise0.0_s123_baseline_gp",
  "timestamp": "2026-04-08T05:42:44.162898"
}