{
  "method": "baseline_gp",
  "func_type": "bachelier",
  "dim": 1,
  "n_samples": 2048,
  "noise_level": 0.0,
  "seed": 456,
  "lambda": 1.0,
  "test_value_mse": 1.6862617954382735e-10,
  "test_grad_mse": 2.7273905203244443e-07,
  "time_s": 71.81931853294373,
  "key": "bachelier_d1_n2048_noise0.0_s456_baseline_gp",
  "timestamp": "2026-04-07T18:54:06.544250"
}