{
  "method": "baseline_gp",
  "func_type": "bachelier",
  "dim": 5,
  "n_samples": 8192,
  "noise_level": 0.0,
  "seed": 42,
  "lambda": 1.0,
  "test_value_mse": 1.8996207408088616e-09,
  "test_grad_mse": 6.005418347326697e-08,
  "time_s": 650.882081747055,
  "key": "bachelier_d5_n8192_noise0.0_s42_baseline_gp",
  "timestamp": "2026-04-08T00:03:35.051863"
}