{
  "method": "baseline_gp",
  "func_type": "bachelier",
  "dim": 5,
  "n_samples": 2048,
  "noise_level": 0.0,
  "seed": 1000,
  "lambda": 1.0,
  "test_value_mse": 8.537211680808226e-09,
  "test_grad_mse": 2.754476329972216e-07,
  "time_s": 46.88487386703491,
  "key": "bachelier_d5_n2048_noise0.0_s1000_baseline_gp",
  "timestamp": "2026-04-07T23:47:00.968055"
}