{
  "method": "baseline_rf",
  "func_type": "bachelier",
  "dim": 10,
  "n_samples": 512,
  "noise_level": 0.0,
  "seed": 789,
  "lambda": 1.0,
  "test_value_mse": 0.0008407745785595143,
  "test_grad_mse": 0.12858982359344437,
  "time_s": 2.8533074855804443,
  "key": "bachelier_d10_n512_noise0.0_s789_baseline_rf",
  "timestamp": "2026-04-08T01:39:59.207184"
}