{
  "method": "dml_fixed",
  "func_type": "bachelier",
  "dim": 20,
  "n_samples": 512,
  "noise_level": 0.0,
  "seed": 42,
  "lambda": 1.0,
  "test_value_mse": 1.4056188100673188e-07,
  "test_grad_mse": 3.110184295490156e-07,
  "best_epoch": 999,
  "time_s": 19.04698896408081,
  "n_epochs_actual": 1000,
  "key": "bachelier_d20_n512_noise0.0_s42_dml_fixed",
  "timestamp": "2026-04-08T03:53:34.993286"
}