{
  "method": "vanilla",
  "func_type": "bachelier",
  "dim": 20,
  "n_samples": 8192,
  "noise_level": 0.0,
  "seed": 42,
  "lambda": 1.0,
  "test_value_mse": 6.460109052899631e-08,
  "test_grad_mse": 2.0967155976041453e-07,
  "best_epoch": 469,
  "time_s": 31.98927640914917,
  "n_epochs_actual": 520,
  "key": "bachelier_d20_n8192_noise0.0_s42_vanilla",
  "timestamp": "2026-04-08T04:20:37.524663"
}