{
  "method": "baseline_rf",
  "func_type": "bachelier",
  "dim": 20,
  "n_samples": 2048,
  "noise_level": 0.0,
  "seed": 42,
  "lambda": 1.0,
  "test_value_mse": 0.00043260300474146654,
  "test_grad_mse": 0.14418939968604885,
  "time_s": 4.910133361816406,
  "key": "bachelier_d20_n2048_noise0.0_s42_baseline_rf",
  "timestamp": "2026-04-08T04:04:20.678486"
}