{
  "method": "baseline_gp",
  "func_type": "bachelier",
  "dim": 5,
  "n_samples": 512,
  "noise_level": 0.0,
  "seed": 456,
  "lambda": 1.0,
  "test_value_mse": 8.373470806979915e-09,
  "test_grad_mse": 1.981229451360652e-07,
  "time_s": 2.5197253227233887,
  "key": "bachelier_d5_n512_noise0.0_s456_baseline_gp",
  "timestamp": "2026-04-07T23:30:35.869188"
}