{
  "method": "dml_gradnorm",
  "func_type": "bachelier",
  "dim": 1,
  "n_samples": 8192,
  "noise_level": 0.0,
  "seed": 123,
  "lambda": 1.0,
  "test_value_mse": 1.8418304196912547e-10,
  "test_grad_mse": 6.136651607393286e-08,
  "best_epoch": 345,
  "time_s": 63.17432117462158,
  "n_epochs_actual": 396,
  "key": "bachelier_d1_n8192_noise0.0_s123_dml_gradnorm",
  "timestamp": "2026-04-07T19:19:43.316018"
}