{
  "method": "baseline_rf",
  "func_type": "bachelier",
  "dim": 5,
  "n_samples": 2048,
  "noise_level": 0.0,
  "seed": 42,
  "lambda": 1.0,
  "test_value_mse": 0.00023173832665251314,
  "test_grad_mse": 0.5258292872978376,
  "time_s": 2.1970231533050537,
  "key": "bachelier_d5_n2048_noise0.0_s42_baseline_rf",
  "timestamp": "2026-04-07T23:35:10.099387"
}