{
  "method": "dml_fixed",
  "func_type": "bachelier",
  "dim": 1,
  "n_samples": 512,
  "noise_level": 0.0,
  "seed": 789,
  "lambda": 1.0,
  "test_value_mse": 1.8741469277079065e-09,
  "test_grad_mse": 7.846555008666883e-07,
  "best_epoch": 209,
  "time_s": 5.883010625839233,
  "n_epochs_actual": 260,
  "key": "bachelier_d1_n512_noise0.0_s789_dml_fixed",
  "timestamp": "2026-04-07T18:44:01.498789"
}