{
  "method": "baseline_gp",
  "func_type": "bachelier",
  "dim": 5,
  "n_samples": 8192,
  "noise_level": 0.0,
  "seed": 456,
  "lambda": 1.0,
  "test_value_mse": 6.014362452210086e-10,
  "test_grad_mse": 2.513313634823289e-08,
  "time_s": 961.1557533740997,
  "key": "bachelier_d5_n8192_noise0.0_s456_baseline_gp",
  "timestamp": "2026-04-08T00:56:10.103591"
}