{
  "method": "dml_relobralo",
  "func_type": "bachelier",
  "dim": 5,
  "n_samples": 8192,
  "noise_level": 0.0,
  "seed": 789,
  "lambda": 1.0,
  "test_value_mse": 7.863088890177769e-09,
  "test_grad_mse": 2.449548214581668e-07,
  "best_epoch": 282,
  "time_s": 30.881471872329712,
  "n_epochs_actual": 333,
  "key": "bachelier_d5_n8192_noise0.0_s789_dml_relobralo",
  "timestamp": "2026-04-26T08:02:46.780729"
}