{
  "method": "baseline_gp",
  "func_type": "bachelier",
  "dim": 10,
  "n_samples": 2048,
  "noise_level": 0.0,
  "seed": 123,
  "lambda": 1.0,
  "test_value_mse": 9.999110146789671e-09,
  "test_grad_mse": 7.893828259136564e-08,
  "time_s": 119.49617409706116,
  "key": "bachelier_d10_n2048_noise0.0_s123_baseline_gp",
  "timestamp": "2026-04-08T01:47:59.195238"
}