{
  "method": "vanilla",
  "func_type": "bachelier",
  "dim": 2,
  "n_samples": 2048,
  "noise_level": 0.0,
  "seed": 1000,
  "lambda": 1.0,
  "test_value_mse": 6.3310971532180636e-09,
  "test_grad_mse": 1.8997712285262641e-06,
  "best_epoch": 989,
  "time_s": 33.15075206756592,
  "n_epochs_actual": 1000,
  "key": "bachelier_d2_n2048_noise0.0_s1000_vanilla",
  "timestamp": "2026-04-07T21:20:29.227642"
}