{
  "method": "dml_fixed",
  "func_type": "bachelier",
  "dim": 10,
  "n_samples": 1024,
  "noise_level": 0.5,
  "seed": 789,
  "lambda": 1.0,
  "test_value_mse": 6.55647243221857e-07,
  "test_grad_mse": 3.110308747918007e-06,
  "best_epoch": 97,
  "time_s": 5.860992670059204,
  "n_epochs_actual": 148
}