{
  "method": "baseline_rf",
  "func_type": "bachelier",
  "dim": 10,
  "n_samples": 2048,
  "noise_level": 0.0,
  "seed": 789,
  "lambda": 1.0,
  "test_value_mse": 0.00046693885936334564,
  "test_grad_mse": 0.16610664191386063,
  "time_s": 3.845201253890991,
  "key": "bachelier_d10_n2048_noise0.0_s789_baseline_rf",
  "timestamp": "2026-04-08T01:55:04.179618"
}