{
  "method": "dml_fixed",
  "func_type": "bachelier",
  "dim": 20,
  "n_samples": 512,
  "noise_level": 0.0,
  "seed": 789,
  "lambda": 1.0,
  "test_value_mse": 9.09143764816061e-08,
  "test_grad_mse": 2.445995076522632e-07,
  "best_epoch": 988,
  "time_s": 21.554847717285156,
  "n_epochs_actual": 1000,
  "key": "bachelier_d20_n512_noise0.0_s789_dml_fixed",
  "timestamp": "2026-04-08T03:58:23.217529"
}