{
  "method": "baseline_krr",
  "func_type": "bachelier",
  "dim": 10,
  "n_samples": 2048,
  "noise_level": 0.0,
  "seed": 789,
  "lambda": 1.0,
  "test_value_mse": 7.207783073012371e-05,
  "test_grad_mse": 0.00021540651686555572,
  "time_s": 1.5789034366607666,
  "key": "bachelier_d10_n2048_noise0.0_s789_baseline_krr",
  "timestamp": "2026-04-08T01:55:00.333994"
}