{
  "method": "dml_gradnorm",
  "func_type": "bachelier",
  "dim": 5,
  "n_samples": 8192,
  "noise_level": 0.0,
  "seed": 1000,
  "lambda": 1.0,
  "test_value_mse": 9.58084092799967e-09,
  "test_grad_mse": 2.6752756559716217e-07,
  "best_epoch": 238,
  "time_s": 44.24768805503845,
  "n_epochs_actual": 289,
  "key": "bachelier_d5_n8192_noise0.0_s1000_dml_gradnorm",
  "timestamp": "2026-04-08T01:21:10.180454"
}