{
  "method": "dml_gradnorm",
  "func_type": "bachelier",
  "dim": 5,
  "n_samples": 2048,
  "noise_level": 0.0,
  "seed": 123,
  "lambda": 1.0,
  "test_value_mse": 1.2072134918634558e-08,
  "test_grad_mse": 3.5687531069252433e-07,
  "best_epoch": 999,
  "time_s": 60.249419927597046,
  "n_epochs_actual": 1000,
  "key": "bachelier_d5_n2048_noise0.0_s123_dml_gradnorm",
  "timestamp": "2026-04-07T23:37:13.972540"
}