{
  "method": "dml_fixed",
  "func_type": "bachelier",
  "dim": 20,
  "n_samples": 8192,
  "noise_level": 0.0,
  "seed": 456,
  "lambda": 1.0,
  "test_value_mse": 1.0569062018098687e-08,
  "test_grad_mse": 3.221632945295073e-08,
  "best_epoch": 998,
  "time_s": 79.30894994735718,
  "n_epochs_actual": 1000,
  "key": "bachelier_d20_n8192_noise0.0_s456_dml_fixed",
  "timestamp": "2026-04-08T05:45:13.011929"
}