{
  "method": "baseline_rf",
  "func_type": "bachelier",
  "dim": 5,
  "n_samples": 8192,
  "noise_level": 0.0,
  "seed": 42,
  "lambda": 1.0,
  "test_value_mse": 0.00013737890685908873,
  "test_grad_mse": 1.4101521097657057,
  "time_s": 3.3996787071228027,
  "key": "bachelier_d5_n8192_noise0.0_s42_baseline_rf",
  "timestamp": "2026-04-08T00:03:44.709554"
}