{
  "method": "dml_relobralo",
  "func_type": "bachelier",
  "dim": 5,
  "n_samples": 512,
  "noise_level": 0.0,
  "seed": 789,
  "lambda": 1.0,
  "test_value_mse": 3.049957265751819e-08,
  "test_grad_mse": 8.74053635470629e-07,
  "best_epoch": 999,
  "time_s": 22.280804872512817,
  "n_epochs_actual": 1000,
  "key": "bachelier_d5_n512_noise0.0_s789_dml_relobralo",
  "timestamp": "2026-04-26T07:50:11.200971"
}