{
  "method": "baseline_krr",
  "func_type": "bachelier",
  "dim": 1,
  "n_samples": 8192,
  "noise_level": 0.0,
  "seed": 42,
  "lambda": 1.0,
  "test_value_mse": 9.535888910591538e-06,
  "test_grad_mse": 0.0015118044018257047,
  "time_s": 5.3983213901519775,
  "key": "bachelier_d1_n8192_noise0.0_s42_baseline_krr",
  "timestamp": "2026-04-07T19:18:08.747050"
}