{
  "method": "vanilla",
  "func_type": "bachelier",
  "dim": 2,
  "n_samples": 8192,
  "noise_level": 0.0,
  "seed": 456,
  "lambda": 1.0,
  "test_value_mse": 1.249006875148033e-08,
  "test_grad_mse": 3.2072373356703253e-06,
  "best_epoch": 157,
  "time_s": 15.410884618759155,
  "n_epochs_actual": 208,
  "key": "bachelier_d2_n8192_noise0.0_s456_vanilla",
  "timestamp": "2026-04-07T22:01:01.510868"
}