{
  "method": "baseline_krr",
  "func_type": "bachelier",
  "dim": 10,
  "n_samples": 512,
  "noise_level": 0.0,
  "seed": 789,
  "lambda": 1.0,
  "test_value_mse": 0.00022079420967396213,
  "test_grad_mse": 0.0004532473990407605,
  "time_s": 0.06168174743652344,
  "key": "bachelier_d10_n512_noise0.0_s789_baseline_krr",
  "timestamp": "2026-04-08T01:39:56.340646"
}