{
  "method": "dml_gradnorm",
  "func_type": "bachelier",
  "dim": 5,
  "n_samples": 8192,
  "noise_level": 0.0,
  "seed": 42,
  "lambda": 1.0,
  "test_value_mse": 1.5267204400087226e-09,
  "test_grad_mse": 6.192261337962274e-08,
  "best_epoch": 999,
  "time_s": 141.08352661132812,
  "n_epochs_actual": 1000,
  "key": "bachelier_d5_n8192_noise0.0_s42_dml_gradnorm",
  "timestamp": "2026-04-07T23:51:37.700382"
}