{
  "method": "dml_gradnorm",
  "func_type": "bachelier",
  "dim": 10,
  "n_samples": 512,
  "noise_level": 0.0,
  "seed": 42,
  "lambda": 1.0,
  "test_value_mse": 3.1061996212985214e-07,
  "test_grad_mse": 1.8427025465106328e-06,
  "best_epoch": 380,
  "time_s": 22.74991512298584,
  "n_epochs_actual": 431,
  "key": "bachelier_d10_n512_noise0.0_s42_dml_gradnorm",
  "timestamp": "2026-04-08T01:35:03.688819"
}