{
  "method": "baseline_rf",
  "func_type": "bachelier",
  "dim": 10,
  "n_samples": 8192,
  "noise_level": 0.0,
  "seed": 123,
  "lambda": 1.0,
  "test_value_mse": 0.00038244132072717303,
  "test_grad_mse": 0.5596612530396752,
  "time_s": 6.167643308639526,
  "key": "bachelier_d10_n8192_noise0.0_s123_baseline_rf",
  "timestamp": "2026-04-08T02:48:28.121518"
}