{
  "method": "dml_gradnorm",
  "func_type": "bachelier",
  "dim": 5,
  "n_samples": 512,
  "noise_level": 0.0,
  "seed": 42,
  "lambda": 1.0,
  "test_value_mse": 6.965433034572619e-08,
  "test_grad_mse": 1.900933691207695e-06,
  "best_epoch": 292,
  "time_s": 8.833410024642944,
  "n_epochs_actual": 343,
  "key": "bachelier_d5_n512_noise0.0_s42_dml_gradnorm",
  "timestamp": "2026-04-07T23:27:29.925893"
}