{
  "method": "dml_relobralo",
  "func_type": "bachelier",
  "dim": 2,
  "n_samples": 512,
  "noise_level": 0.0,
  "seed": 123,
  "lambda": 1.0,
  "test_value_mse": 2.03248982234321e-09,
  "test_grad_mse": 3.2101487145875143e-07,
  "best_epoch": 533,
  "time_s": 13.093493700027466,
  "n_epochs_actual": 584,
  "key": "bachelier_d2_n512_noise0.0_s123_dml_relobralo",
  "timestamp": "2026-04-26T07:43:05.651835"
}