{
  "method": "baseline_gp",
  "func_type": "bachelier",
  "dim": 2,
  "n_samples": 2048,
  "noise_level": 0.0,
  "seed": 789,
  "lambda": 1.0,
  "test_value_mse": 4.133130418975159e-10,
  "test_grad_mse": 9.635629180327447e-08,
  "time_s": 54.62247443199158,
  "key": "bachelier_d2_n2048_noise0.0_s789_baseline_gp",
  "timestamp": "2026-04-07T21:19:54.302924"
}