{
  "method": "dml_gradnorm",
  "func_type": "bachelier",
  "dim": 20,
  "n_samples": 8192,
  "noise_level": 0.0,
  "seed": 123,
  "lambda": 1.0,
  "test_value_mse": 1.1926498398438338e-08,
  "test_grad_mse": 3.365534422383683e-08,
  "best_epoch": 994,
  "time_s": 143.71702909469604,
  "n_epochs_actual": 1000,
  "key": "bachelier_d20_n8192_noise0.0_s123_dml_gradnorm",
  "timestamp": "2026-04-08T05:03:43.173631"
}