{
  "method": "baseline_krr",
  "func_type": "bachelier",
  "dim": 2,
  "n_samples": 8192,
  "noise_level": 0.0,
  "seed": 1000,
  "lambda": 1.0,
  "test_value_mse": 1.533490196998763e-05,
  "test_grad_mse": 0.0008467422881996104,
  "time_s": 7.811171770095825,
  "key": "bachelier_d2_n8192_noise0.0_s1000_baseline_krr",
  "timestamp": "2026-04-07T23:27:01.807850"
}