{
  "method": "baseline_krr",
  "func_type": "bachelier",
  "dim": 5,
  "n_samples": 2048,
  "noise_level": 0.0,
  "seed": 1000,
  "lambda": 1.0,
  "test_value_mse": 9.10413411307038e-05,
  "test_grad_mse": 0.0007402172532366964,
  "time_s": 3.503478527069092,
  "key": "bachelier_d5_n2048_noise0.0_s1000_baseline_krr",
  "timestamp": "2026-04-07T23:47:04.485352"
}