{
  "method": "dml_gradnorm",
  "func_type": "bachelier",
  "dim": 10,
  "n_samples": 2048,
  "noise_level": 0.0,
  "seed": 1000,
  "lambda": 1.0,
  "test_value_mse": 5.428340421139591e-08,
  "test_grad_mse": 4.2684825541779155e-07,
  "best_epoch": 996,
  "time_s": 55.44786739349365,
  "n_epochs_actual": 1000,
  "key": "bachelier_d10_n2048_noise0.0_s1000_dml_gradnorm",
  "timestamp": "2026-04-08T01:56:25.698881"
}