{
  "method": "baseline_rf",
  "func_type": "bachelier",
  "dim": 10,
  "n_samples": 2048,
  "noise_level": 0.0,
  "seed": 123,
  "lambda": 1.0,
  "test_value_mse": 0.00043806489500864787,
  "test_grad_mse": 0.06644643528522942,
  "time_s": 3.464000701904297,
  "key": "bachelier_d10_n2048_noise0.0_s123_baseline_rf",
  "timestamp": "2026-04-08T01:48:06.178556"
}