{
  "method": "dml_relobralo",
  "func_type": "bachelier",
  "dim": 10,
  "n_samples": 8192,
  "noise_level": 0.0,
  "seed": 789,
  "lambda": 1.0,
  "test_value_mse": 1.4502242270315652e-08,
  "test_grad_mse": 1.3401127712618977e-07,
  "best_epoch": 994,
  "time_s": 109.11748266220093,
  "n_epochs_actual": 1000,
  "key": "bachelier_d10_n8192_noise0.0_s789_dml_relobralo",
  "timestamp": "2026-04-26T08:15:14.012584"
}