{
  "method": "baseline_rf",
  "func_type": "bachelier",
  "dim": 2,
  "n_samples": 512,
  "noise_level": 0.0,
  "seed": 789,
  "lambda": 1.0,
  "test_value_mse": 0.0001868436772947707,
  "test_grad_mse": 0.08150506038225594,
  "time_s": 1.0071382522583008,
  "key": "bachelier_d2_n512_noise0.0_s789_baseline_rf",
  "timestamp": "2026-04-07T21:06:55.583265"
}