{
  "method": "dml_fixed",
  "func_type": "bachelier",
  "dim": 2,
  "n_samples": 8192,
  "noise_level": 0.0,
  "seed": 456,
  "lambda": 1.0,
  "test_value_mse": 8.481562586561186e-09,
  "test_grad_mse": 7.563227859682119e-07,
  "best_epoch": 47,
  "time_s": 8.35716438293457,
  "n_epochs_actual": 98,
  "key": "bachelier_d2_n8192_noise0.0_s456_dml_fixed",
  "timestamp": "2026-04-07T22:01:09.868535"
}