{
  "method": "dml_fixed",
  "func_type": "bachelier",
  "dim": 5,
  "n_samples": 8192,
  "noise_level": 0.0,
  "seed": 789,
  "lambda": 1.0,
  "test_value_mse": 1.3350555219791455e-09,
  "test_grad_mse": 4.848352737941695e-08,
  "best_epoch": 999,
  "time_s": 72.63694047927856,
  "n_epochs_actual": 1000,
  "key": "bachelier_d5_n8192_noise0.0_s789_dml_fixed",
  "timestamp": "2026-04-08T00:58:30.669478"
}