{
  "method": "baseline_rf",
  "func_type": "bachelier",
  "dim": 2,
  "n_samples": 8192,
  "noise_level": 0.0,
  "seed": 42,
  "lambda": 1.0,
  "test_value_mse": 4.500239511422089e-06,
  "test_grad_mse": 2.0391167513686943,
  "time_s": 1.9813766479492188,
  "key": "bachelier_d2_n8192_noise0.0_s42_baseline_rf",
  "timestamp": "2026-04-07T21:39:49.030046"
}