{
  "method": "dml_gradnorm",
  "func_type": "bachelier",
  "dim": 50,
  "n_samples": 512,
  "noise_level": 0.0,
  "seed": 42,
  "lambda": 1.0,
  "test_value_mse": 3.2486302419814226e-07,
  "test_grad_mse": 2.023297610423404e-07,
  "best_epoch": 999,
  "time_s": 58.019959926605225,
  "n_epochs_actual": 1000,
  "key": "bachelier_d50_n512_noise0.0_s42_dml_gradnorm",
  "timestamp": "2026-04-08T07:13:59.589267"
}