{
  "method": "dml_gradnorm",
  "func_type": "bachelier",
  "dim": 10,
  "n_samples": 2048,
  "noise_level": 0.0,
  "seed": 123,
  "lambda": 1.0,
  "test_value_mse": 6.377133605051221e-08,
  "test_grad_mse": 4.715887990640697e-07,
  "best_epoch": 999,
  "time_s": 58.27894687652588,
  "n_epochs_actual": 1000,
  "key": "bachelier_d10_n2048_noise0.0_s123_dml_gradnorm",
  "timestamp": "2026-04-08T01:45:33.961038"
}