{
  "method": "dml_fixed",
  "func_type": "bachelier",
  "dim": 50,
  "n_samples": 2048,
  "noise_level": 0.0,
  "seed": 42,
  "lambda": 1.0,
  "test_value_mse": 1.5701290195179353e-08,
  "test_grad_mse": 1.766671186939289e-08,
  "best_epoch": 999,
  "time_s": 49.263044118881226,
  "n_epochs_actual": 1000,
  "key": "bachelier_d50_n2048_noise0.0_s42_dml_fixed",
  "timestamp": "2026-04-08T07:19:39.538341"
}