{
  "method": "dml_relobralo",
  "func_type": "bachelier",
  "dim": 1,
  "n_samples": 8192,
  "noise_level": 0.0,
  "seed": 789,
  "lambda": 1.0,
  "test_value_mse": 3.185644279707224e-10,
  "test_grad_mse": 9.288791563829466e-08,
  "best_epoch": 91,
  "time_s": 12.509281635284424,
  "n_epochs_actual": 142,
  "key": "bachelier_d1_n8192_noise0.0_s789_dml_relobralo",
  "timestamp": "2026-04-26T07:42:31.461545"
}