{
  "method": "dml_gradnorm",
  "func_type": "bachelier",
  "dim": 1,
  "n_samples": 2048,
  "noise_level": 0.0,
  "seed": 42,
  "lambda": 1.0,
  "test_value_mse": 2.2612856497321012e-11,
  "test_grad_mse": 1.1469335141060004e-08,
  "best_epoch": 996,
  "time_s": 59.31731724739075,
  "n_epochs_actual": 1000,
  "key": "bachelier_d1_n2048_noise0.0_s42_dml_gradnorm",
  "timestamp": "2026-04-07T18:47:52.644783"
}