{
  "method": "dml_gradnorm",
  "func_type": "bachelier",
  "dim": 2,
  "n_samples": 2048,
  "noise_level": 0.0,
  "seed": 1000,
  "lambda": 1.0,
  "test_value_mse": 3.0663730693085683e-09,
  "test_grad_mse": 2.3641495697179427e-07,
  "best_epoch": 311,
  "time_s": 24.24463963508606,
  "n_epochs_actual": 362,
  "key": "bachelier_d2_n2048_noise0.0_s1000_dml_gradnorm",
  "timestamp": "2026-04-07T21:21:00.565122"
}