{
  "method": "dml_fixed",
  "func_type": "bachelier",
  "dim": 5,
  "n_samples": 8192,
  "noise_level": 0.0,
  "seed": 42,
  "lambda": 1.0,
  "test_value_mse": 1.509675156621709e-09,
  "test_grad_mse": 5.220336162876281e-08,
  "best_epoch": 987,
  "time_s": 73.78716516494751,
  "n_epochs_actual": 1000,
  "key": "bachelier_d5_n8192_noise0.0_s42_dml_fixed",
  "timestamp": "2026-04-07T23:49:16.616382"
}