{
  "method": "baseline_rf",
  "func_type": "bachelier",
  "dim": 1,
  "n_samples": 8192,
  "noise_level": 0.0,
  "seed": 1000,
  "lambda": 1.0,
  "test_value_mse": 8.12066283809268e-09,
  "test_grad_mse": 1.8452279749051217,
  "time_s": 1.211318016052246,
  "key": "bachelier_d1_n8192_noise0.0_s1000_baseline_rf",
  "timestamp": "2026-04-07T21:01:57.429711"
}