{
  "method": "dml_gradnorm",
  "func_type": "bachelier",
  "dim": 2,
  "n_samples": 2048,
  "noise_level": 0.0,
  "seed": 42,
  "lambda": 1.0,
  "test_value_mse": 3.5785950478239293e-10,
  "test_grad_mse": 7.609379208809618e-08,
  "best_epoch": 996,
  "time_s": 70.65549516677856,
  "n_epochs_actual": 1000,
  "key": "bachelier_d2_n2048_noise0.0_s42_dml_gradnorm",
  "timestamp": "2026-04-07T21:09:49.986108"
}