{
  "method": "dml_gradnorm",
  "func_type": "bachelier",
  "dim": 20,
  "n_samples": 8192,
  "noise_level": 0.0,
  "seed": 456,
  "lambda": 1.0,
  "test_value_mse": 7.3694148142464535e-09,
  "test_grad_mse": 2.242666955293827e-08,
  "best_epoch": 997,
  "time_s": 137.59779691696167,
  "n_epochs_actual": 1000,
  "key": "bachelier_d20_n8192_noise0.0_s456_dml_gradnorm",
  "timestamp": "2026-04-08T05:47:30.610220"
}