{
  "method": "dml_gradnorm",
  "func_type": "bachelier",
  "dim": 1,
  "n_samples": 2048,
  "noise_level": 0.0,
  "seed": 1000,
  "lambda": 1.0,
  "test_value_mse": 1.8085131569869875e-10,
  "test_grad_mse": 5.231143670084692e-08,
  "best_epoch": 391,
  "time_s": 31.11108374595642,
  "n_epochs_actual": 442,
  "key": "bachelier_d1_n2048_noise0.0_s1000_dml_gradnorm",
  "timestamp": "2026-04-07T18:57:18.323302"
}