{
  "method": "baseline_gp",
  "func_type": "bachelier",
  "dim": 1,
  "n_samples": 2048,
  "noise_level": 0.0,
  "seed": 789,
  "lambda": 1.0,
  "test_value_mse": 1.3322858424405532e-10,
  "test_grad_mse": 1.8095661715231996e-07,
  "time_s": 63.75861692428589,
  "key": "bachelier_d1_n2048_noise0.0_s789_baseline_gp",
  "timestamp": "2026-04-07T18:56:06.903521"
}