{
  "method": "dml_relobralo",
  "func_type": "bachelier",
  "dim": 1,
  "n_samples": 2048,
  "noise_level": 0.0,
  "seed": 123,
  "lambda": 1.0,
  "test_value_mse": 1.2723777013846575e-10,
  "test_grad_mse": 7.952801183842299e-08,
  "best_epoch": 646,
  "time_s": 28.697834491729736,
  "n_epochs_actual": 697,
  "key": "bachelier_d1_n2048_noise0.0_s123_dml_relobralo",
  "timestamp": "2026-04-26T07:40:06.016699"
}