{
  "method": "baseline_rf",
  "func_type": "bachelier",
  "dim": 10,
  "n_samples": 8192,
  "noise_level": 0.0,
  "seed": 42,
  "lambda": 1.0,
  "test_value_mse": 0.00033132838500948955,
  "test_grad_mse": 0.4273212751349115,
  "time_s": 6.267585039138794,
  "key": "bachelier_d10_n8192_noise0.0_s42_baseline_rf",
  "timestamp": "2026-04-08T02:15:23.360129"
}