{
  "method": "dml_fixed",
  "func_type": "bachelier",
  "dim": 10,
  "n_samples": 1024,
  "noise_level": 0.2,
  "seed": 1000,
  "lambda": 1.0,
  "test_value_mse": 1.8223758439388336e-07,
  "test_grad_mse": 1.0174830696744804e-06,
  "best_epoch": 238,
  "time_s": 10.120485544204712,
  "n_epochs_actual": 289
}