{
  "method": "dml_gradnorm",
  "func_type": "bachelier",
  "dim": 20,
  "n_samples": 512,
  "noise_level": 0.0,
  "seed": 42,
  "lambda": 1.0,
  "test_value_mse": 4.063813129999043e-07,
  "test_grad_mse": 7.764303251577996e-07,
  "best_epoch": 346,
  "time_s": 19.70122265815735,
  "n_epochs_actual": 397,
  "key": "bachelier_d20_n512_noise0.0_s42_dml_gradnorm",
  "timestamp": "2026-04-08T03:53:54.695012"
}