{
  "method": "dml_gradnorm",
  "func_type": "bachelier",
  "dim": 50,
  "n_samples": 2048,
  "noise_level": 0.0,
  "seed": 456,
  "lambda": 1.0,
  "test_value_mse": 1.1386360444943241e-07,
  "test_grad_mse": 8.324098904303768e-08,
  "best_epoch": 996,
  "time_s": 65.3119285106659,
  "n_epochs_actual": 1000,
  "key": "bachelier_d50_n2048_noise0.0_s456_dml_gradnorm",
  "timestamp": "2026-04-08T07:25:19.597793"
}