{
  "method": "dml_relobralo",
  "func_type": "bachelier",
  "dim": 2,
  "n_samples": 512,
  "noise_level": 0.0,
  "seed": 789,
  "lambda": 1.0,
  "test_value_mse": 4.565111099342714e-09,
  "test_grad_mse": 5.690748264402503e-07,
  "best_epoch": 261,
  "time_s": 6.603401184082031,
  "n_epochs_actual": 312,
  "key": "bachelier_d2_n512_noise0.0_s789_dml_relobralo",
  "timestamp": "2026-04-26T07:43:17.683423"
}