{
  "method": "baseline_gp",
  "func_type": "bachelier",
  "dim": 5,
  "n_samples": 512,
  "noise_level": 0.0,
  "seed": 1000,
  "lambda": 1.0,
  "test_value_mse": 1.7464656212824066e-08,
  "test_grad_mse": 3.985422886748029e-07,
  "time_s": 3.992483615875244,
  "key": "bachelier_d5_n512_noise0.0_s1000_baseline_gp",
  "timestamp": "2026-04-07T23:32:10.690747"
}