{
  "method": "dml_fixed",
  "func_type": "bachelier",
  "dim": 2,
  "n_samples": 8192,
  "noise_level": 0.0,
  "seed": 789,
  "lambda": 1.0,
  "test_value_mse": 3.6344240361221856e-10,
  "test_grad_mse": 6.240575760391015e-08,
  "best_epoch": 241,
  "time_s": 23.916019201278687,
  "n_epochs_actual": 292,
  "key": "bachelier_d2_n8192_noise0.0_s789_dml_fixed",
  "timestamp": "2026-04-07T22:31:27.523525"
}