{
  "method": "dml_relobralo",
  "func_type": "bachelier",
  "dim": 20,
  "n_samples": 512,
  "noise_level": 0.0,
  "seed": 1000,
  "lambda": 1.0,
  "test_value_mse": 2.599527055139683e-07,
  "test_grad_mse": 5.318641220345949e-07,
  "best_epoch": 872,
  "time_s": 17.14318823814392,
  "n_epochs_actual": 923,
  "key": "bachelier_d20_n512_noise0.0_s1000_dml_relobralo",
  "timestamp": "2026-04-26T08:18:03.760713"
}