{
  "method": "dml_gradnorm",
  "func_type": "bachelier",
  "dim": 10,
  "n_samples": 512,
  "noise_level": 0.0,
  "seed": 123,
  "lambda": 1.0,
  "test_value_mse": 1.4224173534840035e-07,
  "test_grad_mse": 9.905544341593258e-07,
  "best_epoch": 999,
  "time_s": 27.023314952850342,
  "n_epochs_actual": 1000,
  "key": "bachelier_d10_n512_noise0.0_s123_dml_gradnorm",
  "timestamp": "2026-04-08T01:36:30.173168"
}