{
  "method": "baseline_krr",
  "func_type": "bachelier",
  "dim": 5,
  "n_samples": 512,
  "noise_level": 0.0,
  "seed": 789,
  "lambda": 1.0,
  "test_value_mse": 0.0002646623291504425,
  "test_grad_mse": 0.0015969406126007091,
  "time_s": 0.05900883674621582,
  "key": "bachelier_d5_n512_noise0.0_s789_baseline_krr",
  "timestamp": "2026-04-07T23:31:37.500535"
}