{
  "method": "vanilla",
  "func_type": "bachelier",
  "dim": 50,
  "n_samples": 2048,
  "noise_level": 0.0,
  "seed": 456,
  "lambda": 1.0,
  "test_value_mse": 6.681072244140021e-07,
  "test_grad_mse": 4.4788976065420775e-07,
  "best_epoch": 345,
  "time_s": 10.264165878295898,
  "n_epochs_actual": 396,
  "key": "bachelier_d50_n2048_noise0.0_s456_vanilla",
  "timestamp": "2026-04-08T07:23:38.382645"
}