{
  "method": "dml_gradnorm",
  "func_type": "bachelier",
  "dim": 1,
  "n_samples": 2048,
  "noise_level": 0.0,
  "seed": 123,
  "lambda": 1.0,
  "test_value_mse": 1.4988545701566193e-10,
  "test_grad_mse": 5.288832027323717e-08,
  "best_epoch": 173,
  "time_s": 13.89517617225647,
  "n_epochs_actual": 224,
  "key": "bachelier_d1_n2048_noise0.0_s123_dml_gradnorm",
  "timestamp": "2026-04-07T18:50:07.166946"
}