{
  "method": "baseline_rf",
  "func_type": "bachelier",
  "dim": 20,
  "n_samples": 512,
  "noise_level": 0.0,
  "seed": 456,
  "lambda": 1.0,
  "test_value_mse": 0.000496870362790582,
  "test_grad_mse": 0.1405579139177579,
  "time_s": 5.984660387039185,
  "key": "bachelier_d20_n512_noise0.0_s456_baseline_rf",
  "timestamp": "2026-04-08T03:57:47.023340"
}