{
  "method": "dml_relobralo",
  "func_type": "bachelier",
  "dim": 1,
  "n_samples": 8192,
  "noise_level": 0.0,
  "seed": 123,
  "lambda": 1.0,
  "test_value_mse": 1.1392680314859614e-10,
  "test_grad_mse": 3.252622072198565e-08,
  "best_epoch": 174,
  "time_s": 26.934267044067383,
  "n_epochs_actual": 225,
  "key": "bachelier_d1_n8192_noise0.0_s123_dml_relobralo",
  "timestamp": "2026-04-26T07:42:07.559559"
}