{
  "method": "vanilla",
  "func_type": "bachelier",
  "dim": 20,
  "n_samples": 8192,
  "noise_level": 0.0,
  "seed": 123,
  "lambda": 1.0,
  "test_value_mse": 8.341776770803033e-08,
  "test_grad_mse": 2.2692891024935604e-07,
  "best_epoch": 743,
  "time_s": 51.921433210372925,
  "n_epochs_actual": 794,
  "key": "bachelier_d20_n8192_noise0.0_s123_vanilla",
  "timestamp": "2026-04-08T05:00:05.818393"
}