{
  "method": "dml_fixed",
  "func_type": "bachelier",
  "dim": 2,
  "n_samples": 2048,
  "noise_level": 0.0,
  "seed": 123,
  "lambda": 1.0,
  "test_value_mse": 6.369202935779038e-10,
  "test_grad_mse": 1.2269018463910026e-07,
  "best_epoch": 999,
  "time_s": 46.807422399520874,
  "n_epochs_actual": 1000,
  "key": "bachelier_d2_n2048_noise0.0_s123_dml_fixed",
  "timestamp": "2026-04-07T21:12:03.484624"
}