{
  "method": "vanilla",
  "func_type": "bachelier",
  "dim": 10,
  "n_samples": 1024,
  "noise_level": 0.05,
  "seed": 1000,
  "lambda": 1.0,
  "test_value_mse": 2.74581417077528e-07,
  "test_grad_mse": 2.2481964776531286e-06,
  "best_epoch": 494,
  "time_s": 12.558961153030396,
  "n_epochs_actual": 500
}