{
  "method": "baseline_rf",
  "func_type": "bachelier",
  "dim": 2,
  "n_samples": 2048,
  "noise_level": 0.0,
  "seed": 123,
  "lambda": 1.0,
  "test_value_mse": 3.324588053675771e-05,
  "test_grad_mse": 12.637033299422106,
  "time_s": 1.0848541259765625,
  "key": "bachelier_d2_n2048_noise0.0_s123_baseline_rf",
  "timestamp": "2026-04-07T21:15:14.579608"
}