{
  "method": "baseline_gp",
  "func_type": "bachelier",
  "dim": 2,
  "n_samples": 2048,
  "noise_level": 0.0,
  "seed": 42,
  "lambda": 1.0,
  "test_value_mse": 5.854980399148511e-10,
  "test_grad_mse": 1.646731014621403e-07,
  "time_s": 68.19039559364319,
  "key": "bachelier_d2_n2048_noise0.0_s42_baseline_gp",
  "timestamp": "2026-04-07T21:11:03.722936"
}