{
  "method": "dml_gradnorm",
  "func_type": "bachelier",
  "dim": 2,
  "n_samples": 512,
  "noise_level": 0.0,
  "seed": 789,
  "lambda": 1.0,
  "test_value_mse": 1.4087520941208115e-09,
  "test_grad_mse": 2.4852482501370016e-07,
  "best_epoch": 999,
  "time_s": 41.61953282356262,
  "n_epochs_actual": 1000,
  "key": "bachelier_d2_n512_noise0.0_s789_dml_gradnorm",
  "timestamp": "2026-04-07T21:06:44.458394"
}