{
  "method": "dml_relobralo",
  "func_type": "bachelier",
  "dim": 1,
  "n_samples": 2048,
  "noise_level": 0.0,
  "seed": 42,
  "lambda": 1.0,
  "test_value_mse": 8.07703805151489e-11,
  "test_grad_mse": 4.154636978581345e-08,
  "best_epoch": 786,
  "time_s": 34.83901572227478,
  "n_epochs_actual": 837,
  "key": "bachelier_d1_n2048_noise0.0_s42_dml_relobralo",
  "timestamp": "2026-04-26T07:39:37.316947"
}