{
  "method": "vanilla",
  "func_type": "bachelier",
  "dim": 5,
  "n_samples": 8192,
  "noise_level": 0.0,
  "seed": 1000,
  "lambda": 1.0,
  "test_value_mse": 1.1995995080133443e-08,
  "test_grad_mse": 4.821093533142529e-07,
  "best_epoch": 975,
  "time_s": 57.34460186958313,
  "n_epochs_actual": 1000,
  "key": "bachelier_d5_n8192_noise0.0_s1000_vanilla",
  "timestamp": "2026-04-08T01:19:12.140946"
}