{
  "method": "baseline_gp",
  "func_type": "bachelier",
  "dim": 5,
  "n_samples": 512,
  "noise_level": 0.0,
  "seed": 42,
  "lambda": 1.0,
  "test_value_mse": 8.705714348984723e-09,
  "test_grad_mse": 3.7120557799546244e-07,
  "time_s": 1.8718054294586182,
  "key": "bachelier_d5_n512_noise0.0_s42_baseline_gp",
  "timestamp": "2026-04-07T23:27:42.524001"
}