{
  "method": "vanilla",
  "func_type": "bachelier",
  "dim": 10,
  "n_samples": 2048,
  "noise_level": 0.0,
  "seed": 123,
  "lambda": 1.0,
  "test_value_mse": 4.727422349373293e-07,
  "test_grad_mse": 3.2269315727192662e-06,
  "best_epoch": 139,
  "time_s": 6.809086561203003,
  "n_epochs_actual": 190,
  "key": "bachelier_d10_n2048_noise0.0_s123_vanilla",
  "timestamp": "2026-04-08T01:44:09.600708"
}