{
  "method": "baseline_krr",
  "func_type": "bachelier",
  "dim": 2,
  "n_samples": 8192,
  "noise_level": 0.0,
  "seed": 456,
  "lambda": 1.0,
  "test_value_mse": 1.4014925785749111e-05,
  "test_grad_mse": 0.000846317955505199,
  "time_s": 4.912037372589111,
  "key": "bachelier_d2_n8192_noise0.0_s456_baseline_krr",
  "timestamp": "2026-04-07T22:30:34.195173"
}