{
  "method": "baseline_krr",
  "func_type": "bachelier",
  "dim": 20,
  "n_samples": 2048,
  "noise_level": 0.0,
  "seed": 42,
  "lambda": 1.0,
  "test_value_mse": 3.184386268789614e-05,
  "test_grad_mse": 4.684530438098103e-05,
  "time_s": 1.0563006401062012,
  "key": "bachelier_d20_n2048_noise0.0_s42_baseline_krr",
  "timestamp": "2026-04-08T04:04:15.767989"
}