{
  "method": "dml_fixed",
  "func_type": "bachelier",
  "dim": 5,
  "n_samples": 8192,
  "noise_level": 0.0,
  "seed": 456,
  "lambda": 1.0,
  "test_value_mse": 1.4224521130538392e-09,
  "test_grad_mse": 5.187963945930467e-08,
  "best_epoch": 993,
  "time_s": 77.92207217216492,
  "n_epochs_actual": 1000,
  "key": "bachelier_d5_n8192_noise0.0_s456_dml_fixed",
  "timestamp": "2026-04-08T00:37:22.643918"
}