{
  "method": "dml_relobralo",
  "func_type": "bachelier",
  "dim": 1,
  "n_samples": 2048,
  "noise_level": 0.0,
  "seed": 1000,
  "lambda": 1.0,
  "test_value_mse": 3.722075628660048e-10,
  "test_grad_mse": 3.268049390712848e-07,
  "best_epoch": 129,
  "time_s": 9.284022092819214,
  "n_epochs_actual": 180,
  "key": "bachelier_d1_n2048_noise0.0_s1000_dml_relobralo",
  "timestamp": "2026-04-26T07:41:24.611797"
}