{
  "method": "dml_relobralo",
  "func_type": "bachelier",
  "dim": 10,
  "n_samples": 2048,
  "noise_level": 0.0,
  "seed": 42,
  "lambda": 1.0,
  "test_value_mse": 6.251804174607835e-08,
  "test_grad_mse": 5.039841337197805e-07,
  "best_epoch": 995,
  "time_s": 39.52093482017517,
  "n_epochs_actual": 1000,
  "key": "bachelier_d10_n2048_noise0.0_s42_dml_relobralo",
  "timestamp": "2026-04-26T08:05:43.854547"
}