{
  "method": "baseline_gp",
  "func_type": "bachelier",
  "dim": 2,
  "n_samples": 512,
  "noise_level": 0.0,
  "seed": 42,
  "lambda": 1.0,
  "test_value_mse": 1.032331142477438e-09,
  "test_grad_mse": 2.416128472512867e-07,
  "time_s": 1.8421835899353027,
  "key": "bachelier_d2_n512_noise0.0_s42_baseline_gp",
  "timestamp": "2026-04-07T21:02:38.171717"
}