{
  "method": "dml_gradnorm",
  "func_type": "bachelier",
  "dim": 5,
  "n_samples": 2048,
  "noise_level": 0.0,
  "seed": 789,
  "lambda": 1.0,
  "test_value_mse": 2.5152849971828897e-08,
  "test_grad_mse": 7.488046220038724e-07,
  "best_epoch": 413,
  "time_s": 27.268019199371338,
  "n_epochs_actual": 464,
  "key": "bachelier_d5_n2048_noise0.0_s789_dml_gradnorm",
  "timestamp": "2026-04-07T23:42:49.372913"
}