{
  "method": "baseline_rf",
  "func_type": "black_scholes",
  "dim": 1,
  "n_samples": 2048,
  "noise_level": 0.0,
  "seed": 456,
  "lambda": 1.0,
  "test_value_mse": 0.0014380963674621807,
  "test_grad_mse": 0.4098534973132792,
  "time_s": 0.8034234046936035,
  "key": "black_scholes_d1_n2048_noise0.0_s456_baseline_rf",
  "timestamp": "2026-04-08T08:13:13.097751"
}