{
  "method": "baseline_gp",
  "func_type": "black_scholes",
  "dim": 1,
  "n_samples": 512,
  "noise_level": 0.0,
  "seed": 42,
  "lambda": 1.0,
  "test_value_mse": 1.9369580597057804e-05,
  "test_grad_mse": 1.5336115509942795e-06,
  "time_s": 1.5191776752471924,
  "key": "black_scholes_d1_n512_noise0.0_s42_baseline_gp",
  "timestamp": "2026-04-08T08:00:22.225577"
}