{
  "method": "baseline_rf",
  "func_type": "black_scholes",
  "dim": 1,
  "n_samples": 8192,
  "noise_level": 0.0,
  "seed": 456,
  "lambda": 1.0,
  "test_value_mse": 0.00011326817608321816,
  "test_grad_mse": 1990.5213324507417,
  "time_s": 1.1434319019317627,
  "key": "black_scholes_d1_n8192_noise0.0_s456_baseline_rf",
  "timestamp": "2026-04-08T09:23:16.386501"
}