{
  "method": "vanilla",
  "func_type": "black_scholes",
  "dim": 1,
  "n_samples": 2048,
  "noise_level": 0.0,
  "seed": 789,
  "lambda": 1.0,
  "test_value_mse": 0.0001022866997959397,
  "test_grad_mse": 6.886074943160657e-06,
  "best_epoch": 362,
  "time_s": 13.48314642906189,
  "n_epochs_actual": 413,
  "key": "black_scholes_d1_n2048_noise0.0_s789_vanilla",
  "timestamp": "2026-04-08T08:13:26.582281"
}