{
  "method": "dml_relobralo",
  "func_type": "black_scholes",
  "dim": 1,
  "n_samples": 8192,
  "noise_level": 0.0,
  "seed": 42,
  "lambda": 1.0,
  "test_value_mse": 5.342041377799294e-07,
  "test_grad_mse": 2.6371083990323815e-08,
  "best_epoch": 247,
  "time_s": 25.191864490509033,
  "n_epochs_actual": 298,
  "key": "black_scholes_d1_n8192_noise0.0_s42_dml_relobralo",
  "timestamp": "2026-04-26T08:39:19.998165"
}