{
  "method": "baseline_gp",
  "func_type": "black_scholes",
  "dim": 1,
  "n_samples": 2048,
  "noise_level": 0.0,
  "seed": 456,
  "lambda": 1.0,
  "test_value_mse": 5.859342990908423e-06,
  "test_grad_mse": 1.0149608586547958e-06,
  "time_s": 93.33420014381409,
  "key": "black_scholes_d1_n2048_noise0.0_s456_baseline_gp",
  "timestamp": "2026-04-08T08:13:11.974871"
}