{
  "method": "dml_relobralo",
  "func_type": "black_scholes",
  "dim": 1,
  "n_samples": 2048,
  "noise_level": 0.0,
  "seed": 123,
  "lambda": 1.0,
  "test_value_mse": 1.369289693303697e-06,
  "test_grad_mse": 7.822685415448306e-08,
  "best_epoch": 645,
  "time_s": 24.638262271881104,
  "n_epochs_actual": 696,
  "key": "black_scholes_d1_n2048_noise0.0_s123_dml_relobralo",
  "timestamp": "2026-04-26T08:38:35.101985"
}