{
  "method": "baseline_krr",
  "func_type": "black_scholes",
  "dim": 1,
  "n_samples": 512,
  "noise_level": 0.0,
  "seed": 42,
  "lambda": 1.0,
  "test_value_mse": 12.265403387953333,
  "test_grad_mse": 6.1290888681484885,
  "time_s": 0.010376930236816406,
  "key": "black_scholes_d1_n512_noise0.0_s42_baseline_krr",
  "timestamp": "2026-04-08T08:00:22.236283"
}