{
  "method": "dml_relobralo",
  "func_type": "black_scholes",
  "dim": 1,
  "n_samples": 512,
  "noise_level": 0.0,
  "seed": 42,
  "lambda": 1.0,
  "test_value_mse": 5.264021261492624e-07,
  "test_grad_mse": 2.8821639708653167e-08,
  "best_epoch": 769,
  "time_s": 15.283358097076416,
  "n_epochs_actual": 820,
  "key": "black_scholes_d1_n512_noise0.0_s42_dml_relobralo",
  "timestamp": "2026-04-26T08:37:09.461060"
}