{
  "method": "dml_gradnorm",
  "func_type": "black_scholes",
  "dim": 1,
  "n_samples": 8192,
  "noise_level": 0.0,
  "seed": 123,
  "lambda": 1.0,
  "test_value_mse": 8.58121458026984e-06,
  "test_grad_mse": 2.2371258482648743e-07,
  "best_epoch": 74,
  "time_s": 20.022258043289185,
  "n_epochs_actual": 125,
  "key": "black_scholes_d1_n8192_noise0.0_s123_dml_gradnorm",
  "timestamp": "2026-04-08T08:41:07.967422"
}