{
  "method": "dml_relobralo",
  "func_type": "black_scholes",
  "dim": 1,
  "n_samples": 2048,
  "noise_level": 0.0,
  "seed": 1000,
  "lambda": 1.0,
  "test_value_mse": 8.08976838750218e-06,
  "test_grad_mse": 1.2792141158316067e-07,
  "best_epoch": 181,
  "time_s": 8.087377071380615,
  "n_epochs_actual": 232,
  "key": "black_scholes_d1_n2048_noise0.0_s1000_dml_relobralo",
  "timestamp": "2026-04-26T08:38:54.803357"
}