{
  "method": "dml_fixed",
  "func_type": "black_scholes",
  "dim": 1,
  "n_samples": 512,
  "noise_level": 0.0,
  "seed": 1000,
  "lambda": 1.0,
  "test_value_mse": 2.9168368172384586e-06,
  "test_grad_mse": 1.4743503248832268e-07,
  "best_epoch": 830,
  "time_s": 23.92969846725464,
  "n_epochs_actual": 881,
  "key": "black_scholes_d1_n512_noise0.0_s1000_dml_fixed",
  "timestamp": "2026-04-08T08:03:56.495066"
}