{
  "method": "vanilla",
  "func_type": "black_scholes",
  "dim": 1,
  "n_samples": 8192,
  "noise_level": 0.0,
  "seed": 42,
  "lambda": 1.0,
  "test_value_mse": 1.0137948750720029e-05,
  "test_grad_mse": 8.124916589408479e-07,
  "best_epoch": 998,
  "time_s": 62.94927191734314,
  "n_epochs_actual": 1000,
  "key": "black_scholes_d1_n8192_noise0.0_s42_vanilla",
  "timestamp": "2026-04-08T08:20:03.983453"
}