{
  "method": "dml_fixed",
  "func_type": "black_scholes",
  "dim": 1,
  "n_samples": 8192,
  "noise_level": 0.0,
  "seed": 789,
  "lambda": 1.0,
  "test_value_mse": 8.908225414930984e-06,
  "test_grad_mse": 4.800164942434467e-07,
  "best_epoch": 74,
  "time_s": 11.88946008682251,
  "n_epochs_actual": 125,
  "key": "black_scholes_d1_n8192_noise0.0_s789_dml_fixed",
  "timestamp": "2026-04-08T09:24:31.615307"
}