{
  "method": "dml_relobralo",
  "func_type": "black_scholes",
  "dim": 1,
  "n_samples": 512,
  "noise_level": 0.0,
  "seed": 123,
  "lambda": 1.0,
  "test_value_mse": 7.023443192990971e-06,
  "test_grad_mse": 1.5835035712108303e-07,
  "best_epoch": 372,
  "time_s": 8.862730503082275,
  "n_epochs_actual": 423,
  "key": "black_scholes_d1_n512_noise0.0_s123_dml_relobralo",
  "timestamp": "2026-04-26T08:37:18.326703"
}