{
  "method": "baseline_rf",
  "func_type": "black_scholes",
  "dim": 1,
  "n_samples": 2048,
  "noise_level": 0.0,
  "seed": 1000,
  "lambda": 1.0,
  "test_value_mse": 0.0019822343174427867,
  "test_grad_mse": 58.82958623493388,
  "time_s": 0.7290377616882324,
  "key": "black_scholes_d1_n2048_noise0.0_s1000_baseline_rf",
  "timestamp": "2026-04-08T08:19:01.031399"
}