{
  "method": "dml_gradnorm",
  "func_type": "black_scholes",
  "dim": 1,
  "n_samples": 512,
  "noise_level": 0.0,
  "seed": 123,
  "lambda": 1.0,
  "test_value_mse": 5.319119365793024e-06,
  "test_grad_mse": 2.441615342660175e-07,
  "best_epoch": 346,
  "time_s": 13.247368335723877,
  "n_epochs_actual": 397,
  "key": "black_scholes_d1_n512_noise0.0_s123_dml_gradnorm",
  "timestamp": "2026-04-08T08:00:55.501161"
}