{
  "method": "dml_gradnorm",
  "func_type": "black_scholes",
  "dim": 1,
  "n_samples": 2048,
  "noise_level": 0.0,
  "seed": 1000,
  "lambda": 1.0,
  "test_value_mse": 1.017061154798327e-06,
  "test_grad_mse": 7.212746431186132e-08,
  "best_epoch": 994,
  "time_s": 53.81245803833008,
  "n_epochs_actual": 1000,
  "key": "black_scholes_d1_n2048_noise0.0_s1000_dml_gradnorm",
  "timestamp": "2026-04-08T08:16:24.796914"
}