{
  "method": "baseline_gp",
  "func_type": "black_scholes",
  "dim": 1,
  "n_samples": 512,
  "noise_level": 0.0,
  "seed": 123,
  "lambda": 1.0,
  "test_value_mse": 2.471601414896945e-05,
  "test_grad_mse": 2.1104346037593943e-06,
  "time_s": 10.835583925247192,
  "key": "black_scholes_d1_n512_noise0.0_s123_baseline_gp",
  "timestamp": "2026-04-08T08:01:10.481911"
}