{
  "method": "dml_gradnorm",
  "func_type": "black_scholes",
  "dim": 1,
  "n_samples": 2048,
  "noise_level": 0.0,
  "seed": 789,
  "lambda": 1.0,
  "test_value_mse": 8.747642697517335e-06,
  "test_grad_mse": 2.4860628881488925e-07,
  "best_epoch": 90,
  "time_s": 8.54321026802063,
  "n_epochs_actual": 141,
  "key": "black_scholes_d1_n2048_noise0.0_s789_dml_gradnorm",
  "timestamp": "2026-04-08T08:13:41.537117"
}