{
  "method": "dml_fixed",
  "func_type": "black_scholes",
  "dim": 1,
  "n_samples": 8192,
  "noise_level": 0.0,
  "seed": 123,
  "lambda": 1.0,
  "test_value_mse": 4.0853110576754294e-06,
  "test_grad_mse": 1.993135930762163e-07,
  "best_epoch": 42,
  "time_s": 9.17833685874939,
  "n_epochs_actual": 93,
  "key": "black_scholes_d1_n8192_noise0.0_s123_dml_fixed",
  "timestamp": "2026-04-08T08:40:47.944707"
}