{
  "method": "dml_gradnorm",
  "func_type": "black_scholes",
  "dim": 1,
  "n_samples": 8192,
  "noise_level": 0.0,
  "seed": 456,
  "lambda": 1.0,
  "test_value_mse": 4.951333829733948e-07,
  "test_grad_mse": 4.083040601205193e-08,
  "best_epoch": 194,
  "time_s": 36.15808916091919,
  "n_epochs_actual": 245,
  "key": "black_scholes_d1_n8192_noise0.0_s456_dml_gradnorm",
  "timestamp": "2026-04-08T08:59:43.109255"
}