{
  "method": "dml_fixed",
  "func_type": "black_scholes",
  "dim": 1,
  "n_samples": 512,
  "noise_level": 0.0,
  "seed": 789,
  "lambda": 1.0,
  "test_value_mse": 2.3803924976814085e-05,
  "test_grad_mse": 6.89753717636557e-07,
  "best_epoch": 282,
  "time_s": 14.457073211669922,
  "n_epochs_actual": 333,
  "key": "black_scholes_d1_n512_noise0.0_s789_dml_fixed",
  "timestamp": "2026-04-08T08:02:27.575248"
}