{
  "method": "baseline_gp",
  "func_type": "black_scholes",
  "dim": 1,
  "n_samples": 8192,
  "noise_level": 0.0,
  "seed": 1000,
  "lambda": 1.0,
  "test_value_mse": 9.847368347500012e-07,
  "test_grad_mse": 2.5481432902028715e-07,
  "time_s": 1205.451364517212,
  "key": "black_scholes_d1_n8192_noise0.0_s1000_baseline_gp",
  "timestamp": "2026-04-08T10:18:41.320602"
}