{
  "method": "baseline_krr",
  "func_type": "black_scholes",
  "dim": 1,
  "n_samples": 8192,
  "noise_level": 0.0,
  "seed": 456,
  "lambda": 1.0,
  "test_value_mse": 0.05643688495965653,
  "test_grad_mse": 0.6609725030858064,
  "time_s": 4.352804899215698,
  "key": "black_scholes_d1_n8192_noise0.0_s456_baseline_krr",
  "timestamp": "2026-04-08T09:23:15.242679"
}