{
  "method": "dml_gradnorm",
  "func_type": "heston",
  "dim": 1,
  "n_samples": 8192,
  "noise_level": 0.0,
  "seed": 789,
  "lambda": 1.0,
  "test_value_mse": 0.492711625392133,
  "test_grad_mse": 337353.8683838461,
  "best_epoch": 9,
  "time_s": 10.561913967132568,
  "n_epochs_actual": 60,
  "key": "heston_d1_n8192_noise0.0_s789_dml_gradnorm",
  "timestamp": "2026-04-08T12:12:42.061418"
}