{
  "method": "baseline_krr",
  "func_type": "heston",
  "dim": 1,
  "n_samples": 2048,
  "noise_level": 0.0,
  "seed": 1000,
  "lambda": 1.0,
  "test_value_mse": 0.4885116245168957,
  "test_grad_mse": 343893.88104246487,
  "time_s": 0.5945875644683838,
  "key": "heston_d1_n2048_noise0.0_s1000_baseline_krr",
  "timestamp": "2026-04-08T10:34:01.245960"
}