{
  "method": "vanilla",
  "func_type": "heston",
  "dim": 1,
  "n_samples": 8192,
  "noise_level": 0.0,
  "seed": 1000,
  "lambda": 1.0,
  "test_value_mse": 0.1792879569990558,
  "test_grad_mse": 335457.1839969717,
  "best_epoch": 17,
  "time_s": 5.858288764953613,
  "n_epochs_actual": 68,
  "key": "heston_d1_n8192_noise0.0_s1000_vanilla",
  "timestamp": "2026-04-08T12:53:42.374945"
}