{
  "method": "dml_relobralo",
  "func_type": "heston",
  "dim": 1,
  "n_samples": 2048,
  "noise_level": 0.0,
  "seed": 789,
  "lambda": 1.0,
  "test_value_mse": 0.3038064219605106,
  "test_grad_mse": 348002.73701660265,
  "best_epoch": 137,
  "time_s": 6.5327253341674805,
  "n_epochs_actual": 188,
  "key": "heston_d1_n2048_noise0.0_s789_dml_relobralo",
  "timestamp": "2026-04-26T08:43:28.601786"
}