{
  "method": "baseline_krr",
  "func_type": "heston",
  "dim": 1,
  "n_samples": 8192,
  "noise_level": 0.0,
  "seed": 1000,
  "lambda": 1.0,
  "test_value_mse": 0.29699570805198106,
  "test_grad_mse": 336064.21479402814,
  "time_s": 3.7838759422302246,
  "key": "heston_d1_n8192_noise0.0_s1000_baseline_krr",
  "timestamp": "2026-04-08T13:23:55.275155"
}