{
  "method": "baseline_krr",
  "func_type": "heston",
  "dim": 1,
  "n_samples": 512,
  "noise_level": 0.0,
  "seed": 789,
  "lambda": 1.0,
  "test_value_mse": 1.6650758410489037,
  "test_grad_mse": 427785.2110551409,
  "time_s": 0.025081634521484375,
  "key": "heston_d1_n512_noise0.0_s789_baseline_krr",
  "timestamp": "2026-04-08T10:21:05.120298"
}