{
  "method": "baseline_krr",
  "func_type": "heston",
  "dim": 1,
  "n_samples": 512,
  "noise_level": 0.0,
  "seed": 123,
  "lambda": 1.0,
  "test_value_mse": 1.4632472171979751,
  "test_grad_mse": 324086.4029949315,
  "time_s": 0.026365041732788086,
  "key": "heston_d1_n512_noise0.0_s123_baseline_krr",
  "timestamp": "2026-04-08T10:19:57.249985"
}