{
  "method": "dml_gradnorm",
  "func_type": "heston",
  "dim": 1,
  "n_samples": 512,
  "noise_level": 0.0,
  "seed": 123,
  "lambda": 1.0,
  "test_value_mse": 0.6217676698936764,
  "test_grad_mse": 316916.3511821997,
  "best_epoch": 69,
  "time_s": 4.418767929077148,
  "n_epochs_actual": 120,
  "key": "heston_d1_n512_noise0.0_s123_dml_gradnorm",
  "timestamp": "2026-04-08T10:19:42.918670"
}