{
  "method": "baseline_rf",
  "func_type": "heston",
  "dim": 1,
  "n_samples": 512,
  "noise_level": 0.0,
  "seed": 42,
  "lambda": 1.0,
  "test_value_mse": 0.4031873188649822,
  "test_grad_mse": 483527.0340392083,
  "time_s": 0.9904944896697998,
  "key": "heston_d1_n512_noise0.0_s42_baseline_rf",
  "timestamp": "2026-04-08T10:19:15.611534"
}