{
  "method": "dml_relobralo",
  "func_type": "heston",
  "dim": 1,
  "n_samples": 512,
  "noise_level": 0.0,
  "seed": 123,
  "lambda": 1.0,
  "test_value_mse": 0.9375845475661714,
  "test_grad_mse": 317291.1882266449,
  "best_epoch": 46,
  "time_s": 2.185979127883911,
  "n_epochs_actual": 97,
  "key": "heston_d1_n512_noise0.0_s123_dml_relobralo",
  "timestamp": "2026-04-26T08:40:29.503554"
}