{
  "method": "baseline_rf",
  "func_type": "heston",
  "dim": 1,
  "n_samples": 512,
  "noise_level": 0.0,
  "seed": 123,
  "lambda": 1.0,
  "test_value_mse": 0.298619951878918,
  "test_grad_mse": 324112.07040756516,
  "time_s": 0.829226016998291,
  "key": "heston_d1_n512_noise0.0_s123_baseline_rf",
  "timestamp": "2026-04-08T10:19:58.079410"
}