{
  "method": "baseline_gp",
  "func_type": "heston",
  "dim": 1,
  "n_samples": 8192,
  "noise_level": 0.0,
  "seed": 456,
  "lambda": 1.0,
  "test_value_mse": 0.19243819829990952,
  "test_grad_mse": 412112.31712340115,
  "time_s": 1250.2261896133423,
  "key": "heston_d1_n8192_noise0.0_s456_baseline_gp",
  "timestamp": "2026-04-08T12:07:48.430300"
}