{
  "method": "baseline_rf",
  "func_type": "heston",
  "dim": 1,
  "n_samples": 2048,
  "noise_level": 0.0,
  "seed": 123,
  "lambda": 1.0,
  "test_value_mse": 0.2434954377874216,
  "test_grad_mse": 410111.8911150788,
  "time_s": 1.1539044380187988,
  "key": "heston_d1_n2048_noise0.0_s123_baseline_rf",
  "timestamp": "2026-04-08T10:26:53.829658"
}