{
  "method": "dml_gradnorm",
  "func_type": "heston",
  "dim": 1,
  "n_samples": 2048,
  "noise_level": 0.0,
  "seed": 1000,
  "lambda": 1.0,
  "test_value_mse": 0.2152991182525323,
  "test_grad_mse": 343247.56773216435,
  "best_epoch": 40,
  "time_s": 6.545886754989624,
  "n_epochs_actual": 91,
  "key": "heston_d1_n2048_noise0.0_s1000_dml_gradnorm",
  "timestamp": "2026-04-08T10:32:54.164534"
}