{
  "method": "dml_fixed",
  "func_type": "heston",
  "dim": 1,
  "n_samples": 8192,
  "noise_level": 0.0,
  "seed": 1000,
  "lambda": 1.0,
  "test_value_mse": 0.24911283187639088,
  "test_grad_mse": 336758.4768385527,
  "best_epoch": 22,
  "time_s": 6.69803261756897,
  "n_epochs_actual": 73,
  "key": "heston_d1_n8192_noise0.0_s1000_dml_fixed",
  "timestamp": "2026-04-08T12:53:49.073469"
}