{
  "method": "vanilla",
  "func_type": "heston",
  "dim": 1,
  "n_samples": 512,
  "noise_level": 0.0,
  "seed": 123,
  "lambda": 1.0,
  "test_value_mse": 0.17565826582900115,
  "test_grad_mse": 321909.9595269115,
  "best_epoch": 110,
  "time_s": 3.087073564529419,
  "n_epochs_actual": 161,
  "key": "heston_d1_n512_noise0.0_s123_vanilla",
  "timestamp": "2026-04-08T10:19:35.773191"
}