{
  "method": "vanilla",
  "func_type": "heston",
  "dim": 1,
  "n_samples": 2048,
  "noise_level": 0.0,
  "seed": 456,
  "lambda": 1.0,
  "test_value_mse": 0.16932305651661655,
  "test_grad_mse": 353008.55005983985,
  "best_epoch": 141,
  "time_s": 6.135757923126221,
  "n_epochs_actual": 192,
  "key": "heston_d1_n2048_noise0.0_s456_vanilla",
  "timestamp": "2026-04-08T10:28:02.650628"
}