{
  "method": "dml_relobralo",
  "func_type": "heston",
  "dim": 1,
  "n_samples": 8192,
  "noise_level": 0.0,
  "seed": 123,
  "lambda": 1.0,
  "test_value_mse": 0.274677936866505,
  "test_grad_mse": 346806.2407134507,
  "best_epoch": 44,
  "time_s": 7.728140354156494,
  "n_epochs_actual": 95,
  "key": "heston_d1_n8192_noise0.0_s123_dml_relobralo",
  "timestamp": "2026-04-26T08:48:41.678806"
}