{
  "method": "baseline_gp",
  "func_type": "heston",
  "dim": 1,
  "n_samples": 8192,
  "noise_level": 0.0,
  "seed": 789,
  "lambda": 1.0,
  "test_value_mse": 0.2022806598062026,
  "test_grad_mse": 337416.0306360801,
  "time_s": 2186.751957654953,
  "key": "heston_d1_n8192_noise0.0_s789_baseline_gp",
  "timestamp": "2026-04-08T12:49:15.040913"
}