{
  "method": "dml_relobralo",
  "func_type": "heston",
  "dim": 1,
  "n_samples": 2048,
  "noise_level": 0.0,
  "seed": 123,
  "lambda": 1.0,
  "test_value_mse": 0.362310377565711,
  "test_grad_mse": 370571.65445240657,
  "best_epoch": 58,
  "time_s": 4.005169868469238,
  "n_epochs_actual": 109,
  "key": "heston_d1_n2048_noise0.0_s123_dml_relobralo",
  "timestamp": "2026-04-26T08:42:14.156943"
}