{
  "method": "vanilla",
  "func_type": "heston",
  "dim": 1,
  "n_samples": 2048,
  "noise_level": 0.0,
  "seed": 42,
  "lambda": 1.0,
  "test_value_mse": 0.19654753887079734,
  "test_grad_mse": 371881.3989574606,
  "best_epoch": 102,
  "time_s": 5.105048179626465,
  "n_epochs_actual": 153,
  "key": "heston_d1_n2048_noise0.0_s42_vanilla",
  "timestamp": "2026-04-08T10:22:53.318739"
}