{
  "method": "dml_gradnorm",
  "func_type": "heston",
  "dim": 1,
  "n_samples": 2048,
  "noise_level": 0.0,
  "seed": 456,
  "lambda": 1.0,
  "test_value_mse": 0.3401640451825876,
  "test_grad_mse": 355778.15522481303,
  "best_epoch": 24,
  "time_s": 5.592989683151245,
  "n_epochs_actual": 75,
  "key": "heston_d1_n2048_noise0.0_s456_dml_gradnorm",
  "timestamp": "2026-04-08T10:28:11.913303"
}