{
  "method": "vanilla",
  "func_type": "poly_trig",
  "dim": 1,
  "n_samples": 2048,
  "noise_level": 0.5,
  "seed": 1000,
  "lambda": 1.0,
  "test_value_mse": 3.921647362403746e-07,
  "test_grad_mse": 0.0004581572429742664,
  "best_epoch": 938,
  "time_s": 25.163089513778687,
  "n_epochs_actual": 989,
  "key": "poly_trig_d1_n2048_noise0.5_s1000_vanilla",
  "timestamp": "2026-04-08T15:24:58.412278"
}