{
  "method": "dml_relobralo",
  "func_type": "poly_trig",
  "dim": 20,
  "n_samples": 8192,
  "noise_level": 0.2,
  "seed": 123,
  "lambda": 1.0,
  "test_value_mse": 0.012753182090818882,
  "test_grad_mse": 0.016250336542725563,
  "best_epoch": 808,
  "time_s": 78.07444834709167,
  "n_epochs_actual": 859,
  "key": "poly_trig_d20_n8192_noise0.2_s123_dml_relobralo",
  "timestamp": "2026-04-26T10:30:03.625987"
}