{
  "method": "dml_relobralo",
  "func_type": "poly_trig",
  "dim": 10,
  "n_samples": 8192,
  "noise_level": 0.0,
  "seed": 42,
  "lambda": 1.0,
  "test_value_mse": 0.0002619408769533038,
  "test_grad_mse": 0.0012534406268969178,
  "best_epoch": 998,
  "time_s": 95.97493886947632,
  "n_epochs_actual": 1000,
  "key": "poly_trig_d10_n8192_noise0.0_s42_dml_relobralo",
  "timestamp": "2026-04-26T09:47:12.658348"
}