{
  "method": "vanilla",
  "func_type": "poly_trig",
  "dim": 1,
  "n_samples": 4096,
  "noise_level": 0.05,
  "seed": 123,
  "lambda": 1.0,
  "test_value_mse": 3.373455115252e-08,
  "test_grad_mse": 4.497900954447687e-05,
  "best_epoch": 998,
  "time_s": 33.47654938697815,
  "n_epochs_actual": 1000,
  "key": "poly_trig_d1_n4096_noise0.05_s123_vanilla",
  "timestamp": "2026-04-08T16:05:26.154933"
}