{
  "method": "dml_gradnorm",
  "func_type": "poly_trig",
  "dim": 1,
  "n_samples": 512,
  "noise_level": 0.1,
  "seed": 456,
  "lambda": 1.0,
  "test_value_mse": 3.2304771593771875e-05,
  "test_grad_mse": 0.0002712523564696312,
  "best_epoch": 92,
  "time_s": 4.935772657394409,
  "n_epochs_actual": 143,
  "key": "poly_trig_d1_n512_noise0.1_s456_dml_gradnorm",
  "timestamp": "2026-04-08T13:47:06.196806"
}