{
  "method": "dml_fixed",
  "func_type": "poly_trig",
  "dim": 100,
  "n_samples": 1024,
  "noise_level": 0.0,
  "seed": 123,
  "lambda": 10.0,
  "test_value_mse": 4.2886505126953125,
  "test_grad_mse": 0.4451078474521637,
  "best_epoch": 188,
  "time_s": 7.2785484790802,
  "n_epochs_actual": 239,
  "key": "poly_trig_d100_n1024_noise0.0_s123_dml_fixed_lam10.0",
  "timestamp": "2026-04-10T19:41:24.851580"
}