{
  "method": "dml_relobralo",
  "func_type": "poly_trig",
  "dim": 1,
  "n_samples": 1024,
  "noise_level": 0.05,
  "seed": 789,
  "lambda": 1.0,
  "test_value_mse": 3.2194395771512063e-07,
  "test_grad_mse": 4.504765456658788e-05,
  "best_epoch": 227,
  "time_s": 6.781355142593384,
  "n_epochs_actual": 278,
  "key": "poly_trig_d1_n1024_noise0.05_s789_dml_relobralo",
  "timestamp": "2026-04-26T09:02:23.670647"
}