{
  "method": "dml_gradnorm",
  "func_type": "poly_trig",
  "dim": 50,
  "n_samples": 8192,
  "noise_level": 0.05,
  "seed": 789,
  "lambda": 1.0,
  "test_value_mse": 0.06723221391439438,
  "test_grad_mse": 0.019730251282453537,
  "best_epoch": 511,
  "time_s": 57.94899129867554,
  "n_epochs_actual": 562,
  "key": "poly_trig_d50_n8192_noise0.05_s789_dml_gradnorm",
  "timestamp": "2026-04-10T18:57:01.290775"
}