{
  "method": "baseline_rf",
  "func_type": "poly_trig",
  "dim": 10,
  "n_samples": 8192,
  "noise_level": 0.1,
  "seed": 789,
  "lambda": 1.0,
  "test_value_mse": 0.24997817347026152,
  "test_grad_mse": 79.63884198129006,
  "time_s": 5.975246429443359,
  "key": "poly_trig_d10_n8192_noise0.1_s789_baseline_rf",
  "timestamp": "2026-04-10T02:57:30.681924"
}