{
  "method": "dml_relobralo",
  "func_type": "poly_trig",
  "dim": 1,
  "n_samples": 512,
  "noise_level": 0.05,
  "seed": 42,
  "lambda": 1.0,
  "test_value_mse": 2.5702338461996987e-06,
  "test_grad_mse": 8.024177077459171e-05,
  "best_epoch": 122,
  "time_s": 3.8256969451904297,
  "n_epochs_actual": 173,
  "key": "poly_trig_d1_n512_noise0.05_s42_dml_relobralo",
  "timestamp": "2026-04-26T08:59:36.824820"
}