{
  "method": "dml_fixed",
  "func_type": "poly_trig",
  "dim": 2,
  "n_samples": 1024,
  "noise_level": 0.0,
  "seed": 789,
  "lambda": 0.1,
  "test_value_mse": 7.407782618429337e-07,
  "test_grad_mse": 8.356991020264104e-05,
  "best_epoch": 629,
  "time_s": 27.070468425750732,
  "n_epochs_actual": 680,
  "key": "poly_trig_d2_n1024_noise0.0_s789_dml_fixed_lam0.1",
  "timestamp": "2026-04-09T03:22:48.479555"
}