{
  "method": "dml_relobralo",
  "func_type": "poly_trig",
  "dim": 10,
  "n_samples": 8192,
  "noise_level": 0.0,
  "seed": 1000,
  "lambda": 1.0,
  "test_value_mse": 0.00030496594263240695,
  "test_grad_mse": 0.0014347126707434654,
  "best_epoch": 999,
  "time_s": 82.29787135124207,
  "n_epochs_actual": 1000,
  "key": "poly_trig_d10_n8192_noise0.0_s1000_dml_relobralo",
  "timestamp": "2026-04-26T09:53:15.246916"
}