{
  "method": "vanilla",
  "func_type": "poly_trig",
  "dim": 1,
  "n_samples": 2048,
  "noise_level": 0.1,
  "seed": 789,
  "lambda": 1.0,
  "test_value_mse": 9.700341934149037e-07,
  "test_grad_mse": 0.00048201854224316776,
  "best_epoch": 998,
  "time_s": 24.358663082122803,
  "n_epochs_actual": 1000,
  "key": "poly_trig_d1_n2048_noise0.1_s789_vanilla",
  "timestamp": "2026-04-08T15:02:21.315694"
}