{
  "method": "dml_fixed",
  "func_type": "poly_trig",
  "dim": 50,
  "n_samples": 8192,
  "noise_level": 0.1,
  "seed": 789,
  "lambda": 1.0,
  "test_value_mse": 0.04167654737830162,
  "test_grad_mse": 0.014210379682481289,
  "best_epoch": 998,
  "time_s": 66.16350889205933,
  "n_epochs_actual": 1000,
  "key": "poly_trig_d50_n8192_noise0.1_s789_dml_fixed",
  "timestamp": "2026-04-10T19:09:27.272996"
}