{
  "method": "dml_fixed",
  "func_type": "poly_trig",
  "dim": 1,
  "n_samples": 4096,
  "noise_level": 0.5,
  "seed": 123,
  "lambda": 1.0,
  "test_value_mse": 1.3178165318095125e-05,
  "test_grad_mse": 0.00035903413663618267,
  "best_epoch": 92,
  "time_s": 6.8794779777526855,
  "n_epochs_actual": 143,
  "key": "poly_trig_d1_n4096_noise0.5_s123_dml_fixed",
  "timestamp": "2026-04-08T17:25:32.805099"
}