{
  "method": "baseline_gp",
  "func_type": "poly_trig",
  "dim": 1,
  "n_samples": 2048,
  "noise_level": 0.1,
  "seed": 1000,
  "lambda": 1.0,
  "test_value_mse": 1.2829782194683377e-09,
  "test_grad_mse": 1.2516832722454707e-06,
  "time_s": 77.56723260879517,
  "key": "poly_trig_d1_n2048_noise0.1_s1000_baseline_gp",
  "timestamp": "2026-04-08T15:06:07.662900"
}