{
  "method": "dml_fixed",
  "func_type": "poly_trig",
  "dim": 2,
  "n_samples": 4096,
  "noise_level": 0.0,
  "seed": 456,
  "lambda": 0.1,
  "test_value_mse": 2.5837243811110966e-07,
  "test_grad_mse": 2.4300370569108054e-05,
  "best_epoch": 999,
  "time_s": 41.33521318435669,
  "n_epochs_actual": 1000,
  "key": "poly_trig_d2_n4096_noise0.0_s456_dml_fixed_lam0.1",
  "timestamp": "2026-04-09T03:29:41.218918"
}