{
  "method": "dml_gradnorm",
  "func_type": "poly_trig",
  "dim": 2,
  "n_samples": 8192,
  "noise_level": 0.2,
  "seed": 123,
  "lambda": 1.0,
  "test_value_mse": 0.00016884632350411266,
  "test_grad_mse": 0.0008509092149324715,
  "best_epoch": 38,
  "time_s": 14.393635272979736,
  "n_epochs_actual": 89,
  "key": "poly_trig_d2_n8192_noise0.2_s123_dml_gradnorm",
  "timestamp": "2026-04-09T10:21:29.206214"
}