{
  "method": "baseline_gp",
  "func_type": "poly_trig",
  "dim": 1,
  "n_samples": 2048,
  "noise_level": 0.0,
  "seed": 42,
  "lambda": 1.0,
  "test_value_mse": 2.109588935799658e-09,
  "test_grad_mse": 1.8047589900873782e-06,
  "time_s": 56.86414861679077,
  "key": "poly_trig_d1_n2048_noise0.0_s42_baseline_gp",
  "timestamp": "2026-04-08T14:33:43.382934"
}