{
  "method": "baseline_rf",
  "func_type": "poly_trig",
  "dim": 20,
  "n_samples": 8192,
  "noise_level": 0.0,
  "seed": 42,
  "lambda": 1.0,
  "test_value_mse": 0.9594582164845139,
  "test_grad_mse": 482.5173834546893,
  "time_s": 11.715945720672607,
  "key": "poly_trig_d20_n8192_noise0.0_s42_baseline_rf",
  "timestamp": "2026-04-10T07:20:50.613826"
}