{
  "method": "dml_fixed",
  "func_type": "poly_trig",
  "dim": 2,
  "n_samples": 1024,
  "noise_level": 0.0,
  "seed": 42,
  "lambda": 0.01,
  "test_value_mse": 0.00010826361540239304,
  "test_grad_mse": 0.010860980488359928,
  "best_epoch": 164,
  "time_s": 6.005905866622925,
  "n_epochs_actual": 215,
  "key": "poly_trig_d2_n1024_noise0.0_s42_dml_fixed_lam0.01",
  "timestamp": "2026-04-09T03:19:12.873669"
}