{
  "method": "dml_fixed",
  "func_type": "poly_trig",
  "dim": 2,
  "n_samples": 4096,
  "noise_level": 0.0,
  "seed": 42,
  "lambda": 0.1,
  "test_value_mse": 1.1696110391312686e-07,
  "test_grad_mse": 1.4880796697980259e-05,
  "best_epoch": 997,
  "time_s": 39.02248573303223,
  "n_epochs_actual": 1000,
  "key": "poly_trig_d2_n4096_noise0.0_s42_dml_fixed_lam0.1",
  "timestamp": "2026-04-09T03:25:03.809015"
}