{
  "method": "dml_fixed",
  "func_type": "poly_trig",
  "dim": 100,
  "n_samples": 1024,
  "noise_level": 0.0,
  "seed": 456,
  "lambda": 10.0,
  "test_value_mse": 3.324477195739746,
  "test_grad_mse": 0.35751399397850037,
  "best_epoch": 176,
  "time_s": 7.301743030548096,
  "n_epochs_actual": 227,
  "key": "poly_trig_d100_n1024_noise0.0_s456_dml_fixed_lam10.0",
  "timestamp": "2026-04-10T19:41:49.665927"
}