{
  "method": "dml_fixed",
  "func_type": "poly_trig",
  "dim": 10,
  "n_samples": 4096,
  "noise_level": 0.0,
  "seed": 42,
  "lambda": 0.001,
  "test_value_mse": 0.015278540551662445,
  "test_grad_mse": 0.06899774074554443,
  "best_epoch": 325,
  "time_s": 16.814708471298218,
  "n_epochs_actual": 376,
  "key": "poly_trig_d10_n4096_noise0.0_s42_dml_fixed_lam0.001",
  "timestamp": "2026-04-09T21:17:01.534162"
}