{
  "method": "dml_fixed",
  "func_type": "poly_trig",
  "dim": 2,
  "n_samples": 1024,
  "noise_level": 0.0,
  "seed": 123,
  "lambda": 0.01,
  "test_value_mse": 2.053387788691907e-06,
  "test_grad_mse": 0.0002791336446534842,
  "best_epoch": 999,
  "time_s": 33.870752573013306,
  "n_epochs_actual": 1000,
  "key": "poly_trig_d2_n1024_noise0.0_s123_dml_fixed_lam0.01",
  "timestamp": "2026-04-09T03:20:31.101596"
}