{
  "method": "baseline_krr",
  "func_type": "poly_trig",
  "dim": 20,
  "n_samples": 8192,
  "noise_level": 0.0,
  "seed": 123,
  "lambda": 1.0,
  "test_value_mse": 0.3998226523399353,
  "test_grad_mse": 1.0701269415558115,
  "time_s": 4.100764274597168,
  "key": "poly_trig_d20_n8192_noise0.0_s123_baseline_krr",
  "timestamp": "2026-04-10T07:55:14.973924"
}