{
  "method": "baseline_krr",
  "func_type": "poly_trig",
  "dim": 5,
  "n_samples": 8192,
  "noise_level": 0.0,
  "seed": 42,
  "lambda": 1.0,
  "test_value_mse": 0.026120625436306,
  "test_grad_mse": 0.23750699339699483,
  "time_s": 3.057891845703125,
  "key": "poly_trig_d5_n8192_noise0.0_s42_baseline_krr",
  "timestamp": "2026-04-09T14:19:53.069767"
}