{
  "method": "vanilla",
  "func_type": "poly_trig",
  "dim": 5,
  "n_samples": 8192,
  "noise_level": 0.0,
  "seed": 123,
  "lambda": 1.0,
  "test_value_mse": 5.490777039085515e-05,
  "test_grad_mse": 0.0016211579786613584,
  "best_epoch": 787,
  "time_s": 35.81786870956421,
  "n_epochs_actual": 838,
  "key": "poly_trig_d5_n8192_noise0.0_s123_vanilla",
  "timestamp": "2026-04-09T14:20:33.027316"
}