{
  "method": "dml_gradnorm",
  "func_type": "poly_trig",
  "dim": 100,
  "n_samples": 8192,
  "noise_level": 0.5,
  "seed": 789,
  "lambda": 1.0,
  "test_value_mse": 0.8218759298324585,
  "test_grad_mse": 0.10859747976064682,
  "best_epoch": 983,
  "time_s": 152.00394463539124,
  "n_epochs_actual": 1000,
  "key": "poly_trig_d100_n8192_noise0.5_s789_dml_gradnorm",
  "timestamp": "2026-04-10T21:28:23.854000"
}