{
  "method": "dml_gradnorm",
  "func_type": "poly_trig",
  "dim": 5,
  "n_samples": 8192,
  "noise_level": 0.2,
  "seed": 123,
  "lambda": 1.0,
  "test_value_mse": 0.00027241164934821427,
  "test_grad_mse": 0.0019366370979696512,
  "best_epoch": 65,
  "time_s": 17.204368591308594,
  "n_epochs_actual": 116,
  "key": "poly_trig_d5_n8192_noise0.2_s123_dml_gradnorm",
  "timestamp": "2026-04-09T18:30:45.615440"
}