{
  "method": "baseline_gp",
  "func_type": "poly_trig",
  "dim": 20,
  "n_samples": 8192,
  "noise_level": 0.1,
  "seed": 1000,
  "lambda": 1.0,
  "test_value_mse": 0.0011675961625169993,
  "test_grad_mse": 0.006275060053225584,
  "time_s": 729.1234922409058,
  "key": "poly_trig_d20_n8192_noise0.1_s1000_baseline_gp",
  "timestamp": "2026-04-10T14:03:56.107485"
}