{
  "method": "dml_fixed",
  "func_type": "poly_trig",
  "dim": 2,
  "n_samples": 8192,
  "noise_level": 0.5,
  "seed": 42,
  "lambda": 1.0,
  "test_value_mse": 0.000509028322994709,
  "test_grad_mse": 0.0031068199314177036,
  "best_epoch": 59,
  "time_s": 5.451246023178101,
  "n_epochs_actual": 110,
  "key": "poly_trig_d2_n8192_noise0.5_s42_dml_fixed",
  "timestamp": "2026-04-09T12:15:23.337623"
}