{
  "method": "dml_fixed",
  "func_type": "poly_trig",
  "dim": 100,
  "n_samples": 4096,
  "noise_level": 0.0,
  "seed": 123,
  "lambda": 0.01,
  "test_value_mse": 3.9641177654266357,
  "test_grad_mse": 0.7417817115783691,
  "best_epoch": 25,
  "time_s": 5.226422071456909,
  "n_epochs_actual": 76,
  "key": "poly_trig_d100_n4096_noise0.0_s123_dml_fixed_lam0.01",
  "timestamp": "2026-04-10T19:44:06.245847"
}