{
  "method": "dml_fixed",
  "func_type": "poly_trig",
  "dim": 50,
  "n_samples": 4096,
  "noise_level": 0.0,
  "seed": 456,
  "lambda": 0.01,
  "test_value_mse": 0.7479188442230225,
  "test_grad_mse": 0.3876928389072418,
  "best_epoch": 869,
  "time_s": 33.253618478775024,
  "n_epochs_actual": 920,
  "key": "poly_trig_d50_n4096_noise0.0_s456_dml_fixed_lam0.01",
  "timestamp": "2026-04-10T18:28:41.513412"
}