{
  "method": "baseline_krr",
  "func_type": "poly_trig",
  "dim": 10,
  "n_samples": 8192,
  "noise_level": 0.0,
  "seed": 789,
  "lambda": 1.0,
  "test_value_mse": 0.0967072993516922,
  "test_grad_mse": 0.49849672270570566,
  "time_s": 2.043626070022583,
  "key": "poly_trig_d10_n8192_noise0.0_s789_baseline_krr",
  "timestamp": "2026-04-09T22:58:54.356973"
}