{
  "method": "vanilla",
  "func_type": "poly_trig",
  "dim": 100,
  "n_samples": 8192,
  "noise_level": 0.05,
  "seed": 456,
  "lambda": 1.0,
  "test_value_mse": 2.640824317932129,
  "test_grad_mse": 0.6229088306427002,
  "best_epoch": 15,
  "time_s": 7.4922873973846436,
  "n_epochs_actual": 66,
  "key": "poly_trig_d100_n8192_noise0.05_s456_vanilla",
  "timestamp": "2026-04-10T20:19:03.946843"
}