{
  "method": "dml_relobralo",
  "func_type": "poly_trig",
  "dim": 1,
  "n_samples": 4096,
  "noise_level": 0.5,
  "seed": 456,
  "lambda": 1.0,
  "test_value_mse": 2.2864414859213866e-05,
  "test_grad_mse": 0.0006401806604117155,
  "best_epoch": 50,
  "time_s": 5.25678014755249,
  "n_epochs_actual": 101,
  "key": "poly_trig_d1_n4096_noise0.5_s456_dml_relobralo",
  "timestamp": "2026-04-26T09:12:58.264208"
}