{
  "method": "dml_fixed",
  "func_type": "poly_trig",
  "dim": 50,
  "n_samples": 8192,
  "noise_level": 0.05,
  "seed": 123,
  "lambda": 1.0,
  "test_value_mse": 0.06628447026014328,
  "test_grad_mse": 0.022318851202726364,
  "best_epoch": 995,
  "time_s": 82.66628360748291,
  "n_epochs_actual": 1000,
  "key": "poly_trig_d50_n8192_noise0.05_s123_dml_fixed",
  "timestamp": "2026-04-10T18:50:05.271484"
}