{
  "method": "dml_relobralo",
  "func_type": "poly_trig",
  "dim": 100,
  "n_samples": 8192,
  "noise_level": 0.2,
  "seed": 42,
  "lambda": 1.0,
  "test_value_mse": 3.207451820373535,
  "test_grad_mse": 0.7040888071060181,
  "best_epoch": 19,
  "time_s": 7.175724983215332,
  "n_epochs_actual": 70,
  "key": "poly_trig_d100_n8192_noise0.2_s42_dml_relobralo",
  "timestamp": "2026-04-26T10:47:45.041179"
}