{
  "method": "baseline_krr",
  "func_type": "poly_trig",
  "dim": 20,
  "n_samples": 8192,
  "noise_level": 0.1,
  "seed": 456,
  "lambda": 1.0,
  "test_value_mse": 0.265019953250885,
  "test_grad_mse": 0.714664593585716,
  "time_s": 3.185579299926758,
  "key": "poly_trig_d20_n8192_noise0.1_s456_baseline_krr",
  "timestamp": "2026-04-10T13:24:30.324827"
}