{
  "method": "baseline_gp",
  "func_type": "poly_trig",
  "dim": 10,
  "n_samples": 8192,
  "noise_level": 0.05,
  "seed": 456,
  "lambda": 1.0,
  "test_value_mse": 0.00021745349979596952,
  "test_grad_mse": 0.006881487732827897,
  "time_s": 1876.7014200687408,
  "key": "poly_trig_d10_n8192_noise0.05_s456_baseline_gp",
  "timestamp": "2026-04-10T00:27:54.381353"
}