{
  "method": "dml_gradnorm",
  "func_type": "poly_trig",
  "dim": 1,
  "n_samples": 8192,
  "noise_level": 0.05,
  "seed": 789,
  "lambda": 1.0,
  "test_value_mse": 1.9172779275322682e-07,
  "test_grad_mse": 2.60594379142276e-06,
  "best_epoch": 144,
  "time_s": 23.071028470993042,
  "n_epochs_actual": 195,
  "key": "poly_trig_d1_n8192_noise0.05_s789_dml_gradnorm",
  "timestamp": "2026-04-08T20:57:21.228069"
}