{
  "method": "dml_fixed",
  "func_type": "poly_trig",
  "dim": 10,
  "n_samples": 4096,
  "noise_level": 0.0,
  "seed": 1000,
  "lambda": 0.01,
  "test_value_mse": 0.003155624959617853,
  "test_grad_mse": 0.014183240942656994,
  "best_epoch": 999,
  "time_s": 41.26238203048706,
  "n_epochs_actual": 1000,
  "key": "poly_trig_d10_n4096_noise0.0_s1000_dml_fixed_lam0.01",
  "timestamp": "2026-04-09T21:28:08.864849"
}