{
  "method": "dml_fixed",
  "func_type": "poly_trig",
  "dim": 100,
  "n_samples": 4096,
  "noise_level": 0.0,
  "seed": 42,
  "lambda": 10.0,
  "test_value_mse": 0.5982725024223328,
  "test_grad_mse": 0.05955907702445984,
  "best_epoch": 991,
  "time_s": 44.87594294548035,
  "n_epochs_actual": 1000,
  "key": "poly_trig_d100_n4096_noise0.0_s42_dml_fixed_lam10.0",
  "timestamp": "2026-04-10T19:43:51.324740"
}