{
  "method": "dml_gradnorm",
  "func_type": "poly_trig",
  "dim": 20,
  "n_samples": 8192,
  "noise_level": 0.1,
  "seed": 456,
  "lambda": 1.0,
  "test_value_mse": 0.002933911746367812,
  "test_grad_mse": 0.003444472560659051,
  "best_epoch": 628,
  "time_s": 77.43292999267578,
  "n_epochs_actual": 679,
  "key": "poly_trig_d20_n8192_noise0.1_s456_dml_gradnorm",
  "timestamp": "2026-04-10T12:58:53.546853"
}