{
  "method": "baseline_rf",
  "func_type": "poly_trig",
  "dim": 1,
  "n_samples": 256,
  "noise_level": 0.05,
  "seed": 456,
  "lambda": 1.0,
  "test_value_mse": 0.0001391940465034913,
  "test_grad_mse": 55.12301488345766,
  "time_s": 0.7492492198944092,
  "key": "poly_trig_d1_n256_noise0.05_s456_baseline_rf",
  "timestamp": "2026-04-08T13:30:09.981443"
}