{
  "method": "dml_fixed",
  "func_type": "poly_trig",
  "dim": 50,
  "n_samples": 8192,
  "noise_level": 0.0,
  "seed": 123,
  "lambda": 1.0,
  "test_value_mse": 0.05032730475068092,
  "test_grad_mse": 0.018124612048268318,
  "best_epoch": 999,
  "time_s": 73.04286360740662,
  "n_epochs_actual": 1000,
  "key": "poly_trig_d50_n8192_noise0.0_s123_dml_fixed",
  "timestamp": "2026-04-10T18:37:08.280850"
}