{
  "method": "baseline_gp",
  "func_type": "poly_trig",
  "dim": 1,
  "n_samples": 256,
  "noise_level": 0.2,
  "seed": 456,
  "lambda": 1.0,
  "test_value_mse": 1.663988151496613e-08,
  "test_grad_mse": 7.739103064223224e-06,
  "time_s": 1.022456169128418,
  "key": "poly_trig_d1_n256_noise0.2_s456_baseline_gp",
  "timestamp": "2026-04-08T13:35:13.102973"
}