{
  "method": "baseline_gp",
  "func_type": "poly_trig",
  "dim": 1,
  "n_samples": 512,
  "noise_level": 0.0,
  "seed": 456,
  "lambda": 1.0,
  "test_value_mse": 6.9583187612603584e-09,
  "test_grad_mse": 2.9410252400209716e-06,
  "time_s": 4.9829041957855225,
  "key": "poly_trig_d1_n512_noise0.0_s456_baseline_gp",
  "timestamp": "2026-04-08T13:41:24.037927"
}