{
  "method": "dml_relobralo",
  "func_type": "poly_trig",
  "dim": 20,
  "n_samples": 8192,
  "noise_level": 0.0,
  "seed": 456,
  "lambda": 1.0,
  "test_value_mse": 0.0053536975756287575,
  "test_grad_mse": 0.007463913876563311,
  "best_epoch": 998,
  "time_s": 91.13440132141113,
  "n_epochs_actual": 1000,
  "key": "poly_trig_d20_n8192_noise0.0_s456_dml_relobralo",
  "timestamp": "2026-04-26T10:14:38.958402"
}