{
  "method": "baseline_krr",
  "func_type": "poly_trig",
  "dim": 5,
  "n_samples": 8192,
  "noise_level": 0.5,
  "seed": 123,
  "lambda": 1.0,
  "test_value_mse": 0.021964194253087044,
  "test_grad_mse": 0.1930105323899294,
  "time_s": 5.407620668411255,
  "key": "poly_trig_d5_n8192_noise0.5_s123_baseline_krr",
  "timestamp": "2026-04-09T20:21:13.215777"
}