{
  "method": "dml_gradnorm",
  "func_type": "poly_trig",
  "dim": 50,
  "n_samples": 8192,
  "noise_level": 0.0,
  "seed": 789,
  "lambda": 1.0,
  "test_value_mse": 0.04949171841144562,
  "test_grad_mse": 0.012922224588692188,
  "best_epoch": 706,
  "time_s": 90.17929863929749,
  "n_epochs_actual": 757,
  "key": "poly_trig_d50_n8192_noise0.0_s789_dml_gradnorm",
  "timestamp": "2026-04-10T18:44:07.655603"
}