{
  "method": "dml_relobralo",
  "func_type": "poly_trig",
  "dim": 2,
  "n_samples": 8192,
  "noise_level": 0.1,
  "seed": 456,
  "lambda": 1.0,
  "test_value_mse": 2.0842910544160986e-06,
  "test_grad_mse": 5.70910306123551e-05,
  "best_epoch": 193,
  "time_s": 20.892757177352905,
  "n_epochs_actual": 244,
  "key": "poly_trig_d2_n8192_noise0.1_s456_dml_relobralo",
  "timestamp": "2026-04-26T09:26:49.415195"
}