{
  "method": "dml_fixed",
  "func_type": "poly_trig",
  "dim": 10,
  "n_samples": 8192,
  "noise_level": 0.1,
  "seed": 1000,
  "lambda": 1.0,
  "test_value_mse": 0.00047257705591619015,
  "test_grad_mse": 0.0015100882155820727,
  "best_epoch": 561,
  "time_s": 41.14485454559326,
  "n_epochs_actual": 612,
  "key": "poly_trig_d10_n8192_noise0.1_s1000_dml_fixed",
  "timestamp": "2026-04-10T02:58:53.514764"
}