{
  "method": "dml_fixed",
  "func_type": "poly_trig",
  "dim": 1,
  "n_samples": 2048,
  "noise_level": 0.0,
  "seed": 456,
  "lambda": 1.0,
  "test_value_mse": 4.164535880590847e-07,
  "test_grad_mse": 2.1731839296990074e-05,
  "best_epoch": 80,
  "time_s": 4.87963342666626,
  "n_epochs_actual": 131,
  "key": "poly_trig_d1_n2048_noise0.0_s456_dml_fixed",
  "timestamp": "2026-04-08T14:36:49.531788"
}