{
  "method": "baseline_rf",
  "func_type": "poly_trig",
  "dim": 10,
  "n_samples": 8192,
  "noise_level": 0.0,
  "seed": 42,
  "lambda": 1.0,
  "test_value_mse": 0.23637237460250987,
  "test_grad_mse": 153.45841013574255,
  "time_s": 5.656570196151733,
  "key": "poly_trig_d10_n8192_noise0.0_s42_baseline_rf",
  "timestamp": "2026-04-09T21:43:48.490564"
}