{
  "method": "baseline_rf",
  "func_type": "poly_trig",
  "dim": 10,
  "n_samples": 8192,
  "noise_level": 0.0,
  "seed": 1000,
  "lambda": 1.0,
  "test_value_mse": 0.26107412890951776,
  "test_grad_mse": 101.38445834811773,
  "time_s": 2.0061159133911133,
  "key": "poly_trig_d10_n8192_noise0.0_s1000_baseline_rf",
  "timestamp": "2026-04-09T23:19:41.714092"
}