{
  "method": "dml_gradnorm",
  "func_type": "poly_trig",
  "dim": 10,
  "n_samples": 8192,
  "noise_level": 0.05,
  "seed": 123,
  "lambda": 1.0,
  "test_value_mse": 0.00024032109649851918,
  "test_grad_mse": 0.0008971331408247352,
  "best_epoch": 552,
  "time_s": 73.816246509552,
  "n_epochs_actual": 603,
  "key": "poly_trig_d10_n8192_noise0.05_s123_dml_gradnorm",
  "timestamp": "2026-04-09T23:34:29.793829"
}