{
  "method": "dml_gradnorm",
  "func_type": "poly_trig",
  "dim": 100,
  "n_samples": 8192,
  "noise_level": 0.5,
  "seed": 123,
  "lambda": 1.0,
  "test_value_mse": 0.9408173561096191,
  "test_grad_mse": 0.11565325409173965,
  "best_epoch": 988,
  "time_s": 157.05226182937622,
  "n_epochs_actual": 1000,
  "key": "poly_trig_d100_n8192_noise0.5_s123_dml_gradnorm",
  "timestamp": "2026-04-10T21:20:31.224850"
}