{
  "method": "vanilla",
  "func_type": "poly_trig",
  "dim": 1,
  "n_samples": 512,
  "noise_level": 0.1,
  "seed": 456,
  "lambda": 1.0,
  "test_value_mse": 7.871472575970984e-07,
  "test_grad_mse": 0.0003398491535335779,
  "best_epoch": 999,
  "time_s": 24.017821311950684,
  "n_epochs_actual": 1000,
  "key": "poly_trig_d1_n512_noise0.1_s456_vanilla",
  "timestamp": "2026-04-08T13:46:57.875758"
}