{
  "method": "dml_gradnorm",
  "func_type": "poly_trig",
  "dim": 50,
  "n_samples": 8192,
  "noise_level": 0.5,
  "seed": 456,
  "lambda": 1.0,
  "test_value_mse": 0.2483808398246765,
  "test_grad_mse": 0.06322769075632095,
  "best_epoch": 378,
  "time_s": 67.50702404975891,
  "n_epochs_actual": 429,
  "key": "poly_trig_d50_n8192_noise0.5_s456_dml_gradnorm",
  "timestamp": "2026-04-10T19:35:44.324096"
}