{
  "method": "dml_gradnorm",
  "func_type": "poly_trig",
  "dim": 100,
  "n_samples": 8192,
  "noise_level": 0.05,
  "seed": 789,
  "lambda": 1.0,
  "test_value_mse": 0.37383943796157837,
  "test_grad_mse": 0.05014234781265259,
  "best_epoch": 999,
  "time_s": 158.68634271621704,
  "n_epochs_actual": 1000,
  "key": "poly_trig_d100_n8192_noise0.05_s789_dml_gradnorm",
  "timestamp": "2026-04-10T20:27:22.496569"
}