{
  "method": "vanilla",
  "func_type": "poly_trig",
  "dim": 100,
  "n_samples": 8192,
  "noise_level": 0.0,
  "seed": 1000,
  "lambda": 1.0,
  "test_value_mse": 3.3436028957366943,
  "test_grad_mse": 0.7075290083885193,
  "best_epoch": 16,
  "time_s": 5.774690866470337,
  "n_epochs_actual": 67,
  "key": "poly_trig_d100_n8192_noise0.0_s1000_vanilla",
  "timestamp": "2026-04-10T20:06:12.923908"
}