{
  "method": "dml_gradnorm",
  "func_type": "poly_trig",
  "dim": 1,
  "n_samples": 1024,
  "noise_level": 0.2,
  "seed": 789,
  "lambda": 1.0,
  "test_value_mse": 1.930983671627473e-06,
  "test_grad_mse": 9.687270357972011e-05,
  "best_epoch": 307,
  "time_s": 19.09249472618103,
  "n_epochs_actual": 358,
  "key": "poly_trig_d1_n1024_noise0.2_s789_dml_gradnorm",
  "timestamp": "2026-04-08T14:21:54.698477"
}