{
  "method": "dml_fixed",
  "func_type": "poly_trig",
  "dim": 10,
  "n_samples": 4096,
  "noise_level": 0.0,
  "seed": 456,
  "lambda": 10.0,
  "test_value_mse": 0.00011901921243406832,
  "test_grad_mse": 0.00047014321899041533,
  "best_epoch": 989,
  "time_s": 39.52459192276001,
  "n_epochs_actual": 1000,
  "key": "poly_trig_d10_n4096_noise0.0_s456_dml_fixed_lam10.0",
  "timestamp": "2026-04-09T21:24:20.133887"
}