{
  "method": "baseline_rf",
  "func_type": "poly_trig",
  "dim": 1,
  "n_samples": 4096,
  "noise_level": 0.0,
  "seed": 123,
  "lambda": 1.0,
  "test_value_mse": 3.0664473073893207e-07,
  "test_grad_mse": 4.521879863067661,
  "time_s": 0.7381072044372559,
  "key": "poly_trig_d1_n4096_noise0.0_s123_baseline_rf",
  "timestamp": "2026-04-08T15:38:15.200699"
}