{
  "method": "dml_relobralo",
  "func_type": "poly_trig",
  "dim": 50,
  "n_samples": 8192,
  "noise_level": 0.0,
  "seed": 456,
  "lambda": 1.0,
  "test_value_mse": 0.8163046836853027,
  "test_grad_mse": 0.40825602412223816,
  "best_epoch": 49,
  "time_s": 9.411663055419922,
  "n_epochs_actual": 100,
  "key": "poly_trig_d50_n8192_noise0.0_s456_dml_relobralo",
  "timestamp": "2026-04-26T10:37:26.981272"
}