{
  "method": "dml_relobralo",
  "func_type": "poly_trig",
  "dim": 1,
  "n_samples": 256,
  "noise_level": 0.5,
  "seed": 789,
  "lambda": 1.0,
  "test_value_mse": 0.0002939626283477992,
  "test_grad_mse": 0.0038513061590492725,
  "best_epoch": 88,
  "time_s": 3.0091495513916016,
  "n_epochs_actual": 139,
  "key": "poly_trig_d1_n256_noise0.5_s789_dml_relobralo",
  "timestamp": "2026-04-26T08:58:13.260818"
}