{
  "method": "dml_fixed",
  "func_type": "poly_trig",
  "dim": 5,
  "n_samples": 8192,
  "noise_level": 0.1,
  "seed": 1000,
  "lambda": 1.0,
  "test_value_mse": 5.149781281943433e-05,
  "test_grad_mse": 0.00048610338126309216,
  "best_epoch": 347,
  "time_s": 28.043586492538452,
  "n_epochs_actual": 398,
  "key": "poly_trig_d5_n8192_noise0.1_s1000_dml_fixed",
  "timestamp": "2026-04-09T17:59:01.351451"
}