{
  "method": "dml_fixed",
  "func_type": "poly_trig",
  "dim": 20,
  "n_samples": 8192,
  "noise_level": 0.0,
  "seed": 123,
  "lambda": 1.0,
  "test_value_mse": 0.0012208898551762104,
  "test_grad_mse": 0.001692319754511118,
  "best_epoch": 998,
  "time_s": 61.509092807769775,
  "n_epochs_actual": 1000,
  "key": "poly_trig_d20_n8192_noise0.0_s123_dml_fixed",
  "timestamp": "2026-04-10T07:22:10.406753"
}