{
  "method": "dml_fixed",
  "func_type": "poly_trig",
  "dim": 10,
  "n_samples": 8192,
  "noise_level": 0.5,
  "seed": 456,
  "lambda": 1.0,
  "test_value_mse": 0.004919157829135656,
  "test_grad_mse": 0.009878736920654774,
  "best_epoch": 149,
  "time_s": 15.115525960922241,
  "n_epochs_actual": 200,
  "key": "poly_trig_d10_n8192_noise0.5_s456_dml_fixed",
  "timestamp": "2026-04-10T05:47:37.744626"
}