{
  "method": "vanilla",
  "func_type": "poly_trig",
  "dim": 10,
  "n_samples": 8192,
  "noise_level": 0.1,
  "seed": 456,
  "lambda": 1.0,
  "test_value_mse": 0.001153762568719685,
  "test_grad_mse": 0.007402581628412008,
  "best_epoch": 987,
  "time_s": 50.99186396598816,
  "n_epochs_actual": 1000,
  "key": "poly_trig_d10_n8192_noise0.1_s456_vanilla",
  "timestamp": "2026-04-10T02:01:32.918791"
}