{
  "method": "dml_fixed",
  "func_type": "poly_trig",
  "dim": 1,
  "n_samples": 512,
  "noise_level": 0.1,
  "seed": 42,
  "lambda": 1.0,
  "test_value_mse": 2.532221515139099e-06,
  "test_grad_mse": 0.00019094141316600144,
  "best_epoch": 108,
  "time_s": 3.5402615070343018,
  "n_epochs_actual": 159,
  "key": "poly_trig_d1_n512_noise0.1_s42_dml_fixed",
  "timestamp": "2026-04-08T13:45:50.443336"
}