{
  "method": "dml_fixed",
  "func_type": "poly_trig",
  "dim": 100,
  "n_samples": 1024,
  "noise_level": 0.0,
  "seed": 123,
  "lambda": 0.01,
  "test_value_mse": 4.8296589851379395,
  "test_grad_mse": 0.8008676767349243,
  "best_epoch": 39,
  "time_s": 4.471822738647461,
  "n_epochs_actual": 90,
  "key": "poly_trig_d100_n1024_noise0.0_s123_dml_fixed_lam0.01",
  "timestamp": "2026-04-10T19:41:13.063421"
}