{
  "method": "dml_relobralo",
  "func_type": "poly_trig",
  "dim": 5,
  "n_samples": 8192,
  "noise_level": 0.2,
  "seed": 42,
  "lambda": 1.0,
  "test_value_mse": 0.0004608278104569763,
  "test_grad_mse": 0.002750891027972102,
  "best_epoch": 79,
  "time_s": 13.573329210281372,
  "n_epochs_actual": 130,
  "key": "poly_trig_d5_n8192_noise0.2_s42_dml_relobralo",
  "timestamp": "2026-04-26T09:42:44.725958"
}