{
  "method": "dml_relobralo",
  "func_type": "poly_trig",
  "dim": 10,
  "n_samples": 8192,
  "noise_level": 0.2,
  "seed": 456,
  "lambda": 1.0,
  "test_value_mse": 0.0006675767945125699,
  "test_grad_mse": 0.0027678341139107943,
  "best_epoch": 366,
  "time_s": 36.047600746154785,
  "n_epochs_actual": 417,
  "key": "poly_trig_d10_n8192_noise0.2_s456_dml_relobralo",
  "timestamp": "2026-04-26T10:07:41.147657"
}