{
  "method": "dml_relobralo",
  "func_type": "poly_trig",
  "dim": 1,
  "n_samples": 1024,
  "noise_level": 0.5,
  "seed": 42,
  "lambda": 1.0,
  "test_value_mse": 0.00016133207827806473,
  "test_grad_mse": 0.0032171551138162613,
  "best_epoch": 118,
  "time_s": 4.146760702133179,
  "n_epochs_actual": 169,
  "key": "poly_trig_d1_n1024_noise0.5_s42_dml_relobralo",
  "timestamp": "2026-04-26T09:03:31.248129"
}