{
  "method": "dml_fixed",
  "func_type": "poly_trig",
  "dim": 2,
  "n_samples": 8192,
  "noise_level": 0.05,
  "seed": 42,
  "lambda": 1.0,
  "test_value_mse": 7.38134349376196e-06,
  "test_grad_mse": 7.56955923861824e-05,
  "best_epoch": 101,
  "time_s": 11.427672386169434,
  "n_epochs_actual": 152,
  "key": "poly_trig_d2_n8192_noise0.05_s42_dml_fixed",
  "timestamp": "2026-04-09T05:56:59.687294"
}