{
  "method": "baseline_rf",
  "func_type": "poly_trig",
  "dim": 5,
  "n_samples": 8192,
  "noise_level": 0.2,
  "seed": 789,
  "lambda": 1.0,
  "test_value_mse": 0.04534390220531456,
  "test_grad_mse": 1764.0318310501823,
  "time_s": 3.6061699390411377,
  "key": "poly_trig_d5_n8192_noise0.2_s789_baseline_rf",
  "timestamp": "2026-04-09T19:33:55.129648"
}