{
  "method": "dml_gradnorm",
  "func_type": "poly_trig",
  "dim": 1,
  "n_samples": 8192,
  "noise_level": 0.0,
  "seed": 789,
  "lambda": 1.0,
  "test_value_mse": 2.9895466102658474e-09,
  "test_grad_mse": 1.57776426590317e-07,
  "best_epoch": 332,
  "time_s": 52.720109701156616,
  "n_epochs_actual": 383,
  "key": "poly_trig_d1_n8192_noise0.0_s789_dml_gradnorm",
  "timestamp": "2026-04-08T18:55:32.828091"
}