{
  "method": "baseline_krr",
  "func_type": "poly_trig",
  "dim": 1,
  "n_samples": 256,
  "noise_level": 0.1,
  "seed": 42,
  "lambda": 1.0,
  "test_value_mse": 0.000882449559867382,
  "test_grad_mse": 0.040022154693074304,
  "time_s": 0.0031719207763671875,
  "key": "poly_trig_d1_n256_noise0.1_s42_baseline_krr",
  "timestamp": "2026-04-08T13:31:41.999055"
}