{
  "method": "baseline_krr",
  "func_type": "poly_trig",
  "dim": 20,
  "n_samples": 8192,
  "noise_level": 0.5,
  "seed": 42,
  "lambda": 1.0,
  "test_value_mse": 0.31491559743881226,
  "test_grad_mse": 0.8034816541814271,
  "time_s": 3.1285319328308105,
  "key": "poly_trig_d20_n8192_noise0.5_s42_baseline_krr",
  "timestamp": "2026-04-10T16:51:51.356729"
}