{
  "method": "baseline_rf",
  "func_type": "poly_trig",
  "dim": 20,
  "n_samples": 8192,
  "noise_level": 0.0,
  "seed": 789,
  "lambda": 1.0,
  "test_value_mse": 1.2667881420777147,
  "test_grad_mse": 301.92227383773917,
  "time_s": 12.166757106781006,
  "key": "poly_trig_d20_n8192_noise0.0_s789_baseline_rf",
  "timestamp": "2026-04-10T09:14:11.861899"
}