{
  "method": "dml_fixed",
  "func_type": "poly_trig",
  "dim": 2,
  "n_samples": 4096,
  "noise_level": 0.0,
  "seed": 789,
  "lambda": 0.01,
  "test_value_mse": 3.653073861187295e-07,
  "test_grad_mse": 6.080166349420324e-05,
  "best_epoch": 996,
  "time_s": 35.4738392829895,
  "n_epochs_actual": 1000,
  "key": "poly_trig_d2_n4096_noise0.0_s789_dml_fixed_lam0.01",
  "timestamp": "2026-04-09T03:31:39.992442"
}