{
  "method": "dml_gradnorm",
  "func_type": "poly_trig",
  "dim": 1,
  "n_samples": 512,
  "noise_level": 0.1,
  "seed": 123,
  "lambda": 1.0,
  "test_value_mse": 1.1466948308225255e-05,
  "test_grad_mse": 0.00014428522263187915,
  "best_epoch": 147,
  "time_s": 5.794077396392822,
  "n_epochs_actual": 198,
  "key": "poly_trig_d1_n512_noise0.1_s123_dml_gradnorm",
  "timestamp": "2026-04-08T13:46:23.591182"
}