{
  "method": "dml_relobralo",
  "func_type": "poly_trig",
  "dim": 100,
  "n_samples": 8192,
  "noise_level": 0.05,
  "seed": 456,
  "lambda": 1.0,
  "test_value_mse": 2.8404791355133057,
  "test_grad_mse": 0.568409264087677,
  "best_epoch": 36,
  "time_s": 8.621737718582153,
  "n_epochs_actual": 87,
  "key": "poly_trig_d100_n8192_noise0.05_s456_dml_relobralo",
  "timestamp": "2026-04-26T10:46:15.281905"
}