{
  "method": "dml_gradnorm",
  "func_type": "poly_trig",
  "dim": 10,
  "n_samples": 8192,
  "noise_level": 0.5,
  "seed": 1000,
  "lambda": 1.0,
  "test_value_mse": 0.005820404272526503,
  "test_grad_mse": 0.015283589251339436,
  "best_epoch": 59,
  "time_s": 15.94594955444336,
  "n_epochs_actual": 110,
  "key": "poly_trig_d10_n8192_noise0.5_s1000_dml_gradnorm",
  "timestamp": "2026-04-10T06:40:22.041528"
}