{
  "method": "baseline_rf",
  "func_type": "poly_trig",
  "dim": 2,
  "n_samples": 8192,
  "noise_level": 0.05,
  "seed": 123,
  "lambda": 1.0,
  "test_value_mse": 0.00019517021899048538,
  "test_grad_mse": 46.945020398016915,
  "time_s": 2.0522220134735107,
  "key": "poly_trig_d2_n8192_noise0.05_s123_baseline_rf",
  "timestamp": "2026-04-09T06:32:51.250432"
}