{
  "method": "dml_fixed",
  "func_type": "poly_trig",
  "dim": 100,
  "n_samples": 8192,
  "noise_level": 0.0,
  "seed": 789,
  "lambda": 1.0,
  "test_value_mse": 0.43215566873550415,
  "test_grad_mse": 0.05910251662135124,
  "best_epoch": 999,
  "time_s": 80.18707585334778,
  "n_epochs_actual": 1000,
  "key": "poly_trig_d100_n8192_noise0.0_s789_dml_fixed",
  "timestamp": "2026-04-10T20:03:16.688003"
}