{
  "method": "dml_fixed",
  "func_type": "poly_trig",
  "dim": 100,
  "n_samples": 4096,
  "noise_level": 0.0,
  "seed": 456,
  "lambda": 0.01,
  "test_value_mse": 2.740208864212036,
  "test_grad_mse": 0.6345381140708923,
  "best_epoch": 22,
  "time_s": 4.708968877792358,
  "n_epochs_actual": 73,
  "key": "poly_trig_d100_n4096_noise0.0_s456_dml_fixed_lam0.01",
  "timestamp": "2026-04-10T19:45:09.363210"
}