{
  "method": "dml_gradnorm",
  "func_type": "poly_trig",
  "dim": 50,
  "n_samples": 8192,
  "noise_level": 0.2,
  "seed": 789,
  "lambda": 1.0,
  "test_value_mse": 0.05719748139381409,
  "test_grad_mse": 0.01713891327381134,
  "best_epoch": 989,
  "time_s": 120.5332305431366,
  "n_epochs_actual": 1000,
  "key": "poly_trig_d50_n8192_noise0.2_s789_dml_gradnorm",
  "timestamp": "2026-04-10T19:26:27.525634"
}