{
  "method": "baseline_gp",
  "func_type": "poly_trig",
  "dim": 2,
  "n_samples": 8192,
  "noise_level": 0.05,
  "seed": 1000,
  "lambda": 1.0,
  "test_value_mse": 4.781135614742927e-09,
  "test_grad_mse": 1.949234814079622e-06,
  "time_s": 1889.553509235382,
  "key": "poly_trig_d2_n8192_noise0.05_s1000_baseline_gp",
  "timestamp": "2026-04-09T08:00:43.392220"
}