{
  "method": "dml_relobralo",
  "func_type": "poly_trig",
  "dim": 1,
  "n_samples": 512,
  "noise_level": 0.2,
  "seed": 42,
  "lambda": 1.0,
  "test_value_mse": 4.170623469690327e-06,
  "test_grad_mse": 0.00027648761169984937,
  "best_epoch": 128,
  "time_s": 3.789252519607544,
  "n_epochs_actual": 179,
  "key": "poly_trig_d1_n512_noise0.2_s42_dml_relobralo",
  "timestamp": "2026-04-26T09:00:19.503157"
}