{
  "method": "dml_fixed",
  "func_type": "poly_trig",
  "dim": 50,
  "n_samples": 8192,
  "noise_level": 0.5,
  "seed": 789,
  "lambda": 1.0,
  "test_value_mse": 0.21647422015666962,
  "test_grad_mse": 0.06435412168502808,
  "best_epoch": 463,
  "time_s": 40.0523726940155,
  "n_epochs_actual": 514,
  "key": "poly_trig_d50_n8192_noise0.5_s789_dml_fixed",
  "timestamp": "2026-04-10T19:36:47.486087"
}