{
  "method": "dml_gradnorm",
  "func_type": "poly_trig",
  "dim": 1,
  "n_samples": 512,
  "noise_level": 0.05,
  "seed": 456,
  "lambda": 1.0,
  "test_value_mse": 1.7249947177333524e-06,
  "test_grad_mse": 0.00011047456064261496,
  "best_epoch": 129,
  "time_s": 6.33062744140625,
  "n_epochs_actual": 180,
  "key": "poly_trig_d1_n512_noise0.05_s456_dml_gradnorm",
  "timestamp": "2026-04-08T13:44:44.846166"
}