{
  "method": "dml_gradnorm",
  "func_type": "poly_trig",
  "dim": 2,
  "n_samples": 8192,
  "noise_level": 0.05,
  "seed": 456,
  "lambda": 1.0,
  "test_value_mse": 8.547731340513565e-07,
  "test_grad_mse": 2.999900607392192e-05,
  "best_epoch": 202,
  "time_s": 35.63396978378296,
  "n_epochs_actual": 253,
  "key": "poly_trig_d2_n8192_noise0.05_s456_dml_gradnorm",
  "timestamp": "2026-04-09T06:34:47.375299"
}