{
  "method": "dml_relobralo",
  "func_type": "poly_trig",
  "dim": 10,
  "n_samples": 8192,
  "noise_level": 0.1,
  "seed": 1000,
  "lambda": 1.0,
  "test_value_mse": 0.0003972654230892658,
  "test_grad_mse": 0.0018465901957824826,
  "best_epoch": 850,
  "time_s": 80.56152963638306,
  "n_epochs_actual": 901,
  "key": "poly_trig_d10_n8192_noise0.1_s1000_dml_relobralo",
  "timestamp": "2026-04-26T10:06:14.454573"
}