{
  "method": "dml_fixed",
  "func_type": "poly_trig",
  "dim": 100,
  "n_samples": 8192,
  "noise_level": 0.0,
  "seed": 456,
  "lambda": 1.0,
  "test_value_mse": 0.34878891706466675,
  "test_grad_mse": 0.050928521901369095,
  "best_epoch": 993,
  "time_s": 83.19222593307495,
  "n_epochs_actual": 1000,
  "key": "poly_trig_d100_n8192_noise0.0_s456_dml_fixed",
  "timestamp": "2026-04-10T19:58:59.948949"
}