{
  "method": "dml_fixed",
  "func_type": "poly_trig",
  "dim": 10,
  "n_samples": 1024,
  "noise_level": 0.0,
  "seed": 123,
  "lambda": 0.001,
  "test_value_mse": 0.08901678025722504,
  "test_grad_mse": 0.2068396806716919,
  "best_epoch": 664,
  "time_s": 17.34532141685486,
  "n_epochs_actual": 715,
  "key": "poly_trig_d10_n1024_noise0.0_s123_dml_fixed_lam0.001",
  "timestamp": "2026-04-09T21:12:28.393076"
}