{
  "method": "dml_fixed",
  "func_type": "poly_trig",
  "dim": 1,
  "n_samples": 256,
  "noise_level": 0.0,
  "seed": 1000,
  "lambda": 1.0,
  "test_value_mse": 5.104866307448219e-09,
  "test_grad_mse": 6.976910071898601e-07,
  "best_epoch": 999,
  "time_s": 15.818245887756348,
  "n_epochs_actual": 1000,
  "key": "poly_trig_d1_n256_noise0.0_s1000_dml_fixed",
  "timestamp": "2026-04-08T13:27:36.146399"
}