{
  "method": "vanilla",
  "func_type": "poly_trig",
  "dim": 1,
  "n_samples": 1024,
  "noise_level": 0.0,
  "seed": 1000,
  "lambda": 1.0,
  "test_value_mse": 3.534015036166238e-07,
  "test_grad_mse": 0.00037505230284295976,
  "best_epoch": 999,
  "time_s": 26.08170199394226,
  "n_epochs_actual": 1000,
  "key": "poly_trig_d1_n1024_noise0.0_s1000_vanilla",
  "timestamp": "2026-04-08T14:00:24.215919"
}