{
  "method": "baseline_krr",
  "func_type": "poly_trig",
  "dim": 20,
  "n_samples": 8192,
  "noise_level": 0.2,
  "seed": 1000,
  "lambda": 1.0,
  "test_value_mse": 0.3021688759326935,
  "test_grad_mse": 0.8656733785326315,
  "time_s": 13.948648691177368,
  "key": "poly_trig_d20_n8192_noise0.2_s1000_baseline_krr",
  "timestamp": "2026-04-10T16:35:47.710342"
}