{
  "method": "dml_relobralo",
  "func_type": "poly_trig",
  "dim": 1,
  "n_samples": 256,
  "noise_level": 0.2,
  "seed": 789,
  "lambda": 1.0,
  "test_value_mse": 1.3708479855267797e-05,
  "test_grad_mse": 0.0002197506109951064,
  "best_epoch": 157,
  "time_s": 4.002415418624878,
  "n_epochs_actual": 208,
  "key": "poly_trig_d1_n256_noise0.2_s789_dml_relobralo",
  "timestamp": "2026-04-26T08:58:00.255374"
}