{
  "method": "baseline_rf",
  "func_type": "poly_trig",
  "dim": 2,
  "n_samples": 8192,
  "noise_level": 0.0,
  "seed": 456,
  "lambda": 1.0,
  "test_value_mse": 5.593422163093206e-05,
  "test_grad_mse": 22.345611418258756,
  "time_s": 1.8663482666015625,
  "key": "poly_trig_d2_n8192_noise0.0_s456_baseline_rf",
  "timestamp": "2026-04-09T04:39:44.205508"
}