{
  "method": "dml_gradnorm",
  "func_type": "poly_trig",
  "dim": 1,
  "n_samples": 8192,
  "noise_level": 0.05,
  "seed": 123,
  "lambda": 1.0,
  "test_value_mse": 9.50820947309694e-07,
  "test_grad_mse": 1.5550360330962576e-05,
  "best_epoch": 82,
  "time_s": 19.002697229385376,
  "n_epochs_actual": 133,
  "key": "poly_trig_d1_n8192_noise0.05_s123_dml_gradnorm",
  "timestamp": "2026-04-08T20:08:21.003090"
}