{
  "method": "dml_relobralo",
  "func_type": "poly_trig",
  "dim": 20,
  "n_samples": 8192,
  "noise_level": 0.0,
  "seed": 789,
  "lambda": 1.0,
  "test_value_mse": 0.005635768175125122,
  "test_grad_mse": 0.007742871530354023,
  "best_epoch": 989,
  "time_s": 84.2024188041687,
  "n_epochs_actual": 1000,
  "key": "poly_trig_d20_n8192_noise0.0_s789_dml_relobralo",
  "timestamp": "2026-04-26T10:16:03.712925"
}