{
  "method": "dml_relobralo",
  "func_type": "poly_trig",
  "dim": 100,
  "n_samples": 8192,
  "noise_level": 0.2,
  "seed": 1000,
  "lambda": 1.0,
  "test_value_mse": 3.7535409927368164,
  "test_grad_mse": 0.6844649910926819,
  "best_epoch": 34,
  "time_s": 8.645764827728271,
  "n_epochs_actual": 85,
  "key": "poly_trig_d100_n8192_noise0.2_s1000_dml_relobralo",
  "timestamp": "2026-04-26T10:48:29.261974"
}