{
  "method": "dml_fixed",
  "func_type": "poly_trig",
  "dim": 10,
  "n_samples": 4096,
  "noise_level": 0.0,
  "seed": 1000,
  "lambda": 0.001,
  "test_value_mse": 0.0055784378200769424,
  "test_grad_mse": 0.025790078565478325,
  "best_epoch": 996,
  "time_s": 39.24813270568848,
  "n_epochs_actual": 1000,
  "key": "poly_trig_d10_n4096_noise0.0_s1000_dml_fixed_lam0.001",
  "timestamp": "2026-04-09T21:27:27.601915"
}