{
  "method": "baseline_rf",
  "func_type": "poly_trig",
  "dim": 1,
  "n_samples": 256,
  "noise_level": 0.2,
  "seed": 42,
  "lambda": 1.0,
  "test_value_mse": 0.0002495083343323274,
  "test_grad_mse": 1.2057353707495198,
  "time_s": 0.590263843536377,
  "key": "poly_trig_d1_n256_noise0.2_s42_baseline_rf",
  "timestamp": "2026-04-08T13:34:08.512749"
}