{
  "method": "dml_gradnorm",
  "func_type": "poly_trig",
  "dim": 1,
  "n_samples": 1024,
  "noise_level": 0.0,
  "seed": 42,
  "lambda": 1.0,
  "test_value_mse": 1.1366791952127642e-08,
  "test_grad_mse": 4.122558493691031e-06,
  "best_epoch": 612,
  "time_s": 29.31405472755432,
  "n_epochs_actual": 663,
  "key": "poly_trig_d1_n1024_noise0.0_s42_dml_gradnorm",
  "timestamp": "2026-04-08T13:55:16.237825"
}