{
  "method": "dml_fixed",
  "func_type": "poly_trig",
  "dim": 5,
  "n_samples": 8192,
  "noise_level": 0.2,
  "seed": 42,
  "lambda": 1.0,
  "test_value_mse": 0.0001543943799333647,
  "test_grad_mse": 0.0011270239483565092,
  "best_epoch": 168,
  "time_s": 16.010892391204834,
  "n_epochs_actual": 219,
  "key": "poly_trig_d5_n8192_noise0.2_s42_dml_fixed",
  "timestamp": "2026-04-09T18:16:38.609393"
}