{
  "method": "dml_relobralo",
  "func_type": "poly_trig",
  "dim": 1,
  "n_samples": 1024,
  "noise_level": 0.0,
  "seed": 123,
  "lambda": 1.0,
  "test_value_mse": 7.666430268393754e-10,
  "test_grad_mse": 6.316669214356807e-07,
  "best_epoch": 999,
  "time_s": 22.186414003372192,
  "n_epochs_actual": 1000,
  "key": "poly_trig_d1_n1024_noise0.0_s123_dml_relobralo",
  "timestamp": "2026-04-26T09:01:26.265890"
}