{
  "method": "dml_gradnorm",
  "func_type": "poly_trig",
  "dim": 50,
  "n_samples": 8192,
  "noise_level": 0.0,
  "seed": 123,
  "lambda": 1.0,
  "test_value_mse": 0.020421920344233513,
  "test_grad_mse": 0.00669187493622303,
  "best_epoch": 998,
  "time_s": 101.47681403160095,
  "n_epochs_actual": 1000,
  "key": "poly_trig_d50_n8192_noise0.0_s123_dml_gradnorm",
  "timestamp": "2026-04-10T18:38:49.758121"
}