{
  "method": "dml_gradnorm",
  "func_type": "poly_trig",
  "dim": 1,
  "n_samples": 1024,
  "noise_level": 0.2,
  "seed": 456,
  "lambda": 1.0,
  "test_value_mse": 4.451412223716034e-06,
  "test_grad_mse": 0.00016621856775600463,
  "best_epoch": 149,
  "time_s": 6.8846657276153564,
  "n_epochs_actual": 200,
  "key": "poly_trig_d1_n1024_noise0.2_s456_dml_gradnorm",
  "timestamp": "2026-04-08T14:20:40.526103"
}