{
  "method": "dml_relobralo",
  "func_type": "poly_trig",
  "dim": 1,
  "n_samples": 4096,
  "noise_level": 0.0,
  "seed": 42,
  "lambda": 1.0,
  "test_value_mse": 1.7655374051628314e-08,
  "test_grad_mse": 1.0355581707699457e-06,
  "best_epoch": 361,
  "time_s": 20.35883092880249,
  "n_epochs_actual": 412,
  "key": "poly_trig_d1_n4096_noise0.0_s42_dml_relobralo",
  "timestamp": "2026-04-26T09:08:46.714088"
}