{
  "method": "dml_relobralo",
  "func_type": "poly_trig",
  "dim": 1,
  "n_samples": 1024,
  "noise_level": 0.0,
  "seed": 42,
  "lambda": 1.0,
  "test_value_mse": 9.453117399971234e-09,
  "test_grad_mse": 1.6689094763933099e-06,
  "best_epoch": 721,
  "time_s": 17.349783420562744,
  "n_epochs_actual": 772,
  "key": "poly_trig_d1_n1024_noise0.0_s42_dml_relobralo",
  "timestamp": "2026-04-26T09:01:04.036164"
}