{
  "method": "dml_fixed",
  "func_type": "poly_trig",
  "dim": 1,
  "n_samples": 1024,
  "noise_level": 0.2,
  "seed": 1000,
  "lambda": 1.0,
  "test_value_mse": 1.1639600415946916e-05,
  "test_grad_mse": 0.0005813215975649655,
  "best_epoch": 618,
  "time_s": 19.155768156051636,
  "n_epochs_actual": 669,
  "key": "poly_trig_d1_n1024_noise0.2_s1000_dml_fixed",
  "timestamp": "2026-04-08T14:23:48.263179"
}