{
  "method": "vanilla",
  "func_type": "poly_trig",
  "dim": 1,
  "n_samples": 4096,
  "noise_level": 0.5,
  "seed": 456,
  "lambda": 1.0,
  "test_value_mse": 2.710646356263169e-07,
  "test_grad_mse": 0.00011108336184406653,
  "best_epoch": 979,
  "time_s": 39.6903600692749,
  "n_epochs_actual": 1000,
  "key": "poly_trig_d1_n4096_noise0.5_s456_vanilla",
  "timestamp": "2026-04-08T17:30:12.560409"
}