{
  "method": "dml_relobralo",
  "func_type": "poly_trig",
  "dim": 100,
  "n_samples": 8192,
  "noise_level": 0.2,
  "seed": 123,
  "lambda": 1.0,
  "test_value_mse": 3.5231523513793945,
  "test_grad_mse": 0.7316794395446777,
  "best_epoch": 15,
  "time_s": 6.924437046051025,
  "n_epochs_actual": 66,
  "key": "poly_trig_d100_n8192_noise0.2_s123_dml_relobralo",
  "timestamp": "2026-04-26T10:47:54.692053"
}