{
  "method": "dml_fixed",
  "func_type": "poly_trig",
  "dim": 1,
  "n_samples": 8192,
  "noise_level": 0.5,
  "seed": 1000,
  "lambda": 1.0,
  "test_value_mse": 0.00010829146049218252,
  "test_grad_mse": 0.0008473782800137997,
  "best_epoch": 63,
  "time_s": 8.74923849105835,
  "n_epochs_actual": 114,
  "key": "poly_trig_d1_n8192_noise0.5_s1000_dml_fixed",
  "timestamp": "2026-04-09T02:54:39.713627"
}