{
  "method": "dml_gradnorm",
  "func_type": "poly_trig",
  "dim": 5,
  "n_samples": 8192,
  "noise_level": 0.5,
  "seed": 42,
  "lambda": 1.0,
  "test_value_mse": 0.0017590089701116085,
  "test_grad_mse": 0.006453420966863632,
  "best_epoch": 45,
  "time_s": 15.936118841171265,
  "n_epochs_actual": 96,
  "key": "poly_trig_d5_n8192_noise0.5_s42_dml_gradnorm",
  "timestamp": "2026-04-09T19:52:17.525427"
}