{
  "method": "dml_gradnorm",
  "func_type": "poly_trig",
  "dim": 1,
  "n_samples": 8192,
  "noise_level": 0.2,
  "seed": 1000,
  "lambda": 1.0,
  "test_value_mse": 0.00017891782044898719,
  "test_grad_mse": 0.0014294638531282544,
  "best_epoch": 14,
  "time_s": 10.23218560218811,
  "n_epochs_actual": 65,
  "key": "poly_trig_d1_n8192_noise0.2_s1000_dml_gradnorm",
  "timestamp": "2026-04-09T01:09:48.002638"
}