{
  "method": "baseline_rf",
  "func_type": "poly_trig",
  "dim": 1,
  "n_samples": 512,
  "noise_level": 0.5,
  "seed": 42,
  "lambda": 1.0,
  "test_value_mse": 7.3705768438973e-05,
  "test_grad_mse": 109.46999920412289,
  "time_s": 0.5550758838653564,
  "key": "poly_trig_d1_n512_noise0.5_s42_baseline_rf",
  "timestamp": "2026-04-08T13:52:38.603788"
}