{
  "method": "dml_fixed",
  "func_type": "poly_trig",
  "dim": 1,
  "n_samples": 4096,
  "noise_level": 0.5,
  "seed": 1000,
  "lambda": 1.0,
  "test_value_mse": 2.7449674234958366e-05,
  "test_grad_mse": 0.0010024700313806534,
  "best_epoch": 67,
  "time_s": 5.7734694480896,
  "n_epochs_actual": 118,
  "key": "poly_trig_d1_n4096_noise0.5_s1000_dml_fixed",
  "timestamp": "2026-04-08T17:41:28.844114"
}