{
  "method": "dml_fixed",
  "func_type": "poly_trig",
  "dim": 5,
  "n_samples": 8192,
  "noise_level": 0.0,
  "seed": 456,
  "lambda": 1.0,
  "test_value_mse": 1.8985932683790452e-06,
  "test_grad_mse": 3.0520524887833744e-05,
  "best_epoch": 995,
  "time_s": 71.96203970909119,
  "n_epochs_actual": 1000,
  "key": "poly_trig_d5_n8192_noise0.0_s456_dml_fixed",
  "timestamp": "2026-04-09T14:42:28.093576"
}