{
  "method": "dml_fixed",
  "func_type": "poly_trig",
  "dim": 5,
  "n_samples": 8192,
  "noise_level": 0.5,
  "seed": 456,
  "lambda": 1.0,
  "test_value_mse": 0.001053595100529492,
  "test_grad_mse": 0.004320156294852495,
  "best_epoch": 62,
  "time_s": 8.227590560913086,
  "n_epochs_actual": 113,
  "key": "poly_trig_d5_n8192_noise0.5_s456_dml_fixed",
  "timestamp": "2026-04-09T20:22:22.465407"
}