{
  "method": "dml_fixed",
  "func_type": "poly_trig",
  "dim": 1,
  "n_samples": 2048,
  "noise_level": 0.1,
  "seed": 1000,
  "lambda": 1.0,
  "test_value_mse": 6.662359282927355e-06,
  "test_grad_mse": 0.00013467871758621186,
  "best_epoch": 105,
  "time_s": 6.005134344100952,
  "n_epochs_actual": 156,
  "key": "poly_trig_d1_n2048_noise0.1_s1000_dml_fixed",
  "timestamp": "2026-04-08T15:04:34.210457"
}