{
  "method": "dml_fixed",
  "func_type": "poly_trig",
  "dim": 50,
  "n_samples": 8192,
  "noise_level": 0.05,
  "seed": 42,
  "lambda": 1.0,
  "test_value_mse": 0.034873735159635544,
  "test_grad_mse": 0.013570857234299183,
  "best_epoch": 998,
  "time_s": 58.232022523880005,
  "n_epochs_actual": 1000,
  "key": "poly_trig_d50_n8192_noise0.05_s42_dml_fixed",
  "timestamp": "2026-04-10T18:47:35.974458"
}