{
  "method": "vanilla",
  "func_type": "poly_trig",
  "dim": 1,
  "n_samples": 1024,
  "noise_level": 0.05,
  "seed": 1000,
  "lambda": 1.0,
  "test_value_mse": 3.534015036166238e-07,
  "test_grad_mse": 0.00037505230284295976,
  "best_epoch": 999,
  "time_s": 16.152233362197876,
  "n_epochs_actual": 1000,
  "key": "poly_trig_d1_n1024_noise0.05_s1000_vanilla",
  "timestamp": "2026-04-08T14:09:02.024137"
}