{
  "method": "dml_fixed",
  "func_type": "poly_trig",
  "dim": 10,
  "n_samples": 1024,
  "noise_level": 0.0,
  "seed": 1000,
  "lambda": 10.0,
  "test_value_mse": 0.0010821315227076411,
  "test_grad_mse": 0.003678310429677367,
  "best_epoch": 999,
  "time_s": 15.657080888748169,
  "n_epochs_actual": 1000,
  "key": "poly_trig_d10_n1024_noise0.0_s1000_dml_fixed_lam10.0",
  "timestamp": "2026-04-09T21:16:42.232538"
}