{
  "method": "dml_fixed",
  "func_type": "poly_trig",
  "dim": 1,
  "n_samples": 1024,
  "noise_level": 0.5,
  "seed": 789,
  "lambda": 1.0,
  "test_value_mse": 1.8686965631786734e-05,
  "test_grad_mse": 0.0004425052320584655,
  "best_epoch": 560,
  "time_s": 29.4486882686615,
  "n_epochs_actual": 611,
  "key": "poly_trig_d1_n1024_noise0.5_s789_dml_fixed",
  "timestamp": "2026-04-08T14:28:38.599126"
}