{
  "method": "dml_relobralo",
  "func_type": "poly_trig",
  "dim": 10,
  "n_samples": 8192,
  "noise_level": 0.0,
  "seed": 456,
  "lambda": 1.0,
  "test_value_mse": 0.00017354388546664268,
  "test_grad_mse": 0.0009086914360523224,
  "best_epoch": 989,
  "time_s": 89.91811347007751,
  "n_epochs_actual": 1000,
  "key": "poly_trig_d10_n8192_noise0.0_s456_dml_relobralo",
  "timestamp": "2026-04-26T09:50:26.285759"
}