{
  "method": "baseline_rf",
  "func_type": "poly_trig",
  "dim": 1,
  "n_samples": 8192,
  "noise_level": 0.0,
  "seed": 789,
  "lambda": 1.0,
  "test_value_mse": 1.079620287054487e-07,
  "test_grad_mse": 10.551284995705425,
  "time_s": 1.1794445514678955,
  "key": "poly_trig_d1_n8192_noise0.0_s789_baseline_rf",
  "timestamp": "2026-04-08T19:20:41.801725"
}