{
  "method": "dml_gradnorm",
  "func_type": "poly_trig",
  "dim": 5,
  "n_samples": 8192,
  "noise_level": 0.0,
  "seed": 789,
  "lambda": 1.0,
  "test_value_mse": 2.2333185825118562e-06,
  "test_grad_mse": 4.146814899286255e-05,
  "best_epoch": 993,
  "time_s": 130.85180139541626,
  "n_epochs_actual": 1000,
  "key": "poly_trig_d5_n8192_noise0.0_s789_dml_gradnorm",
  "timestamp": "2026-04-09T15:06:31.771008"
}