{
  "method": "dml_relobralo",
  "func_type": "poly_trig",
  "dim": 1,
  "n_samples": 512,
  "noise_level": 0.5,
  "seed": 123,
  "lambda": 1.0,
  "test_value_mse": 0.0001023278891807422,
  "test_grad_mse": 0.0033388324081897736,
  "best_epoch": 91,
  "time_s": 3.1768798828125,
  "n_epochs_actual": 142,
  "key": "poly_trig_d1_n512_noise0.5_s123_dml_relobralo",
  "timestamp": "2026-04-26T09:00:38.102388"
}