{
  "method": "baseline_rf",
  "func_type": "poly_trig",
  "dim": 1,
  "n_samples": 256,
  "noise_level": 0.2,
  "seed": 456,
  "lambda": 1.0,
  "test_value_mse": 0.0001391940465034928,
  "test_grad_mse": 55.12301488346926,
  "time_s": 0.7135467529296875,
  "key": "poly_trig_d1_n256_noise0.2_s456_baseline_rf",
  "timestamp": "2026-04-08T13:35:13.835422"
}