{
  "method": "baseline_gp",
  "func_type": "poly_trig",
  "dim": 1,
  "n_samples": 512,
  "noise_level": 0.0,
  "seed": 1000,
  "lambda": 1.0,
  "test_value_mse": 1.5855358323403573e-09,
  "test_grad_mse": 1.2363304802029427e-06,
  "time_s": 12.235151052474976,
  "key": "poly_trig_d1_n512_noise0.0_s1000_baseline_gp",
  "timestamp": "2026-04-08T13:43:12.231901"
}