{
  "method": "dml_fixed",
  "func_type": "poly_trig",
  "dim": 1,
  "n_samples": 4096,
  "noise_level": 0.5,
  "seed": 456,
  "lambda": 1.0,
  "test_value_mse": 9.419784873898607e-06,
  "test_grad_mse": 0.0002602219465188682,
  "best_epoch": 201,
  "time_s": 10.467766523361206,
  "n_epochs_actual": 252,
  "key": "poly_trig_d1_n4096_noise0.5_s456_dml_fixed",
  "timestamp": "2026-04-08T17:30:23.028673"
}