{
  "method": "vanilla",
  "func_type": "poly_trig",
  "dim": 1,
  "n_samples": 4096,
  "noise_level": 0.05,
  "seed": 1000,
  "lambda": 1.0,
  "test_value_mse": 1.410132171031364e-07,
  "test_grad_mse": 0.0002716208982747048,
  "best_epoch": 994,
  "time_s": 33.85794711112976,
  "n_epochs_actual": 1000,
  "key": "poly_trig_d1_n4096_noise0.05_s1000_vanilla",
  "timestamp": "2026-04-08T16:21:48.663841"
}