{
  "method": "baseline_rf",
  "func_type": "poly_trig",
  "dim": 20,
  "n_samples": 8192,
  "noise_level": 0.0,
  "seed": 123,
  "lambda": 1.0,
  "test_value_mse": 1.015141309383835,
  "test_grad_mse": 485.9140671892654,
  "time_s": 4.297671794891357,
  "key": "poly_trig_d20_n8192_noise0.0_s123_baseline_rf",
  "timestamp": "2026-04-10T07:55:19.271888"
}