{
  "method": "baseline_rf",
  "func_type": "poly_trig",
  "dim": 1,
  "n_samples": 2048,
  "noise_level": 0.05,
  "seed": 42,
  "lambda": 1.0,
  "test_value_mse": 3.8086387286815694e-06,
  "test_grad_mse": 49.021474254825144,
  "time_s": 0.8325972557067871,
  "key": "poly_trig_d1_n2048_noise0.05_s42_baseline_rf",
  "timestamp": "2026-04-08T14:47:36.119241"
}