{
  "method": "dml_gradnorm",
  "func_type": "poly_trig",
  "dim": 50,
  "n_samples": 8192,
  "noise_level": 0.05,
  "seed": 456,
  "lambda": 1.0,
  "test_value_mse": 0.03488956019282341,
  "test_grad_mse": 0.009679630398750305,
  "best_epoch": 897,
  "time_s": 89.70242381095886,
  "n_epochs_actual": 948,
  "key": "poly_trig_d50_n8192_noise0.05_s456_dml_gradnorm",
  "timestamp": "2026-04-10T18:54:33.339888"
}