{
  "method": "dml_fixed",
  "func_type": "poly_trig",
  "dim": 1,
  "n_samples": 4096,
  "noise_level": 0.2,
  "seed": 1000,
  "lambda": 1.0,
  "test_value_mse": 1.4631613339588512e-05,
  "test_grad_mse": 0.00022882605844642967,
  "best_epoch": 82,
  "time_s": 6.45513391494751,
  "n_epochs_actual": 133,
  "key": "poly_trig_d1_n4096_noise0.2_s1000_dml_fixed",
  "timestamp": "2026-04-08T17:16:20.754442"
}