{
  "method": "baseline_rf",
  "func_type": "poly_trig",
  "dim": 1,
  "n_samples": 4096,
  "noise_level": 0.05,
  "seed": 123,
  "lambda": 1.0,
  "test_value_mse": 3.066447307389326e-07,
  "test_grad_mse": 4.521879863067391,
  "time_s": 0.9470782279968262,
  "key": "poly_trig_d1_n4096_noise0.05_s123_baseline_rf",
  "timestamp": "2026-04-08T16:09:26.450351"
}