{
  "method": "dml_relobralo",
  "func_type": "poly_trig",
  "dim": 20,
  "n_samples": 8192,
  "noise_level": 0.5,
  "seed": 123,
  "lambda": 1.0,
  "test_value_mse": 0.05143715441226959,
  "test_grad_mse": 0.06951521337032318,
  "best_epoch": 212,
  "time_s": 23.66243314743042,
  "n_epochs_actual": 263,
  "key": "poly_trig_d20_n8192_noise0.5_s123_dml_relobralo",
  "timestamp": "2026-04-26T10:34:33.683743"
}