{
  "method": "dml_gradnorm",
  "func_type": "poly_trig",
  "dim": 100,
  "n_samples": 8192,
  "noise_level": 0.2,
  "seed": 789,
  "lambda": 1.0,
  "test_value_mse": 0.43703004717826843,
  "test_grad_mse": 0.056132182478904724,
  "best_epoch": 998,
  "time_s": 141.33177495002747,
  "n_epochs_actual": 1000,
  "key": "poly_trig_d100_n8192_noise0.2_s789_dml_gradnorm",
  "timestamp": "2026-04-10T21:08:23.151770"
}