{
  "method": "vanilla",
  "func_type": "poly_trig",
  "dim": 1,
  "n_samples": 4096,
  "noise_level": 0.0,
  "seed": 42,
  "lambda": 1.0,
  "test_value_mse": 2.4883044602574955e-07,
  "test_grad_mse": 0.00029876342159695923,
  "best_epoch": 996,
  "time_s": 36.27740001678467,
  "n_epochs_actual": 1000,
  "key": "poly_trig_d1_n4096_noise0.0_s42_vanilla",
  "timestamp": "2026-04-08T15:28:12.537820"
}