{
  "method": "dml_fixed",
  "func_type": "poly_trig",
  "dim": 2,
  "n_samples": 1024,
  "noise_level": 0.0,
  "seed": 1000,
  "lambda": 0.01,
  "test_value_mse": 2.5652834665379487e-06,
  "test_grad_mse": 0.00031929888064041734,
  "best_epoch": 639,
  "time_s": 13.16746735572815,
  "n_epochs_actual": 690,
  "key": "poly_trig_d2_n1024_noise0.0_s1000_dml_fixed_lam0.01",
  "timestamp": "2026-04-09T03:23:12.419470"
}