{
  "method": "dml_gradnorm",
  "func_type": "poly_trig",
  "dim": 1,
  "n_samples": 256,
  "noise_level": 0.0,
  "seed": 123,
  "lambda": 1.0,
  "test_value_mse": 1.4772106871063784e-09,
  "test_grad_mse": 3.1004807965473447e-07,
  "best_epoch": 999,
  "time_s": 35.212525844573975,
  "n_epochs_actual": 1000,
  "key": "poly_trig_d1_n256_noise0.0_s123_dml_gradnorm",
  "timestamp": "2026-04-08T13:25:36.718053"
}