{
  "method": "dml_gradnorm",
  "func_type": "poly_trig",
  "dim": 1,
  "n_samples": 256,
  "noise_level": 0.5,
  "seed": 42,
  "lambda": 1.0,
  "test_value_mse": 0.0013904424849897623,
  "test_grad_mse": 0.015926869586110115,
  "best_epoch": 47,
  "time_s": 3.5414693355560303,
  "n_epochs_actual": 98,
  "key": "poly_trig_d1_n256_noise0.5_s42_dml_gradnorm",
  "timestamp": "2026-04-08T13:36:26.160737"
}