{
  "method": "dml_gradnorm",
  "func_type": "poly_trig",
  "dim": 1,
  "n_samples": 1024,
  "noise_level": 0.5,
  "seed": 42,
  "lambda": 1.0,
  "test_value_mse": 0.0002250291290692985,
  "test_grad_mse": 0.004961555823683739,
  "best_epoch": 83,
  "time_s": 4.600600004196167,
  "n_epochs_actual": 134,
  "key": "poly_trig_d1_n1024_noise0.5_s42_dml_gradnorm",
  "timestamp": "2026-04-08T14:25:09.831139"
}