{
  "method": "dml_relobralo",
  "func_type": "poly_trig",
  "dim": 50,
  "n_samples": 8192,
  "noise_level": 0.1,
  "seed": 1000,
  "lambda": 1.0,
  "test_value_mse": 1.6402381658554077,
  "test_grad_mse": 0.568234920501709,
  "best_epoch": 38,
  "time_s": 9.586519241333008,
  "n_epochs_actual": 89,
  "key": "poly_trig_d50_n8192_noise0.1_s1000_dml_relobralo",
  "timestamp": "2026-04-26T10:41:05.964291"
}