{
  "method": "dml_fixed",
  "func_type": "poly_trig",
  "dim": 1,
  "n_samples": 8192,
  "noise_level": 0.1,
  "seed": 456,
  "lambda": 1.0,
  "test_value_mse": 1.2900618457933888e-06,
  "test_grad_mse": 2.3391296053887345e-05,
  "best_epoch": 152,
  "time_s": 14.784526824951172,
  "n_epochs_actual": 203,
  "key": "poly_trig_d1_n8192_noise0.1_s456_dml_fixed",
  "timestamp": "2026-04-08T22:25:25.720684"
}