{
  "method": "dml_relobralo",
  "func_type": "poly_trig",
  "dim": 1,
  "n_samples": 2048,
  "noise_level": 0.05,
  "seed": 42,
  "lambda": 1.0,
  "test_value_mse": 2.375043322899728e-06,
  "test_grad_mse": 1.8527271095081232e-05,
  "best_epoch": 231,
  "time_s": 9.990409851074219,
  "n_epochs_actual": 282,
  "key": "poly_trig_d1_n2048_noise0.05_s42_dml_relobralo",
  "timestamp": "2026-04-26T09:06:06.482852"
}