{
  "method": "dml_gradnorm",
  "func_type": "poly_trig",
  "dim": 20,
  "n_samples": 8192,
  "noise_level": 0.2,
  "seed": 42,
  "lambda": 1.0,
  "test_value_mse": 0.007285369094461203,
  "test_grad_mse": 0.008050463162362576,
  "best_epoch": 298,
  "time_s": 47.045538663864136,
  "n_epochs_actual": 349,
  "key": "poly_trig_d20_n8192_noise0.2_s42_dml_gradnorm",
  "timestamp": "2026-04-10T14:05:51.203763"
}