{
  "method": "dml_gradnorm",
  "func_type": "poly_trig",
  "dim": 1,
  "n_samples": 8192,
  "noise_level": 0.05,
  "seed": 1000,
  "lambda": 1.0,
  "test_value_mse": 1.711759296085802e-06,
  "test_grad_mse": 1.468456321163103e-05,
  "best_epoch": 127,
  "time_s": 26.574905157089233,
  "n_epochs_actual": 178,
  "key": "poly_trig_d1_n8192_noise0.05_s1000_dml_gradnorm",
  "timestamp": "2026-04-08T21:24:11.609489"
}