{
  "method": "dml_gradnorm",
  "func_type": "poly_trig",
  "dim": 5,
  "n_samples": 8192,
  "noise_level": 0.1,
  "seed": 456,
  "lambda": 1.0,
  "test_value_mse": 7.43414057069458e-05,
  "test_grad_mse": 0.0007264722953550518,
  "best_epoch": 89,
  "time_s": 14.001754760742188,
  "n_epochs_actual": 140,
  "key": "poly_trig_d5_n8192_noise0.1_s456_dml_gradnorm",
  "timestamp": "2026-04-09T17:19:32.979605"
}