{
  "method": "vanilla",
  "func_type": "poly_trig",
  "dim": 1,
  "n_samples": 8192,
  "noise_level": 0.1,
  "seed": 789,
  "lambda": 1.0,
  "test_value_mse": 3.1454518989448843e-07,
  "test_grad_mse": 0.0001392868725815788,
  "best_epoch": 272,
  "time_s": 20.71794104576111,
  "n_epochs_actual": 323,
  "key": "poly_trig_d1_n8192_noise0.1_s789_vanilla",
  "timestamp": "2026-04-08T22:51:27.048436"
}