{
  "method": "dml_fixed",
  "func_type": "poly_trig",
  "dim": 1,
  "n_samples": 512,
  "noise_level": 0.05,
  "seed": 123,
  "lambda": 1.0,
  "test_value_mse": 1.5322782473958796e-06,
  "test_grad_mse": 6.987138476688415e-05,
  "best_epoch": 121,
  "time_s": 3.501970052719116,
  "n_epochs_actual": 172,
  "key": "poly_trig_d1_n512_noise0.05_s123_dml_fixed",
  "timestamp": "2026-04-08T13:44:01.618636"
}