{
  "method": "baseline_rf",
  "func_type": "poly_trig",
  "dim": 1,
  "n_samples": 512,
  "noise_level": 0.1,
  "seed": 456,
  "lambda": 1.0,
  "test_value_mse": 7.321647843751896e-05,
  "test_grad_mse": 244.70582585436406,
  "time_s": 0.668668270111084,
  "key": "poly_trig_d1_n512_noise0.1_s456_baseline_rf",
  "timestamp": "2026-04-08T13:47:16.592165"
}