{
  "method": "dml_relobralo",
  "func_type": "poly_trig",
  "dim": 1,
  "n_samples": 4096,
  "noise_level": 0.1,
  "seed": 456,
  "lambda": 1.0,
  "test_value_mse": 5.578354489443882e-07,
  "test_grad_mse": 3.381344140507281e-05,
  "best_epoch": 98,
  "time_s": 8.996588230133057,
  "n_epochs_actual": 149,
  "key": "poly_trig_d1_n4096_noise0.1_s456_dml_relobralo",
  "timestamp": "2026-04-26T09:11:34.131718"
}