{
  "method": "dml_fixed",
  "func_type": "poly_trig",
  "dim": 100,
  "n_samples": 8192,
  "noise_level": 0.1,
  "seed": 123,
  "lambda": 1.0,
  "test_value_mse": 0.49401333928108215,
  "test_grad_mse": 0.06807485967874527,
  "best_epoch": 991,
  "time_s": 75.40935134887695,
  "n_epochs_actual": 1000,
  "key": "poly_trig_d100_n8192_noise0.1_s123_dml_fixed",
  "timestamp": "2026-04-10T20:37:04.561919"
}