{
  "method": "dml_gradnorm",
  "func_type": "poly_trig",
  "dim": 10,
  "n_samples": 8192,
  "noise_level": 0.0,
  "seed": 1000,
  "lambda": 1.0,
  "test_value_mse": 7.482185174012557e-05,
  "test_grad_mse": 0.00022400821035262197,
  "best_epoch": 991,
  "time_s": 123.49061918258667,
  "n_epochs_actual": 1000,
  "key": "poly_trig_d10_n8192_noise0.0_s1000_dml_gradnorm",
  "timestamp": "2026-04-09T23:02:47.258399"
}