{
  "method": "dml_relobralo",
  "func_type": "poly_trig",
  "dim": 20,
  "n_samples": 8192,
  "noise_level": 0.2,
  "seed": 1000,
  "lambda": 1.0,
  "test_value_mse": 0.0070807295851409435,
  "test_grad_mse": 0.008592970669269562,
  "best_epoch": 846,
  "time_s": 81.79092907905579,
  "n_epochs_actual": 897,
  "key": "poly_trig_d20_n8192_noise0.2_s1000_dml_relobralo",
  "timestamp": "2026-04-26T10:33:42.773716"
}