{
  "method": "vanilla",
  "func_type": "poly_trig",
  "dim": 20,
  "n_samples": 8192,
  "noise_level": 0.0,
  "seed": 1000,
  "lambda": 1.0,
  "test_value_mse": 0.10929752141237259,
  "test_grad_mse": 0.1545819640159607,
  "best_epoch": 289,
  "time_s": 21.405258417129517,
  "n_epochs_actual": 340,
  "key": "poly_trig_d20_n8192_noise0.0_s1000_vanilla",
  "timestamp": "2026-04-10T09:14:34.095350"
}