{
  "method": "dml_fixed",
  "func_type": "poly_trig",
  "dim": 50,
  "n_samples": 4096,
  "noise_level": 0.0,
  "seed": 42,
  "lambda": 10.0,
  "test_value_mse": 0.037233587354421616,
  "test_grad_mse": 0.010458216071128845,
  "best_epoch": 998,
  "time_s": 42.825196981430054,
  "n_epochs_actual": 1000,
  "key": "poly_trig_d50_n4096_noise0.0_s42_dml_fixed_lam10.0",
  "timestamp": "2026-04-10T18:26:28.610728"
}