{
  "method": "dml_fixed",
  "func_type": "poly_trig",
  "dim": 1,
  "n_samples": 2048,
  "noise_level": 0.05,
  "seed": 789,
  "lambda": 1.0,
  "test_value_mse": 1.7930442197666707e-07,
  "test_grad_mse": 1.4188985915097874e-05,
  "best_epoch": 338,
  "time_s": 13.482143878936768,
  "n_epochs_actual": 389,
  "key": "poly_trig_d1_n2048_noise0.05_s789_dml_fixed",
  "timestamp": "2026-04-08T14:53:14.146263"
}