{
  "method": "baseline_krr",
  "func_type": "poly_trig",
  "dim": 1,
  "n_samples": 2048,
  "noise_level": 0.05,
  "seed": 123,
  "lambda": 1.0,
  "test_value_mse": 0.00029431303846649826,
  "test_grad_mse": 0.04193536392498598,
  "time_s": 4.984397649765015,
  "key": "poly_trig_d1_n2048_noise0.05_s123_baseline_krr",
  "timestamp": "2026-04-08T14:49:39.747513"
}