{
  "method": "dml_relobralo",
  "func_type": "poly_trig",
  "dim": 50,
  "n_samples": 8192,
  "noise_level": 0.2,
  "seed": 123,
  "lambda": 1.0,
  "test_value_mse": 0.756191074848175,
  "test_grad_mse": 0.32890141010284424,
  "best_epoch": 305,
  "time_s": 33.17870497703552,
  "n_epochs_actual": 356,
  "key": "poly_trig_d50_n8192_noise0.2_s123_dml_relobralo",
  "timestamp": "2026-04-26T10:41:55.537123"
}