{
  "method": "dml_relobralo",
  "func_type": "poly_trig",
  "dim": 50,
  "n_samples": 8192,
  "noise_level": 0.2,
  "seed": 789,
  "lambda": 1.0,
  "test_value_mse": 0.6678714752197266,
  "test_grad_mse": 0.3316146433353424,
  "best_epoch": 154,
  "time_s": 18.39535903930664,
  "n_epochs_actual": 205,
  "key": "poly_trig_d50_n8192_noise0.2_s789_dml_relobralo",
  "timestamp": "2026-04-26T10:42:28.566599"
}