{
  "method": "dml_relobralo",
  "func_type": "poly_trig",
  "dim": 1,
  "n_samples": 256,
  "noise_level": 0.0,
  "seed": 789,
  "lambda": 1.0,
  "test_value_mse": 3.5805702847113707e-09,
  "test_grad_mse": 7.164290991568123e-07,
  "best_epoch": 999,
  "time_s": 18.57500433921814,
  "n_epochs_actual": 1000,
  "key": "poly_trig_d1_n256_noise0.0_s789_dml_relobralo",
  "timestamp": "2026-04-26T08:56:44.479708"
}