{
  "method": "dml_fixed",
  "func_type": "poly_trig",
  "dim": 2,
  "n_samples": 8192,
  "noise_level": 0.05,
  "seed": 1000,
  "lambda": 1.0,
  "test_value_mse": 3.542767899489263e-06,
  "test_grad_mse": 4.535966945695691e-05,
  "best_epoch": 247,
  "time_s": 20.079035997390747,
  "n_epochs_actual": 298,
  "key": "poly_trig_d2_n8192_noise0.05_s1000_dml_fixed",
  "timestamp": "2026-04-09T07:28:41.338906"
}