{
  "method": "dml_gradnorm",
  "func_type": "poly_trig",
  "dim": 1,
  "n_samples": 8192,
  "noise_level": 0.05,
  "seed": 42,
  "lambda": 1.0,
  "test_value_mse": 1.9893241187673993e-06,
  "test_grad_mse": 6.38360288576223e-05,
  "best_epoch": 59,
  "time_s": 16.97696828842163,
  "n_epochs_actual": 110,
  "key": "poly_trig_d1_n8192_noise0.05_s42_dml_gradnorm",
  "timestamp": "2026-04-08T19:52:49.615172"
}