{
  "method": "dml_gradnorm",
  "func_type": "poly_trig",
  "dim": 1,
  "n_samples": 512,
  "noise_level": 0.0,
  "seed": 789,
  "lambda": 1.0,
  "test_value_mse": 1.0907602820964257e-08,
  "test_grad_mse": 1.6563867575314362e-06,
  "best_epoch": 999,
  "time_s": 40.09039235115051,
  "n_epochs_actual": 1000,
  "key": "poly_trig_d1_n512_noise0.0_s789_dml_gradnorm",
  "timestamp": "2026-04-08T13:42:13.871569"
}