{
  "method": "dml_fixed",
  "func_type": "poly_trig",
  "dim": 50,
  "n_samples": 1024,
  "noise_level": 0.0,
  "seed": 1000,
  "lambda": 0.01,
  "test_value_mse": 1.8475263118743896,
  "test_grad_mse": 0.8214929699897766,
  "best_epoch": 55,
  "time_s": 4.737486362457275,
  "n_epochs_actual": 106,
  "key": "poly_trig_d50_n1024_noise0.0_s1000_dml_fixed_lam0.01",
  "timestamp": "2026-04-10T18:25:02.237304"
}