{
  "method": "dml_relobralo",
  "func_type": "poly_trig",
  "dim": 1,
  "n_samples": 1024,
  "noise_level": 0.2,
  "seed": 123,
  "lambda": 1.0,
  "test_value_mse": 4.050179541081889e-06,
  "test_grad_mse": 0.0004517596389632672,
  "best_epoch": 223,
  "time_s": 6.463517189025879,
  "n_epochs_actual": 274,
  "key": "poly_trig_d1_n1024_noise0.2_s123_dml_relobralo",
  "timestamp": "2026-04-26T09:03:12.028369"
}