{
  "method": "dml_fixed",
  "func_type": "poly_trig",
  "dim": 1,
  "n_samples": 8192,
  "noise_level": 0.1,
  "seed": 42,
  "lambda": 1.0,
  "test_value_mse": 1.623353637114633e-05,
  "test_grad_mse": 0.00014293861750047654,
  "best_epoch": 57,
  "time_s": 9.04579472541809,
  "n_epochs_actual": 108,
  "key": "poly_trig_d1_n8192_noise0.1_s42_dml_fixed",
  "timestamp": "2026-04-08T21:51:00.705690"
}