{
  "method": "dml_gradnorm",
  "func_type": "poly_trig",
  "dim": 10,
  "n_samples": 8192,
  "noise_level": 0.2,
  "seed": 123,
  "lambda": 1.0,
  "test_value_mse": 0.0013003612402826548,
  "test_grad_mse": 0.0047037601470947266,
  "best_epoch": 162,
  "time_s": 23.92083215713501,
  "n_epochs_actual": 213,
  "key": "poly_trig_d10_n8192_noise0.2_s123_dml_gradnorm",
  "timestamp": "2026-04-10T03:34:49.724148"
}