{
  "method": "baseline_gp",
  "func_type": "poly_trig",
  "dim": 1,
  "n_samples": 256,
  "noise_level": 0.1,
  "seed": 1000,
  "lambda": 1.0,
  "test_value_mse": 1.6956915273275721e-09,
  "test_grad_mse": 1.5071482669217354e-06,
  "time_s": 3.030838966369629,
  "key": "poly_trig_d1_n256_noise0.1_s1000_baseline_gp",
  "timestamp": "2026-04-08T13:33:46.442636"
}