{
  "method": "dml_gradnorm",
  "func_type": "poly_trig",
  "dim": 1,
  "n_samples": 256,
  "noise_level": 0.1,
  "seed": 42,
  "lambda": 1.0,
  "test_value_mse": 2.0467738067964092e-05,
  "test_grad_mse": 0.0009815695229917765,
  "best_epoch": 124,
  "time_s": 5.199045658111572,
  "n_epochs_actual": 175,
  "key": "poly_trig_d1_n256_noise0.1_s42_dml_gradnorm",
  "timestamp": "2026-04-08T13:31:37.410936"
}