{
  "method": "dml_fixed",
  "func_type": "poly_trig",
  "dim": 50,
  "n_samples": 8192,
  "noise_level": 0.1,
  "seed": 1000,
  "lambda": 1.0,
  "test_value_mse": 0.0642840787768364,
  "test_grad_mse": 0.022420860826969147,
  "best_epoch": 997,
  "time_s": 69.29536175727844,
  "n_epochs_actual": 1000,
  "key": "poly_trig_d50_n8192_noise0.1_s1000_dml_fixed",
  "timestamp": "2026-04-10T19:12:15.433345"
}