{
  "method": "dml_fixed",
  "func_type": "poly_trig",
  "dim": 1,
  "n_samples": 256,
  "noise_level": 0.2,
  "seed": 456,
  "lambda": 1.0,
  "test_value_mse": 6.667715206276625e-05,
  "test_grad_mse": 0.0010897399624809623,
  "best_epoch": 67,
  "time_s": 3.689737319946289,
  "n_epochs_actual": 118,
  "key": "poly_trig_d1_n256_noise0.2_s456_dml_fixed",
  "timestamp": "2026-04-08T13:35:04.283297"
}