{
  "method": "dml_gradnorm",
  "func_type": "poly_trig",
  "dim": 1,
  "n_samples": 8192,
  "noise_level": 0.2,
  "seed": 42,
  "lambda": 1.0,
  "test_value_mse": 1.9414184862398542e-05,
  "test_grad_mse": 0.000586900336202234,
  "best_epoch": 22,
  "time_s": 10.908954381942749,
  "n_epochs_actual": 73,
  "key": "poly_trig_d1_n8192_noise0.2_s42_dml_gradnorm",
  "timestamp": "2026-04-08T23:46:09.824930"
}