{
  "method": "baseline_gp",
  "func_type": "poly_trig",
  "dim": 1,
  "n_samples": 256,
  "noise_level": 0.1,
  "seed": 789,
  "lambda": 1.0,
  "test_value_mse": 1.1061686708217255e-08,
  "test_grad_mse": 3.7638024811654296e-06,
  "time_s": 3.3276097774505615,
  "key": "poly_trig_d1_n256_noise0.1_s789_baseline_gp",
  "timestamp": "2026-04-08T13:33:15.690619"
}