{
  "method": "dml_fixed",
  "func_type": "poly_trig",
  "dim": 1,
  "n_samples": 8192,
  "noise_level": 0.05,
  "seed": 1000,
  "lambda": 1.0,
  "test_value_mse": 2.5723898033902515e-07,
  "test_grad_mse": 1.3478733308147639e-05,
  "best_epoch": 222,
  "time_s": 18.269657135009766,
  "n_epochs_actual": 273,
  "key": "poly_trig_d1_n8192_noise0.05_s1000_dml_fixed",
  "timestamp": "2026-04-08T21:23:45.034081"
}