{
  "method": "dml_fixed",
  "func_type": "poly_trig",
  "dim": 50,
  "n_samples": 4096,
  "noise_level": 0.0,
  "seed": 789,
  "lambda": 0.1,
  "test_value_mse": 0.3363623321056366,
  "test_grad_mse": 0.1079748272895813,
  "best_epoch": 995,
  "time_s": 29.431477546691895,
  "n_epochs_actual": 1000,
  "key": "poly_trig_d50_n4096_noise0.0_s789_dml_fixed_lam0.1",
  "timestamp": "2026-04-10T18:31:06.636566"
}