{
  "method": "dml_fixed",
  "func_type": "poly_trig",
  "dim": 1,
  "n_samples": 8192,
  "noise_level": 0.2,
  "seed": 789,
  "lambda": 1.0,
  "test_value_mse": 1.961353063961724e-06,
  "test_grad_mse": 2.093515831802506e-05,
  "best_epoch": 102,
  "time_s": 12.948801040649414,
  "n_epochs_actual": 153,
  "key": "poly_trig_d1_n8192_noise0.2_s789_dml_fixed",
  "timestamp": "2026-04-09T00:46:48.717478"
}