{
  "method": "dml_gradnorm",
  "func_type": "poly_trig",
  "dim": 1,
  "n_samples": 512,
  "noise_level": 0.05,
  "seed": 123,
  "lambda": 1.0,
  "test_value_mse": 5.170918029762106e-06,
  "test_grad_mse": 5.9319638239685446e-05,
  "best_epoch": 157,
  "time_s": 6.061085224151611,
  "n_epochs_actual": 208,
  "key": "poly_trig_d1_n512_noise0.05_s123_dml_gradnorm",
  "timestamp": "2026-04-08T13:44:07.680239"
}