{
  "method": "dml_gradnorm",
  "func_type": "poly_trig",
  "dim": 1,
  "n_samples": 2048,
  "noise_level": 0.2,
  "seed": 1000,
  "lambda": 1.0,
  "test_value_mse": 2.311822390765883e-05,
  "test_grad_mse": 0.0006098548183217645,
  "best_epoch": 68,
  "time_s": 8.17017126083374,
  "n_epochs_actual": 119,
  "key": "poly_trig_d1_n2048_noise0.2_s1000_dml_gradnorm",
  "timestamp": "2026-04-08T15:15:37.137251"
}