{
  "method": "dml_gradnorm",
  "func_type": "poly_trig",
  "dim": 1,
  "n_samples": 256,
  "noise_level": 0.5,
  "seed": 789,
  "lambda": 1.0,
  "test_value_mse": 0.0004710970679298043,
  "test_grad_mse": 0.00566552160307765,
  "best_epoch": 57,
  "time_s": 3.6175334453582764,
  "n_epochs_actual": 108,
  "key": "poly_trig_d1_n256_noise0.5_s789_dml_gradnorm",
  "timestamp": "2026-04-08T13:37:22.515006"
}