{
  "method": "baseline_rf",
  "func_type": "poly_trig",
  "dim": 2,
  "n_samples": 8192,
  "noise_level": 0.05,
  "seed": 456,
  "lambda": 1.0,
  "test_value_mse": 5.593422163093206e-05,
  "test_grad_mse": 22.345611418257096,
  "time_s": 1.8543353080749512,
  "key": "poly_trig_d2_n8192_noise0.05_s456_baseline_rf",
  "timestamp": "2026-04-09T06:50:07.197763"
}