{
  "method": "baseline_rf",
  "func_type": "poly_trig",
  "dim": 1,
  "n_samples": 256,
  "noise_level": 0.1,
  "seed": 42,
  "lambda": 1.0,
  "test_value_mse": 0.0002495083343323276,
  "test_grad_mse": 1.2057353707462601,
  "time_s": 0.736356258392334,
  "key": "poly_trig_d1_n256_noise0.1_s42_baseline_rf",
  "timestamp": "2026-04-08T13:31:42.735613"
}