{
  "method": "dml_gradnorm",
  "func_type": "poly_trig",
  "dim": 50,
  "n_samples": 8192,
  "noise_level": 0.2,
  "seed": 1000,
  "lambda": 1.0,
  "test_value_mse": 0.05789966136217117,
  "test_grad_mse": 0.018457291647791862,
  "best_epoch": 998,
  "time_s": 109.44199085235596,
  "n_epochs_actual": 1000,
  "key": "poly_trig_d50_n8192_noise0.2_s1000_dml_gradnorm",
  "timestamp": "2026-04-10T19:29:39.432365"
}