{
  "method": "dml_fixed",
  "func_type": "poly_trig",
  "dim": 5,
  "n_samples": 8192,
  "noise_level": 0.5,
  "seed": 789,
  "lambda": 1.0,
  "test_value_mse": 0.0011425173142924905,
  "test_grad_mse": 0.003927222918719053,
  "best_epoch": 87,
  "time_s": 11.185231924057007,
  "n_epochs_actual": 138,
  "key": "poly_trig_d5_n8192_noise0.5_s789_dml_fixed",
  "timestamp": "2026-04-09T20:42:44.742380"
}