{
  "method": "dml_relobralo",
  "func_type": "poly_trig",
  "dim": 5,
  "n_samples": 8192,
  "noise_level": 0.0,
  "seed": 42,
  "lambda": 1.0,
  "test_value_mse": 4.67212430521613e-06,
  "test_grad_mse": 9.819548722589388e-05,
  "best_epoch": 997,
  "time_s": 88.31498551368713,
  "n_epochs_actual": 1000,
  "key": "poly_trig_d5_n8192_noise0.0_s42_dml_relobralo",
  "timestamp": "2026-04-26T09:30:50.292636"
}