{
  "method": "baseline_gp",
  "func_type": "poly_trig",
  "dim": 1,
  "n_samples": 1024,
  "noise_level": 0.1,
  "seed": 456,
  "lambda": 1.0,
  "test_value_mse": 3.4322381287852376e-09,
  "test_grad_mse": 1.9071522002126122e-06,
  "time_s": 16.57933211326599,
  "key": "poly_trig_d1_n1024_noise0.1_s456_baseline_gp",
  "timestamp": "2026-04-08T14:15:21.624835"
}