{
  "method": "dml_fixed",
  "func_type": "poly_trig",
  "dim": 50,
  "n_samples": 8192,
  "noise_level": 0.05,
  "seed": 789,
  "lambda": 1.0,
  "test_value_mse": 0.03742866963148117,
  "test_grad_mse": 0.013200442306697369,
  "best_epoch": 997,
  "time_s": 68.10870575904846,
  "n_epochs_actual": 1000,
  "key": "poly_trig_d50_n8192_noise0.05_s789_dml_fixed",
  "timestamp": "2026-04-10T18:56:03.341247"
}