{
  "method": "dml_relobralo",
  "func_type": "poly_trig",
  "dim": 1,
  "n_samples": 8192,
  "noise_level": 0.05,
  "seed": 789,
  "lambda": 1.0,
  "test_value_mse": 1.7033640631325397e-07,
  "test_grad_mse": 3.475418452580925e-06,
  "best_epoch": 155,
  "time_s": 17.76754903793335,
  "n_epochs_actual": 206,
  "key": "poly_trig_d1_n8192_noise0.05_s789_dml_relobralo",
  "timestamp": "2026-04-26T09:17:00.730962"
}