{
  "method": "dml_relobralo",
  "func_type": "poly_trig",
  "dim": 1,
  "n_samples": 512,
  "noise_level": 0.1,
  "seed": 456,
  "lambda": 1.0,
  "test_value_mse": 8.867217729857657e-06,
  "test_grad_mse": 0.0002204790071118623,
  "best_epoch": 95,
  "time_s": 3.214120864868164,
  "n_epochs_actual": 146,
  "key": "poly_trig_d1_n512_noise0.1_s456_dml_relobralo",
  "timestamp": "2026-04-26T09:00:07.389304"
}