{
  "method": "dml_fixed",
  "func_type": "poly_trig",
  "dim": 50,
  "n_samples": 8192,
  "noise_level": 0.2,
  "seed": 789,
  "lambda": 1.0,
  "test_value_mse": 0.05565156415104866,
  "test_grad_mse": 0.01892205886542797,
  "best_epoch": 983,
  "time_s": 55.04329562187195,
  "n_epochs_actual": 1000,
  "key": "poly_trig_d50_n8192_noise0.2_s789_dml_fixed",
  "timestamp": "2026-04-10T19:24:26.991729"
}