{
  "method": "dml_gradnorm",
  "func_type": "poly_trig",
  "dim": 1,
  "n_samples": 512,
  "noise_level": 0.2,
  "seed": 1000,
  "lambda": 1.0,
  "test_value_mse": 7.46247751521878e-05,
  "test_grad_mse": 0.0005370620056055486,
  "best_epoch": 116,
  "time_s": 4.473284959793091,
  "n_epochs_actual": 167,
  "key": "poly_trig_d1_n512_noise0.2_s1000_dml_gradnorm",
  "timestamp": "2026-04-08T13:52:05.479388"
}