{
  "method": "dml_relobralo",
  "func_type": "poly_trig",
  "dim": 20,
  "n_samples": 8192,
  "noise_level": 0.0,
  "seed": 123,
  "lambda": 1.0,
  "test_value_mse": 0.009669231250882149,
  "test_grad_mse": 0.01245360542088747,
  "best_epoch": 999,
  "time_s": 88.27559161186218,
  "n_epochs_actual": 1000,
  "key": "poly_trig_d20_n8192_noise0.0_s123_dml_relobralo",
  "timestamp": "2026-04-26T10:13:07.285159"
}