{
  "method": "dml_fixed",
  "func_type": "poly_trig",
  "dim": 2,
  "n_samples": 8192,
  "noise_level": 0.05,
  "seed": 456,
  "lambda": 1.0,
  "test_value_mse": 2.1330284027953894e-07,
  "test_grad_mse": 1.3176333595765755e-05,
  "best_epoch": 453,
  "time_s": 35.51743745803833,
  "n_epochs_actual": 504,
  "key": "poly_trig_d2_n8192_noise0.05_s456_dml_fixed",
  "timestamp": "2026-04-09T06:34:11.740793"
}