{
  "method": "dml_fixed",
  "func_type": "poly_trig",
  "dim": 10,
  "n_samples": 8192,
  "noise_level": 0.5,
  "seed": 1000,
  "lambda": 1.0,
  "test_value_mse": 0.005723787471652031,
  "test_grad_mse": 0.012409872375428677,
  "best_epoch": 136,
  "time_s": 15.240968227386475,
  "n_epochs_actual": 187,
  "key": "poly_trig_d10_n8192_noise0.5_s1000_dml_fixed",
  "timestamp": "2026-04-10T06:40:06.095049"
}