{
  "method": "dml_relobralo",
  "func_type": "poly_trig",
  "dim": 50,
  "n_samples": 8192,
  "noise_level": 0.05,
  "seed": 456,
  "lambda": 1.0,
  "test_value_mse": 0.7815566062927246,
  "test_grad_mse": 0.3998960852622986,
  "best_epoch": 59,
  "time_s": 11.44809865951538,
  "n_epochs_actual": 110,
  "key": "poly_trig_d50_n8192_noise0.05_s456_dml_relobralo",
  "timestamp": "2026-04-26T10:39:00.146030"
}