{
  "method": "baseline_rf",
  "func_type": "poly_trig",
  "dim": 2,
  "n_samples": 8192,
  "noise_level": 0.2,
  "seed": 42,
  "lambda": 1.0,
  "test_value_mse": 0.00029721782368248323,
  "test_grad_mse": 60.591854581425814,
  "time_s": 1.999030351638794,
  "key": "poly_trig_d2_n8192_noise0.2_s42_baseline_rf",
  "timestamp": "2026-04-09T10:20:06.617790"
}