{
  "method": "dml_gradnorm",
  "func_type": "poly_trig",
  "dim": 2,
  "n_samples": 8192,
  "noise_level": 0.5,
  "seed": 1000,
  "lambda": 1.0,
  "test_value_mse": 0.002119051292538643,
  "test_grad_mse": 0.01992599293589592,
  "best_epoch": 10,
  "time_s": 9.714083433151245,
  "n_epochs_actual": 61,
  "key": "poly_trig_d2_n8192_noise0.5_s1000_dml_gradnorm",
  "timestamp": "2026-04-09T13:37:32.134263"
}