{
  "method": "dml_fixed",
  "func_type": "poly_trig",
  "dim": 50,
  "n_samples": 1024,
  "noise_level": 0.0,
  "seed": 42,
  "lambda": 0.01,
  "test_value_mse": 1.8619911670684814,
  "test_grad_mse": 0.7584952712059021,
  "best_epoch": 35,
  "time_s": 3.0285894870758057,
  "n_epochs_actual": 86,
  "key": "poly_trig_d50_n1024_noise0.0_s42_dml_fixed_lam0.01",
  "timestamp": "2026-04-10T18:23:20.184070"
}