{
  "method": "baseline_gp",
  "func_type": "poly_trig",
  "dim": 1,
  "n_samples": 2048,
  "noise_level": 0.0,
  "seed": 123,
  "lambda": 1.0,
  "test_value_mse": 1.3287965564051038e-11,
  "test_grad_mse": 9.674581904196894e-07,
  "time_s": 87.7466151714325,
  "key": "poly_trig_d1_n2048_noise0.0_s123_baseline_gp",
  "timestamp": "2026-04-08T14:36:19.874963"
}