{
  "method": "dml_fixed",
  "func_type": "poly_trig",
  "dim": 50,
  "n_samples": 8192,
  "noise_level": 0.5,
  "seed": 123,
  "lambda": 1.0,
  "test_value_mse": 0.2940354645252228,
  "test_grad_mse": 0.09503751993179321,
  "best_epoch": 392,
  "time_s": 35.22010517120361,
  "n_epochs_actual": 443,
  "key": "poly_trig_d50_n8192_noise0.5_s123_dml_fixed",
  "timestamp": "2026-04-10T19:32:20.227491"
}