{
  "method": "dml_fixed",
  "func_type": "poly_trig",
  "dim": 1,
  "n_samples": 2048,
  "noise_level": 0.2,
  "seed": 789,
  "lambda": 1.0,
  "test_value_mse": 6.255228981899563e-06,
  "test_grad_mse": 0.00017309341637883335,
  "best_epoch": 182,
  "time_s": 8.658621788024902,
  "n_epochs_actual": 233,
  "key": "poly_trig_d1_n2048_noise0.2_s789_dml_fixed",
  "timestamp": "2026-04-08T15:12:27.008423"
}