{
  "method": "dml_relobralo",
  "func_type": "poly_trig",
  "dim": 1,
  "n_samples": 512,
  "noise_level": 0.05,
  "seed": 789,
  "lambda": 1.0,
  "test_value_mse": 2.5678764359327033e-06,
  "test_grad_mse": 5.509511902346276e-05,
  "best_epoch": 124,
  "time_s": 3.658789873123169,
  "n_epochs_actual": 175,
  "key": "poly_trig_d1_n512_noise0.05_s789_dml_relobralo",
  "timestamp": "2026-04-26T08:59:49.877047"
}