{
  "method": "dml_gradnorm",
  "func_type": "poly_trig",
  "dim": 5,
  "n_samples": 8192,
  "noise_level": 0.1,
  "seed": 42,
  "lambda": 1.0,
  "test_value_mse": 6.340839172480628e-05,
  "test_grad_mse": 0.0007051590364426374,
  "best_epoch": 168,
  "time_s": 26.477481603622437,
  "n_epochs_actual": 219,
  "key": "poly_trig_d5_n8192_noise0.1_s42_dml_gradnorm",
  "timestamp": "2026-04-09T16:53:43.606354"
}