{
  "method": "dml_fixed",
  "func_type": "poly_trig",
  "dim": 1,
  "n_samples": 1024,
  "noise_level": 0.5,
  "seed": 123,
  "lambda": 1.0,
  "test_value_mse": 9.243424574378878e-05,
  "test_grad_mse": 0.0015483972383663058,
  "best_epoch": 93,
  "time_s": 4.1804704666137695,
  "n_epochs_actual": 144,
  "key": "poly_trig_d1_n1024_noise0.5_s123_dml_fixed",
  "timestamp": "2026-04-08T14:26:19.092176"
}