{
  "method": "baseline_krr",
  "func_type": "poly_trig",
  "dim": 1,
  "n_samples": 256,
  "noise_level": 0.0,
  "seed": 123,
  "lambda": 1.0,
  "test_value_mse": 0.0008959348197095096,
  "test_grad_mse": 0.08483662001852459,
  "time_s": 0.0031070709228515625,
  "key": "poly_trig_d1_n256_noise0.0_s123_baseline_krr",
  "timestamp": "2026-04-08T13:25:44.754720"
}