{
  "method": "baseline_rf",
  "func_type": "poly_trig",
  "dim": 2,
  "n_samples": 8192,
  "noise_level": 0.0,
  "seed": 42,
  "lambda": 1.0,
  "test_value_mse": 0.0002972178236824831,
  "test_grad_mse": 60.59185458142431,
  "time_s": 1.9835374355316162,
  "key": "poly_trig_d2_n8192_noise0.0_s42_baseline_rf",
  "timestamp": "2026-04-09T03:55:56.634364"
}