{
  "method": "dml_relobralo",
  "func_type": "poly_trig",
  "dim": 50,
  "n_samples": 8192,
  "noise_level": 0.0,
  "seed": 1000,
  "lambda": 1.0,
  "test_value_mse": 1.5640956163406372,
  "test_grad_mse": 0.594094455242157,
  "best_epoch": 38,
  "time_s": 8.41828179359436,
  "n_epochs_actual": 89,
  "key": "poly_trig_d50_n8192_noise0.0_s1000_dml_relobralo",
  "timestamp": "2026-04-26T10:37:57.657884"
}