{
  "method": "vanilla",
  "func_type": "poly_trig",
  "dim": 5,
  "n_samples": 8192,
  "noise_level": 0.0,
  "seed": 789,
  "lambda": 1.0,
  "test_value_mse": 5.2908886573277414e-05,
  "test_grad_mse": 0.0014018015936017036,
  "best_epoch": 993,
  "time_s": 49.32401251792908,
  "n_epochs_actual": 1000,
  "key": "poly_trig_d5_n8192_noise0.0_s789_vanilla",
  "timestamp": "2026-04-09T15:03:14.179984"
}