{
  "method": "dml_relobralo",
  "func_type": "poly_trig",
  "dim": 2,
  "n_samples": 8192,
  "noise_level": 0.5,
  "seed": 42,
  "lambda": 1.0,
  "test_value_mse": 0.000532501086127013,
  "test_grad_mse": 0.0041976249776780605,
  "best_epoch": 73,
  "time_s": 11.717753410339355,
  "n_epochs_actual": 124,
  "key": "poly_trig_d2_n8192_noise0.5_s42_dml_relobralo",
  "timestamp": "2026-04-26T09:28:41.058464"
}