{
  "method": "dml_gradnorm",
  "func_type": "poly_trig",
  "dim": 1,
  "n_samples": 4096,
  "noise_level": 0.1,
  "seed": 789,
  "lambda": 1.0,
  "test_value_mse": 5.955607775831595e-07,
  "test_grad_mse": 1.8050890503218397e-05,
  "best_epoch": 150,
  "time_s": 15.469537734985352,
  "n_epochs_actual": 201,
  "key": "poly_trig_d1_n4096_noise0.1_s789_dml_gradnorm",
  "timestamp": "2026-04-08T16:41:58.493804"
}