{
  "method": "baseline_gp",
  "func_type": "poly_trig",
  "dim": 10,
  "n_samples": 8192,
  "noise_level": 0.1,
  "seed": 789,
  "lambda": 1.0,
  "test_value_mse": 0.0002237041312781465,
  "test_grad_mse": 0.009246970252221,
  "time_s": 1319.0026893615723,
  "key": "poly_trig_d10_n8192_noise0.1_s789_baseline_gp",
  "timestamp": "2026-04-10T02:57:16.713567"
}