{
  "method": "baseline_krr",
  "func_type": "poly_trig",
  "dim": 1,
  "n_samples": 1024,
  "noise_level": 0.5,
  "seed": 123,
  "lambda": 1.0,
  "test_value_mse": 0.00041110633173957467,
  "test_grad_mse": 0.044052449012746235,
  "time_s": 0.02509307861328125,
  "key": "poly_trig_d1_n1024_noise0.5_s123_baseline_krr",
  "timestamp": "2026-04-08T14:26:48.650079"
}