{
  "method": "dml_relobralo",
  "func_type": "poly_trig",
  "dim": 1,
  "n_samples": 8192,
  "noise_level": 0.5,
  "seed": 456,
  "lambda": 1.0,
  "test_value_mse": 0.0001698671403573826,
  "test_grad_mse": 0.0011466944124549627,
  "best_epoch": 21,
  "time_s": 7.375877380371094,
  "n_epochs_actual": 72,
  "key": "poly_trig_d1_n8192_noise0.5_s456_dml_relobralo",
  "timestamp": "2026-04-26T09:20:14.000953"
}