{
  "method": "baseline_rf",
  "func_type": "poly_trig",
  "dim": 1,
  "n_samples": 8192,
  "noise_level": 0.1,
  "seed": 456,
  "lambda": 1.0,
  "test_value_mse": 1.191999758423581e-07,
  "test_grad_mse": 12.362231363682708,
  "time_s": 0.31314706802368164,
  "key": "poly_trig_d1_n8192_noise0.1_s456_baseline_rf",
  "timestamp": "2026-04-08T22:51:06.294729"
}