{
  "method": "dml_fixed",
  "func_type": "poly_trig",
  "dim": 100,
  "n_samples": 1024,
  "noise_level": 0.0,
  "seed": 456,
  "lambda": 0.001,
  "test_value_mse": 3.622645139694214,
  "test_grad_mse": 0.6622541546821594,
  "best_epoch": 58,
  "time_s": 4.002561330795288,
  "n_epochs_actual": 109,
  "key": "poly_trig_d100_n1024_noise0.0_s456_dml_fixed_lam0.001",
  "timestamp": "2026-04-10T19:41:32.474501"
}