{
  "method": "dml_fixed",
  "func_type": "poly_trig",
  "dim": 20,
  "n_samples": 8192,
  "noise_level": 0.5,
  "seed": 123,
  "lambda": 1.0,
  "test_value_mse": 0.03184526786208153,
  "test_grad_mse": 0.02968122437596321,
  "best_epoch": 149,
  "time_s": 12.384133577346802,
  "n_epochs_actual": 200,
  "key": "poly_trig_d20_n8192_noise0.5_s123_dml_fixed",
  "timestamp": "2026-04-10T16:52:20.941426"
}