{
  "method": "dml_fixed",
  "func_type": "poly_trig",
  "dim": 1,
  "n_samples": 256,
  "noise_level": 0.5,
  "seed": 789,
  "lambda": 1.0,
  "test_value_mse": 0.002234274987131357,
  "test_grad_mse": 0.0058945720084011555,
  "best_epoch": 40,
  "time_s": 2.6266558170318604,
  "n_epochs_actual": 91,
  "key": "poly_trig_d1_n256_noise0.5_s789_dml_fixed",
  "timestamp": "2026-04-08T13:37:18.897030"
}