{
  "method": "dml_gradnorm",
  "func_type": "poly_trig",
  "dim": 10,
  "n_samples": 8192,
  "noise_level": 0.2,
  "seed": 1000,
  "lambda": 1.0,
  "test_value_mse": 0.0012328526936471462,
  "test_grad_mse": 0.004396497737616301,
  "best_epoch": 149,
  "time_s": 28.045978307724,
  "n_epochs_actual": 200,
  "key": "poly_trig_d10_n8192_noise0.2_s1000_dml_gradnorm",
  "timestamp": "2026-04-10T04:50:37.216308"
}