{
  "method": "baseline_rf",
  "func_type": "poly_trig",
  "dim": 1,
  "n_samples": 8192,
  "noise_level": 0.2,
  "seed": 42,
  "lambda": 1.0,
  "test_value_mse": 1.4569188019352373e-07,
  "test_grad_mse": 13.570834348501727,
  "time_s": 1.026904582977295,
  "key": "poly_trig_d1_n8192_noise0.2_s42_baseline_rf",
  "timestamp": "2026-04-08T23:59:08.914413"
}