{
  "method": "baseline_rf",
  "func_type": "poly_trig",
  "dim": 10,
  "n_samples": 8192,
  "noise_level": 0.05,
  "seed": 42,
  "lambda": 1.0,
  "test_value_mse": 0.23637237460250987,
  "test_grad_mse": 153.45841013574895,
  "time_s": 4.389436960220337,
  "key": "poly_trig_d10_n8192_noise0.05_s42_baseline_rf",
  "timestamp": "2026-04-09T23:31:44.725590"
}