{
  "method": "vanilla",
  "func_type": "poly_trig",
  "dim": 1,
  "n_samples": 8192,
  "noise_level": 0.05,
  "seed": 123,
  "lambda": 1.0,
  "test_value_mse": 1.0662647653703061e-08,
  "test_grad_mse": 2.741829121077899e-05,
  "best_epoch": 993,
  "time_s": 60.85029053688049,
  "n_epochs_actual": 1000,
  "key": "poly_trig_d1_n8192_noise0.05_s123_vanilla",
  "timestamp": "2026-04-08T20:07:45.251385"
}