{
  "method": "dml_fixed",
  "func_type": "poly_trig",
  "dim": 10,
  "n_samples": 8192,
  "noise_level": 0.0,
  "seed": 123,
  "lambda": 1.0,
  "test_value_mse": 9.228916314896196e-05,
  "test_grad_mse": 0.0003566399391274899,
  "best_epoch": 998,
  "time_s": 72.29124212265015,
  "n_epochs_actual": 1000,
  "key": "poly_trig_d10_n8192_noise0.0_s123_dml_fixed",
  "timestamp": "2026-04-09T21:45:41.842339"
}