{
  "method": "baseline_rf",
  "func_type": "poly_trig",
  "dim": 10,
  "n_samples": 8192,
  "noise_level": 0.1,
  "seed": 42,
  "lambda": 1.0,
  "test_value_mse": 0.23637237460250987,
  "test_grad_mse": 153.45841013574963,
  "time_s": 6.354387044906616,
  "key": "poly_trig_d10_n8192_noise0.1_s42_baseline_rf",
  "timestamp": "2026-04-10T01:37:07.175719"
}