{
  "method": "baseline_rf",
  "func_type": "poly_trig",
  "dim": 1,
  "n_samples": 2048,
  "noise_level": 0.0,
  "seed": 123,
  "lambda": 1.0,
  "test_value_mse": 1.4515771987347688e-06,
  "test_grad_mse": 6.453224059394637,
  "time_s": 0.7653448581695557,
  "key": "poly_trig_d1_n2048_noise0.0_s123_baseline_rf",
  "timestamp": "2026-04-08T14:36:20.795727"
}