{
  "method": "baseline_rf",
  "func_type": "poly_trig",
  "dim": 10,
  "n_samples": 8192,
  "noise_level": 0.5,
  "seed": 789,
  "lambda": 1.0,
  "test_value_mse": 0.24997817347026152,
  "test_grad_mse": 79.63884198128608,
  "time_s": 1.707435131072998,
  "key": "poly_trig_d10_n8192_noise0.5_s789_baseline_rf",
  "timestamp": "2026-04-10T06:39:16.232171"
}