{
  "method": "baseline_rf",
  "func_type": "poly_trig",
  "dim": 1,
  "n_samples": 1024,
  "noise_level": 0.2,
  "seed": 42,
  "lambda": 1.0,
  "test_value_mse": 7.573711151012724e-06,
  "test_grad_mse": 5.016695968502989,
  "time_s": 0.7243170738220215,
  "key": "poly_trig_d1_n1024_noise0.2_s42_baseline_rf",
  "timestamp": "2026-04-08T14:19:02.253815"
}