{
  "method": "vanilla",
  "func_type": "poly_trig",
  "dim": 20,
  "n_samples": 8192,
  "noise_level": 0.5,
  "seed": 456,
  "lambda": 1.0,
  "test_value_mse": 0.04993925243616104,
  "test_grad_mse": 0.07592901587486267,
  "best_epoch": 488,
  "time_s": 28.66391134262085,
  "n_epochs_actual": 539,
  "key": "poly_trig_d20_n8192_noise0.5_s456_vanilla",
  "timestamp": "2026-04-10T17:24:55.442621"
}