{
  "method": "dml_relobralo",
  "func_type": "poly_trig",
  "dim": 5,
  "n_samples": 8192,
  "noise_level": 0.2,
  "seed": 456,
  "lambda": 1.0,
  "test_value_mse": 0.00010462909995112568,
  "test_grad_mse": 0.0009773393394425511,
  "best_epoch": 339,
  "time_s": 37.106680393218994,
  "n_epochs_actual": 390,
  "key": "poly_trig_d5_n8192_noise0.2_s456_dml_relobralo",
  "timestamp": "2026-04-26T09:43:45.899080"
}