{
  "method": "dml_gradnorm",
  "func_type": "poly_trig",
  "dim": 5,
  "n_samples": 8192,
  "noise_level": 0.1,
  "seed": 123,
  "lambda": 1.0,
  "test_value_mse": 5.185671761864796e-05,
  "test_grad_mse": 0.0005436261417344213,
  "best_epoch": 162,
  "time_s": 32.52967953681946,
  "n_epochs_actual": 213,
  "key": "poly_trig_d5_n8192_noise0.1_s123_dml_gradnorm",
  "timestamp": "2026-04-09T17:04:01.040078"
}