{
  "method": "dml_relobralo",
  "func_type": "poly_trig",
  "dim": 5,
  "n_samples": 8192,
  "noise_level": 0.5,
  "seed": 1000,
  "lambda": 1.0,
  "test_value_mse": 0.007990865968167782,
  "test_grad_mse": 0.020040227100253105,
  "best_epoch": 33,
  "time_s": 9.333917379379272,
  "n_epochs_actual": 84,
  "key": "poly_trig_d5_n8192_noise0.5_s1000_dml_relobralo",
  "timestamp": "2026-04-26T09:45:28.439798"
}