{
  "method": "baseline_rf",
  "func_type": "poly_trig",
  "dim": 10,
  "n_samples": 8192,
  "noise_level": 0.1,
  "seed": 1000,
  "lambda": 1.0,
  "test_value_mse": 0.26107412890951776,
  "test_grad_mse": 101.38445834811004,
  "time_s": 1.8599755764007568,
  "key": "poly_trig_d10_n8192_noise0.1_s1000_baseline_rf",
  "timestamp": "2026-04-10T03:21:25.776634"
}