{
  "method": "baseline_rf",
  "func_type": "poly_trig",
  "dim": 1,
  "n_samples": 8192,
  "noise_level": 0.05,
  "seed": 123,
  "lambda": 1.0,
  "test_value_mse": 6.9661944761132e-08,
  "test_grad_mse": 3.5575701922009886,
  "time_s": 1.2678806781768799,
  "key": "poly_trig_d1_n8192_noise0.05_s123_baseline_rf",
  "timestamp": "2026-04-08T20:27:36.309757"
}