{
  "method": "dml_gradnorm",
  "func_type": "poly_trig",
  "dim": 1,
  "n_samples": 4096,
  "noise_level": 0.0,
  "seed": 456,
  "lambda": 1.0,
  "test_value_mse": 4.006518672383663e-09,
  "test_grad_mse": 4.383728651191632e-07,
  "best_epoch": 295,
  "time_s": 25.889753341674805,
  "n_epochs_actual": 346,
  "key": "poly_trig_d1_n4096_noise0.0_s456_dml_gradnorm",
  "timestamp": "2026-04-08T15:39:24.368583"
}