{
  "method": "dml_relobralo",
  "func_type": "poly_trig",
  "dim": 1,
  "n_samples": 4096,
  "noise_level": 0.05,
  "seed": 789,
  "lambda": 1.0,
  "test_value_mse": 4.027033071452024e-07,
  "test_grad_mse": 8.395119039050769e-06,
  "best_epoch": 133,
  "time_s": 9.234734296798706,
  "n_epochs_actual": 184,
  "key": "poly_trig_d1_n4096_noise0.05_s789_dml_relobralo",
  "timestamp": "2026-04-26T09:10:55.814674"
}