{
  "method": "vanilla",
  "func_type": "poly_trig",
  "dim": 10,
  "n_samples": 8192,
  "noise_level": 0.2,
  "seed": 1000,
  "lambda": 1.0,
  "test_value_mse": 0.002059442922472954,
  "test_grad_mse": 0.013088531792163849,
  "best_epoch": 682,
  "time_s": 45.324445486068726,
  "n_epochs_actual": 733,
  "key": "poly_trig_d10_n8192_noise0.2_s1000_vanilla",
  "timestamp": "2026-04-10T04:49:44.895257"
}