{
  "method": "baseline_gp",
  "func_type": "poly_trig",
  "dim": 1,
  "n_samples": 8192,
  "noise_level": 0.1,
  "seed": 789,
  "lambda": 1.0,
  "test_value_mse": 3.7845979316648083e-10,
  "test_grad_mse": 1.1264050816598584e-06,
  "time_s": 1431.1876378059387,
  "key": "poly_trig_d1_n8192_noise0.1_s789_baseline_gp",
  "timestamp": "2026-04-08T23:15:57.043612"
}