{
  "method": "dml_fixed",
  "func_type": "poly_trig",
  "dim": 1,
  "n_samples": 8192,
  "noise_level": 0.0,
  "seed": 456,
  "lambda": 1.0,
  "test_value_mse": 6.452985701344005e-08,
  "test_grad_mse": 1.8219867570223869e-06,
  "best_epoch": 73,
  "time_s": 10.367441415786743,
  "n_epochs_actual": 124,
  "key": "poly_trig_d1_n8192_noise0.0_s456_dml_fixed",
  "timestamp": "2026-04-08T18:26:41.858966"
}