{
  "method": "dml_fixed",
  "func_type": "poly_trig",
  "dim": 1,
  "n_samples": 2048,
  "noise_level": 0.5,
  "seed": 1000,
  "lambda": 1.0,
  "test_value_mse": 0.00015418024850077927,
  "test_grad_mse": 0.0015150589169934392,
  "best_epoch": 73,
  "time_s": 5.379086971282959,
  "n_epochs_actual": 124,
  "key": "poly_trig_d1_n2048_noise0.5_s1000_dml_fixed",
  "timestamp": "2026-04-08T15:25:03.791844"
}