{
  "method": "dml_relobralo",
  "func_type": "poly_trig",
  "dim": 1,
  "n_samples": 2048,
  "noise_level": 0.0,
  "seed": 1000,
  "lambda": 1.0,
  "test_value_mse": 4.133519304616584e-09,
  "test_grad_mse": 1.4193494735081913e-06,
  "best_epoch": 508,
  "time_s": 19.776746034622192,
  "n_epochs_actual": 559,
  "key": "poly_trig_d1_n2048_noise0.0_s1000_dml_relobralo",
  "timestamp": "2026-04-26T09:05:56.455681"
}