{
  "method": "dml_relobralo",
  "func_type": "poly_trig",
  "dim": 20,
  "n_samples": 8192,
  "noise_level": 0.1,
  "seed": 42,
  "lambda": 1.0,
  "test_value_mse": 0.005167961586266756,
  "test_grad_mse": 0.007426113355904818,
  "best_epoch": 992,
  "time_s": 91.98252439498901,
  "n_epochs_actual": 1000,
  "key": "poly_trig_d20_n8192_noise0.1_s42_dml_relobralo",
  "timestamp": "2026-04-26T10:22:59.747965"
}