{
  "method": "dml_relobralo",
  "func_type": "poly_trig",
  "dim": 1,
  "n_samples": 256,
  "noise_level": 0.2,
  "seed": 1000,
  "lambda": 1.0,
  "test_value_mse": 2.5995039322879165e-05,
  "test_grad_mse": 0.0005777759361080825,
  "best_epoch": 101,
  "time_s": 3.4809439182281494,
  "n_epochs_actual": 152,
  "key": "poly_trig_d1_n256_noise0.2_s1000_dml_relobralo",
  "timestamp": "2026-04-26T08:58:03.771334"
}