{
  "method": "dml_fixed",
  "func_type": "poly_trig",
  "dim": 2,
  "n_samples": 4096,
  "noise_level": 0.0,
  "seed": 1000,
  "lambda": 0.01,
  "test_value_mse": 3.2533085914110416e-07,
  "test_grad_mse": 6.320549437077716e-05,
  "best_epoch": 996,
  "time_s": 42.28477740287781,
  "n_epochs_actual": 1000,
  "key": "poly_trig_d2_n4096_noise0.0_s1000_dml_fixed_lam0.01",
  "timestamp": "2026-04-09T03:33:56.395229"
}