{
  "method": "dml_fixed",
  "func_type": "poly_trig",
  "dim": 2,
  "n_samples": 4096,
  "noise_level": 0.0,
  "seed": 123,
  "lambda": 0.1,
  "test_value_mse": 6.255770585994469e-07,
  "test_grad_mse": 5.2708590374095365e-05,
  "best_epoch": 347,
  "time_s": 17.3517587184906,
  "n_epochs_actual": 398,
  "key": "poly_trig_d2_n4096_noise0.0_s123_dml_fixed_lam0.1",
  "timestamp": "2026-04-09T03:27:23.430827"
}