{
  "method": "baseline_krr",
  "func_type": "poly_trig",
  "dim": 1,
  "n_samples": 2048,
  "noise_level": 0.0,
  "seed": 789,
  "lambda": 1.0,
  "test_value_mse": 0.00010493797162780538,
  "test_grad_mse": 0.011641280195779662,
  "time_s": 0.17055773735046387,
  "key": "poly_trig_d1_n2048_noise0.0_s789_baseline_krr",
  "timestamp": "2026-04-08T14:43:15.565961"
}