{
  "method": "dml_relobralo",
  "func_type": "poly_trig",
  "dim": 2,
  "n_samples": 8192,
  "noise_level": 0.2,
  "seed": 456,
  "lambda": 1.0,
  "test_value_mse": 1.1693125088640954e-05,
  "test_grad_mse": 0.0003585343074519187,
  "best_epoch": 22,
  "time_s": 7.483645439147949,
  "n_epochs_actual": 73,
  "key": "poly_trig_d2_n8192_noise0.2_s456_dml_relobralo",
  "timestamp": "2026-04-26T09:28:07.065799"
}