{
  "method": "dml_relobralo",
  "func_type": "poly_trig",
  "dim": 1,
  "n_samples": 256,
  "noise_level": 0.05,
  "seed": 123,
  "lambda": 1.0,
  "test_value_mse": 1.3209079043008387e-05,
  "test_grad_mse": 0.00020495083299465477,
  "best_epoch": 120,
  "time_s": 3.428097724914551,
  "n_epochs_actual": 171,
  "key": "poly_trig_d1_n256_noise0.05_s123_dml_relobralo",
  "timestamp": "2026-04-26T08:57:09.031573"
}