{
  "method": "dml_gradnorm",
  "func_type": "poly_trig",
  "dim": 5,
  "n_samples": 8192,
  "noise_level": 0.5,
  "seed": 789,
  "lambda": 1.0,
  "test_value_mse": 0.0010258299298584461,
  "test_grad_mse": 0.0058387634344398975,
  "best_epoch": 32,
  "time_s": 8.690274953842163,
  "n_epochs_actual": 83,
  "key": "poly_trig_d5_n8192_noise0.5_s789_dml_gradnorm",
  "timestamp": "2026-04-09T20:42:53.433189"
}