{
  "method": "dml_gradnorm",
  "func_type": "poly_trig",
  "dim": 50,
  "n_samples": 8192,
  "noise_level": 0.0,
  "seed": 42,
  "lambda": 1.0,
  "test_value_mse": 0.10532673448324203,
  "test_grad_mse": 0.030338045209646225,
  "best_epoch": 399,
  "time_s": 60.02191495895386,
  "n_epochs_actual": 450,
  "key": "poly_trig_d50_n8192_noise0.0_s42_dml_gradnorm",
  "timestamp": "2026-04-10T18:35:37.931653"
}