{
  "method": "baseline_krr",
  "func_type": "poly_trig",
  "dim": 2,
  "n_samples": 8192,
  "noise_level": 0.05,
  "seed": 789,
  "lambda": 1.0,
  "test_value_mse": 0.0009059376316145062,
  "test_grad_mse": 0.041757374890986174,
  "time_s": 4.3068554401397705,
  "key": "poly_trig_d2_n8192_noise0.05_s789_baseline_krr",
  "timestamp": "2026-04-09T07:27:35.269385"
}