{
  "method": "dml_gradnorm",
  "func_type": "poly_trig",
  "dim": 50,
  "n_samples": 8192,
  "noise_level": 0.1,
  "seed": 42,
  "lambda": 1.0,
  "test_value_mse": 0.11260367929935455,
  "test_grad_mse": 0.030184775590896606,
  "best_epoch": 431,
  "time_s": 48.650275230407715,
  "n_epochs_actual": 482,
  "key": "poly_trig_d50_n8192_noise0.1_s42_dml_gradnorm",
  "timestamp": "2026-04-10T19:01:14.028695"
}