{
  "method": "dml_fixed",
  "func_type": "poly_trig",
  "dim": 1,
  "n_samples": 2048,
  "noise_level": 0.0,
  "seed": 1000,
  "lambda": 1.0,
  "test_value_mse": 3.3136270758404862e-06,
  "test_grad_mse": 5.666754441335797e-05,
  "best_epoch": 78,
  "time_s": 4.96199893951416,
  "n_epochs_actual": 129,
  "key": "poly_trig_d1_n2048_noise0.0_s1000_dml_fixed",
  "timestamp": "2026-04-08T14:43:44.422861"
}