{
  "method": "dml_fixed",
  "func_type": "poly_trig",
  "dim": 1,
  "n_samples": 2048,
  "noise_level": 0.1,
  "seed": 456,
  "lambda": 1.0,
  "test_value_mse": 2.509772457415238e-06,
  "test_grad_mse": 0.00012252719898242503,
  "best_epoch": 53,
  "time_s": 4.569105863571167,
  "n_epochs_actual": 104,
  "key": "poly_trig_d1_n2048_noise0.1_s456_dml_fixed",
  "timestamp": "2026-04-08T15:00:27.573369"
}