{
  "method": "baseline_rf",
  "func_type": "poly_trig",
  "dim": 1,
  "n_samples": 4096,
  "noise_level": 0.5,
  "seed": 1000,
  "lambda": 1.0,
  "test_value_mse": 4.26326772028588e-07,
  "test_grad_mse": 23.971634663527254,
  "time_s": 0.979722261428833,
  "key": "poly_trig_d1_n4096_noise0.5_s1000_baseline_rf",
  "timestamp": "2026-04-08T17:46:59.226669"
}