{
  "method": "baseline_rf",
  "func_type": "poly_trig",
  "dim": 2,
  "n_samples": 8192,
  "noise_level": 0.2,
  "seed": 123,
  "lambda": 1.0,
  "test_value_mse": 0.00019517021899048554,
  "test_grad_mse": 46.94502039801865,
  "time_s": 2.148550033569336,
  "key": "poly_trig_d2_n8192_noise0.2_s123_baseline_rf",
  "timestamp": "2026-04-09T10:40:29.286750"
}