{
  "method": "dml_fixed",
  "func_type": "poly_trig",
  "dim": 1,
  "n_samples": 1024,
  "noise_level": 0.0,
  "seed": 1000,
  "lambda": 1.0,
  "test_value_mse": 6.098304083934636e-09,
  "test_grad_mse": 3.700896513691987e-06,
  "best_epoch": 999,
  "time_s": 42.65631604194641,
  "n_epochs_actual": 1000,
  "key": "poly_trig_d1_n1024_noise0.0_s1000_dml_fixed",
  "timestamp": "2026-04-08T14:01:06.872722"
}