{
  "method": "baseline_krr",
  "func_type": "poly_trig",
  "dim": 2,
  "n_samples": 8192,
  "noise_level": 0.1,
  "seed": 789,
  "lambda": 1.0,
  "test_value_mse": 0.0009059376316145062,
  "test_grad_mse": 0.041757374890986174,
  "time_s": 2.4028096199035645,
  "key": "poly_trig_d2_n8192_noise0.1_s789_baseline_krr",
  "timestamp": "2026-04-09T09:30:00.370662"
}