{
  "method": "baseline_krr",
  "func_type": "poly_trig",
  "dim": 1,
  "n_samples": 8192,
  "noise_level": 0.5,
  "seed": 1000,
  "lambda": 1.0,
  "test_value_mse": 0.00012389136827550828,
  "test_grad_mse": 0.02337081835616109,
  "time_s": 2.2411952018737793,
  "key": "poly_trig_d1_n8192_noise0.5_s1000_baseline_krr",
  "timestamp": "2026-04-09T03:18:45.242687"
}