{
  "method": "dml_fixed",
  "func_type": "poly_trig",
  "dim": 20,
  "n_samples": 8192,
  "noise_level": 0.5,
  "seed": 789,
  "lambda": 1.0,
  "test_value_mse": 0.024794824421405792,
  "test_grad_mse": 0.0221639983355999,
  "best_epoch": 148,
  "time_s": 15.76685357093811,
  "n_epochs_actual": 199,
  "key": "poly_trig_d20_n8192_noise0.5_s789_dml_fixed",
  "timestamp": "2026-04-10T17:49:41.077914"
}