{
  "method": "baseline_rf",
  "func_type": "poly_trig",
  "dim": 1,
  "n_samples": 1024,
  "noise_level": 0.05,
  "seed": 1000,
  "lambda": 1.0,
  "test_value_mse": 1.2269952574538885e-05,
  "test_grad_mse": 3.551855698210608,
  "time_s": 0.6849586963653564,
  "key": "poly_trig_d1_n1024_noise0.05_s1000_baseline_rf",
  "timestamp": "2026-04-08T14:12:14.667561"
}