{
  "method": "dml_fixed",
  "func_type": "poly_trig",
  "dim": 1,
  "n_samples": 2048,
  "noise_level": 0.0,
  "seed": 789,
  "lambda": 1.0,
  "test_value_mse": 1.565135399062001e-08,
  "test_grad_mse": 1.3278291817186982e-06,
  "best_epoch": 445,
  "time_s": 21.561882257461548,
  "n_epochs_actual": 496,
  "key": "poly_trig_d1_n2048_noise0.0_s789_dml_fixed",
  "timestamp": "2026-04-08T14:39:53.467182"
}