{
  "method": "baseline_krr",
  "func_type": "poly_trig",
  "dim": 20,
  "n_samples": 8192,
  "noise_level": 0.0,
  "seed": 456,
  "lambda": 1.0,
  "test_value_mse": 0.265019953250885,
  "test_grad_mse": 0.714664593585716,
  "time_s": 8.613707304000854,
  "key": "poly_trig_d20_n8192_noise0.0_s456_baseline_krr",
  "timestamp": "2026-04-10T08:38:50.762634"
}