{
  "method": "dml_relobralo",
  "func_type": "poly_trig",
  "dim": 1,
  "n_samples": 2048,
  "noise_level": 0.0,
  "seed": 456,
  "lambda": 1.0,
  "test_value_mse": 9.267032141657694e-10,
  "test_grad_mse": 2.232950890856955e-07,
  "best_epoch": 999,
  "time_s": 34.78183364868164,
  "n_epochs_actual": 1000,
  "key": "poly_trig_d1_n2048_noise0.0_s456_dml_relobralo",
  "timestamp": "2026-04-26T09:05:14.362550"
}