{
  "method": "vanilla",
  "func_type": "poly_trig",
  "dim": 1,
  "n_samples": 512,
  "noise_level": 0.5,
  "seed": 789,
  "lambda": 1.0,
  "test_value_mse": 8.471753972116858e-06,
  "test_grad_mse": 0.002233338076621294,
  "best_epoch": 174,
  "time_s": 4.091439247131348,
  "n_epochs_actual": 225,
  "key": "poly_trig_d1_n512_noise0.5_s789_vanilla",
  "timestamp": "2026-04-08T13:53:40.654098"
}