{
  "method": "dml_gradnorm",
  "func_type": "poly_trig",
  "dim": 50,
  "n_samples": 8192,
  "noise_level": 0.05,
  "seed": 123,
  "lambda": 1.0,
  "test_value_mse": 0.023093508556485176,
  "test_grad_mse": 0.007945445366203785,
  "best_epoch": 998,
  "time_s": 97.30983829498291,
  "n_epochs_actual": 1000,
  "key": "poly_trig_d50_n8192_noise0.05_s123_dml_gradnorm",
  "timestamp": "2026-04-10T18:51:42.581783"
}