{
  "method": "dml_fixed",
  "func_type": "poly_trig",
  "dim": 10,
  "n_samples": 4096,
  "noise_level": 0.0,
  "seed": 456,
  "lambda": 0.01,
  "test_value_mse": 0.001548503409139812,
  "test_grad_mse": 0.006642444059252739,
  "best_epoch": 993,
  "time_s": 29.661985158920288,
  "n_epochs_actual": 1000,
  "key": "poly_trig_d10_n4096_noise0.0_s456_dml_fixed_lam0.01",
  "timestamp": "2026-04-09T21:23:04.313789"
}