{
  "method": "dml_fixed",
  "func_type": "poly_trig",
  "dim": 100,
  "n_samples": 1024,
  "noise_level": 0.0,
  "seed": 789,
  "lambda": 0.01,
  "test_value_mse": 3.412379026412964,
  "test_grad_mse": 0.6145849823951721,
  "best_epoch": 46,
  "time_s": 4.152390480041504,
  "n_epochs_actual": 97,
  "key": "poly_trig_d100_n1024_noise0.0_s789_dml_fixed_lam0.01",
  "timestamp": "2026-04-10T19:42:02.132341"
}