{
  "method": "dml_gradnorm",
  "func_type": "poly_trig",
  "dim": 1,
  "n_samples": 2048,
  "noise_level": 0.0,
  "seed": 456,
  "lambda": 1.0,
  "test_value_mse": 5.823058479847987e-09,
  "test_grad_mse": 8.801574153949332e-07,
  "best_epoch": 278,
  "time_s": 21.88654899597168,
  "n_epochs_actual": 329,
  "key": "poly_trig_d1_n2048_noise0.0_s456_dml_gradnorm",
  "timestamp": "2026-04-08T14:37:11.418806"
}