{
  "method": "baseline_rf",
  "func_type": "poly_trig",
  "dim": 1,
  "n_samples": 2048,
  "noise_level": 0.1,
  "seed": 789,
  "lambda": 1.0,
  "test_value_mse": 2.010804252635686e-06,
  "test_grad_mse": 14.272653694044745,
  "time_s": 0.7893049716949463,
  "key": "poly_trig_d1_n2048_noise0.1_s789_baseline_rf",
  "timestamp": "2026-04-08T15:04:01.349954"
}