{
  "method": "baseline_krr",
  "func_type": "poly_trig",
  "dim": 1,
  "n_samples": 512,
  "noise_level": 0.0,
  "seed": 1000,
  "lambda": 1.0,
  "test_value_mse": 0.0016701488057151437,
  "test_grad_mse": 0.12298812164125189,
  "time_s": 0.005942106246948242,
  "key": "poly_trig_d1_n512_noise0.0_s1000_baseline_krr",
  "timestamp": "2026-04-08T13:43:12.238190"
}