{
  "method": "dml_relobralo",
  "func_type": "poly_trig",
  "dim": 1,
  "n_samples": 512,
  "noise_level": 0.05,
  "seed": 1000,
  "lambda": 1.0,
  "test_value_mse": 3.916444711649092e-06,
  "test_grad_mse": 8.180514851119369e-05,
  "best_epoch": 127,
  "time_s": 3.765587329864502,
  "n_epochs_actual": 178,
  "key": "poly_trig_d1_n512_noise0.05_s1000_dml_relobralo",
  "timestamp": "2026-04-26T08:59:53.685246"
}