{
  "method": "vanilla",
  "func_type": "poly_trig",
  "dim": 5,
  "n_samples": 8192,
  "noise_level": 0.05,
  "seed": 42,
  "lambda": 1.0,
  "test_value_mse": 9.496389247942716e-05,
  "test_grad_mse": 0.0028212163597345352,
  "best_epoch": 629,
  "time_s": 28.643878936767578,
  "n_epochs_actual": 680,
  "key": "poly_trig_d5_n8192_noise0.05_s42_vanilla",
  "timestamp": "2026-04-09T15:36:54.831449"
}