{
  "method": "baseline_rf",
  "func_type": "poly_trig",
  "dim": 5,
  "n_samples": 8192,
  "noise_level": 0.0,
  "seed": 789,
  "lambda": 1.0,
  "test_value_mse": 0.045343902205314555,
  "test_grad_mse": 1764.0318310502237,
  "time_s": 3.3723092079162598,
  "key": "poly_trig_d5_n8192_noise0.0_s789_baseline_rf",
  "timestamp": "2026-04-09T15:18:35.827409"
}