{
  "method": "baseline_gp",
  "func_type": "poly_trig",
  "dim": 1,
  "n_samples": 512,
  "noise_level": 0.1,
  "seed": 42,
  "lambda": 1.0,
  "test_value_mse": 3.8429090143009015e-09,
  "test_grad_mse": 1.9089569312544737e-06,
  "time_s": 2.2396953105926514,
  "key": "poly_trig_d1_n512_noise0.1_s42_baseline_gp",
  "timestamp": "2026-04-08T13:46:05.166188"
}