{
  "method": "dml_gradnorm",
  "func_type": "poly_trig",
  "dim": 1,
  "n_samples": 1024,
  "noise_level": 0.1,
  "seed": 456,
  "lambda": 1.0,
  "test_value_mse": 7.1987324190558866e-06,
  "test_grad_mse": 8.544356387574226e-05,
  "best_epoch": 151,
  "time_s": 7.008116006851196,
  "n_epochs_actual": 202,
  "key": "poly_trig_d1_n1024_noise0.1_s456_dml_gradnorm",
  "timestamp": "2026-04-08T14:14:58.760661"
}