{
  "method": "baseline_rf",
  "func_type": "poly_trig",
  "dim": 1,
  "n_samples": 512,
  "noise_level": 0.1,
  "seed": 123,
  "lambda": 1.0,
  "test_value_mse": 3.4435675572735115e-05,
  "test_grad_mse": 2.7767294543466496,
  "time_s": 0.6626942157745361,
  "key": "poly_trig_d1_n512_noise0.1_s123_baseline_rf",
  "timestamp": "2026-04-08T13:46:33.780905"
}