{
  "method": "baseline_krr",
  "func_type": "poly_trig",
  "dim": 10,
  "n_samples": 8192,
  "noise_level": 0.1,
  "seed": 42,
  "lambda": 1.0,
  "test_value_mse": 0.1617768257856369,
  "test_grad_mse": 0.6715346302342113,
  "time_s": 7.415279865264893,
  "key": "poly_trig_d10_n8192_noise0.1_s42_baseline_krr",
  "timestamp": "2026-04-10T01:37:00.820939"
}