{
  "method": "dml_relobralo",
  "func_type": "poly_trig",
  "dim": 1,
  "n_samples": 4096,
  "noise_level": 0.0,
  "seed": 1000,
  "lambda": 1.0,
  "test_value_mse": 3.3951101929829974e-09,
  "test_grad_mse": 1.8145315152651165e-06,
  "best_epoch": 465,
  "time_s": 24.0574312210083,
  "n_epochs_actual": 516,
  "key": "poly_trig_d1_n4096_noise0.0_s1000_dml_relobralo",
  "timestamp": "2026-04-26T09:10:15.494663"
}