{
  "method": "dml_fixed",
  "func_type": "poly_trig",
  "dim": 5,
  "n_samples": 8192,
  "noise_level": 0.2,
  "seed": 1000,
  "lambda": 1.0,
  "test_value_mse": 0.00018182249914389104,
  "test_grad_mse": 0.0013772161910310388,
  "best_epoch": 287,
  "time_s": 26.701269388198853,
  "n_epochs_actual": 338,
  "key": "poly_trig_d5_n8192_noise0.2_s1000_dml_fixed",
  "timestamp": "2026-04-09T19:35:17.123064"
}