{
  "method": "dml_relobralo",
  "func_type": "poly_trig",
  "dim": 1,
  "n_samples": 4096,
  "noise_level": 0.2,
  "seed": 123,
  "lambda": 1.0,
  "test_value_mse": 9.10693415789865e-06,
  "test_grad_mse": 3.7209953006822616e-05,
  "best_epoch": 124,
  "time_s": 8.68485140800476,
  "n_epochs_actual": 175,
  "key": "poly_trig_d1_n4096_noise0.2_s123_dml_relobralo",
  "timestamp": "2026-04-26T09:12:13.423756"
}