{
  "method": "vanilla",
  "func_type": "poly_trig",
  "dim": 1,
  "n_samples": 1024,
  "noise_level": 0.5,
  "seed": 456,
  "lambda": 1.0,
  "test_value_mse": 1.6145927475008648e-06,
  "test_grad_mse": 0.0004406324296724051,
  "best_epoch": 999,
  "time_s": 19.280253410339355,
  "n_epochs_actual": 1000,
  "key": "poly_trig_d1_n1024_noise0.5_s456_vanilla",
  "timestamp": "2026-04-08T14:27:08.407686"
}