{
  "method": "baseline_rf",
  "func_type": "poly_trig",
  "dim": 1,
  "n_samples": 512,
  "noise_level": 0.05,
  "seed": 123,
  "lambda": 1.0,
  "test_value_mse": 3.443567557273533e-05,
  "test_grad_mse": 2.776729454346153,
  "time_s": 0.7575657367706299,
  "key": "poly_trig_d1_n512_noise0.05_s123_baseline_rf",
  "timestamp": "2026-04-08T13:44:15.882173"
}