{
  "method": "baseline_rf",
  "func_type": "poly_trig",
  "dim": 1,
  "n_samples": 512,
  "noise_level": 0.0,
  "seed": 789,
  "lambda": 1.0,
  "test_value_mse": 4.337235516096833e-05,
  "test_grad_mse": 1.024101592007007,
  "time_s": 0.6624691486358643,
  "key": "poly_trig_d1_n512_noise0.0_s789_baseline_rf",
  "timestamp": "2026-04-08T13:42:27.060171"
}