{
  "method": "dml_fixed",
  "func_type": "poly_trig",
  "dim": 20,
  "n_samples": 8192,
  "noise_level": 0.2,
  "seed": 42,
  "lambda": 1.0,
  "test_value_mse": 0.006439918652176857,
  "test_grad_mse": 0.007164439652115107,
  "best_epoch": 380,
  "time_s": 32.21389603614807,
  "n_epochs_actual": 431,
  "key": "poly_trig_d20_n8192_noise0.2_s42_dml_fixed",
  "timestamp": "2026-04-10T14:05:04.157766"
}