{
  "method": "dml_gradnorm",
  "func_type": "poly_trig",
  "dim": 1,
  "n_samples": 4096,
  "noise_level": 0.1,
  "seed": 123,
  "lambda": 1.0,
  "test_value_mse": 4.067821009812178e-06,
  "test_grad_mse": 7.578114309580997e-05,
  "best_epoch": 58,
  "time_s": 8.28262448310852,
  "n_epochs_actual": 109,
  "key": "poly_trig_d1_n4096_noise0.1_s123_dml_gradnorm",
  "timestamp": "2026-04-08T16:31:14.302461"
}