{
  "method": "dml_fixed",
  "func_type": "poly_trig",
  "dim": 1,
  "n_samples": 512,
  "noise_level": 0.05,
  "seed": 1000,
  "lambda": 1.0,
  "test_value_mse": 6.313652193057351e-06,
  "test_grad_mse": 4.756923226523213e-05,
  "best_epoch": 144,
  "time_s": 4.384898900985718,
  "n_epochs_actual": 195,
  "key": "poly_trig_d1_n512_noise0.05_s1000_dml_fixed",
  "timestamp": "2026-04-08T13:45:25.735593"
}