{
  "method": "dml_fixed",
  "func_type": "poly_trig",
  "dim": 20,
  "n_samples": 8192,
  "noise_level": 0.05,
  "seed": 123,
  "lambda": 1.0,
  "test_value_mse": 0.0015588558744639158,
  "test_grad_mse": 0.00196722149848938,
  "best_epoch": 979,
  "time_s": 80.99350476264954,
  "n_epochs_actual": 1000,
  "key": "poly_trig_d20_n8192_noise0.05_s123_dml_fixed",
  "timestamp": "2026-04-10T10:05:41.384856"
}