{
  "method": "dml_fixed",
  "func_type": "poly_trig",
  "dim": 2,
  "n_samples": 4096,
  "noise_level": 0.0,
  "seed": 789,
  "lambda": 10.0,
  "test_value_mse": 1.4143918036779723e-08,
  "test_grad_mse": 1.3742953797191149e-06,
  "best_epoch": 993,
  "time_s": 42.01776957511902,
  "n_epochs_actual": 1000,
  "key": "poly_trig_d2_n4096_noise0.0_s789_dml_fixed_lam10.0",
  "timestamp": "2026-04-09T03:32:39.754168"
}