{
  "method": "baseline_rf",
  "func_type": "poly_trig",
  "dim": 10,
  "n_samples": 8192,
  "noise_level": 0.2,
  "seed": 123,
  "lambda": 1.0,
  "test_value_mse": 0.16484083495896637,
  "test_grad_mse": 73.58100679266185,
  "time_s": 1.7911369800567627,
  "key": "poly_trig_d10_n8192_noise0.2_s123_baseline_rf",
  "timestamp": "2026-04-10T03:56:03.560804"
}