{
  "method": "dml_fixed",
  "func_type": "poly_trig",
  "dim": 50,
  "n_samples": 8192,
  "noise_level": 0.5,
  "seed": 456,
  "lambda": 1.0,
  "test_value_mse": 0.19656459987163544,
  "test_grad_mse": 0.058405883610248566,
  "best_epoch": 459,
  "time_s": 41.23954486846924,
  "n_epochs_actual": 510,
  "key": "poly_trig_d50_n8192_noise0.5_s456_dml_fixed",
  "timestamp": "2026-04-10T19:34:36.816548"
}