{
  "method": "dml_fixed",
  "func_type": "poly_trig",
  "dim": 1,
  "n_samples": 1024,
  "noise_level": 0.2,
  "seed": 456,
  "lambda": 1.0,
  "test_value_mse": 1.7407272025593556e-05,
  "test_grad_mse": 0.00013070556451566517,
  "best_epoch": 315,
  "time_s": 8.000365734100342,
  "n_epochs_actual": 366,
  "key": "poly_trig_d1_n1024_noise0.2_s456_dml_fixed",
  "timestamp": "2026-04-08T14:20:33.640928"
}