{
  "method": "dml_fixed",
  "func_type": "poly_trig",
  "dim": 5,
  "n_samples": 8192,
  "noise_level": 0.0,
  "seed": 1000,
  "lambda": 1.0,
  "test_value_mse": 2.890416681111674e-06,
  "test_grad_mse": 4.479767812881619e-05,
  "best_epoch": 993,
  "time_s": 63.815584659576416,
  "n_epochs_actual": 1000,
  "key": "poly_trig_d5_n8192_noise0.0_s1000_dml_fixed",
  "timestamp": "2026-04-09T15:20:32.357667"
}