{
  "method": "vanilla",
  "func_type": "poly_trig",
  "dim": 20,
  "n_samples": 8192,
  "noise_level": 0.2,
  "seed": 123,
  "lambda": 1.0,
  "test_value_mse": 0.18433544039726257,
  "test_grad_mse": 0.23810569941997528,
  "best_epoch": 217,
  "time_s": 15.827324390411377,
  "n_epochs_actual": 268,
  "key": "poly_trig_d20_n8192_noise0.2_s123_vanilla",
  "timestamp": "2026-04-10T14:17:55.760247"
}