{
  "method": "dml_relobralo",
  "func_type": "poly_trig",
  "dim": 5,
  "n_samples": 8192,
  "noise_level": 0.05,
  "seed": 1000,
  "lambda": 1.0,
  "test_value_mse": 1.862695353338495e-05,
  "test_grad_mse": 0.00026780605548992753,
  "best_epoch": 604,
  "time_s": 56.93532872200012,
  "n_epochs_actual": 655,
  "key": "poly_trig_d5_n8192_noise0.05_s1000_dml_relobralo",
  "timestamp": "2026-04-26T09:40:39.040987"
}