{
  "method": "dml_fixed",
  "func_type": "poly_trig",
  "dim": 1,
  "n_samples": 4096,
  "noise_level": 0.1,
  "seed": 456,
  "lambda": 1.0,
  "test_value_mse": 2.603245263799181e-07,
  "test_grad_mse": 1.7868804206955247e-05,
  "best_epoch": 134,
  "time_s": 8.09368371963501,
  "n_epochs_actual": 185,
  "key": "poly_trig_d1_n4096_noise0.1_s456_dml_fixed",
  "timestamp": "2026-04-08T16:36:04.536405"
}