{
  "method": "vanilla",
  "func_type": "poly_trig",
  "dim": 100,
  "n_samples": 8192,
  "noise_level": 0.0,
  "seed": 123,
  "lambda": 1.0,
  "test_value_mse": 3.560255527496338,
  "test_grad_mse": 0.7377448081970215,
  "best_epoch": 13,
  "time_s": 6.519491195678711,
  "n_epochs_actual": 64,
  "key": "poly_trig_d100_n8192_noise0.0_s123_vanilla",
  "timestamp": "2026-04-10T19:53:24.106959"
}