{
  "method": "dml_fixed",
  "func_type": "poly_trig",
  "dim": 1,
  "n_samples": 2048,
  "noise_level": 0.2,
  "seed": 456,
  "lambda": 1.0,
  "test_value_mse": 5.20690628036391e-06,
  "test_grad_mse": 0.00020188852795399725,
  "best_epoch": 133,
  "time_s": 6.963783264160156,
  "n_epochs_actual": 184,
  "key": "poly_trig_d1_n2048_noise0.2_s456_dml_fixed",
  "timestamp": "2026-04-08T15:09:49.583996"
}