{
  "method": "baseline_krr",
  "func_type": "poly_trig",
  "dim": 1,
  "n_samples": 8192,
  "noise_level": 0.1,
  "seed": 123,
  "lambda": 1.0,
  "test_value_mse": 8.440497913397849e-05,
  "test_grad_mse": 0.015435037144054373,
  "time_s": 1.9014713764190674,
  "key": "poly_trig_d1_n8192_noise0.1_s123_baseline_krr",
  "timestamp": "2026-04-08T22:24:10.135332"
}