{
  "method": "dml_fixed",
  "func_type": "poly_trig",
  "dim": 100,
  "n_samples": 8192,
  "noise_level": 0.05,
  "seed": 123,
  "lambda": 1.0,
  "test_value_mse": 0.46072569489479065,
  "test_grad_mse": 0.06606220453977585,
  "best_epoch": 999,
  "time_s": 84.46071529388428,
  "n_epochs_actual": 1000,
  "key": "poly_trig_d100_n8192_noise0.05_s123_dml_fixed",
  "timestamp": "2026-04-10T20:16:04.220444"
}