{
  "method": "baseline_rf",
  "func_type": "poly_trig",
  "dim": 1,
  "n_samples": 2048,
  "noise_level": 0.2,
  "seed": 123,
  "lambda": 1.0,
  "test_value_mse": 1.4515771987347603e-06,
  "test_grad_mse": 6.4532240593946995,
  "time_s": 0.8093729019165039,
  "key": "poly_trig_d1_n2048_noise0.2_s123_baseline_rf",
  "timestamp": "2026-04-08T15:09:14.740070"
}