{
  "method": "baseline_rf",
  "func_type": "poly_trig",
  "dim": 1,
  "n_samples": 4096,
  "noise_level": 0.05,
  "seed": 1000,
  "lambda": 1.0,
  "test_value_mse": 4.263267720285911e-07,
  "test_grad_mse": 23.971634663529766,
  "time_s": 0.9163215160369873,
  "key": "poly_trig_d1_n4096_noise0.05_s1000_baseline_rf",
  "timestamp": "2026-04-08T16:27:11.802691"
}