{
  "method": "dml_gradnorm",
  "func_type": "poly_trig",
  "dim": 100,
  "n_samples": 8192,
  "noise_level": 0.5,
  "seed": 1000,
  "lambda": 1.0,
  "test_value_mse": 0.770211398601532,
  "test_grad_mse": 0.1020970270037651,
  "best_epoch": 998,
  "time_s": 147.58783173561096,
  "n_epochs_actual": 1000,
  "key": "poly_trig_d100_n8192_noise0.5_s1000_dml_gradnorm",
  "timestamp": "2026-04-10T21:32:19.623770"
}