{
  "method": "baseline_rf",
  "func_type": "poly_trig",
  "dim": 1,
  "n_samples": 512,
  "noise_level": 0.05,
  "seed": 1000,
  "lambda": 1.0,
  "test_value_mse": 4.166508999823718e-05,
  "test_grad_mse": 4.390430392224747,
  "time_s": 0.6935381889343262,
  "key": "poly_trig_d1_n512_noise0.05_s1000_baseline_rf",
  "timestamp": "2026-04-08T13:45:41.975767"
}