{
  "method": "dml_fixed",
  "func_type": "poly_trig",
  "dim": 50,
  "n_samples": 8192,
  "noise_level": 0.2,
  "seed": 123,
  "lambda": 1.0,
  "test_value_mse": 0.0811845064163208,
  "test_grad_mse": 0.027628649026155472,
  "best_epoch": 999,
  "time_s": 55.86355924606323,
  "n_epochs_actual": 1000,
  "key": "poly_trig_d50_n8192_noise0.2_s123_dml_fixed",
  "timestamp": "2026-04-10T19:18:03.597426"
}