{
  "method": "dml_fixed",
  "func_type": "poly_trig",
  "dim": 1,
  "n_samples": 1024,
  "noise_level": 0.1,
  "seed": 1000,
  "lambda": 1.0,
  "test_value_mse": 2.768366584859905e-06,
  "test_grad_mse": 9.675257024355233e-05,
  "best_epoch": 537,
  "time_s": 12.16792345046997,
  "n_epochs_actual": 588,
  "key": "poly_trig_d1_n1024_noise0.1_s1000_dml_fixed",
  "timestamp": "2026-04-08T14:17:05.487571"
}