{
  "method": "dml_gradnorm",
  "func_type": "poly_trig",
  "dim": 100,
  "n_samples": 8192,
  "noise_level": 0.0,
  "seed": 42,
  "lambda": 1.0,
  "test_value_mse": 0.47800853848457336,
  "test_grad_mse": 0.06287939101457596,
  "best_epoch": 998,
  "time_s": 153.7803614139557,
  "n_epochs_actual": 1000,
  "key": "poly_trig_d100_n8192_noise0.0_s42_dml_gradnorm",
  "timestamp": "2026-04-10T19:53:05.237714"
}