{
  "method": "dml_fixed",
  "func_type": "poly_trig",
  "dim": 1,
  "n_samples": 4096,
  "noise_level": 0.5,
  "seed": 789,
  "lambda": 1.0,
  "test_value_mse": 4.9544764806341846e-06,
  "test_grad_mse": 0.00011781048669945449,
  "best_epoch": 157,
  "time_s": 7.886438846588135,
  "n_epochs_actual": 208,
  "key": "poly_trig_d1_n4096_noise0.5_s789_dml_fixed",
  "timestamp": "2026-04-08T17:35:42.201695"
}