{
  "method": "dml_fixed",
  "func_type": "poly_trig",
  "dim": 50,
  "n_samples": 8192,
  "noise_level": 0.1,
  "seed": 123,
  "lambda": 1.0,
  "test_value_mse": 0.059932008385658264,
  "test_grad_mse": 0.02117173559963703,
  "best_epoch": 982,
  "time_s": 60.951552629470825,
  "n_epochs_actual": 1000,
  "key": "poly_trig_d50_n8192_noise0.1_s123_dml_fixed",
  "timestamp": "2026-04-10T19:02:36.399697"
}