{
  "method": "vanilla",
  "func_type": "poly_trig",
  "dim": 1,
  "n_samples": 1024,
  "noise_level": 0.2,
  "seed": 123,
  "lambda": 1.0,
  "test_value_mse": 7.111263755632535e-08,
  "test_grad_mse": 0.00011117789836134762,
  "best_epoch": 999,
  "time_s": 27.295382261276245,
  "n_epochs_actual": 1000,
  "key": "poly_trig_d1_n1024_noise0.2_s123_vanilla",
  "timestamp": "2026-04-08T14:19:29.617602"
}