{
  "method": "dml_relobralo",
  "func_type": "poly_trig",
  "dim": 100,
  "n_samples": 8192,
  "noise_level": 0.2,
  "seed": 456,
  "lambda": 1.0,
  "test_value_mse": 3.3339600563049316,
  "test_grad_mse": 0.6004909873008728,
  "best_epoch": 35,
  "time_s": 8.932355165481567,
  "n_epochs_actual": 86,
  "key": "poly_trig_d100_n8192_noise0.2_s456_dml_relobralo",
  "timestamp": "2026-04-26T10:48:06.326889"
}