{
  "method": "baseline_gp",
  "func_type": "poly_trig",
  "dim": 1,
  "n_samples": 4096,
  "noise_level": 0.05,
  "seed": 42,
  "lambda": 1.0,
  "test_value_mse": 1.131669055754639e-09,
  "test_grad_mse": 1.605234548911686e-06,
  "time_s": 171.69236278533936,
  "key": "poly_trig_d1_n4096_noise0.05_s42_baseline_gp",
  "timestamp": "2026-04-08T16:04:50.451188"
}