{
  "method": "dml_gradnorm",
  "func_type": "poly_trig",
  "dim": 1,
  "n_samples": 1024,
  "noise_level": 0.5,
  "seed": 789,
  "lambda": 1.0,
  "test_value_mse": 2.0399589629960246e-05,
  "test_grad_mse": 0.00038609758485108614,
  "best_epoch": 127,
  "time_s": 5.392540454864502,
  "n_epochs_actual": 178,
  "key": "poly_trig_d1_n1024_noise0.5_s789_dml_gradnorm",
  "timestamp": "2026-04-08T14:28:43.992166"
}