{
  "method": "baseline_rf",
  "func_type": "poly_trig",
  "dim": 2,
  "n_samples": 8192,
  "noise_level": 0.05,
  "seed": 789,
  "lambda": 1.0,
  "test_value_mse": 0.0002473712324572538,
  "test_grad_mse": 84.74022959382559,
  "time_s": 1.9171972274780273,
  "key": "poly_trig_d2_n8192_noise0.05_s789_baseline_rf",
  "timestamp": "2026-04-09T07:27:37.187115"
}