{
  "method": "dml_fixed",
  "func_type": "poly_trig",
  "dim": 1,
  "n_samples": 2048,
  "noise_level": 0.05,
  "seed": 456,
  "lambda": 1.0,
  "test_value_mse": 2.9797911338391714e-07,
  "test_grad_mse": 2.3100441467249766e-05,
  "best_epoch": 219,
  "time_s": 8.369625568389893,
  "n_epochs_actual": 270,
  "key": "poly_trig_d1_n2048_noise0.05_s456_dml_fixed",
  "timestamp": "2026-04-08T14:50:19.111832"
}