{
  "method": "dml_fixed",
  "func_type": "poly_trig",
  "dim": 100,
  "n_samples": 8192,
  "noise_level": 0.1,
  "seed": 789,
  "lambda": 1.0,
  "test_value_mse": 0.5105265974998474,
  "test_grad_mse": 0.0771312564611435,
  "best_epoch": 990,
  "time_s": 80.18064308166504,
  "n_epochs_actual": 1000,
  "key": "poly_trig_d100_n8192_noise0.1_s789_dml_fixed",
  "timestamp": "2026-04-10T20:45:19.206068"
}