{
  "method": "dml_relobralo",
  "func_type": "poly_trig",
  "dim": 1,
  "n_samples": 2048,
  "noise_level": 0.2,
  "seed": 456,
  "lambda": 1.0,
  "test_value_mse": 1.806471118470654e-05,
  "test_grad_mse": 0.0005123759037815034,
  "best_epoch": 99,
  "time_s": 5.78756308555603,
  "n_epochs_actual": 150,
  "key": "poly_trig_d1_n2048_noise0.2_s456_dml_relobralo",
  "timestamp": "2026-04-26T09:07:43.712818"
}