{
  "method": "dml_relobralo",
  "func_type": "poly_trig",
  "dim": 50,
  "n_samples": 8192,
  "noise_level": 0.5,
  "seed": 1000,
  "lambda": 1.0,
  "test_value_mse": 1.701123595237732,
  "test_grad_mse": 0.603614091873169,
  "best_epoch": 36,
  "time_s": 8.20854115486145,
  "n_epochs_actual": 87,
  "key": "poly_trig_d50_n8192_noise0.5_s1000_dml_relobralo",
  "timestamp": "2026-04-26T10:44:10.238337"
}