{
  "method": "dml_gradnorm",
  "func_type": "poly_trig",
  "dim": 1,
  "n_samples": 1024,
  "noise_level": 0.05,
  "seed": 789,
  "lambda": 1.0,
  "test_value_mse": 1.2754333056363976e-07,
  "test_grad_mse": 9.58528198680142e-06,
  "best_epoch": 509,
  "time_s": 35.23714208602905,
  "n_epochs_actual": 560,
  "key": "poly_trig_d1_n1024_noise0.05_s789_dml_gradnorm",
  "timestamp": "2026-04-08T14:07:50.628287"
}