{
  "method": "dml_relobralo",
  "func_type": "poly_trig",
  "dim": 1,
  "n_samples": 2048,
  "noise_level": 0.2,
  "seed": 789,
  "lambda": 1.0,
  "test_value_mse": 9.374897672387306e-06,
  "test_grad_mse": 0.0001343415497103706,
  "best_epoch": 146,
  "time_s": 7.104571580886841,
  "n_epochs_actual": 197,
  "key": "poly_trig_d1_n2048_noise0.2_s789_dml_relobralo",
  "timestamp": "2026-04-26T09:07:50.854211"
}