{
  "method": "dml_gradnorm",
  "func_type": "poly_trig",
  "dim": 2,
  "n_samples": 8192,
  "noise_level": 0.05,
  "seed": 1000,
  "lambda": 1.0,
  "test_value_mse": 8.157679076248314e-06,
  "test_grad_mse": 8.881078247213736e-05,
  "best_epoch": 109,
  "time_s": 23.953032732009888,
  "n_epochs_actual": 160,
  "key": "poly_trig_d2_n8192_noise0.05_s1000_dml_gradnorm",
  "timestamp": "2026-04-09T07:29:05.292456"
}