{
  "method": "dml_fixed",
  "func_type": "poly_trig",
  "dim": 10,
  "n_samples": 4096,
  "noise_level": 0.0,
  "seed": 789,
  "lambda": 0.1,
  "test_value_mse": 0.0005575073882937431,
  "test_grad_mse": 0.002380006480962038,
  "best_epoch": 995,
  "time_s": 38.199512004852295,
  "n_epochs_actual": 1000,
  "key": "poly_trig_d10_n4096_noise0.0_s789_dml_fixed_lam0.1",
  "timestamp": "2026-04-09T21:26:12.049251"
}