{
  "method": "dml_fixed",
  "func_type": "poly_trig",
  "dim": 1,
  "n_samples": 512,
  "noise_level": 0.2,
  "seed": 1000,
  "lambda": 1.0,
  "test_value_mse": 8.630105730844662e-05,
  "test_grad_mse": 0.0005225297063589096,
  "best_epoch": 122,
  "time_s": 3.4803545475006104,
  "n_epochs_actual": 173,
  "key": "poly_trig_d1_n512_noise0.2_s1000_dml_fixed",
  "timestamp": "2026-04-08T13:52:01.005613"
}