{
  "method": "vanilla",
  "func_type": "poly_trig",
  "dim": 1,
  "n_samples": 256,
  "noise_level": 0.5,
  "seed": 42,
  "lambda": 1.0,
  "test_value_mse": 1.2088072253391147e-05,
  "test_grad_mse": 0.006421823985874653,
  "best_epoch": 322,
  "time_s": 5.584384918212891,
  "n_epochs_actual": 373,
  "key": "poly_trig_d1_n256_noise0.5_s42_vanilla",
  "timestamp": "2026-04-08T13:36:19.774865"
}