{
  "method": "dml_relobralo",
  "func_type": "poly_trig",
  "dim": 5,
  "n_samples": 8192,
  "noise_level": 0.05,
  "seed": 456,
  "lambda": 1.0,
  "test_value_mse": 1.6388992662541568e-05,
  "test_grad_mse": 0.00025094900047406554,
  "best_epoch": 370,
  "time_s": 40.32152819633484,
  "n_epochs_actual": 421,
  "key": "poly_trig_d5_n8192_noise0.05_s456_dml_relobralo",
  "timestamp": "2026-04-26T09:39:04.081265"
}