{
  "method": "dml_fixed",
  "func_type": "poly_trig",
  "dim": 10,
  "n_samples": 8192,
  "noise_level": 0.2,
  "seed": 42,
  "lambda": 1.0,
  "test_value_mse": 0.0016701746499165893,
  "test_grad_mse": 0.004147233907133341,
  "best_epoch": 293,
  "time_s": 26.119046926498413,
  "n_epochs_actual": 344,
  "key": "poly_trig_d10_n8192_noise0.2_s42_dml_fixed",
  "timestamp": "2026-04-10T03:22:39.674941"
}