{
  "method": "dml_fixed",
  "func_type": "poly_trig",
  "dim": 50,
  "n_samples": 8192,
  "noise_level": 0.0,
  "seed": 456,
  "lambda": 1.0,
  "test_value_mse": 0.04287085682153702,
  "test_grad_mse": 0.015118667855858803,
  "best_epoch": 982,
  "time_s": 65.52552652359009,
  "n_epochs_actual": 1000,
  "key": "poly_trig_d50_n8192_noise0.0_s456_dml_fixed",
  "timestamp": "2026-04-10T18:40:10.970777"
}