{
  "method": "baseline_gp",
  "func_type": "poly_trig",
  "dim": 10,
  "n_samples": 8192,
  "noise_level": 0.5,
  "seed": 123,
  "lambda": 1.0,
  "test_value_mse": 0.00021655609558635618,
  "test_grad_mse": 0.005503833599754925,
  "time_s": 1203.5203740596771,
  "key": "poly_trig_d10_n8192_noise0.5_s123_baseline_gp",
  "timestamp": "2026-04-10T05:46:00.881733"
}