{
  "method": "dml_fixed",
  "func_type": "poly_trig",
  "dim": 50,
  "n_samples": 1024,
  "noise_level": 0.0,
  "seed": 789,
  "lambda": 0.1,
  "test_value_mse": 1.2557379007339478,
  "test_grad_mse": 0.3535570204257965,
  "best_epoch": 408,
  "time_s": 7.593988418579102,
  "n_epochs_actual": 459,
  "key": "poly_trig_d50_n1024_noise0.0_s789_dml_fixed_lam0.1",
  "timestamp": "2026-04-10T18:24:33.327047"
}