{
  "method": "dml_fixed",
  "func_type": "poly_trig",
  "dim": 1,
  "n_samples": 1024,
  "noise_level": 0.05,
  "seed": 1000,
  "lambda": 1.0,
  "test_value_mse": 5.786243946204195e-07,
  "test_grad_mse": 2.851461249520071e-05,
  "best_epoch": 999,
  "time_s": 24.05606985092163,
  "n_epochs_actual": 1000,
  "key": "poly_trig_d1_n1024_noise0.05_s1000_dml_fixed",
  "timestamp": "2026-04-08T14:09:26.080661"
}