{
  "method": "dml_gradnorm",
  "func_type": "poly_trig",
  "dim": 1,
  "n_samples": 2048,
  "noise_level": 0.1,
  "seed": 456,
  "lambda": 1.0,
  "test_value_mse": 4.215617536829086e-06,
  "test_grad_mse": 6.336135265883058e-05,
  "best_epoch": 145,
  "time_s": 10.87457275390625,
  "n_epochs_actual": 196,
  "key": "poly_trig_d1_n2048_noise0.1_s456_dml_gradnorm",
  "timestamp": "2026-04-08T15:00:38.448426"
}