{
  "method": "dml_relobralo",
  "func_type": "poly_trig",
  "dim": 100,
  "n_samples": 8192,
  "noise_level": 0.0,
  "seed": 456,
  "lambda": 1.0,
  "test_value_mse": 3.0079452991485596,
  "test_grad_mse": 0.5706459879875183,
  "best_epoch": 36,
  "time_s": 10.310319900512695,
  "n_epochs_actual": 87,
  "key": "poly_trig_d100_n8192_noise0.0_s456_dml_relobralo",
  "timestamp": "2026-04-26T10:45:19.125226"
}