{
  "method": "dml_fixed",
  "func_type": "poly_trig",
  "dim": 10,
  "n_samples": 8192,
  "noise_level": 0.2,
  "seed": 789,
  "lambda": 1.0,
  "test_value_mse": 0.0011627848725765944,
  "test_grad_mse": 0.003023176919668913,
  "best_epoch": 247,
  "time_s": 21.67824935913086,
  "n_epochs_actual": 298,
  "key": "poly_trig_d10_n8192_noise0.2_s789_dml_fixed",
  "timestamp": "2026-04-10T04:26:30.098645"
}