{
  "method": "dml_fixed",
  "func_type": "poly_trig",
  "dim": 2,
  "n_samples": 8192,
  "noise_level": 0.1,
  "seed": 456,
  "lambda": 1.0,
  "test_value_mse": 1.346069211649592e-06,
  "test_grad_mse": 6.022548768669367e-05,
  "best_epoch": 203,
  "time_s": 17.681501388549805,
  "n_epochs_actual": 254,
  "key": "poly_trig_d2_n8192_noise0.1_s456_dml_fixed",
  "timestamp": "2026-04-09T08:38:00.384257"
}