{
  "method": "vanilla",
  "func_type": "poly_trig",
  "dim": 20,
  "n_samples": 8192,
  "noise_level": 0.0,
  "seed": 789,
  "lambda": 1.0,
  "test_value_mse": 0.15034286677837372,
  "test_grad_mse": 0.19020113348960876,
  "best_epoch": 200,
  "time_s": 17.042619705200195,
  "n_epochs_actual": 251,
  "key": "poly_trig_d20_n8192_noise0.0_s789_vanilla",
  "timestamp": "2026-04-10T08:39:20.439697"
}