{
  "method": "dml_fixed",
  "func_type": "poly_trig",
  "dim": 20,
  "n_samples": 8192,
  "noise_level": 0.05,
  "seed": 1000,
  "lambda": 1.0,
  "test_value_mse": 0.0014878903748467565,
  "test_grad_mse": 0.0017978308023884892,
  "best_epoch": 991,
  "time_s": 72.61141800880432,
  "n_epochs_actual": 1000,
  "key": "poly_trig_d20_n8192_noise0.05_s1000_dml_fixed",
  "timestamp": "2026-04-10T11:46:54.344548"
}