{
  "method": "baseline_gp",
  "func_type": "poly_trig",
  "dim": 10,
  "n_samples": 8192,
  "noise_level": 0.0,
  "seed": 1000,
  "lambda": 1.0,
  "test_value_mse": 0.00022961752888785893,
  "test_grad_mse": 0.01153508979675041,
  "time_s": 947.304016828537,
  "key": "poly_trig_d10_n8192_noise0.0_s1000_baseline_gp",
  "timestamp": "2026-04-09T23:19:37.555103"
}