{
  "method": "dml_relobralo",
  "func_type": "poly_trig",
  "dim": 1,
  "n_samples": 256,
  "noise_level": 0.1,
  "seed": 123,
  "lambda": 1.0,
  "test_value_mse": 0.00013299184502102435,
  "test_grad_mse": 0.000738896953407675,
  "best_epoch": 81,
  "time_s": 2.895638942718506,
  "n_epochs_actual": 132,
  "key": "poly_trig_d1_n256_noise0.1_s123_dml_relobralo",
  "timestamp": "2026-04-26T08:57:27.413428"
}