{
  "method": "baseline_krr",
  "func_type": "poly_trig",
  "dim": 1,
  "n_samples": 1024,
  "noise_level": 0.1,
  "seed": 42,
  "lambda": 1.0,
  "test_value_mse": 0.00026359764160588384,
  "test_grad_mse": 0.03362541716365707,
  "time_s": 0.016907930374145508,
  "key": "poly_trig_d1_n1024_noise0.1_s42_baseline_krr",
  "timestamp": "2026-04-08T14:13:33.939405"
}