{
  "method": "dml_gradnorm",
  "func_type": "poly_trig",
  "dim": 1,
  "n_samples": 512,
  "noise_level": 0.05,
  "seed": 789,
  "lambda": 1.0,
  "test_value_mse": 3.0787961691203236e-07,
  "test_grad_mse": 2.3726053768768907e-05,
  "best_epoch": 116,
  "time_s": 6.073596000671387,
  "n_epochs_actual": 167,
  "key": "poly_trig_d1_n512_noise0.05_s789_dml_gradnorm",
  "timestamp": "2026-04-08T13:45:06.248499"
}