{
  "method": "dml_gradnorm",
  "func_type": "poly_trig",
  "dim": 1,
  "n_samples": 512,
  "noise_level": 0.1,
  "seed": 1000,
  "lambda": 1.0,
  "test_value_mse": 2.5952604119083844e-05,
  "test_grad_mse": 0.0001624522847123444,
  "best_epoch": 154,
  "time_s": 6.599592447280884,
  "n_epochs_actual": 205,
  "key": "poly_trig_d1_n512_noise0.1_s1000_dml_gradnorm",
  "timestamp": "2026-04-08T13:48:42.573191"
}