{
  "method": "baseline_krr",
  "func_type": "poly_trig",
  "dim": 1,
  "n_samples": 8192,
  "noise_level": 0.2,
  "seed": 789,
  "lambda": 1.0,
  "test_value_mse": 1.5926556443446316e-05,
  "test_grad_mse": 0.003408157251829061,
  "time_s": 2.308148145675659,
  "key": "poly_trig_d1_n8192_noise0.2_s789_baseline_krr",
  "timestamp": "2026-04-09T01:08:22.804550"
}