{
  "method": "dml_relobralo",
  "func_type": "poly_trig",
  "dim": 1,
  "n_samples": 4096,
  "noise_level": 0.2,
  "seed": 1000,
  "lambda": 1.0,
  "test_value_mse": 0.00014045427087694407,
  "test_grad_mse": 0.0018014386296272278,
  "best_epoch": 60,
  "time_s": 5.7679924964904785,
  "n_epochs_actual": 111,
  "key": "poly_trig_d1_n4096_noise0.2_s1000_dml_relobralo",
  "timestamp": "2026-04-26T09:12:34.743390"
}