{
  "method": "dml_gradnorm",
  "func_type": "poly_trig",
  "dim": 5,
  "n_samples": 8192,
  "noise_level": 0.2,
  "seed": 789,
  "lambda": 1.0,
  "test_value_mse": 0.0002799105131998658,
  "test_grad_mse": 0.0022360708098858595,
  "best_epoch": 64,
  "time_s": 18.820841073989868,
  "n_epochs_actual": 115,
  "key": "poly_trig_d5_n8192_noise0.2_s789_dml_gradnorm",
  "timestamp": "2026-04-09T19:17:28.511763"
}