{
  "method": "dml_relobralo",
  "func_type": "poly_trig",
  "dim": 2,
  "n_samples": 8192,
  "noise_level": 0.05,
  "seed": 789,
  "lambda": 1.0,
  "test_value_mse": 4.90940283270902e-06,
  "test_grad_mse": 8.167986379703507e-05,
  "best_epoch": 94,
  "time_s": 14.840683937072754,
  "n_epochs_actual": 145,
  "key": "poly_trig_d2_n8192_noise0.05_s789_dml_relobralo",
  "timestamp": "2026-04-26T09:25:23.638206"
}