{
  "method": "baseline_gp",
  "func_type": "poly_trig",
  "dim": 5,
  "n_samples": 8192,
  "noise_level": 0.0,
  "seed": 123,
  "lambda": 1.0,
  "test_value_mse": 1.2432139396900772e-07,
  "test_grad_mse": 3.679305336690065e-06,
  "time_s": 913.0205743312836,
  "key": "poly_trig_d5_n8192_noise0.0_s123_baseline_gp",
  "timestamp": "2026-04-09T14:40:20.833552"
}