{
  "method": "dml_gradnorm",
  "func_type": "poly_trig",
  "dim": 50,
  "n_samples": 8192,
  "noise_level": 0.05,
  "seed": 42,
  "lambda": 1.0,
  "test_value_mse": 0.08981197327375412,
  "test_grad_mse": 0.028585398569703102,
  "best_epoch": 472,
  "time_s": 50.9009804725647,
  "n_epochs_actual": 523,
  "key": "poly_trig_d50_n8192_noise0.05_s42_dml_gradnorm",
  "timestamp": "2026-04-10T18:48:26.875929"
}