{
  "method": "vanilla",
  "func_type": "poly_trig",
  "dim": 1,
  "n_samples": 512,
  "noise_level": 0.1,
  "seed": 789,
  "lambda": 1.0,
  "test_value_mse": 8.471753972116858e-06,
  "test_grad_mse": 0.002233338076621294,
  "best_epoch": 174,
  "time_s": 4.08561635017395,
  "n_epochs_actual": 225,
  "key": "poly_trig_d1_n512_noise0.1_s789_vanilla",
  "timestamp": "2026-04-08T13:47:20.756646"
}