{
  "method": "vanilla",
  "func_type": "poly_trig",
  "dim": 1,
  "n_samples": 8192,
  "noise_level": 0.5,
  "seed": 456,
  "lambda": 1.0,
  "test_value_mse": 6.752227932338428e-08,
  "test_grad_mse": 4.1857951146084815e-05,
  "best_epoch": 998,
  "time_s": 62.48798227310181,
  "n_epochs_actual": 1000,
  "key": "poly_trig_d1_n8192_noise0.5_s456_vanilla",
  "timestamp": "2026-04-09T02:03:48.569829"
}