{
  "method": "dml_fixed",
  "func_type": "poly_trig",
  "dim": 50,
  "n_samples": 8192,
  "noise_level": 0.05,
  "seed": 1000,
  "lambda": 1.0,
  "test_value_mse": 0.06307681649923325,
  "test_grad_mse": 0.020872170105576515,
  "best_epoch": 999,
  "time_s": 57.98321747779846,
  "n_epochs_actual": 1000,
  "key": "poly_trig_d50_n8192_noise0.05_s1000_dml_fixed",
  "timestamp": "2026-04-10T18:58:12.465143"
}