{
  "method": "dml_gradnorm",
  "func_type": "poly_trig",
  "dim": 100,
  "n_samples": 8192,
  "noise_level": 0.1,
  "seed": 42,
  "lambda": 1.0,
  "test_value_mse": 0.3263966739177704,
  "test_grad_mse": 0.04984099417924881,
  "best_epoch": 997,
  "time_s": 152.7953279018402,
  "n_epochs_actual": 1000,
  "key": "poly_trig_d100_n8192_noise0.1_s42_dml_gradnorm",
  "timestamp": "2026-04-10T20:35:31.832793"
}