{
  "method": "dml_fixed",
  "func_type": "poly_trig",
  "dim": 50,
  "n_samples": 4096,
  "noise_level": 0.0,
  "seed": 789,
  "lambda": 0.001,
  "test_value_mse": 1.3112504482269287,
  "test_grad_mse": 0.5102802515029907,
  "best_epoch": 51,
  "time_s": 3.950577735900879,
  "n_epochs_actual": 102,
  "key": "poly_trig_d50_n4096_noise0.0_s789_dml_fixed_lam0.001",
  "timestamp": "2026-04-10T18:30:06.547938"
}