{
  "method": "baseline_rf",
  "func_type": "poly_trig",
  "dim": 1,
  "n_samples": 2048,
  "noise_level": 0.2,
  "seed": 789,
  "lambda": 1.0,
  "test_value_mse": 2.0108042526357262e-06,
  "test_grad_mse": 14.272653694038114,
  "time_s": 0.612476110458374,
  "key": "poly_trig_d1_n2048_noise0.2_s789_baseline_rf",
  "timestamp": "2026-04-08T15:14:57.583458"
}