{
  "method": "dml_relobralo",
  "func_type": "poly_trig",
  "dim": 1,
  "n_samples": 1024,
  "noise_level": 0.2,
  "seed": 456,
  "lambda": 1.0,
  "test_value_mse": 1.83164156624116e-05,
  "test_grad_mse": 0.0001868057152023539,
  "best_epoch": 111,
  "time_s": 3.8989455699920654,
  "n_epochs_actual": 162,
  "key": "poly_trig_d1_n1024_noise0.2_s456_dml_relobralo",
  "timestamp": "2026-04-26T09:03:15.963320"
}