{
  "method": "baseline_rf",
  "func_type": "poly_trig",
  "dim": 1,
  "n_samples": 256,
  "noise_level": 0.1,
  "seed": 1000,
  "lambda": 1.0,
  "test_value_mse": 0.00010103428062855759,
  "test_grad_mse": 0.8132432812919994,
  "time_s": 0.6760156154632568,
  "key": "poly_trig_d1_n256_noise0.1_s1000_baseline_rf",
  "timestamp": "2026-04-08T13:33:47.122371"
}