{
  "method": "dml_fixed",
  "func_type": "poly_trig",
  "dim": 50,
  "n_samples": 8192,
  "noise_level": 0.2,
  "seed": 42,
  "lambda": 1.0,
  "test_value_mse": 0.05545048415660858,
  "test_grad_mse": 0.019998420029878616,
  "best_epoch": 999,
  "time_s": 61.88227438926697,
  "n_epochs_actual": 1000,
  "key": "poly_trig_d50_n8192_noise0.2_s42_dml_fixed",
  "timestamp": "2026-04-10T19:14:57.571431"
}