{
  "method": "dml_relobralo",
  "func_type": "poly_trig",
  "dim": 1,
  "n_samples": 8192,
  "noise_level": 0.2,
  "seed": 789,
  "lambda": 1.0,
  "test_value_mse": 1.5386222003144212e-06,
  "test_grad_mse": 3.6567314964486286e-05,
  "best_epoch": 100,
  "time_s": 13.72299599647522,
  "n_epochs_actual": 151,
  "key": "poly_trig_d1_n8192_noise0.2_s789_dml_relobralo",
  "timestamp": "2026-04-26T09:19:28.593614"
}