{
  "method": "dml_gradnorm",
  "func_type": "poly_trig",
  "dim": 1,
  "n_samples": 2048,
  "noise_level": 0.5,
  "seed": 456,
  "lambda": 1.0,
  "test_value_mse": 0.0002057482925010845,
  "test_grad_mse": 0.0014208731008693576,
  "best_epoch": 43,
  "time_s": 6.442775249481201,
  "n_epochs_actual": 94,
  "key": "poly_trig_d1_n2048_noise0.5_s456_dml_gradnorm",
  "timestamp": "2026-04-08T15:21:12.400452"
}