{
  "method": "vanilla",
  "func_type": "poly_trig",
  "dim": 2,
  "n_samples": 8192,
  "noise_level": 0.0,
  "seed": 456,
  "lambda": 1.0,
  "test_value_mse": 8.68735469339299e-07,
  "test_grad_mse": 0.0001749664661474526,
  "best_epoch": 734,
  "time_s": 44.30506181716919,
  "n_epochs_actual": 785,
  "key": "poly_trig_d2_n8192_noise0.0_s456_vanilla",
  "timestamp": "2026-04-09T04:19:18.161491"
}