{
  "method": "baseline_rf",
  "func_type": "poly_trig",
  "dim": 1,
  "n_samples": 8192,
  "noise_level": 0.0,
  "seed": 456,
  "lambda": 1.0,
  "test_value_mse": 1.1919997584235625e-07,
  "test_grad_mse": 12.362231363684373,
  "time_s": 1.138655185699463,
  "key": "poly_trig_d1_n8192_noise0.0_s456_baseline_rf",
  "timestamp": "2026-04-08T18:53:10.745592"
}