{
  "method": "baseline_gp",
  "func_type": "poly_trig",
  "dim": 1,
  "n_samples": 1024,
  "noise_level": 0.2,
  "seed": 1000,
  "lambda": 1.0,
  "test_value_mse": 1.5641486485848106e-09,
  "test_grad_mse": 1.4814697517283096e-06,
  "time_s": 44.12588715553284,
  "key": "poly_trig_d1_n1024_noise0.2_s1000_baseline_gp",
  "timestamp": "2026-04-08T14:24:47.572812"
}