{
  "method": "dml_gradnorm",
  "func_type": "poly_trig",
  "dim": 1,
  "n_samples": 256,
  "noise_level": 0.05,
  "seed": 456,
  "lambda": 1.0,
  "test_value_mse": 1.0510756283110823e-06,
  "test_grad_mse": 2.9540735340560786e-05,
  "best_epoch": 149,
  "time_s": 6.222078561782837,
  "n_epochs_actual": 200,
  "key": "poly_trig_d1_n256_noise0.05_s456_dml_gradnorm",
  "timestamp": "2026-04-08T13:30:03.180135"
}