{
  "method": "dml_relobralo",
  "func_type": "poly_trig",
  "dim": 1,
  "n_samples": 1024,
  "noise_level": 0.05,
  "seed": 123,
  "lambda": 1.0,
  "test_value_mse": 2.815510811160493e-07,
  "test_grad_mse": 3.222765008104034e-05,
  "best_epoch": 436,
  "time_s": 11.100729703903198,
  "n_epochs_actual": 487,
  "key": "poly_trig_d1_n1024_noise0.05_s123_dml_relobralo",
  "timestamp": "2026-04-26T09:02:10.815546"
}