{
  "method": "dml_fixed",
  "func_type": "poly_trig",
  "dim": 2,
  "n_samples": 4096,
  "noise_level": 0.0,
  "seed": 1000,
  "lambda": 0.001,
  "test_value_mse": 7.909553119134216e-07,
  "test_grad_mse": 0.0002098390250466764,
  "best_epoch": 812,
  "time_s": 34.276312828063965,
  "n_epochs_actual": 863,
  "key": "poly_trig_d2_n4096_noise0.0_s1000_dml_fixed_lam0.001",
  "timestamp": "2026-04-09T03:33:14.109923"
}