{
  "method": "baseline_rf",
  "func_type": "poly_trig",
  "dim": 1,
  "n_samples": 2048,
  "noise_level": 0.0,
  "seed": 42,
  "lambda": 1.0,
  "test_value_mse": 3.8086387286815648e-06,
  "test_grad_mse": 49.02147425482693,
  "time_s": 0.6096019744873047,
  "key": "poly_trig_d1_n2048_noise0.0_s42_baseline_rf",
  "timestamp": "2026-04-08T14:33:44.223941"
}