{
  "method": "baseline_gp",
  "func_type": "poly_trig",
  "dim": 1,
  "n_samples": 8192,
  "noise_level": 0.5,
  "seed": 456,
  "lambda": 1.0,
  "test_value_mse": 6.072260447334417e-10,
  "test_grad_mse": 1.3592076172515828e-06,
  "time_s": 1519.471366405487,
  "key": "poly_trig_d1_n8192_noise0.5_s456_baseline_gp",
  "timestamp": "2026-04-09T02:29:31.823880"
}