{
  "method": "baseline_gp",
  "func_type": "poly_trig",
  "dim": 2,
  "n_samples": 8192,
  "noise_level": 0.2,
  "seed": 123,
  "lambda": 1.0,
  "test_value_mse": 3.4558393070775357e-09,
  "test_grad_mse": 1.5842564831078428e-06,
  "time_s": 1128.6463499069214,
  "key": "poly_trig_d2_n8192_noise0.2_s123_baseline_gp",
  "timestamp": "2026-04-09T10:40:24.460126"
}