{
  "method": "dml_relobralo",
  "func_type": "poly_trig",
  "dim": 20,
  "n_samples": 8192,
  "noise_level": 0.5,
  "seed": 42,
  "lambda": 1.0,
  "test_value_mse": 0.021978046745061874,
  "test_grad_mse": 0.028405508026480675,
  "best_epoch": 235,
  "time_s": 26.10117244720459,
  "n_epochs_actual": 286,
  "key": "poly_trig_d20_n8192_noise0.5_s42_dml_relobralo",
  "timestamp": "2026-04-26T10:34:09.417811"
}