{
  "method": "baseline_rf",
  "func_type": "poly_trig",
  "dim": 1,
  "n_samples": 1024,
  "noise_level": 0.05,
  "seed": 42,
  "lambda": 1.0,
  "test_value_mse": 7.57371115101271e-06,
  "test_grad_mse": 5.016695968501681,
  "time_s": 0.6784176826477051,
  "key": "poly_trig_d1_n1024_noise0.05_s42_baseline_rf",
  "timestamp": "2026-04-08T14:04:08.839550"
}