{
  "method": "baseline_rf",
  "func_type": "poly_trig",
  "dim": 1,
  "n_samples": 512,
  "noise_level": 0.1,
  "seed": 789,
  "lambda": 1.0,
  "test_value_mse": 4.33723551609685e-05,
  "test_grad_mse": 1.0241015920063568,
  "time_s": 0.44424986839294434,
  "key": "poly_trig_d1_n512_noise0.1_s789_baseline_rf",
  "timestamp": "2026-04-08T13:48:24.706135"
}