{
  "method": "dml_fixed",
  "func_type": "poly_trig",
  "dim": 100,
  "n_samples": 8192,
  "noise_level": 0.0,
  "seed": 42,
  "lambda": 1.0,
  "test_value_mse": 0.49272921681404114,
  "test_grad_mse": 0.06865047663450241,
  "best_epoch": 999,
  "time_s": 81.97150444984436,
  "n_epochs_actual": 1000,
  "key": "poly_trig_d100_n8192_noise0.0_s42_dml_fixed",
  "timestamp": "2026-04-10T19:50:31.456775"
}