{
  "method": "dml_fixed",
  "func_type": "poly_trig",
  "dim": 100,
  "n_samples": 8192,
  "noise_level": 0.5,
  "seed": 789,
  "lambda": 1.0,
  "test_value_mse": 0.9161000847816467,
  "test_grad_mse": 0.12233573943376541,
  "best_epoch": 963,
  "time_s": 75.43890142440796,
  "n_epochs_actual": 1000,
  "key": "poly_trig_d100_n8192_noise0.5_s789_dml_fixed",
  "timestamp": "2026-04-10T21:25:51.849480"
}