{
  "method": "baseline_krr",
  "func_type": "poly_trig",
  "dim": 2,
  "n_samples": 8192,
  "noise_level": 0.5,
  "seed": 1000,
  "lambda": 1.0,
  "test_value_mse": 0.0014863346004858613,
  "test_grad_mse": 0.07155350448615874,
  "time_s": 1.2227733135223389,
  "key": "poly_trig_d2_n8192_noise0.5_s1000_baseline_krr",
  "timestamp": "2026-04-09T14:05:57.527801"
}