{
  "method": "dml_fixed",
  "func_type": "poly_trig",
  "dim": 1,
  "n_samples": 256,
  "noise_level": 0.0,
  "seed": 789,
  "lambda": 1.0,
  "test_value_mse": 3.8972622462551954e-08,
  "test_grad_mse": 3.7197100937191863e-06,
  "best_epoch": 282,
  "time_s": 13.550465822219849,
  "n_epochs_actual": 333,
  "key": "poly_trig_d1_n256_noise0.0_s789_dml_fixed",
  "timestamp": "2026-04-08T13:26:52.294820"
}