{
  "method": "dml_relobralo",
  "func_type": "poly_trig",
  "dim": 50,
  "n_samples": 8192,
  "noise_level": 0.5,
  "seed": 456,
  "lambda": 1.0,
  "test_value_mse": 0.7178214192390442,
  "test_grad_mse": 0.3759186863899231,
  "best_epoch": 66,
  "time_s": 11.628864526748657,
  "n_epochs_actual": 117,
  "key": "poly_trig_d50_n8192_noise0.5_s456_dml_relobralo",
  "timestamp": "2026-04-26T10:43:40.491528"
}