{
  "method": "baseline_rf",
  "func_type": "poly_trig",
  "dim": 1,
  "n_samples": 512,
  "noise_level": 0.2,
  "seed": 42,
  "lambda": 1.0,
  "test_value_mse": 7.370576843897315e-05,
  "test_grad_mse": 109.46999920413016,
  "time_s": 0.678816556930542,
  "key": "poly_trig_d1_n512_noise0.2_s42_baseline_rf",
  "timestamp": "2026-04-08T13:49:16.415691"
}