{
  "method": "dml_relobralo",
  "func_type": "poly_trig",
  "dim": 1,
  "n_samples": 512,
  "noise_level": 0.1,
  "seed": 123,
  "lambda": 1.0,
  "test_value_mse": 2.3413256258209003e-06,
  "test_grad_mse": 0.00015207147225737572,
  "best_epoch": 166,
  "time_s": 4.713753700256348,
  "n_epochs_actual": 217,
  "key": "poly_trig_d1_n512_noise0.1_s123_dml_relobralo",
  "timestamp": "2026-04-26T09:00:04.132193"
}