{
  "method": "dml_gradnorm",
  "func_type": "poly_trig",
  "dim": 1,
  "n_samples": 2048,
  "noise_level": 0.1,
  "seed": 123,
  "lambda": 1.0,
  "test_value_mse": 3.5330151604284765e-06,
  "test_grad_mse": 4.590923708747141e-05,
  "best_epoch": 95,
  "time_s": 9.064247608184814,
  "n_epochs_actual": 146,
  "key": "poly_trig_d1_n2048_noise0.1_s123_dml_gradnorm",
  "timestamp": "2026-04-08T14:58:56.348775"
}