{
  "method": "dml_fixed",
  "func_type": "poly_trig",
  "dim": 5,
  "n_samples": 8192,
  "noise_level": 0.05,
  "seed": 1000,
  "lambda": 1.0,
  "test_value_mse": 1.9506827811710536e-05,
  "test_grad_mse": 0.000226481759455055,
  "best_epoch": 463,
  "time_s": 38.09569334983826,
  "n_epochs_actual": 514,
  "key": "poly_trig_d5_n8192_noise0.05_s1000_dml_fixed",
  "timestamp": "2026-04-09T16:40:33.120012"
}