{
  "method": "dml_gradnorm",
  "func_type": "poly_trig",
  "dim": 1,
  "n_samples": 256,
  "noise_level": 0.1,
  "seed": 789,
  "lambda": 1.0,
  "test_value_mse": 3.1948413834470557e-06,
  "test_grad_mse": 4.96924840263091e-05,
  "best_epoch": 120,
  "time_s": 4.726055145263672,
  "n_epochs_actual": 171,
  "key": "poly_trig_d1_n256_noise0.1_s789_dml_gradnorm",
  "timestamp": "2026-04-08T13:33:09.081546"
}