{
  "method": "dml_gradnorm",
  "func_type": "poly_trig",
  "dim": 50,
  "n_samples": 8192,
  "noise_level": 0.2,
  "seed": 456,
  "lambda": 1.0,
  "test_value_mse": 0.055206865072250366,
  "test_grad_mse": 0.01632576622068882,
  "best_epoch": 977,
  "time_s": 119.84468245506287,
  "n_epochs_actual": 1000,
  "key": "poly_trig_d50_n8192_noise0.2_s456_dml_gradnorm",
  "timestamp": "2026-04-10T19:23:18.654208"
}