{
  "method": "dml_relobralo",
  "func_type": "poly_trig",
  "dim": 10,
  "n_samples": 8192,
  "noise_level": 0.0,
  "seed": 789,
  "lambda": 1.0,
  "test_value_mse": 0.00019952194998040795,
  "test_grad_mse": 0.0009177425527013838,
  "best_epoch": 991,
  "time_s": 86.11739993095398,
  "n_epochs_actual": 1000,
  "key": "poly_trig_d10_n8192_noise0.0_s789_dml_relobralo",
  "timestamp": "2026-04-26T09:51:52.675421"
}