{
  "method": "dml_fixed",
  "func_type": "poly_trig",
  "dim": 1,
  "n_samples": 8192,
  "noise_level": 0.05,
  "seed": 456,
  "lambda": 1.0,
  "test_value_mse": 2.997887804667698e-07,
  "test_grad_mse": 6.782054697396234e-06,
  "best_epoch": 159,
  "time_s": 15.189224481582642,
  "n_epochs_actual": 210,
  "key": "poly_trig_d1_n8192_noise0.05_s456_dml_fixed",
  "timestamp": "2026-04-08T20:28:53.629647"
}