{
  "method": "baseline_gp",
  "func_type": "poly_trig",
  "dim": 1,
  "n_samples": 1024,
  "noise_level": 0.2,
  "seed": 42,
  "lambda": 1.0,
  "test_value_mse": 2.4692948374185375e-09,
  "test_grad_mse": 1.671797905755789e-06,
  "time_s": 18.558249950408936,
  "key": "poly_trig_d1_n1024_noise0.2_s42_baseline_gp",
  "timestamp": "2026-04-08T14:19:01.511241"
}