{
  "method": "baseline_rf",
  "func_type": "poly_trig",
  "dim": 2,
  "n_samples": 8192,
  "noise_level": 0.0,
  "seed": 123,
  "lambda": 1.0,
  "test_value_mse": 0.00019517021899048546,
  "test_grad_mse": 46.945020398017256,
  "time_s": 2.009967803955078,
  "key": "poly_trig_d2_n8192_noise0.0_s123_baseline_rf",
  "timestamp": "2026-04-09T04:18:33.713461"
}