{
  "method": "baseline_rf",
  "func_type": "poly_trig",
  "dim": 1,
  "n_samples": 2048,
  "noise_level": 0.0,
  "seed": 1000,
  "lambda": 1.0,
  "test_value_mse": 1.5533333618671237e-06,
  "test_grad_mse": 20.97484905336654,
  "time_s": 0.5116298198699951,
  "key": "poly_trig_d1_n2048_noise0.0_s1000_baseline_rf",
  "timestamp": "2026-04-08T14:45:57.734295"
}