{
  "method": "dml_gradnorm",
  "func_type": "poly_trig",
  "dim": 1,
  "n_samples": 256,
  "noise_level": 0.1,
  "seed": 456,
  "lambda": 1.0,
  "test_value_mse": 2.195872184529435e-06,
  "test_grad_mse": 8.789631829131395e-05,
  "best_epoch": 190,
  "time_s": 7.308189153671265,
  "n_epochs_actual": 241,
  "key": "poly_trig_d1_n256_noise0.1_s456_dml_gradnorm",
  "timestamp": "2026-04-08T13:32:42.434692"
}