{
  "method": "dml_fixed",
  "func_type": "poly_trig",
  "dim": 5,
  "n_samples": 8192,
  "noise_level": 0.5,
  "seed": 123,
  "lambda": 1.0,
  "test_value_mse": 0.0007484079687856138,
  "test_grad_mse": 0.003939380403608084,
  "best_epoch": 96,
  "time_s": 11.105384111404419,
  "n_epochs_actual": 147,
  "key": "poly_trig_d5_n8192_noise0.5_s123_dml_fixed",
  "timestamp": "2026-04-09T20:04:02.622402"
}