{
  "method": "dml_fixed",
  "func_type": "poly_trig",
  "dim": 100,
  "n_samples": 8192,
  "noise_level": 0.0,
  "seed": 1000,
  "lambda": 1.0,
  "test_value_mse": 0.459496408700943,
  "test_grad_mse": 0.06820172071456909,
  "best_epoch": 982,
  "time_s": 81.61129975318909,
  "n_epochs_actual": 1000,
  "key": "poly_trig_d100_n8192_noise0.0_s1000_dml_fixed",
  "timestamp": "2026-04-10T20:07:34.535802"
}