{
  "method": "baseline_rf",
  "func_type": "poly_trig",
  "dim": 10,
  "n_samples": 8192,
  "noise_level": 0.2,
  "seed": 456,
  "lambda": 1.0,
  "test_value_mse": 0.1957714879913099,
  "test_grad_mse": 185.60911272883564,
  "time_s": 2.0726449489593506,
  "key": "poly_trig_d10_n8192_noise0.2_s456_baseline_rf",
  "timestamp": "2026-04-10T04:25:18.854934"
}