{
  "method": "baseline_krr",
  "func_type": "poly_trig",
  "dim": 1,
  "n_samples": 1024,
  "noise_level": 0.1,
  "seed": 456,
  "lambda": 1.0,
  "test_value_mse": 2.5736750103533268e-05,
  "test_grad_mse": 0.001399156889657405,
  "time_s": 0.024914264678955078,
  "key": "poly_trig_d1_n1024_noise0.1_s456_baseline_krr",
  "timestamp": "2026-04-08T14:15:21.650413"
}