{
  "method": "baseline_rf",
  "func_type": "poly_trig",
  "dim": 1,
  "n_samples": 2048,
  "noise_level": 0.5,
  "seed": 1000,
  "lambda": 1.0,
  "test_value_mse": 1.5533333618671316e-06,
  "test_grad_mse": 20.974849053355594,
  "time_s": 0.7269413471221924,
  "key": "poly_trig_d1_n2048_noise0.5_s1000_baseline_rf",
  "timestamp": "2026-04-08T15:27:35.185523"
}