{
  "method": "dml_relobralo",
  "func_type": "poly_trig",
  "dim": 1,
  "n_samples": 512,
  "noise_level": 0.2,
  "seed": 789,
  "lambda": 1.0,
  "test_value_mse": 3.4793497434293386e-06,
  "test_grad_mse": 0.00023585953749716282,
  "best_epoch": 112,
  "time_s": 3.4228482246398926,
  "n_epochs_actual": 163,
  "key": "poly_trig_d1_n512_noise0.2_s789_dml_relobralo",
  "timestamp": "2026-04-26T09:00:28.216241"
}