{
  "method": "dml_relobralo",
  "func_type": "poly_trig",
  "dim": 1,
  "n_samples": 2048,
  "noise_level": 0.05,
  "seed": 789,
  "lambda": 1.0,
  "test_value_mse": 4.729647287149419e-07,
  "test_grad_mse": 1.7165171811939217e-05,
  "best_epoch": 195,
  "time_s": 9.021560430526733,
  "n_epochs_actual": 246,
  "key": "poly_trig_d1_n2048_noise0.05_s789_dml_relobralo",
  "timestamp": "2026-04-26T09:06:36.709404"
}