{
  "method": "dml_fixed",
  "func_type": "poly_trig",
  "dim": 2,
  "n_samples": 4096,
  "noise_level": 0.0,
  "seed": 1000,
  "lambda": 0.1,
  "test_value_mse": 7.510069366389871e-08,
  "test_grad_mse": 1.1780660315707792e-05,
  "best_epoch": 993,
  "time_s": 39.6089825630188,
  "n_epochs_actual": 1000,
  "key": "poly_trig_d2_n4096_noise0.0_s1000_dml_fixed_lam0.1",
  "timestamp": "2026-04-09T03:34:36.004743"
}