{
  "method": "dml_fixed",
  "func_type": "poly_trig",
  "dim": 1,
  "n_samples": 256,
  "noise_level": 0.5,
  "seed": 456,
  "lambda": 1.0,
  "test_value_mse": 0.0013574797194451094,
  "test_grad_mse": 0.004865286406129599,
  "best_epoch": 32,
  "time_s": 2.34828782081604,
  "n_epochs_actual": 83,
  "key": "poly_trig_d1_n256_noise0.5_s456_dml_fixed",
  "timestamp": "2026-04-08T13:37:01.357879"
}