{
  "method": "dml_gradnorm",
  "func_type": "poly_trig",
  "dim": 1,
  "n_samples": 256,
  "noise_level": 0.2,
  "seed": 1000,
  "lambda": 1.0,
  "test_value_mse": 0.00029003978124819696,
  "test_grad_mse": 0.0015339733799919486,
  "best_epoch": 78,
  "time_s": 4.638787508010864,
  "n_epochs_actual": 129,
  "key": "poly_trig_d1_n256_noise0.2_s1000_dml_gradnorm",
  "timestamp": "2026-04-08T13:36:08.918701"
}