{
  "method": "dml_relobralo",
  "func_type": "poly_trig",
  "dim": 100,
  "n_samples": 8192,
  "noise_level": 0.5,
  "seed": 456,
  "lambda": 1.0,
  "test_value_mse": 2.937432050704956,
  "test_grad_mse": 0.5938542485237122,
  "best_epoch": 33,
  "time_s": 8.19350266456604,
  "n_epochs_actual": 84,
  "key": "poly_trig_d100_n8192_noise0.5_s456_dml_relobralo",
  "timestamp": "2026-04-26T10:49:01.095374"
}