{
  "method": "dml_gradnorm",
  "func_type": "poly_trig",
  "dim": 2,
  "n_samples": 8192,
  "noise_level": 0.1,
  "seed": 42,
  "lambda": 1.0,
  "test_value_mse": 2.6478772269911133e-05,
  "test_grad_mse": 0.00032251968514174223,
  "best_epoch": 59,
  "time_s": 16.2266104221344,
  "n_epochs_actual": 110,
  "key": "poly_trig_d2_n8192_noise0.1_s42_dml_gradnorm",
  "timestamp": "2026-04-09T08:02:05.191189"
}