{
  "method": "baseline_rf",
  "func_type": "poly_trig",
  "dim": 10,
  "n_samples": 8192,
  "noise_level": 0.5,
  "seed": 42,
  "lambda": 1.0,
  "test_value_mse": 0.23637237460250987,
  "test_grad_mse": 153.4584101357475,
  "time_s": 1.7622885704040527,
  "key": "poly_trig_d10_n8192_noise0.5_s42_baseline_rf",
  "timestamp": "2026-04-10T05:24:35.051550"
}