{
  "method": "dml_relobralo",
  "func_type": "poly_trig",
  "dim": 1,
  "n_samples": 8192,
  "noise_level": 0.1,
  "seed": 789,
  "lambda": 1.0,
  "test_value_mse": 2.824762759701116e-06,
  "test_grad_mse": 1.5649438864784315e-05,
  "best_epoch": 91,
  "time_s": 13.277486801147461,
  "n_epochs_actual": 142,
  "key": "poly_trig_d1_n8192_noise0.1_s789_dml_relobralo",
  "timestamp": "2026-04-26T09:18:25.796495"
}