{
  "method": "dml_fixed",
  "func_type": "poly_trig",
  "dim": 1,
  "n_samples": 8192,
  "noise_level": 0.05,
  "seed": 123,
  "lambda": 1.0,
  "test_value_mse": 1.2799910109606571e-07,
  "test_grad_mse": 3.4806525945896283e-06,
  "best_epoch": 211,
  "time_s": 16.74802041053772,
  "n_epochs_actual": 262,
  "key": "poly_trig_d1_n8192_noise0.05_s123_dml_fixed",
  "timestamp": "2026-04-08T20:08:01.999895"
}