{
  "method": "dml_gradnorm",
  "func_type": "poly_trig",
  "dim": 1,
  "n_samples": 1024,
  "noise_level": 0.5,
  "seed": 123,
  "lambda": 1.0,
  "test_value_mse": 9.461469016969204e-05,
  "test_grad_mse": 0.0019186674617230892,
  "best_epoch": 73,
  "time_s": 4.828800916671753,
  "n_epochs_actual": 124,
  "key": "poly_trig_d1_n1024_noise0.5_s123_dml_gradnorm",
  "timestamp": "2026-04-08T14:26:23.921500"
}