{
  "method": "dml_fixed",
  "func_type": "poly_trig",
  "dim": 1,
  "n_samples": 256,
  "noise_level": 0.5,
  "seed": 42,
  "lambda": 1.0,
  "test_value_mse": 0.00032664070022292435,
  "test_grad_mse": 0.011188848875463009,
  "best_epoch": 59,
  "time_s": 2.843404531478882,
  "n_epochs_actual": 110,
  "key": "poly_trig_d1_n256_noise0.5_s42_dml_fixed",
  "timestamp": "2026-04-08T13:36:22.618755"
}