{
  "method": "baseline_gp",
  "func_type": "poly_trig",
  "dim": 1,
  "n_samples": 512,
  "noise_level": 0.0,
  "seed": 42,
  "lambda": 1.0,
  "test_value_mse": 3.8429090143009015e-09,
  "test_grad_mse": 1.9089569312544737e-06,
  "time_s": 1.9590702056884766,
  "key": "poly_trig_d1_n512_noise0.0_s42_baseline_gp",
  "timestamp": "2026-04-08T13:39:14.217142"
}