{
  "method": "baseline_krr",
  "func_type": "poly_trig",
  "dim": 2,
  "n_samples": 8192,
  "noise_level": 0.0,
  "seed": 456,
  "lambda": 1.0,
  "test_value_mse": 5.059363684267737e-05,
  "test_grad_mse": 0.0025190175836139078,
  "time_s": 5.126172780990601,
  "key": "poly_trig_d2_n8192_noise0.0_s456_baseline_krr",
  "timestamp": "2026-04-09T04:39:42.338594"
}