{
  "method": "dml_fixed",
  "func_type": "poly_trig",
  "dim": 1,
  "n_samples": 1024,
  "noise_level": 0.0,
  "seed": 789,
  "lambda": 1.0,
  "test_value_mse": 9.08767248120057e-08,
  "test_grad_mse": 5.053707354818471e-06,
  "best_epoch": 258,
  "time_s": 6.834846019744873,
  "n_epochs_actual": 309,
  "key": "poly_trig_d1_n1024_noise0.0_s789_dml_fixed",
  "timestamp": "2026-04-08T13:58:55.918443"
}