{
  "method": "dml_relobralo",
  "func_type": "poly_trig",
  "dim": 1,
  "n_samples": 512,
  "noise_level": 0.1,
  "seed": 1000,
  "lambda": 1.0,
  "test_value_mse": 1.2328981938480865e-05,
  "test_grad_mse": 0.00019560789223760366,
  "best_epoch": 151,
  "time_s": 4.261637449264526,
  "n_epochs_actual": 202,
  "key": "poly_trig_d1_n512_noise0.1_s1000_dml_relobralo",
  "timestamp": "2026-04-26T09:00:15.672968"
}