{
  "method": "baseline_rf",
  "func_type": "poly_trig",
  "dim": 1,
  "n_samples": 8192,
  "noise_level": 0.2,
  "seed": 123,
  "lambda": 1.0,
  "test_value_mse": 6.966194476113171e-08,
  "test_grad_mse": 3.5575701921991736,
  "time_s": 1.4258959293365479,
  "key": "poly_trig_d1_n8192_noise0.2_s123_baseline_rf",
  "timestamp": "2026-04-09T00:18:59.755835"
}