{
  "method": "dml_relobralo",
  "func_type": "poly_trig",
  "dim": 2,
  "n_samples": 8192,
  "noise_level": 0.0,
  "seed": 789,
  "lambda": 1.0,
  "test_value_mse": 5.423394000558801e-08,
  "test_grad_mse": 5.261633305053692e-06,
  "best_epoch": 397,
  "time_s": 38.533647298812866,
  "n_epochs_actual": 448,
  "key": "poly_trig_d2_n8192_noise0.0_s789_dml_relobralo",
  "timestamp": "2026-04-26T09:23:37.430821"
}