{
  "method": "dml_gradnorm",
  "func_type": "poly_trig",
  "dim": 2,
  "n_samples": 8192,
  "noise_level": 0.0,
  "seed": 789,
  "lambda": 1.0,
  "test_value_mse": 1.3179593416623447e-08,
  "test_grad_mse": 1.864431396825239e-06,
  "best_epoch": 831,
  "time_s": 127.35753297805786,
  "n_epochs_actual": 882,
  "key": "poly_trig_d2_n8192_noise0.0_s789_dml_gradnorm",
  "timestamp": "2026-04-09T04:43:20.802032"
}