{
  "method": "dml_relobralo",
  "func_type": "poly_trig",
  "dim": 1,
  "n_samples": 8192,
  "noise_level": 0.0,
  "seed": 123,
  "lambda": 1.0,
  "test_value_mse": 2.5619190102688094e-10,
  "test_grad_mse": 6.171757860329308e-08,
  "best_epoch": 364,
  "time_s": 37.18459939956665,
  "n_epochs_actual": 415,
  "key": "poly_trig_d1_n8192_noise0.0_s123_dml_relobralo",
  "timestamp": "2026-04-26T09:14:19.423159"
}