{
  "method": "dml_fixed",
  "func_type": "poly_trig",
  "dim": 50,
  "n_samples": 4096,
  "noise_level": 0.0,
  "seed": 1000,
  "lambda": 0.1,
  "test_value_mse": 0.6867445707321167,
  "test_grad_mse": 0.23958367109298706,
  "best_epoch": 990,
  "time_s": 38.70882964134216,
  "n_epochs_actual": 1000,
  "key": "poly_trig_d50_n4096_noise0.0_s1000_dml_fixed_lam0.1",
  "timestamp": "2026-04-10T18:32:40.520729"
}