{
  "method": "baseline_rf",
  "func_type": "poly_trig",
  "dim": 5,
  "n_samples": 8192,
  "noise_level": 0.5,
  "seed": 456,
  "lambda": 1.0,
  "test_value_mse": 0.028276518691751074,
  "test_grad_mse": 451.840449314107,
  "time_s": 2.974647283554077,
  "key": "poly_trig_d5_n8192_noise0.5_s456_baseline_rf",
  "timestamp": "2026-04-09T20:41:39.769510"
}