{
  "method": "dml_relobralo",
  "func_type": "poly_trig",
  "dim": 10,
  "n_samples": 8192,
  "noise_level": 0.2,
  "seed": 42,
  "lambda": 1.0,
  "test_value_mse": 0.0013478202745318413,
  "test_grad_mse": 0.005189611576497555,
  "best_epoch": 231,
  "time_s": 26.49471426010132,
  "n_epochs_actual": 282,
  "key": "poly_trig_d10_n8192_noise0.2_s42_dml_relobralo",
  "timestamp": "2026-04-26T10:06:41.228006"
}