{
  "method": "dml_fixed",
  "func_type": "poly_trig",
  "dim": 2,
  "n_samples": 4096,
  "noise_level": 0.0,
  "seed": 123,
  "lambda": 0.01,
  "test_value_mse": 1.3410738120001042e-06,
  "test_grad_mse": 0.00019285609596408904,
  "best_epoch": 999,
  "time_s": 45.00832509994507,
  "n_epochs_actual": 1000,
  "key": "poly_trig_d2_n4096_noise0.0_s123_dml_fixed_lam0.01",
  "timestamp": "2026-04-09T03:27:06.078551"
}