{
  "method": "baseline_gp",
  "func_type": "poly_trig",
  "dim": 5,
  "n_samples": 8192,
  "noise_level": 0.05,
  "seed": 789,
  "lambda": 1.0,
  "test_value_mse": 1.3556213679099335e-07,
  "test_grad_mse": 4.878658710448248e-06,
  "time_s": 681.3078262805939,
  "key": "poly_trig_d5_n8192_noise0.05_s789_baseline_gp",
  "timestamp": "2026-04-09T16:38:51.971711"
}