{
  "method": "dml_relobralo",
  "func_type": "poly_trig",
  "dim": 1,
  "n_samples": 2048,
  "noise_level": 0.5,
  "seed": 456,
  "lambda": 1.0,
  "test_value_mse": 1.7797245163819753e-05,
  "test_grad_mse": 0.0016576980706304312,
  "best_epoch": 99,
  "time_s": 5.661072015762329,
  "n_epochs_actual": 150,
  "key": "poly_trig_d1_n2048_noise0.5_s456_dml_relobralo",
  "timestamp": "2026-04-26T09:08:14.229074"
}