{
  "method": "dml_fixed",
  "func_type": "poly_trig",
  "dim": 1,
  "n_samples": 512,
  "noise_level": 0.1,
  "seed": 1000,
  "lambda": 1.0,
  "test_value_mse": 3.0547529604518786e-05,
  "test_grad_mse": 0.00020809950365219265,
  "best_epoch": 103,
  "time_s": 3.795881986618042,
  "n_epochs_actual": 154,
  "key": "poly_trig_d1_n512_noise0.1_s1000_dml_fixed",
  "timestamp": "2026-04-08T13:48:35.973099"
}