{
  "method": "baseline_krr",
  "func_type": "poly_trig",
  "dim": 5,
  "n_samples": 8192,
  "noise_level": 0.2,
  "seed": 456,
  "lambda": 1.0,
  "test_value_mse": 0.016297344118356705,
  "test_grad_mse": 0.14606096189427867,
  "time_s": 6.241725921630859,
  "key": "poly_trig_d5_n8192_noise0.2_s456_baseline_krr",
  "timestamp": "2026-04-09T19:15:51.441938"
}