{
  "method": "vanilla",
  "func_type": "poly_trig",
  "dim": 10,
  "n_samples": 8192,
  "noise_level": 0.2,
  "seed": 123,
  "lambda": 1.0,
  "test_value_mse": 0.0028482796624302864,
  "test_grad_mse": 0.01921149343252182,
  "best_epoch": 625,
  "time_s": 41.71315884590149,
  "n_epochs_actual": 676,
  "key": "poly_trig_d10_n8192_noise0.2_s123_vanilla",
  "timestamp": "2026-04-10T03:33:59.342138"
}