{
  "method": "baseline_krr",
  "func_type": "poly_trig",
  "dim": 1,
  "n_samples": 256,
  "noise_level": 0.1,
  "seed": 456,
  "lambda": 1.0,
  "test_value_mse": 0.0003002249577548355,
  "test_grad_mse": 0.0076683390465120405,
  "time_s": 0.003040313720703125,
  "key": "poly_trig_d1_n256_noise0.1_s456_baseline_krr",
  "timestamp": "2026-04-08T13:32:46.742010"
}