{
  "method": "dml_gradnorm",
  "func_type": "poly_trig",
  "dim": 5,
  "n_samples": 8192,
  "noise_level": 0.2,
  "seed": 1000,
  "lambda": 1.0,
  "test_value_mse": 0.0002197000867454335,
  "test_grad_mse": 0.002093954011797905,
  "best_epoch": 81,
  "time_s": 21.483536958694458,
  "n_epochs_actual": 132,
  "key": "poly_trig_d5_n8192_noise0.2_s1000_dml_gradnorm",
  "timestamp": "2026-04-09T19:35:38.607128"
}