{
  "method": "dml_relobralo",
  "func_type": "poly_trig",
  "dim": 1,
  "n_samples": 2048,
  "noise_level": 0.0,
  "seed": 789,
  "lambda": 1.0,
  "test_value_mse": 1.0074220346822926e-09,
  "test_grad_mse": 4.659742955936963e-07,
  "best_epoch": 566,
  "time_s": 22.237126350402832,
  "n_epochs_actual": 617,
  "key": "poly_trig_d1_n2048_noise0.0_s789_dml_relobralo",
  "timestamp": "2026-04-26T09:05:36.636061"
}