{
  "method": "dml_fixed",
  "func_type": "poly_trig",
  "dim": 50,
  "n_samples": 4096,
  "noise_level": 0.0,
  "seed": 123,
  "lambda": 0.1,
  "test_value_mse": 0.428275465965271,
  "test_grad_mse": 0.14786984026432037,
  "best_epoch": 997,
  "time_s": 39.82734990119934,
  "n_epochs_actual": 1000,
  "key": "poly_trig_d50_n4096_noise0.0_s123_dml_fixed_lam0.1",
  "timestamp": "2026-04-10T18:27:22.868207"
}