{
  "method": "dml_gradnorm",
  "func_type": "poly_trig",
  "dim": 5,
  "n_samples": 8192,
  "noise_level": 0.2,
  "seed": 42,
  "lambda": 1.0,
  "test_value_mse": 0.00031360145658254623,
  "test_grad_mse": 0.0019245508592575788,
  "best_epoch": 78,
  "time_s": 19.901657819747925,
  "n_epochs_actual": 129,
  "key": "poly_trig_d5_n8192_noise0.2_s42_dml_gradnorm",
  "timestamp": "2026-04-09T18:16:58.511576"
}