{
  "method": "vanilla",
  "func_type": "poly_trig",
  "dim": 50,
  "n_samples": 8192,
  "noise_level": 0.1,
  "seed": 456,
  "lambda": 1.0,
  "test_value_mse": 0.897530198097229,
  "test_grad_mse": 0.45434412360191345,
  "best_epoch": 58,
  "time_s": 5.562487363815308,
  "n_epochs_actual": 109,
  "key": "poly_trig_d50_n8192_noise0.1_s456_vanilla",
  "timestamp": "2026-04-10T19:04:43.847462"
}