{
  "method": "dml_fixed",
  "func_type": "poly_trig",
  "dim": 50,
  "n_samples": 4096,
  "noise_level": 0.0,
  "seed": 123,
  "lambda": 0.001,
  "test_value_mse": 1.599958062171936,
  "test_grad_mse": 0.6689323782920837,
  "best_epoch": 90,
  "time_s": 6.611631870269775,
  "n_epochs_actual": 141,
  "key": "poly_trig_d50_n4096_noise0.0_s123_dml_fixed_lam0.001",
  "timestamp": "2026-04-10T18:26:36.912983"
}