{
  "method": "dml_gradnorm",
  "func_type": "step",
  "dim": 1,
  "n_samples": 256,
  "noise_level": 0.1,
  "seed": 789,
  "lambda": 1.0,
  "test_value_mse": 0.018115956512964673,
  "test_grad_mse": 0.008413134031438271,
  "best_epoch": 35,
  "time_s": 4.463294267654419,
  "n_epochs_actual": 86,
  "key": "step_d1_n256_noise0.1_s789_dml_gradnorm",
  "timestamp": "2026-04-10T21:37:33.602056"
}