{
  "method": "dml_relobralo",
  "func_type": "step",
  "dim": 50,
  "n_samples": 8192,
  "noise_level": 0.2,
  "seed": 456,
  "lambda": 1.0,
  "test_value_mse": 4.125681505316178,
  "test_grad_mse": 0.08207472088609333,
  "best_epoch": 34,
  "time_s": 8.990573644638062,
  "n_epochs_actual": 85,
  "key": "step_d50_n8192_noise0.2_s456_dml_relobralo",
  "timestamp": "2026-04-26T11:48:33.960638"
}