{
  "method": "dml_gradnorm",
  "func_type": "step",
  "dim": 50,
  "n_samples": 8192,
  "noise_level": 0.0,
  "seed": 789,
  "lambda": 1.0,
  "test_value_mse": 3.700350862975494,
  "test_grad_mse": 0.07190937805317166,
  "best_epoch": 418,
  "time_s": 69.67882943153381,
  "n_epochs_actual": 469,
  "key": "step_d50_n8192_noise0.0_s789_dml_gradnorm",
  "timestamp": "2026-04-13T01:57:09.447438"
}