{
  "method": "dml_fixed",
  "func_type": "step",
  "dim": 10,
  "n_samples": 4096,
  "noise_level": 0.05,
  "seed": 1000,
  "lambda": 1.0,
  "test_value_mse": 0.33644007336526804,
  "test_grad_mse": 0.05142592680344959,
  "best_epoch": 66,
  "time_s": 8.072421312332153,
  "n_epochs_actual": 117,
  "key": "step_d10_n4096_noise0.05_s1000_dml_fixed",
  "timestamp": "2026-04-12T10:39:17.379434"
}