{
  "method": "dml_fixed",
  "func_type": "step",
  "dim": 5,
  "n_samples": 8192,
  "noise_level": 0.5,
  "seed": 123,
  "lambda": 1.0,
  "test_value_mse": 0.14393456466479454,
  "test_grad_mse": 0.18302891511191394,
  "best_epoch": 81,
  "time_s": 10.051310777664185,
  "n_epochs_actual": 132,
  "key": "step_d5_n8192_noise0.5_s123_dml_fixed",
  "timestamp": "2026-04-12T08:12:22.133183"
}