{
  "method": "baseline_rf",
  "func_type": "step",
  "dim": 2,
  "n_samples": 8192,
  "noise_level": 0.2,
  "seed": 42,
  "lambda": 1.0,
  "test_value_mse": 1.9955861038044888e-05,
  "test_grad_mse": 332.7713369971347,
  "time_s": 1.6287510395050049,
  "key": "step_d2_n8192_noise0.2_s42_baseline_rf",
  "timestamp": "2026-04-11T20:30:30.905910"
}