{
  "method": "baseline_krr",
  "func_type": "step",
  "dim": 20,
  "n_samples": 8192,
  "noise_level": 0.1,
  "seed": 123,
  "lambda": 1.0,
  "test_value_mse": 0.9628775302952889,
  "test_grad_mse": 0.5715017869277986,
  "time_s": 12.41660189628601,
  "key": "step_d20_n8192_noise0.1_s123_baseline_krr",
  "timestamp": "2026-04-12T22:06:10.323539"
}