{
  "method": "dml_gradnorm",
  "func_type": "step",
  "dim": 10,
  "n_samples": 8192,
  "noise_level": 0.5,
  "seed": 123,
  "lambda": 1.0,
  "test_value_mse": 0.837065116254544,
  "test_grad_mse": 0.01985298462656143,
  "best_epoch": 133,
  "time_s": 29.95735192298889,
  "n_epochs_actual": 184,
  "key": "step_d10_n8192_noise0.5_s123_dml_gradnorm",
  "timestamp": "2026-04-12T16:24:58.854934"
}