{
  "method": "baseline_gp",
  "func_type": "step",
  "dim": 1,
  "n_samples": 1024,
  "noise_level": 0.0,
  "seed": 123,
  "lambda": 1.0,
  "test_value_mse": 0.0003334357253228291,
  "test_grad_mse": 240.16344511084125,
  "time_s": 26.214983224868774,
  "key": "step_d1_n1024_noise0.0_s123_baseline_gp",
  "timestamp": "2026-04-10T21:54:56.099410"
}