{
  "method": "dml_gradnorm",
  "func_type": "step",
  "dim": 1,
  "n_samples": 2048,
  "noise_level": 0.05,
  "seed": 123,
  "lambda": 1.0,
  "test_value_mse": 0.09413382143771001,
  "test_grad_mse": 0.11719542026881091,
  "best_epoch": 28,
  "time_s": 4.194332122802734,
  "n_epochs_actual": 79,
  "key": "step_d1_n2048_noise0.05_s123_dml_gradnorm",
  "timestamp": "2026-04-10T22:30:34.639629"
}