{
  "method": "dml_gradnorm",
  "func_type": "step",
  "dim": 5,
  "n_samples": 4096,
  "noise_level": 0.2,
  "seed": 123,
  "lambda": 1.0,
  "test_value_mse": 0.24469515393392363,
  "test_grad_mse": 0.04482193603620815,
  "best_epoch": 175,
  "time_s": 24.308295488357544,
  "n_epochs_actual": 226,
  "key": "step_d5_n4096_noise0.2_s123_dml_gradnorm",
  "timestamp": "2026-04-12T01:41:04.805103"
}