{
  "method": "dml_gradnorm",
  "func_type": "step",
  "dim": 1,
  "n_samples": 512,
  "noise_level": 0.5,
  "seed": 789,
  "lambda": 1.0,
  "test_value_mse": 0.061572812556996835,
  "test_grad_mse": 0.018048991219683164,
  "best_epoch": 45,
  "time_s": 4.903334140777588,
  "n_epochs_actual": 96,
  "key": "step_d1_n512_noise0.5_s789_dml_gradnorm",
  "timestamp": "2026-04-10T21:53:01.469482"
}