{
  "method": "baseline_gp",
  "func_type": "step",
  "dim": 5,
  "n_samples": 1024,
  "noise_level": 0.05,
  "seed": 456,
  "lambda": 1.0,
  "test_value_mse": 0.1709400654214872,
  "test_grad_mse": 1.8223497291283568,
  "time_s": 23.17644739151001,
  "key": "step_d5_n1024_noise0.05_s456_baseline_gp",
  "timestamp": "2026-04-12T00:38:47.314222"
}