{
  "method": "baseline_rf",
  "func_type": "step",
  "dim": 1,
  "n_samples": 2048,
  "noise_level": 0.1,
  "seed": 123,
  "lambda": 1.0,
  "test_value_mse": 2.0820098981077604e-05,
  "test_grad_mse": 235.67788980598831,
  "time_s": 0.6276373863220215,
  "key": "step_d1_n2048_noise0.1_s123_baseline_rf",
  "timestamp": "2026-04-10T22:43:28.025979"
}