{
  "method": "dml_gradnorm",
  "func_type": "step",
  "dim": 20,
  "n_samples": 512,
  "noise_level": 0.0,
  "seed": 789,
  "lambda": 1.0,
  "test_value_mse": 1.349493474837326,
  "test_grad_mse": 0.5245304680509417,
  "best_epoch": 999,
  "time_s": 28.619574069976807,
  "n_epochs_actual": 1000,
  "key": "step_d20_n512_noise0.0_s789_dml_gradnorm",
  "timestamp": "2026-04-12T17:44:27.555209"
}