{
  "method": "vanilla",
  "func_type": "step",
  "dim": 50,
  "n_samples": 2048,
  "noise_level": 0.0,
  "seed": 123,
  "lambda": 1.0,
  "test_value_mse": 2.4594973639157076,
  "test_grad_mse": 0.3654487373235157,
  "best_epoch": 24,
  "time_s": 5.051146507263184,
  "n_epochs_actual": 75,
  "key": "step_d50_n2048_noise0.0_s123_vanilla",
  "timestamp": "2026-04-13T01:39:02.820128"
}