{
  "method": "dml_relobralo",
  "func_type": "step",
  "dim": 5,
  "n_samples": 4096,
  "noise_level": 0.2,
  "seed": 42,
  "lambda": 1.0,
  "test_value_mse": 0.22286787752836723,
  "test_grad_mse": 0.6670731043812104,
  "best_epoch": 72,
  "time_s": 7.087531566619873,
  "n_epochs_actual": 123,
  "key": "step_d5_n4096_noise0.2_s42_dml_relobralo",
  "timestamp": "2026-04-26T11:16:16.831815"
}