{
  "method": "dml_fixed",
  "func_type": "step",
  "dim": 100,
  "n_samples": 512,
  "noise_level": 0.0,
  "seed": 789,
  "lambda": 1.0,
  "test_value_mse": 8.65651285684237,
  "test_grad_mse": 0.071699089846664,
  "best_epoch": 39,
  "time_s": 4.491714954376221,
  "n_epochs_actual": 90,
  "key": "step_d100_n512_noise0.0_s789_dml_fixed",
  "timestamp": "2026-04-13T02:29:14.772587"
}