{
  "method": "vanilla",
  "func_type": "step",
  "dim": 50,
  "n_samples": 256,
  "noise_level": 0.1,
  "seed": 123,
  "lambda": 1.0,
  "test_value_mse": 2.606599910805018,
  "test_grad_mse": 0.09699788273264455,
  "best_epoch": 20,
  "time_s": 3.6008570194244385,
  "n_epochs_actual": 71,
  "key": "step_d50_n256_noise0.1_s123_vanilla",
  "timestamp": "2026-04-13T01:12:27.828977"
}