{
  "method": "dml_relobralo",
  "func_type": "step",
  "dim": 5,
  "n_samples": 4096,
  "noise_level": 0.1,
  "seed": 456,
  "lambda": 1.0,
  "test_value_mse": 0.41184852729748694,
  "test_grad_mse": 0.0004613517323729531,
  "best_epoch": 69,
  "time_s": 7.694547176361084,
  "n_epochs_actual": 120,
  "key": "step_d5_n4096_noise0.1_s456_dml_relobralo",
  "timestamp": "2026-04-26T11:15:56.823556"
}