{
  "method": "dml_gradnorm",
  "func_type": "step",
  "dim": 1,
  "n_samples": 256,
  "noise_level": 0.05,
  "seed": 123,
  "lambda": 1.0,
  "test_value_mse": 0.11837630533150337,
  "test_grad_mse": 0.1761759038505118,
  "best_epoch": 22,
  "time_s": 3.695669651031494,
  "n_epochs_actual": 73,
  "key": "step_d1_n256_noise0.05_s123_dml_gradnorm",
  "timestamp": "2026-04-10T21:34:55.943128"
}