{
  "method": "vanilla",
  "func_type": "step",
  "dim": 5,
  "n_samples": 256,
  "noise_level": 0.2,
  "seed": 1000,
  "lambda": 1.0,
  "test_value_mse": 0.30127187639626496,
  "test_grad_mse": 1.0170998331283936,
  "best_epoch": 35,
  "time_s": 3.7249157428741455,
  "n_epochs_actual": 86,
  "key": "step_d5_n256_noise0.2_s1000_vanilla",
  "timestamp": "2026-04-12T00:33:17.242604"
}