{
  "method": "baseline_rf",
  "func_type": "step",
  "dim": 10,
  "n_samples": 1024,
  "noise_level": 0.05,
  "seed": 123,
  "lambda": 1.0,
  "test_value_mse": 0.38490213840262977,
  "test_grad_mse": 1191.3888181135876,
  "time_s": 3.4644954204559326,
  "key": "step_d10_n1024_noise0.05_s123_baseline_rf",
  "timestamp": "2026-04-12T09:56:50.776135"
}