{
  "method": "vanilla",
  "func_type": "step",
  "dim": 1,
  "n_samples": 1024,
  "noise_level": 0.0,
  "seed": 123,
  "lambda": 1.0,
  "test_value_mse": 0.0016095997726680057,
  "test_grad_mse": 50.807160375860526,
  "best_epoch": 406,
  "time_s": 8.913095712661743,
  "n_epochs_actual": 457,
  "key": "step_d1_n1024_noise0.0_s123_vanilla",
  "timestamp": "2026-04-10T21:54:18.270206"
}