{
  "method": "baseline_gp",
  "func_type": "step",
  "dim": 20,
  "n_samples": 8192,
  "noise_level": 0.5,
  "seed": 42,
  "lambda": 1.0,
  "test_value_mse": 1.368734706415559,
  "test_grad_mse": 0.0,
  "time_s": 638.2746877670288,
  "key": "step_d20_n8192_noise0.5_s42_baseline_gp",
  "timestamp": "2026-04-13T00:10:14.775522"
}