{
  "method": "vanilla",
  "func_type": "step",
  "dim": 1,
  "n_samples": 4096,
  "noise_level": 0.0,
  "seed": 42,
  "lambda": 1.0,
  "test_value_mse": 0.0007631290277934235,
  "test_grad_mse": 99.98847425787787,
  "best_epoch": 528,
  "time_s": 13.969282388687134,
  "n_epochs_actual": 579,
  "key": "step_d1_n4096_noise0.0_s42_vanilla",
  "timestamp": "2026-04-10T23:12:17.064423"
}