{
  "method": "dml_gradnorm",
  "func_type": "step",
  "dim": 1,
  "n_samples": 1024,
  "noise_level": 0.05,
  "seed": 789,
  "lambda": 1.0,
  "test_value_mse": 0.06471557528310629,
  "test_grad_mse": 0.01959986022345176,
  "best_epoch": 59,
  "time_s": 5.9848785400390625,
  "n_epochs_actual": 110,
  "key": "step_d1_n1024_noise0.05_s789_dml_gradnorm",
  "timestamp": "2026-04-10T22:01:13.406113"
}