{
  "method": "baseline_krr",
  "func_type": "step",
  "dim": 5,
  "n_samples": 2048,
  "noise_level": 0.0,
  "seed": 789,
  "lambda": 1.0,
  "test_value_mse": 0.20377049227471894,
  "test_grad_mse": 0.32816425972982904,
  "time_s": 0.43057966232299805,
  "key": "step_d5_n2048_noise0.0_s789_baseline_krr",
  "timestamp": "2026-04-12T00:55:19.430004"
}