{
  "method": "dml_relobralo",
  "func_type": "step",
  "dim": 1,
  "n_samples": 256,
  "noise_level": 0.2,
  "seed": 789,
  "lambda": 1.0,
  "test_value_mse": 0.015464138252523312,
  "test_grad_mse": 0.024140535964787782,
  "best_epoch": 16,
  "time_s": 2.119767427444458,
  "n_epochs_actual": 67,
  "key": "step_d1_n256_noise0.2_s789_dml_relobralo",
  "timestamp": "2026-04-26T10:50:11.110438"
}