{
  "method": "baseline_gp",
  "func_type": "step",
  "dim": 10,
  "n_samples": 1024,
  "noise_level": 0.05,
  "seed": 456,
  "lambda": 1.0,
  "test_value_mse": 0.44017840333485153,
  "test_grad_mse": 1.1965922662747177,
  "time_s": 8.130037069320679,
  "key": "step_d10_n1024_noise0.05_s456_baseline_gp",
  "timestamp": "2026-04-12T09:57:49.083441"
}