{
  "method": "baseline_krr",
  "func_type": "step",
  "dim": 2,
  "n_samples": 256,
  "noise_level": 0.1,
  "seed": 789,
  "lambda": 1.0,
  "test_value_mse": 0.056459408680631845,
  "test_grad_mse": 0.2932113271155402,
  "time_s": 0.003946542739868164,
  "key": "step_d2_n256_noise0.1_s789_baseline_krr",
  "timestamp": "2026-04-11T10:08:42.067405"
}