{
  "method": "dml_gradnorm",
  "func_type": "step",
  "dim": 20,
  "n_samples": 256,
  "noise_level": 0.1,
  "seed": 1000,
  "lambda": 1.0,
  "test_value_mse": 1.7172270646413175,
  "test_grad_mse": 0.6037921460855371,
  "best_epoch": 570,
  "time_s": 14.32551121711731,
  "n_epochs_actual": 621,
  "key": "step_d20_n256_noise0.1_s1000_dml_gradnorm",
  "timestamp": "2026-04-12T17:35:04.477755"
}