{
  "method": "dml_gradnorm",
  "func_type": "step",
  "dim": 2,
  "n_samples": 1024,
  "noise_level": 0.1,
  "seed": 1000,
  "lambda": 1.0,
  "test_value_mse": 0.1390964366026477,
  "test_grad_mse": 0.17691754299951376,
  "best_epoch": 47,
  "time_s": 5.713359832763672,
  "n_epochs_actual": 98,
  "key": "step_d2_n1024_noise0.1_s1000_dml_gradnorm",
  "timestamp": "2026-04-11T10:24:39.547160"
}