{
  "method": "dml_gradnorm",
  "func_type": "step",
  "dim": 5,
  "n_samples": 4096,
  "noise_level": 0.05,
  "seed": 789,
  "lambda": 1.0,
  "test_value_mse": 0.21978834013546367,
  "test_grad_mse": 0.24346879414316197,
  "best_epoch": 160,
  "time_s": 19.805734872817993,
  "n_epochs_actual": 211,
  "key": "step_d5_n4096_noise0.05_s789_dml_gradnorm",
  "timestamp": "2026-04-12T01:10:00.561347"
}