{
  "method": "vanilla",
  "func_type": "step",
  "dim": 5,
  "n_samples": 8192,
  "noise_level": 0.5,
  "seed": 1000,
  "lambda": 1.0,
  "test_value_mse": 0.04977073734834236,
  "test_grad_mse": 26.679047675342044,
  "best_epoch": 200,
  "time_s": 16.67958164215088,
  "n_epochs_actual": 251,
  "key": "step_d5_n8192_noise0.5_s1000_vanilla",
  "timestamp": "2026-04-12T09:28:19.829473"
}