{
  "method": "dml_relobralo",
  "func_type": "step",
  "dim": 100,
  "n_samples": 512,
  "noise_level": 0.0,
  "seed": 456,
  "lambda": 1.0,
  "test_value_mse": 8.692700764831958,
  "test_grad_mse": 0.40009510807150733,
  "best_epoch": 46,
  "time_s": 2.8476226329803467,
  "n_epochs_actual": 97,
  "key": "step_d100_n512_noise0.0_s456_dml_relobralo",
  "timestamp": "2026-04-26T11:50:31.587440"
}