{
  "method": "baseline_rf",
  "func_type": "step",
  "dim": 1,
  "n_samples": 8192,
  "noise_level": 0.1,
  "seed": 1000,
  "lambda": 1.0,
  "test_value_mse": 3.915728812302353e-05,
  "test_grad_mse": 3026.5112879738745,
  "time_s": 0.3123021125793457,
  "key": "step_d1_n8192_noise0.1_s1000_baseline_rf",
  "timestamp": "2026-04-11T06:48:46.207326"
}