{
  "method": "dml_fixed",
  "func_type": "step",
  "dim": 20,
  "n_samples": 256,
  "noise_level": 0.1,
  "seed": 123,
  "lambda": 1.0,
  "test_value_mse": 1.2840928584440157,
  "test_grad_mse": 0.29406043716437413,
  "best_epoch": 75,
  "time_s": 5.346889972686768,
  "n_epochs_actual": 126,
  "key": "step_d20_n256_noise0.1_s123_dml_fixed",
  "timestamp": "2026-04-12T17:32:46.330534"
}