{
  "method": "dml_gradnorm",
  "func_type": "step",
  "dim": 2,
  "n_samples": 1024,
  "noise_level": 0.5,
  "seed": 789,
  "lambda": 1.0,
  "test_value_mse": 0.0379314772253645,
  "test_grad_mse": 0.17485026563312767,
  "best_epoch": 87,
  "time_s": 6.168117523193359,
  "n_epochs_actual": 138,
  "key": "step_d2_n1024_noise0.5_s789_dml_gradnorm",
  "timestamp": "2026-04-11T10:33:47.619781"
}