{
  "method": "dml_relobralo",
  "func_type": "step",
  "dim": 100,
  "n_samples": 4096,
  "noise_level": 0.2,
  "seed": 456,
  "lambda": 1.0,
  "test_value_mse": 5.718434114621498,
  "test_grad_mse": 0.2919757483725778,
  "best_epoch": 12,
  "time_s": 3.8983113765716553,
  "n_epochs_actual": 63,
  "key": "step_d100_n4096_noise0.2_s456_dml_relobralo",
  "timestamp": "2026-04-26T11:52:59.616237"
}