{
  "method": "baseline_krr",
  "func_type": "step",
  "dim": 1,
  "n_samples": 8192,
  "noise_level": 0.0,
  "seed": 123,
  "lambda": 1.0,
  "test_value_mse": 0.035785756017061306,
  "test_grad_mse": 4.54710853531313,
  "time_s": 1.6341078281402588,
  "key": "step_d1_n8192_noise0.0_s123_baseline_krr",
  "timestamp": "2026-04-11T02:06:47.297760"
}