{
  "method": "baseline_rf",
  "func_type": "step",
  "dim": 20,
  "n_samples": 4096,
  "noise_level": 0.1,
  "seed": 42,
  "lambda": 1.0,
  "test_value_mse": 0.7356752276793421,
  "test_grad_mse": 1357.9025656311107,
  "time_s": 8.806999921798706,
  "key": "step_d20_n4096_noise0.1_s42_baseline_rf",
  "timestamp": "2026-04-12T18:35:10.434607"
}