{
  "method": "baseline_rf",
  "func_type": "step",
  "dim": 20,
  "n_samples": 256,
  "noise_level": 0.2,
  "seed": 456,
  "lambda": 1.0,
  "test_value_mse": 1.1220143902650557,
  "test_grad_mse": 5.25464800088323e-21,
  "time_s": 5.909773111343384,
  "key": "step_d20_n256_noise0.2_s456_baseline_rf",
  "timestamp": "2026-04-12T17:36:57.391647"
}