{
  "method": "dml_gradnorm",
  "func_type": "step",
  "dim": 50,
  "n_samples": 1024,
  "noise_level": 0.05,
  "seed": 789,
  "lambda": 1.0,
  "test_value_mse": 3.7194672829858852,
  "test_grad_mse": 0.0992841790309276,
  "best_epoch": 568,
  "time_s": 18.026411771774292,
  "n_epochs_actual": 619,
  "key": "step_d50_n1024_noise0.05_s789_dml_gradnorm",
  "timestamp": "2026-04-13T01:27:55.241301"
}