{
  "method": "baseline_rf",
  "func_type": "step",
  "dim": 10,
  "n_samples": 8192,
  "noise_level": 0.2,
  "seed": 123,
  "lambda": 1.0,
  "test_value_mse": 0.22704700602616348,
  "test_grad_mse": 2888.2282750791283,
  "time_s": 5.83787727355957,
  "key": "step_d10_n8192_noise0.2_s123_baseline_rf",
  "timestamp": "2026-04-12T15:24:16.237476"
}