{
  "method": "dml_gradnorm",
  "func_type": "step",
  "dim": 5,
  "n_samples": 1024,
  "noise_level": 0.5,
  "seed": 456,
  "lambda": 1.0,
  "test_value_mse": 0.3204693174606284,
  "test_grad_mse": 0.5331880439901104,
  "best_epoch": 212,
  "time_s": 6.433299779891968,
  "n_epochs_actual": 263,
  "key": "step_d5_n1024_noise0.5_s456_dml_gradnorm",
  "timestamp": "2026-04-12T00:48:55.848379"
}