{
  "method": "dml_gradnorm",
  "func_type": "step",
  "dim": 1,
  "n_samples": 512,
  "noise_level": 0.1,
  "seed": 42,
  "lambda": 1.0,
  "test_value_mse": 0.05197719121830823,
  "test_grad_mse": 0.12287347728417099,
  "best_epoch": 56,
  "time_s": 4.884732007980347,
  "n_epochs_actual": 107,
  "key": "step_d1_n512_noise0.1_s42_dml_gradnorm",
  "timestamp": "2026-04-10T21:46:26.679645"
}