{
  "method": "dml_gradnorm",
  "func_type": "step",
  "dim": 1,
  "n_samples": 2048,
  "noise_level": 0.1,
  "seed": 789,
  "lambda": 1.0,
  "test_value_mse": 0.06110675183645539,
  "test_grad_mse": 0.0014258085931657903,
  "best_epoch": 999,
  "time_s": 73.96657276153564,
  "n_epochs_actual": 1000,
  "key": "step_d1_n2048_noise0.1_s789_dml_gradnorm",
  "timestamp": "2026-04-10T22:47:31.205212"
}