{
  "method": "vanilla",
  "func_type": "step",
  "dim": 100,
  "n_samples": 256,
  "noise_level": 0.05,
  "seed": 42,
  "lambda": 1.0,
  "test_value_mse": 6.55919629764658,
  "test_grad_mse": 0.06255813618824116,
  "best_epoch": 16,
  "time_s": 3.6648871898651123,
  "n_epochs_actual": 67,
  "key": "step_d100_n256_noise0.05_s42_vanilla",
  "timestamp": "2026-04-13T02:19:02.231924"
}