{
  "method": "vanilla",
  "func_type": "step",
  "dim": 2,
  "n_samples": 4096,
  "noise_level": 0.1,
  "seed": 456,
  "lambda": 1.0,
  "test_value_mse": 0.0015649613291072947,
  "test_grad_mse": 28.781983351355596,
  "best_epoch": 407,
  "time_s": 13.05770206451416,
  "n_epochs_actual": 458,
  "key": "step_d2_n4096_noise0.1_s456_vanilla",
  "timestamp": "2026-04-11T11:39:52.087593"
}