{
  "method": "vanilla",
  "func_type": "step",
  "dim": 5,
  "n_samples": 8192,
  "noise_level": 0.0,
  "seed": 789,
  "lambda": 1.0,
  "test_value_mse": 0.049858732211288746,
  "test_grad_mse": 12.005459202031,
  "best_epoch": 151,
  "time_s": 17.1044819355011,
  "n_epochs_actual": 202,
  "key": "step_d5_n8192_noise0.0_s789_vanilla",
  "timestamp": "2026-04-12T03:35:12.571757"
}