{
  "method": "dml_fixed",
  "func_type": "step",
  "dim": 20,
  "n_samples": 8192,
  "noise_level": 0.2,
  "seed": 123,
  "lambda": 1.0,
  "test_value_mse": 1.1814799768047117,
  "test_grad_mse": 0.1382655107402892,
  "best_epoch": 33,
  "time_s": 8.165231943130493,
  "n_epochs_actual": 84,
  "key": "step_d20_n8192_noise0.2_s123_dml_fixed",
  "timestamp": "2026-04-12T22:57:55.900265"
}