{
  "method": "vanilla",
  "func_type": "step",
  "dim": 50,
  "n_samples": 8192,
  "noise_level": 0.5,
  "seed": 789,
  "lambda": 1.0,
  "test_value_mse": 2.876110133858412,
  "test_grad_mse": 0.35416060806420313,
  "best_epoch": 20,
  "time_s": 6.99555778503418,
  "n_epochs_actual": 71,
  "key": "step_d50_n8192_noise0.5_s789_vanilla",
  "timestamp": "2026-04-13T02:17:36.153157"
}