{
  "method": "dml_relobralo",
  "func_type": "step",
  "dim": 10,
  "n_samples": 8192,
  "noise_level": 0.5,
  "seed": 456,
  "lambda": 1.0,
  "test_value_mse": 0.9059002303859786,
  "test_grad_mse": 0.001295803781323,
  "best_epoch": 34,
  "time_s": 8.920685291290283,
  "n_epochs_actual": 85,
  "key": "step_d10_n8192_noise0.5_s456_dml_relobralo",
  "timestamp": "2026-04-26T11:32:50.437870"
}