{
  "method": "baseline_gp",
  "func_type": "step",
  "dim": 1,
  "n_samples": 256,
  "noise_level": 0.5,
  "seed": 456,
  "lambda": 1.0,
  "test_value_mse": 0.0028999211254153207,
  "test_grad_mse": 98.38506304290212,
  "time_s": 3.805088520050049,
  "key": "step_d1_n256_noise0.5_s456_baseline_gp",
  "timestamp": "2026-04-10T21:41:29.547528"
}