{
  "method": "dml_gradnorm",
  "func_type": "step",
  "dim": 100,
  "n_samples": 8192,
  "noise_level": 0.2,
  "seed": 789,
  "lambda": 1.0,
  "test_value_mse": 6.999655535799632,
  "test_grad_mse": 0.10593433994674332,
  "best_epoch": 97,
  "time_s": 26.90945839881897,
  "n_epochs_actual": 148,
  "key": "step_d100_n8192_noise0.2_s789_dml_gradnorm",
  "timestamp": "2026-04-13T03:15:15.657441"
}