{
  "method": "dml_relobralo",
  "func_type": "step",
  "dim": 2,
  "n_samples": 4096,
  "noise_level": 0.1,
  "seed": 456,
  "lambda": 1.0,
  "test_value_mse": 0.10357810733105402,
  "test_grad_mse": 0.0037022976362168763,
  "best_epoch": 68,
  "time_s": 6.513473987579346,
  "n_epochs_actual": 119,
  "key": "step_d2_n4096_noise0.1_s456_dml_relobralo",
  "timestamp": "2026-04-26T11:05:27.937833"
}