{
  "method": "dml_gradnorm",
  "func_type": "step",
  "dim": 20,
  "n_samples": 1024,
  "noise_level": 0.05,
  "seed": 456,
  "lambda": 1.0,
  "test_value_mse": 1.122363114197179,
  "test_grad_mse": 0.6468957486163813,
  "best_epoch": 999,
  "time_s": 24.95900297164917,
  "n_epochs_actual": 1000,
  "key": "step_d20_n1024_noise0.05_s456_dml_gradnorm",
  "timestamp": "2026-04-12T17:48:32.733910"
}