{
  "method": "baseline_rf",
  "func_type": "step",
  "dim": 1,
  "n_samples": 512,
  "noise_level": 0.1,
  "seed": 123,
  "lambda": 1.0,
  "test_value_mse": 3.157205611316769e-05,
  "test_grad_mse": 0.0,
  "time_s": 0.6904590129852295,
  "key": "step_d1_n512_noise0.1_s123_baseline_rf",
  "timestamp": "2026-04-10T21:47:07.458378"
}