{
  "method": "dml_gradnorm",
  "func_type": "step",
  "dim": 100,
  "n_samples": 4096,
  "noise_level": 0.05,
  "seed": 456,
  "lambda": 1.0,
  "test_value_mse": 6.8394884194190455,
  "test_grad_mse": 0.12215826035346382,
  "best_epoch": 171,
  "time_s": 23.103873014450073,
  "n_epochs_actual": 222,
  "key": "step_d100_n4096_noise0.05_s456_dml_gradnorm",
  "timestamp": "2026-04-13T02:51:17.305993"
}