{
  "method": "dml_gradnorm",
  "func_type": "step",
  "dim": 5,
  "n_samples": 1024,
  "noise_level": 0.5,
  "seed": 1000,
  "lambda": 1.0,
  "test_value_mse": 0.28506722056139144,
  "test_grad_mse": 0.46118526296114304,
  "best_epoch": 117,
  "time_s": 6.586701154708862,
  "n_epochs_actual": 168,
  "key": "step_d5_n1024_noise0.5_s1000_dml_gradnorm",
  "timestamp": "2026-04-12T00:50:01.430180"
}