{
  "method": "baseline_krr",
  "func_type": "step",
  "dim": 1,
  "n_samples": 2048,
  "noise_level": 0.0,
  "seed": 789,
  "lambda": 1.0,
  "test_value_mse": 0.053354568740228626,
  "test_grad_mse": 0.22788372532000922,
  "time_s": 0.21056413650512695,
  "key": "step_d1_n2048_noise0.0_s789_baseline_krr",
  "timestamp": "2026-04-10T22:25:35.873946"
}