{
  "method": "dml_gradnorm",
  "func_type": "step",
  "dim": 1,
  "n_samples": 8192,
  "noise_level": 0.05,
  "seed": 789,
  "lambda": 1.0,
  "test_value_mse": 0.04855278093611365,
  "test_grad_mse": 0.007602791554445587,
  "best_epoch": 18,
  "time_s": 12.467222452163696,
  "n_epochs_actual": 69,
  "key": "step_d1_n8192_noise0.05_s789_dml_gradnorm",
  "timestamp": "2026-04-11T04:16:10.947484"
}