{
  "method": "dml_fixed",
  "func_type": "step",
  "dim": 1,
  "n_samples": 512,
  "noise_level": 0.05,
  "seed": 42,
  "lambda": 1.0,
  "test_value_mse": 0.0429540931691916,
  "test_grad_mse": 0.22298533020698202,
  "best_epoch": 32,
  "time_s": 3.8087310791015625,
  "n_epochs_actual": 83,
  "key": "step_d1_n512_noise0.05_s42_dml_fixed",
  "timestamp": "2026-04-10T21:44:05.886901"
}