{
  "method": "baseline_krr",
  "func_type": "step",
  "dim": 1,
  "n_samples": 512,
  "noise_level": 0.2,
  "seed": 789,
  "lambda": 1.0,
  "test_value_mse": 0.06209467974463178,
  "test_grad_mse": 0.05287808925212146,
  "time_s": 0.006368160247802734,
  "key": "step_d1_n512_noise0.2_s789_baseline_krr",
  "timestamp": "2026-04-10T21:50:35.422171"
}