{
  "method": "dml_fixed",
  "func_type": "step",
  "dim": 100,
  "n_samples": 8192,
  "noise_level": 0.1,
  "seed": 123,
  "lambda": 1.0,
  "test_value_mse": 5.893658843816547,
  "test_grad_mse": 0.08101363552540106,
  "best_epoch": 22,
  "time_s": 10.06528115272522,
  "n_epochs_actual": 73,
  "key": "step_d100_n8192_noise0.1_s123_dml_fixed",
  "timestamp": "2026-04-13T03:09:37.386549"
}