{
  "method": "dml_gradnorm",
  "func_type": "step",
  "dim": 20,
  "n_samples": 4096,
  "noise_level": 0.5,
  "seed": 1000,
  "lambda": 1.0,
  "test_value_mse": 1.7796662750906025,
  "test_grad_mse": 0.029053438968437706,
  "best_epoch": 146,
  "time_s": 15.075332403182983,
  "n_epochs_actual": 197,
  "key": "step_d20_n4096_noise0.5_s1000_dml_gradnorm",
  "timestamp": "2026-04-12T19:25:59.943309"
}