{
  "method": "dml_gradnorm",
  "func_type": "step",
  "dim": 50,
  "n_samples": 4096,
  "noise_level": 0.05,
  "seed": 42,
  "lambda": 1.0,
  "test_value_mse": 3.3692691418117393,
  "test_grad_mse": 0.05082999373703015,
  "best_epoch": 150,
  "time_s": 11.840131759643555,
  "n_epochs_actual": 201,
  "key": "step_d50_n4096_noise0.05_s42_dml_gradnorm",
  "timestamp": "2026-04-13T01:41:47.107788"
}