{
  "method": "dml_relobralo",
  "func_type": "step",
  "dim": 100,
  "n_samples": 8192,
  "noise_level": 0.05,
  "seed": 1000,
  "lambda": 1.0,
  "test_value_mse": 7.425042943967012,
  "test_grad_mse": 0.8263814354734591,
  "best_epoch": 34,
  "time_s": 8.956517457962036,
  "n_epochs_actual": 85,
  "key": "step_d100_n8192_noise0.05_s1000_dml_relobralo",
  "timestamp": "2026-04-26T11:55:02.210302"
}