{
  "method": "dml_fixed",
  "func_type": "step",
  "dim": 100,
  "n_samples": 2048,
  "noise_level": 0.0,
  "seed": 123,
  "lambda": 1.0,
  "test_value_mse": 5.478991831647675,
  "test_grad_mse": 0.08277553127242776,
  "best_epoch": 36,
  "time_s": 7.015952825546265,
  "n_epochs_actual": 87,
  "key": "step_d100_n2048_noise0.0_s123_dml_fixed",
  "timestamp": "2026-04-13T02:47:10.275941"
}