{
  "method": "baseline_rf",
  "func_type": "step",
  "dim": 10,
  "n_samples": 256,
  "noise_level": 0.05,
  "seed": 456,
  "lambda": 1.0,
  "test_value_mse": 0.38652112307920444,
  "test_grad_mse": 3.6452331641077236,
  "time_s": 3.1043434143066406,
  "key": "step_d10_n256_noise0.05_s456_baseline_rf",
  "timestamp": "2026-04-12T09:45:26.351448"
}