{
  "method": "baseline_gp",
  "func_type": "step",
  "dim": 20,
  "n_samples": 256,
  "noise_level": 0.5,
  "seed": 42,
  "lambda": 1.0,
  "test_value_mse": 1.4570819868882965,
  "test_grad_mse": 0.24629112771853157,
  "time_s": 0.16228055953979492,
  "key": "step_d20_n256_noise0.5_s42_baseline_gp",
  "timestamp": "2026-04-12T17:39:05.884552"
}