{
  "method": "dml_fixed",
  "func_type": "step",
  "dim": 2,
  "n_samples": 256,
  "noise_level": 0.2,
  "seed": 456,
  "lambda": 1.0,
  "test_value_mse": 0.0485171957098623,
  "test_grad_mse": 0.08509131617105815,
  "best_epoch": 21,
  "time_s": 3.6683616638183594,
  "n_epochs_actual": 72,
  "key": "step_d2_n256_noise0.2_s456_dml_fixed",
  "timestamp": "2026-04-11T10:09:54.587804"
}