{
  "method": "dml_gradnorm",
  "func_type": "step",
  "dim": 100,
  "n_samples": 8192,
  "noise_level": 0.5,
  "seed": 789,
  "lambda": 1.0,
  "test_value_mse": 7.013251587429293,
  "test_grad_mse": 0.10545033767778612,
  "best_epoch": 97,
  "time_s": 27.932696104049683,
  "n_epochs_actual": 148,
  "key": "step_d100_n8192_noise0.5_s789_dml_gradnorm",
  "timestamp": "2026-04-13T03:19:08.593668"
}