{
  "method": "baseline_rf",
  "func_type": "step",
  "dim": 20,
  "n_samples": 256,
  "noise_level": 0.05,
  "seed": 42,
  "lambda": 1.0,
  "test_value_mse": 1.1521369117057532,
  "test_grad_mse": 5.294470306194866e-21,
  "time_s": 2.392747163772583,
  "key": "step_d20_n256_noise0.05_s42_baseline_rf",
  "timestamp": "2026-04-12T17:29:17.682620"
}