{
  "method": "baseline_gp",
  "func_type": "step",
  "dim": 10,
  "n_samples": 2048,
  "noise_level": 0.0,
  "seed": 123,
  "lambda": 1.0,
  "test_value_mse": 0.46856831209749567,
  "test_grad_mse": 0.8840829016570732,
  "time_s": 36.57305860519409,
  "key": "step_d10_n2048_noise0.0_s123_baseline_gp",
  "timestamp": "2026-04-12T10:17:26.090875"
}