{
  "method": "dml_gradnorm",
  "func_type": "step",
  "dim": 1,
  "n_samples": 2048,
  "noise_level": 0.5,
  "seed": 456,
  "lambda": 1.0,
  "test_value_mse": 0.13396604118032673,
  "test_grad_mse": 0.005682645876720472,
  "best_epoch": 995,
  "time_s": 56.64875912666321,
  "n_epochs_actual": 1000,
  "key": "step_d1_n2048_noise0.5_s456_dml_gradnorm",
  "timestamp": "2026-04-10T23:07:03.243604"
}