{
  "method": "dml_relobralo",
  "func_type": "step",
  "dim": 20,
  "n_samples": 2048,
  "noise_level": 0.0,
  "seed": 456,
  "lambda": 1.0,
  "test_value_mse": 0.8019301909887356,
  "test_grad_mse": 0.5620109657484564,
  "best_epoch": 43,
  "time_s": 4.917992830276489,
  "n_epochs_actual": 94,
  "key": "step_d20_n2048_noise0.0_s456_dml_relobralo",
  "timestamp": "2026-04-26T11:35:45.435568"
}