{
  "method": "baseline_rf",
  "func_type": "step",
  "dim": 2,
  "n_samples": 256,
  "noise_level": 0.5,
  "seed": 789,
  "lambda": 1.0,
  "test_value_mse": 0.013584274278147903,
  "test_grad_mse": 4769.4885525437185,
  "time_s": 1.0339431762695312,
  "key": "step_d2_n256_noise0.5_s789_baseline_rf",
  "timestamp": "2026-04-11T10:12:01.059825"
}