{
  "method": "baseline_krr",
  "func_type": "step",
  "dim": 20,
  "n_samples": 2048,
  "noise_level": 0.0,
  "seed": 42,
  "lambda": 1.0,
  "test_value_mse": 0.9019517273691867,
  "test_grad_mse": 0.2519560506159107,
  "time_s": 0.8825123310089111,
  "key": "step_d20_n2048_noise0.0_s42_baseline_krr",
  "timestamp": "2026-04-12T18:07:33.913987"
}