{
  "method": "baseline_gp",
  "func_type": "step",
  "dim": 1,
  "n_samples": 256,
  "noise_level": 0.05,
  "seed": 42,
  "lambda": 1.0,
  "test_value_mse": 0.0050331993703675035,
  "test_grad_mse": 125.15871740462238,
  "time_s": 0.23092198371887207,
  "key": "step_d1_n256_noise0.05_s42_baseline_gp",
  "timestamp": "2026-04-10T21:34:40.811239"
}