{
  "method": "baseline_rf",
  "func_type": "step",
  "dim": 2,
  "n_samples": 8192,
  "noise_level": 0.1,
  "seed": 456,
  "lambda": 1.0,
  "test_value_mse": 0.00011040603737390435,
  "test_grad_mse": 24.992917552247313,
  "time_s": 2.3871641159057617,
  "key": "step_d2_n8192_noise0.1_s456_baseline_rf",
  "timestamp": "2026-04-11T19:05:14.205098"
}