{
  "method": "vanilla",
  "func_type": "step",
  "dim": 20,
  "n_samples": 512,
  "noise_level": 0.0,
  "seed": 42,
  "lambda": 1.0,
  "test_value_mse": 1.3600475449952492,
  "test_grad_mse": 0.23191950597183397,
  "best_epoch": 29,
  "time_s": 1.9557209014892578,
  "n_epochs_actual": 80,
  "key": "step_d20_n512_noise0.0_s42_vanilla",
  "timestamp": "2026-04-12T17:41:31.215498"
}