{
  "method": "baseline_gp",
  "func_type": "step",
  "dim": 20,
  "n_samples": 256,
  "noise_level": 0.1,
  "seed": 1000,
  "lambda": 1.0,
  "test_value_mse": 1.472560326271597,
  "test_grad_mse": 0.35809588661177444,
  "time_s": 1.1775949001312256,
  "key": "step_d20_n256_noise0.1_s1000_baseline_gp",
  "timestamp": "2026-04-12T17:35:09.643227"
}