{
  "method": "dml_relobralo",
  "func_type": "step",
  "dim": 1,
  "n_samples": 8192,
  "noise_level": 0.0,
  "seed": 123,
  "lambda": 1.0,
  "test_value_mse": 0.08507760421416265,
  "test_grad_mse": 0.2093760217555755,
  "best_epoch": 29,
  "time_s": 8.559318542480469,
  "n_epochs_actual": 80,
  "key": "step_d1_n8192_noise0.0_s123_dml_relobralo",
  "timestamp": "2026-04-26T10:58:27.553741"
}