{
  "method": "dml_gradnorm",
  "func_type": "step",
  "dim": 1,
  "n_samples": 4096,
  "noise_level": 0.1,
  "seed": 456,
  "lambda": 1.0,
  "test_value_mse": 0.10130331077363548,
  "test_grad_mse": 0.09794264972867645,
  "best_epoch": 17,
  "time_s": 9.788085222244263,
  "n_epochs_actual": 68,
  "key": "step_d1_n4096_noise0.1_s456_dml_gradnorm",
  "timestamp": "2026-04-11T00:14:06.757285"
}