{
  "method": "baseline_rf",
  "func_type": "step",
  "dim": 1,
  "n_samples": 8192,
  "noise_level": 0.0,
  "seed": 123,
  "lambda": 1.0,
  "test_value_mse": 1.1673178049613106e-06,
  "test_grad_mse": 768.4566396550308,
  "time_s": 0.33494019508361816,
  "key": "step_d1_n8192_noise0.0_s123_baseline_rf",
  "timestamp": "2026-04-11T02:06:47.633007"
}