{
  "method": "baseline_krr",
  "func_type": "step",
  "dim": 20,
  "n_samples": 2048,
  "noise_level": 0.0,
  "seed": 1000,
  "lambda": 1.0,
  "test_value_mse": 1.4408536141723933,
  "test_grad_mse": 0.313129460978605,
  "time_s": 0.8941936492919922,
  "key": "step_d20_n2048_noise0.0_s1000_baseline_krr",
  "timestamp": "2026-04-12T18:14:24.864079"
}