{
  "method": "vanilla",
  "func_type": "step",
  "dim": 100,
  "n_samples": 512,
  "noise_level": 0.0,
  "seed": 789,
  "lambda": 1.0,
  "test_value_mse": 8.316140388798837,
  "test_grad_mse": 0.2200446847680311,
  "best_epoch": 26,
  "time_s": 2.73340106010437,
  "n_epochs_actual": 77,
  "key": "step_d100_n512_noise0.0_s789_vanilla",
  "timestamp": "2026-04-13T02:29:10.280363"
}