{
  "method": "dml_gradnorm",
  "func_type": "step",
  "dim": 100,
  "n_samples": 8192,
  "noise_level": 0.0,
  "seed": 42,
  "lambda": 1.0,
  "test_value_mse": 6.309461099418724,
  "test_grad_mse": 0.08744074685368385,
  "best_epoch": 85,
  "time_s": 24.357485055923462,
  "n_epochs_actual": 136,
  "key": "step_d100_n8192_noise0.0_s42_dml_gradnorm",
  "timestamp": "2026-04-13T03:01:41.262853"
}