{
  "method": "dml_gradnorm",
  "func_type": "step",
  "dim": 100,
  "n_samples": 4096,
  "noise_level": 0.05,
  "seed": 789,
  "lambda": 1.0,
  "test_value_mse": 7.750881322832754,
  "test_grad_mse": 0.13195253356505082,
  "best_epoch": 190,
  "time_s": 22.996533393859863,
  "n_epochs_actual": 241,
  "key": "step_d100_n4096_noise0.05_s789_dml_gradnorm",
  "timestamp": "2026-04-13T02:51:57.661215"
}