{
  "method": "dml_gradnorm",
  "func_type": "step",
  "dim": 10,
  "n_samples": 4096,
  "noise_level": 0.2,
  "seed": 1000,
  "lambda": 1.0,
  "test_value_mse": 0.44638082486304764,
  "test_grad_mse": 0.010219972314358425,
  "best_epoch": 199,
  "time_s": 20.328534364700317,
  "n_epochs_actual": 250,
  "key": "step_d10_n4096_noise0.2_s1000_dml_gradnorm",
  "timestamp": "2026-04-12T11:16:29.880708"
}