{
  "method": "dml_fixed",
  "func_type": "step",
  "dim": 2,
  "n_samples": 8192,
  "noise_level": 0.05,
  "seed": 789,
  "lambda": 1.0,
  "test_value_mse": 0.04608721916140657,
  "test_grad_mse": 0.10062437228421368,
  "best_epoch": 100,
  "time_s": 29.809322834014893,
  "n_epochs_actual": 151,
  "key": "step_d2_n8192_noise0.05_s789_dml_fixed",
  "timestamp": "2026-04-11T15:58:39.464987"
}