{
  "method": "dml_gradnorm",
  "func_type": "step",
  "dim": 20,
  "n_samples": 8192,
  "noise_level": 0.0,
  "seed": 789,
  "lambda": 1.0,
  "test_value_mse": 1.4576793657399212,
  "test_grad_mse": 0.020551070950088148,
  "best_epoch": 244,
  "time_s": 28.935412645339966,
  "n_epochs_actual": 295,
  "key": "step_d20_n8192_noise0.0_s789_dml_gradnorm",
  "timestamp": "2026-04-12T20:11:12.734647"
}