{
  "method": "vanilla",
  "func_type": "step",
  "dim": 1,
  "n_samples": 512,
  "noise_level": 0.0,
  "seed": 1000,
  "lambda": 1.0,
  "test_value_mse": 0.0047516237746203244,
  "test_grad_mse": 5.113372036657865,
  "best_epoch": 115,
  "time_s": 2.3292198181152344,
  "n_epochs_actual": 166,
  "key": "step_d1_n512_noise0.0_s1000_vanilla",
  "timestamp": "2026-04-10T21:43:46.980470"
}