{
  "method": "dml_gradnorm",
  "func_type": "step",
  "dim": 20,
  "n_samples": 2048,
  "noise_level": 0.0,
  "seed": 456,
  "lambda": 1.0,
  "test_value_mse": 1.0970243727236588,
  "test_grad_mse": 0.10278884098246009,
  "best_epoch": 297,
  "time_s": 26.115253448486328,
  "n_epochs_actual": 348,
  "key": "step_d20_n2048_noise0.0_s456_dml_gradnorm",
  "timestamp": "2026-04-12T18:10:03.798694"
}