{
  "method": "vanilla",
  "func_type": "step",
  "dim": 1,
  "n_samples": 2048,
  "noise_level": 0.2,
  "seed": 456,
  "lambda": 1.0,
  "test_value_mse": 0.0010203967238773468,
  "test_grad_mse": 41.39434742672716,
  "best_epoch": 401,
  "time_s": 9.282113313674927,
  "n_epochs_actual": 452,
  "key": "step_d1_n2048_noise0.2_s456_vanilla",
  "timestamp": "2026-04-10T22:54:32.278335"
}