{
  "method": "baseline_rf",
  "func_type": "step",
  "dim": 2,
  "n_samples": 8192,
  "noise_level": 0.2,
  "seed": 1000,
  "lambda": 1.0,
  "test_value_mse": 0.0007874820781750409,
  "test_grad_mse": 44.032283166402046,
  "time_s": 1.7815730571746826,
  "key": "step_d2_n8192_noise0.2_s1000_baseline_rf",
  "timestamp": "2026-04-11T22:22:15.093604"
}