{
  "method": "vanilla",
  "func_type": "step",
  "dim": 1,
  "n_samples": 4096,
  "noise_level": 0.05,
  "seed": 123,
  "lambda": 1.0,
  "test_value_mse": 0.00038231172850949213,
  "test_grad_mse": 43.90685845525148,
  "best_epoch": 677,
  "time_s": 25.736144304275513,
  "n_epochs_actual": 728,
  "key": "step_d1_n4096_noise0.05_s123_vanilla",
  "timestamp": "2026-04-10T23:42:33.422379"
}