{
  "method": "vanilla",
  "func_type": "step",
  "dim": 1,
  "n_samples": 256,
  "noise_level": 0.05,
  "seed": 456,
  "lambda": 1.0,
  "test_value_mse": 0.0027609420266944467,
  "test_grad_mse": 83.0707763852384,
  "best_epoch": 663,
  "time_s": 9.76548957824707,
  "n_epochs_actual": 714,
  "key": "step_d1_n256_noise0.05_s456_vanilla",
  "timestamp": "2026-04-10T21:35:14.588440"
}