{
  "method": "dml_relobralo",
  "func_type": "step",
  "dim": 2,
  "n_samples": 256,
  "noise_level": 0.05,
  "seed": 1000,
  "lambda": 1.0,
  "test_value_mse": 0.1027747119681062,
  "test_grad_mse": 0.33861791894894916,
  "best_epoch": 16,
  "time_s": 2.162977933883667,
  "n_epochs_actual": 67,
  "key": "step_d2_n256_noise0.05_s1000_dml_relobralo",
  "timestamp": "2026-04-26T11:01:56.646205"
}