{
  "method": "dml_relobralo",
  "func_type": "step",
  "dim": 2,
  "n_samples": 256,
  "noise_level": 0.1,
  "seed": 42,
  "lambda": 1.0,
  "test_value_mse": 0.1024943497833777,
  "test_grad_mse": 0.22273842725308557,
  "best_epoch": 35,
  "time_s": 2.563357353210449,
  "n_epochs_actual": 86,
  "key": "step_d2_n256_noise0.1_s42_dml_relobralo",
  "timestamp": "2026-04-26T11:01:59.214328"
}