{
  "method": "dml_gradnorm",
  "func_type": "step",
  "dim": 50,
  "n_samples": 1024,
  "noise_level": 0.1,
  "seed": 789,
  "lambda": 1.0,
  "test_value_mse": 3.426047764846617,
  "test_grad_mse": 0.3306467893067659,
  "best_epoch": 46,
  "time_s": 3.312858819961548,
  "n_epochs_actual": 97,
  "key": "step_d50_n1024_noise0.1_s789_dml_gradnorm",
  "timestamp": "2026-04-13T01:31:22.057984"
}