{
  "method": "dml_gradnorm",
  "func_type": "step",
  "dim": 5,
  "n_samples": 1024,
  "noise_level": 0.1,
  "seed": 42,
  "lambda": 1.0,
  "test_value_mse": 0.22556471842658524,
  "test_grad_mse": 0.522682751818748,
  "best_epoch": 134,
  "time_s": 7.918649196624756,
  "n_epochs_actual": 185,
  "key": "step_d5_n1024_noise0.1_s42_dml_gradnorm",
  "timestamp": "2026-04-12T00:39:53.357639"
}