{
  "method": "dml_relobralo",
  "func_type": "step",
  "dim": 2,
  "n_samples": 256,
  "noise_level": 0.5,
  "seed": 123,
  "lambda": 1.0,
  "test_value_mse": 0.07094908431884901,
  "test_grad_mse": 0.24874751138241089,
  "best_epoch": 40,
  "time_s": 2.5950136184692383,
  "n_epochs_actual": 91,
  "key": "step_d2_n256_noise0.5_s123_dml_relobralo",
  "timestamp": "2026-04-26T11:02:27.151443"
}