{
  "method": "dml_gradnorm",
  "func_type": "step",
  "dim": 5,
  "n_samples": 256,
  "noise_level": 0.1,
  "seed": 789,
  "lambda": 1.0,
  "test_value_mse": 0.33280403322823704,
  "test_grad_mse": 0.3051476805184317,
  "best_epoch": 35,
  "time_s": 4.622382164001465,
  "n_epochs_actual": 86,
  "key": "step_d5_n256_noise0.1_s789_dml_gradnorm",
  "timestamp": "2026-04-12T00:31:59.903778"
}