{
  "method": "dml_fixed",
  "func_type": "step",
  "dim": 10,
  "n_samples": 8192,
  "noise_level": 0.0,
  "seed": 123,
  "lambda": 1.0,
  "test_value_mse": 0.5566308454439874,
  "test_grad_mse": 0.1529308519176158,
  "best_epoch": 78,
  "time_s": 9.522054433822632,
  "n_epochs_actual": 129,
  "key": "step_d10_n8192_noise0.0_s123_dml_fixed",
  "timestamp": "2026-04-12T11:48:38.922389"
}