{
  "method": "vanilla",
  "func_type": "step",
  "dim": 5,
  "n_samples": 256,
  "noise_level": 0.2,
  "seed": 456,
  "lambda": 1.0,
  "test_value_mse": 0.2502610111408684,
  "test_grad_mse": 1.4775548037337285,
  "best_epoch": 45,
  "time_s": 1.8768470287322998,
  "n_epochs_actual": 96,
  "key": "step_d5_n256_noise0.2_s456_vanilla",
  "timestamp": "2026-04-12T00:32:50.091975"
}