{
  "method": "baseline_gp",
  "func_type": "step",
  "dim": 5,
  "n_samples": 4096,
  "noise_level": 0.5,
  "seed": 123,
  "lambda": 1.0,
  "test_value_mse": 0.034226483103605286,
  "test_grad_mse": 1.6108627696799105,
  "time_s": 350.5097334384918,
  "key": "step_d5_n4096_noise0.5_s123_baseline_gp",
  "timestamp": "2026-04-12T02:13:52.426835"
}