{
  "method": "dml_relobralo",
  "func_type": "step",
  "dim": 5,
  "n_samples": 8192,
  "noise_level": 0.05,
  "seed": 789,
  "lambda": 1.0,
  "test_value_mse": 0.31980425034397436,
  "test_grad_mse": 3.6710266666123977e-06,
  "best_epoch": 106,
  "time_s": 18.212626934051514,
  "n_epochs_actual": 157,
  "key": "step_d5_n8192_noise0.05_s789_dml_relobralo",
  "timestamp": "2026-04-26T11:19:09.362922"
}