{
  "method": "dml_gradnorm",
  "func_type": "step",
  "dim": 20,
  "n_samples": 256,
  "noise_level": 0.5,
  "seed": 1000,
  "lambda": 1.0,
  "test_value_mse": 1.9329073307015556,
  "test_grad_mse": 0.9834808115099765,
  "best_epoch": 999,
  "time_s": 21.842406034469604,
  "n_epochs_actual": 1000,
  "key": "step_d20_n256_noise0.5_s1000_dml_gradnorm",
  "timestamp": "2026-04-12T17:41:25.204917"
}