{
  "method": "baseline_rf",
  "func_type": "step",
  "dim": 5,
  "n_samples": 8192,
  "noise_level": 0.05,
  "seed": 456,
  "lambda": 1.0,
  "test_value_mse": 0.03608674270797717,
  "test_grad_mse": 2227.201123361397,
  "time_s": 3.4875125885009766,
  "key": "step_d5_n8192_noise0.05_s456_baseline_rf",
  "timestamp": "2026-04-12T05:02:25.358786"
}