{
  "method": "dml_relobralo",
  "func_type": "step",
  "dim": 1,
  "n_samples": 1024,
  "noise_level": 0.5,
  "seed": 42,
  "lambda": 1.0,
  "test_value_mse": 0.0462848134806416,
  "test_grad_mse": 0.2766287491985109,
  "best_epoch": 81,
  "time_s": 3.8461713790893555,
  "n_epochs_actual": 132,
  "key": "step_d1_n1024_noise0.5_s42_dml_relobralo",
  "timestamp": "2026-04-26T10:52:52.028441"
}