{
  "method": "baseline_gp",
  "func_type": "step",
  "dim": 1,
  "n_samples": 1024,
  "noise_level": 0.0,
  "seed": 789,
  "lambda": 1.0,
  "test_value_mse": 0.000654170177579934,
  "test_grad_mse": 1042.0613847902325,
  "time_s": 24.49150061607361,
  "key": "step_d1_n1024_noise0.0_s789_baseline_gp",
  "timestamp": "2026-04-10T21:56:24.614524"
}