{
  "method": "dml_relobralo",
  "func_type": "step",
  "dim": 1,
  "n_samples": 512,
  "noise_level": 0.2,
  "seed": 123,
  "lambda": 1.0,
  "test_value_mse": 0.10191131936816232,
  "test_grad_mse": 0.23809646680322663,
  "best_epoch": 43,
  "time_s": 2.7616536617279053,
  "n_epochs_actual": 94,
  "key": "step_d1_n512_noise0.2_s123_dml_relobralo",
  "timestamp": "2026-04-26T10:51:15.289030"
}