{
  "method": "baseline_gp",
  "func_type": "step",
  "dim": 1,
  "n_samples": 2048,
  "noise_level": 0.2,
  "seed": 42,
  "lambda": 1.0,
  "test_value_mse": 0.0005082116318529963,
  "test_grad_mse": 130.12226593144263,
  "time_s": 47.20911908149719,
  "key": "step_d1_n2048_noise0.2_s42_baseline_gp",
  "timestamp": "2026-04-10T22:51:38.494906"
}