{
  "method": "dml_fixed",
  "func_type": "step",
  "dim": 1,
  "n_samples": 256,
  "noise_level": 0.2,
  "seed": 1000,
  "lambda": 1.0,
  "test_value_mse": 0.024555756013157973,
  "test_grad_mse": 0.029293663908997167,
  "best_epoch": 13,
  "time_s": 2.375579357147217,
  "n_epochs_actual": 64,
  "key": "step_d1_n256_noise0.2_s1000_dml_fixed",
  "timestamp": "2026-04-10T21:40:00.402118"
}