{
  "method": "dml_fixed",
  "func_type": "step",
  "dim": 10,
  "n_samples": 8192,
  "noise_level": 0.0,
  "seed": 456,
  "lambda": 1.0,
  "test_value_mse": 0.5577783427887383,
  "test_grad_mse": 0.15535672129683686,
  "best_epoch": 75,
  "time_s": 12.414299488067627,
  "n_epochs_actual": 126,
  "key": "step_d10_n8192_noise0.0_s456_dml_fixed",
  "timestamp": "2026-04-12T12:04:57.270704"
}