{
  "method": "dml_fixed",
  "func_type": "step",
  "dim": 1,
  "n_samples": 4096,
  "noise_level": 0.2,
  "seed": 1000,
  "lambda": 1.0,
  "test_value_mse": 0.023333830022120534,
  "test_grad_mse": 0.04752876656122778,
  "best_epoch": 74,
  "time_s": 4.818788051605225,
  "n_epochs_actual": 125,
  "key": "step_d1_n4096_noise0.2_s1000_dml_fixed",
  "timestamp": "2026-04-11T00:52:08.803631"
}