{
  "method": "dml_fixed",
  "func_type": "step",
  "dim": 100,
  "n_samples": 512,
  "noise_level": 0.0,
  "seed": 456,
  "lambda": 1.0,
  "test_value_mse": 7.656510790850506,
  "test_grad_mse": 0.06798248086054395,
  "best_epoch": 45,
  "time_s": 4.345661401748657,
  "n_epochs_actual": 96,
  "key": "step_d100_n512_noise0.0_s456_dml_fixed",
  "timestamp": "2026-04-13T02:28:47.920218"
}