{
  "method": "dml_gradnorm",
  "func_type": "step",
  "dim": 10,
  "n_samples": 1024,
  "noise_level": 0.05,
  "seed": 456,
  "lambda": 1.0,
  "test_value_mse": 0.7103927132012007,
  "test_grad_mse": 1.311489414961964,
  "best_epoch": 999,
  "time_s": 35.46119546890259,
  "n_epochs_actual": 1000,
  "key": "step_d10_n1024_noise0.05_s456_dml_gradnorm",
  "timestamp": "2026-04-12T09:57:36.345151"
}