{
  "method": "dml_relobralo",
  "func_type": "step",
  "dim": 2,
  "n_samples": 8192,
  "noise_level": 0.1,
  "seed": 42,
  "lambda": 1.0,
  "test_value_mse": 0.17664146484487395,
  "test_grad_mse": 0.0017313113059957005,
  "best_epoch": 90,
  "time_s": 13.220024108886719,
  "n_epochs_actual": 141,
  "key": "step_d2_n8192_noise0.1_s42_dml_relobralo",
  "timestamp": "2026-04-26T11:09:08.686839"
}