{
  "method": "vanilla",
  "func_type": "step",
  "dim": 2,
  "n_samples": 4096,
  "noise_level": 0.2,
  "seed": 42,
  "lambda": 1.0,
  "test_value_mse": 0.00239765925177771,
  "test_grad_mse": 36.534360258270816,
  "best_epoch": 380,
  "time_s": 15.314173698425293,
  "n_epochs_actual": 431,
  "key": "step_d2_n4096_noise0.2_s42_vanilla",
  "timestamp": "2026-04-11T12:01:36.292340"
}