{
  "method": "dml_gradnorm",
  "func_type": "step",
  "dim": 5,
  "n_samples": 8192,
  "noise_level": 0.1,
  "seed": 1000,
  "lambda": 1.0,
  "test_value_mse": 0.32818834389343393,
  "test_grad_mse": 0.10949869627741238,
  "best_epoch": 151,
  "time_s": 26.583362102508545,
  "n_epochs_actual": 202,
  "key": "step_d5_n8192_noise0.1_s1000_dml_gradnorm",
  "timestamp": "2026-04-12T06:42:16.121917"
}