{
  "method": "dml_gradnorm",
  "func_type": "step",
  "dim": 10,
  "n_samples": 256,
  "noise_level": 0.1,
  "seed": 1000,
  "lambda": 1.0,
  "test_value_mse": 0.3647129083997359,
  "test_grad_mse": 0.36584678308542184,
  "best_epoch": 176,
  "time_s": 7.686803340911865,
  "n_epochs_actual": 227,
  "key": "step_d10_n256_noise0.1_s1000_dml_gradnorm",
  "timestamp": "2026-04-12T09:47:56.775237"
}