{
  "method": "dml_gradnorm",
  "func_type": "step",
  "dim": 50,
  "n_samples": 1024,
  "noise_level": 0.05,
  "seed": 42,
  "lambda": 1.0,
  "test_value_mse": 2.9400014380862096,
  "test_grad_mse": 0.36725358394904956,
  "best_epoch": 999,
  "time_s": 40.083407163619995,
  "n_epochs_actual": 1000,
  "key": "step_d50_n1024_noise0.05_s42_dml_gradnorm",
  "timestamp": "2026-04-13T01:26:10.742302"
}