{
  "method": "dml_gradnorm",
  "func_type": "step",
  "dim": 100,
  "n_samples": 4096,
  "noise_level": 0.2,
  "seed": 123,
  "lambda": 1.0,
  "test_value_mse": 6.388734533148329,
  "test_grad_mse": 0.11638790688498787,
  "best_epoch": 162,
  "time_s": 12.398958444595337,
  "n_epochs_actual": 213,
  "key": "step_d100_n4096_noise0.2_s123_dml_gradnorm",
  "timestamp": "2026-04-13T02:56:32.504755"
}