{
  "method": "vanilla",
  "func_type": "step",
  "dim": 20,
  "n_samples": 256,
  "noise_level": 0.2,
  "seed": 1000,
  "lambda": 1.0,
  "test_value_mse": 1.8292150459363965,
  "test_grad_mse": 0.8544337218011506,
  "best_epoch": 40,
  "time_s": 4.21169114112854,
  "n_epochs_actual": 91,
  "key": "step_d20_n256_noise0.2_s1000_vanilla",
  "timestamp": "2026-04-12T17:37:45.113589"
}