{
  "method": "baseline_krr",
  "func_type": "step",
  "dim": 20,
  "n_samples": 4096,
  "noise_level": 0.2,
  "seed": 789,
  "lambda": 1.0,
  "test_value_mse": 1.1185789470847083,
  "test_grad_mse": 0.3009873426244008,
  "time_s": 0.9023704528808594,
  "key": "step_d20_n4096_noise0.2_s789_baseline_krr",
  "timestamp": "2026-04-12T19:07:54.012916"
}