{
  "method": "dml_relobralo",
  "func_type": "step",
  "dim": 10,
  "n_samples": 4096,
  "noise_level": 0.5,
  "seed": 42,
  "lambda": 1.0,
  "test_value_mse": 0.41532417056186044,
  "test_grad_mse": 0.6824291789819529,
  "best_epoch": 64,
  "time_s": 7.663832187652588,
  "n_epochs_actual": 115,
  "key": "step_d10_n4096_noise0.5_s42_dml_relobralo",
  "timestamp": "2026-04-26T11:27:39.487080"
}