{
  "method": "dml_fixed",
  "func_type": "step",
  "dim": 20,
  "n_samples": 1024,
  "noise_level": 0.2,
  "seed": 123,
  "lambda": 1.0,
  "test_value_mse": 1.3912324124395476,
  "test_grad_mse": 0.1457302858589608,
  "best_epoch": 56,
  "time_s": 4.427879810333252,
  "n_epochs_actual": 107,
  "key": "step_d20_n1024_noise0.2_s123_dml_fixed",
  "timestamp": "2026-04-12T17:57:46.543975"
}