{
  "method": "dml_fixed",
  "func_type": "step",
  "dim": 10,
  "n_samples": 256,
  "noise_level": 0.5,
  "seed": 42,
  "lambda": 1.0,
  "test_value_mse": 0.6915817828993139,
  "test_grad_mse": 0.0866205721634285,
  "best_epoch": 27,
  "time_s": 4.267781972885132,
  "n_epochs_actual": 78,
  "key": "step_d10_n256_noise0.5_s42_dml_fixed",
  "timestamp": "2026-04-12T09:49:59.968091"
}