{
  "method": "dml_gradnorm",
  "func_type": "step",
  "dim": 50,
  "n_samples": 8192,
  "noise_level": 0.05,
  "seed": 789,
  "lambda": 1.0,
  "test_value_mse": 3.6585690515367544,
  "test_grad_mse": 0.09125811243359251,
  "best_epoch": 377,
  "time_s": 51.7573459148407,
  "n_epochs_actual": 428,
  "key": "step_d50_n8192_noise0.05_s789_dml_gradnorm",
  "timestamp": "2026-04-13T02:03:31.863159"
}