{
  "method": "dml_relobralo",
  "func_type": "step",
  "dim": 10,
  "n_samples": 8192,
  "noise_level": 0.5,
  "seed": 42,
  "lambda": 1.0,
  "test_value_mse": 0.7006467399821508,
  "test_grad_mse": 0.03346071262682658,
  "best_epoch": 89,
  "time_s": 13.596839666366577,
  "n_epochs_actual": 140,
  "key": "step_d10_n8192_noise0.5_s42_dml_relobralo",
  "timestamp": "2026-04-26T11:32:30.919022"
}