{
  "method": "dml_gradnorm",
  "func_type": "step",
  "dim": 1,
  "n_samples": 2048,
  "noise_level": 0.1,
  "seed": 456,
  "lambda": 1.0,
  "test_value_mse": 0.11711204604893673,
  "test_grad_mse": 0.050449336621755,
  "best_epoch": 533,
  "time_s": 28.00652503967285,
  "n_epochs_actual": 584,
  "key": "step_d1_n2048_noise0.1_s456_dml_gradnorm",
  "timestamp": "2026-04-10T22:44:13.877993"
}