{
  "method": "dml_gradnorm",
  "func_type": "step",
  "dim": 50,
  "n_samples": 2048,
  "noise_level": 0.0,
  "seed": 123,
  "lambda": 1.0,
  "test_value_mse": 3.2402936278851318,
  "test_grad_mse": 0.0892687154862962,
  "best_epoch": 214,
  "time_s": 20.924547910690308,
  "n_epochs_actual": 265,
  "key": "step_d50_n2048_noise0.0_s123_dml_gradnorm",
  "timestamp": "2026-04-13T01:39:28.957685"
}