{
  "method": "baseline_gp",
  "func_type": "step",
  "dim": 5,
  "n_samples": 1024,
  "noise_level": 0.5,
  "seed": 123,
  "lambda": 1.0,
  "test_value_mse": 0.04777953135734197,
  "test_grad_mse": 1.180815315490756,
  "time_s": 24.82810640335083,
  "key": "step_d5_n1024_noise0.5_s123_baseline_gp",
  "timestamp": "2026-04-12T00:48:40.585993"
}