{
  "method": "baseline_rf",
  "func_type": "step",
  "dim": 10,
  "n_samples": 8192,
  "noise_level": 0.05,
  "seed": 123,
  "lambda": 1.0,
  "test_value_mse": 0.22704700602616343,
  "test_grad_mse": 2888.2282750791283,
  "time_s": 4.797393083572388,
  "key": "step_d10_n8192_noise0.05_s123_baseline_rf",
  "timestamp": "2026-04-12T13:06:49.227812"
}