{
  "method": "baseline_rf",
  "func_type": "step",
  "dim": 1,
  "n_samples": 2048,
  "noise_level": 0.5,
  "seed": 1000,
  "lambda": 1.0,
  "test_value_mse": 5.957870405567813e-05,
  "test_grad_mse": 1.3205537941850281e-24,
  "time_s": 0.22800016403198242,
  "key": "step_d1_n2048_noise0.5_s1000_baseline_rf",
  "timestamp": "2026-04-10T23:12:03.077692"
}