{
  "method": "dml_gradnorm",
  "func_type": "step",
  "dim": 5,
  "n_samples": 1024,
  "noise_level": 0.2,
  "seed": 42,
  "lambda": 1.0,
  "test_value_mse": 0.22728602289206332,
  "test_grad_mse": 0.6325868308427977,
  "best_epoch": 164,
  "time_s": 5.130525588989258,
  "n_epochs_actual": 215,
  "key": "step_d5_n1024_noise0.2_s42_dml_gradnorm",
  "timestamp": "2026-04-12T00:43:59.862534"
}