{
  "method": "baseline_gp",
  "func_type": "step",
  "dim": 10,
  "n_samples": 8192,
  "noise_level": 0.5,
  "seed": 456,
  "lambda": 1.0,
  "test_value_mse": 0.30021596604466055,
  "test_grad_mse": 2.2426460865835516,
  "time_s": 936.1931440830231,
  "key": "step_d10_n8192_noise0.5_s456_baseline_gp",
  "timestamp": "2026-04-12T16:58:06.814859"
}