{
  "method": "baseline_rf",
  "func_type": "step",
  "dim": 1,
  "n_samples": 2048,
  "noise_level": 0.2,
  "seed": 789,
  "lambda": 1.0,
  "test_value_mse": 3.0912638758396584e-05,
  "test_grad_mse": 8.66998760216243e-26,
  "time_s": 0.2314586639404297,
  "key": "step_d1_n2048_noise0.2_s789_baseline_rf",
  "timestamp": "2026-04-10T22:58:47.600357"
}