{
  "method": "baseline_rf",
  "func_type": "step",
  "dim": 5,
  "n_samples": 4096,
  "noise_level": 0.2,
  "seed": 1000,
  "lambda": 1.0,
  "test_value_mse": 0.028391527484646618,
  "test_grad_mse": 12334.763664332471,
  "time_s": 0.6402673721313477,
  "key": "step_d5_n4096_noise0.2_s1000_baseline_rf",
  "timestamp": "2026-04-12T02:03:49.535198"
}