{
  "method": "baseline_gp",
  "func_type": "step",
  "dim": 20,
  "n_samples": 8192,
  "noise_level": 0.0,
  "seed": 123,
  "lambda": 1.0,
  "test_value_mse": 0.7771935218523297,
  "test_grad_mse": 1.204538397070881,
  "time_s": 930.8564870357513,
  "key": "step_d20_n8192_noise0.0_s123_baseline_gp",
  "timestamp": "2026-04-12T19:56:42.229684"
}