{
  "method": "vanilla",
  "func_type": "step",
  "dim": 20,
  "n_samples": 8192,
  "noise_level": 0.1,
  "seed": 42,
  "lambda": 1.0,
  "test_value_mse": 0.8766869452595412,
  "test_grad_mse": 1.306434400755795,
  "best_epoch": 40,
  "time_s": 7.896838903427124,
  "n_epochs_actual": 91,
  "key": "step_d20_n8192_noise0.1_s42_vanilla",
  "timestamp": "2026-04-12T21:39:26.025535"
}