{
  "method": "dml_fixed",
  "func_type": "step",
  "dim": 10,
  "n_samples": 256,
  "noise_level": 0.05,
  "seed": 1000,
  "lambda": 1.0,
  "test_value_mse": 0.4007499812345189,
  "test_grad_mse": 0.0078091406463000656,
  "best_epoch": 15,
  "time_s": 2.8670382499694824,
  "n_epochs_actual": 66,
  "key": "step_d10_n256_noise0.05_s1000_dml_fixed",
  "timestamp": "2026-04-12T09:46:00.058997"
}