{
  "method": "baseline_gp",
  "func_type": "step",
  "dim": 20,
  "n_samples": 4096,
  "noise_level": 0.2,
  "seed": 456,
  "lambda": 1.0,
  "test_value_mse": 0.652622512935423,
  "test_grad_mse": 0.903485584510476,
  "time_s": 237.10465097427368,
  "key": "step_d20_n4096_noise0.2_s456_baseline_gp",
  "timestamp": "2026-04-12T19:04:07.171760"
}