{
  "method": "dml_gradnorm",
  "func_type": "step",
  "dim": 2,
  "n_samples": 8192,
  "noise_level": 0.2,
  "seed": 123,
  "lambda": 1.0,
  "test_value_mse": 0.062037094034986195,
  "test_grad_mse": 0.19425170191883326,
  "best_epoch": 117,
  "time_s": 26.24575400352478,
  "n_epochs_actual": 168,
  "key": "step_d2_n8192_noise0.2_s123_dml_gradnorm",
  "timestamp": "2026-04-11T20:31:38.570885"
}