{
  "method": "dml_relobralo",
  "func_type": "step",
  "dim": 50,
  "n_samples": 8192,
  "noise_level": 0.0,
  "seed": 1000,
  "lambda": 1.0,
  "test_value_mse": 3.1998317810784127,
  "test_grad_mse": 0.16846915147690128,
  "best_epoch": 35,
  "time_s": 9.829834222793579,
  "n_epochs_actual": 86,
  "key": "step_d50_n8192_noise0.0_s1000_dml_relobralo",
  "timestamp": "2026-04-26T11:46:42.481208"
}