{
  "method": "baseline_krr",
  "func_type": "step",
  "dim": 2,
  "n_samples": 256,
  "noise_level": 0.05,
  "seed": 1000,
  "lambda": 1.0,
  "test_value_mse": 0.08949702626365395,
  "test_grad_mse": 0.5979688045755389,
  "time_s": 0.004020214080810547,
  "key": "step_d2_n256_noise0.05_s1000_baseline_krr",
  "timestamp": "2026-04-11T10:07:15.995034"
}