{
  "method": "dml_gradnorm",
  "func_type": "step",
  "dim": 2,
  "n_samples": 256,
  "noise_level": 0.2,
  "seed": 456,
  "lambda": 1.0,
  "test_value_mse": 0.047096886927188615,
  "test_grad_mse": 0.08537205528069804,
  "best_epoch": 29,
  "time_s": 4.34464955329895,
  "n_epochs_actual": 80,
  "key": "step_d2_n256_noise0.2_s456_dml_gradnorm",
  "timestamp": "2026-04-11T10:09:58.932972"
}