{
  "method": "dml_gradnorm",
  "func_type": "step",
  "dim": 10,
  "n_samples": 1024,
  "noise_level": 0.05,
  "seed": 123,
  "lambda": 1.0,
  "test_value_mse": 0.7117119940396415,
  "test_grad_mse": 0.7872957236117868,
  "best_epoch": 217,
  "time_s": 10.691133737564087,
  "n_epochs_actual": 268,
  "key": "step_d10_n1024_noise0.05_s123_dml_gradnorm",
  "timestamp": "2026-04-12T09:56:32.150624"
}