{
  "method": "baseline_rf",
  "func_type": "step",
  "dim": 1,
  "n_samples": 4096,
  "noise_level": 0.05,
  "seed": 789,
  "lambda": 1.0,
  "test_value_mse": 0.001359598979681574,
  "test_grad_mse": 8.296765278716964e-25,
  "time_s": 0.7568049430847168,
  "key": "step_d1_n4096_noise0.05_s789_baseline_rf",
  "timestamp": "2026-04-10T23:59:43.647527"
}