{
  "method": "baseline_gp",
  "func_type": "step",
  "dim": 10,
  "n_samples": 256,
  "noise_level": 0.5,
  "seed": 1000,
  "lambda": 1.0,
  "test_value_mse": 0.32915893619078,
  "test_grad_mse": 0.18044894758146718,
  "time_s": 4.134364128112793,
  "key": "step_d10_n256_noise0.5_s1000_baseline_gp",
  "timestamp": "2026-04-12T09:51:41.741961"
}