{
  "method": "baseline_rf",
  "func_type": "step",
  "dim": 2,
  "n_samples": 1024,
  "noise_level": 0.5,
  "seed": 123,
  "lambda": 1.0,
  "test_value_mse": 0.0013982942853949705,
  "test_grad_mse": 7.150602092301144e-24,
  "time_s": 0.909536600112915,
  "key": "step_d2_n1024_noise0.5_s123_baseline_rf",
  "timestamp": "2026-04-11T10:32:36.011974"
}