{
  "method": "baseline_rf",
  "func_type": "step",
  "dim": 5,
  "n_samples": 256,
  "noise_level": 0.2,
  "seed": 123,
  "lambda": 1.0,
  "test_value_mse": 0.08816497957787814,
  "test_grad_mse": 3.109932414813603e-22,
  "time_s": 0.3955421447753906,
  "key": "step_d5_n256_noise0.2_s123_baseline_rf",
  "timestamp": "2026-04-12T00:32:48.209080"
}