{
  "method": "dml_gradnorm",
  "func_type": "step",
  "dim": 2,
  "n_samples": 256,
  "noise_level": 0.05,
  "seed": 789,
  "lambda": 1.0,
  "test_value_mse": 0.06176151480569952,
  "test_grad_mse": 0.14212618506755237,
  "best_epoch": 41,
  "time_s": 4.982039213180542,
  "n_epochs_actual": 92,
  "key": "step_d2_n256_noise0.05_s789_dml_gradnorm",
  "timestamp": "2026-04-11T10:06:53.093905"
}