{
  "method": "dml_relobralo",
  "func_type": "step",
  "dim": 100,
  "n_samples": 2048,
  "noise_level": 0.0,
  "seed": 789,
  "lambda": 1.0,
  "test_value_mse": 6.45110505580386,
  "test_grad_mse": 0.22711345001539268,
  "best_epoch": 14,
  "time_s": 3.315948247909546,
  "n_epochs_actual": 65,
  "key": "step_d100_n2048_noise0.0_s789_dml_relobralo",
  "timestamp": "2026-04-26T11:51:53.193794"
}