{
  "method": "baseline_krr",
  "func_type": "step",
  "dim": 20,
  "n_samples": 8192,
  "noise_level": 0.5,
  "seed": 123,
  "lambda": 1.0,
  "test_value_mse": 0.9628775302952889,
  "test_grad_mse": 0.5715017869277986,
  "time_s": 19.904889822006226,
  "key": "step_d20_n8192_noise0.5_s123_baseline_krr",
  "timestamp": "2026-04-13T00:29:12.746771"
}