{
  "method": "vanilla",
  "func_type": "step",
  "dim": 1,
  "n_samples": 256,
  "noise_level": 0.0,
  "seed": 789,
  "lambda": 1.0,
  "test_value_mse": 0.0032022823215943855,
  "test_grad_mse": 64.969257312555,
  "best_epoch": 191,
  "time_s": 5.823063373565674,
  "n_epochs_actual": 242,
  "key": "step_d1_n256_noise0.0_s789_vanilla",
  "timestamp": "2026-04-10T21:33:30.329923"
}