{
  "method": "baseline_krr",
  "func_type": "step",
  "dim": 2,
  "n_samples": 256,
  "noise_level": 0.5,
  "seed": 456,
  "lambda": 1.0,
  "test_value_mse": 0.025367717411646992,
  "test_grad_mse": 0.4123662981765723,
  "time_s": 0.004003047943115234,
  "key": "step_d2_n256_noise0.5_s456_baseline_krr",
  "timestamp": "2026-04-11T10:11:41.166118"
}