{
  "method": "baseline_rf",
  "func_type": "step",
  "dim": 2,
  "n_samples": 1024,
  "noise_level": 0.1,
  "seed": 789,
  "lambda": 1.0,
  "test_value_mse": 0.0018090394775276254,
  "test_grad_mse": 9.91619051854013e-24,
  "time_s": 0.9935479164123535,
  "key": "step_d2_n1024_noise0.1_s789_baseline_rf",
  "timestamp": "2026-04-11T10:24:19.831421"
}