{
  "method": "dml_gradnorm",
  "func_type": "step",
  "dim": 1,
  "n_samples": 512,
  "noise_level": 0.5,
  "seed": 456,
  "lambda": 1.0,
  "test_value_mse": 0.11266816096115141,
  "test_grad_mse": 0.1630177404958644,
  "best_epoch": 38,
  "time_s": 5.0793468952178955,
  "n_epochs_actual": 89,
  "key": "step_d1_n512_noise0.5_s456_dml_gradnorm",
  "timestamp": "2026-04-10T21:52:30.447308"
}