{
  "method": "baseline_gp",
  "func_type": "step",
  "dim": 1,
  "n_samples": 4096,
  "noise_level": 0.5,
  "seed": 1000,
  "lambda": 1.0,
  "test_value_mse": 5.6732254895733154e-05,
  "test_grad_mse": 232.564101336201,
  "time_s": 325.6504657268524,
  "key": "step_d1_n4096_noise0.5_s1000_baseline_gp",
  "timestamp": "2026-04-11T01:26:03.135877"
}