{
  "method": "dml_fixed",
  "func_type": "step",
  "dim": 20,
  "n_samples": 2048,
  "noise_level": 0.0,
  "seed": 42,
  "lambda": 1.0,
  "test_value_mse": 0.9533680032468344,
  "test_grad_mse": 0.08377290686107006,
  "best_epoch": 39,
  "time_s": 5.494612693786621,
  "n_epochs_actual": 90,
  "key": "step_d20_n2048_noise0.0_s42_dml_fixed",
  "timestamp": "2026-04-12T18:06:34.569612"
}