{
  "method": "dml_relobralo",
  "func_type": "step",
  "dim": 2,
  "n_samples": 8192,
  "noise_level": 0.5,
  "seed": 1000,
  "lambda": 1.0,
  "test_value_mse": 0.2061605804096733,
  "test_grad_mse": 0.0019298231742216141,
  "best_epoch": 35,
  "time_s": 8.985822677612305,
  "n_epochs_actual": 86,
  "key": "step_d2_n8192_noise0.5_s1000_dml_relobralo",
  "timestamp": "2026-04-26T11:11:51.966077"
}