{
  "method": "dml_gradnorm",
  "func_type": "step",
  "dim": 10,
  "n_samples": 8192,
  "noise_level": 0.2,
  "seed": 456,
  "lambda": 1.0,
  "test_value_mse": 0.8760049751001401,
  "test_grad_mse": 0.0021325016385348792,
  "best_epoch": 124,
  "time_s": 28.52345371246338,
  "n_epochs_actual": 175,
  "key": "step_d10_n8192_noise0.2_s456_dml_gradnorm",
  "timestamp": "2026-04-12T15:25:05.451936"
}