{
  "method": "baseline_rf",
  "func_type": "step",
  "dim": 5,
  "n_samples": 4096,
  "noise_level": 0.05,
  "seed": 123,
  "lambda": 1.0,
  "test_value_mse": 0.008729270310768181,
  "test_grad_mse": 45.203340313244944,
  "time_s": 0.6662158966064453,
  "key": "step_d5_n4096_noise0.05_s123_baseline_rf",
  "timestamp": "2026-04-12T01:04:57.514635"
}