{
  "method": "baseline_gp",
  "func_type": "step",
  "dim": 1,
  "n_samples": 2048,
  "noise_level": 0.1,
  "seed": 789,
  "lambda": 1.0,
  "test_value_mse": 0.0005282610575398653,
  "test_grad_mse": 766.8570133370135,
  "time_s": 26.92106294631958,
  "key": "step_d1_n2048_noise0.1_s789_baseline_gp",
  "timestamp": "2026-04-10T22:48:03.022628"
}