{
  "method": "baseline_rf",
  "func_type": "step",
  "dim": 10,
  "n_samples": 2048,
  "noise_level": 0.0,
  "seed": 1000,
  "lambda": 1.0,
  "test_value_mse": 0.18278759596687957,
  "test_grad_mse": 31.195062373453645,
  "time_s": 4.227627515792847,
  "key": "step_d10_n2048_noise0.0_s1000_baseline_rf",
  "timestamp": "2026-04-12T10:22:22.333982"
}