{
  "method": "baseline_rf",
  "func_type": "step",
  "dim": 1,
  "n_samples": 8192,
  "noise_level": 0.0,
  "seed": 1000,
  "lambda": 1.0,
  "test_value_mse": 3.915728812302351e-05,
  "test_grad_mse": 3026.5112879738663,
  "time_s": 0.3124551773071289,
  "key": "step_d1_n8192_noise0.0_s1000_baseline_rf",
  "timestamp": "2026-04-11T03:04:56.394923"
}