{
  "method": "dml_relobralo",
  "func_type": "step",
  "dim": 5,
  "n_samples": 8192,
  "noise_level": 0.2,
  "seed": 789,
  "lambda": 1.0,
  "test_value_mse": 0.319793982602916,
  "test_grad_mse": 2.105140892686147e-05,
  "best_epoch": 106,
  "time_s": 16.152820110321045,
  "n_epochs_actual": 157,
  "key": "step_d5_n8192_noise0.2_s789_dml_relobralo",
  "timestamp": "2026-04-26T11:21:24.855633"
}