{
  "method": "dml_relobralo",
  "func_type": "step",
  "dim": 20,
  "n_samples": 4096,
  "noise_level": 0.05,
  "seed": 1000,
  "lambda": 1.0,
  "test_value_mse": 1.9639782593420239,
  "test_grad_mse": 0.09356429954142913,
  "best_epoch": 72,
  "time_s": 8.301936388015747,
  "n_epochs_actual": 123,
  "key": "step_d20_n4096_noise0.05_s1000_dml_relobralo",
  "timestamp": "2026-04-26T11:36:31.185206"
}