{
  "method": "vanilla",
  "func_type": "step",
  "dim": 10,
  "n_samples": 2048,
  "noise_level": 0.0,
  "seed": 42,
  "lambda": 1.0,
  "test_value_mse": 0.4282756147786533,
  "test_grad_mse": 0.9118991995866651,
  "best_epoch": 37,
  "time_s": 5.605679750442505,
  "n_epochs_actual": 88,
  "key": "step_d10_n2048_noise0.0_s42_vanilla",
  "timestamp": "2026-04-12T10:14:51.749303"
}