{
  "method": "baseline_rf",
  "func_type": "step",
  "dim": 20,
  "n_samples": 256,
  "noise_level": 0.1,
  "seed": 42,
  "lambda": 1.0,
  "test_value_mse": 1.1521369117057543,
  "test_grad_mse": 5.726826763864075e-21,
  "time_s": 6.019396781921387,
  "key": "step_d20_n256_noise0.1_s42_baseline_rf",
  "timestamp": "2026-04-12T17:32:36.825545"
}