{
  "method": "baseline_krr",
  "func_type": "step",
  "dim": 10,
  "n_samples": 2048,
  "noise_level": 0.0,
  "seed": 42,
  "lambda": 1.0,
  "test_value_mse": 0.4782367304126833,
  "test_grad_mse": 0.39307142860099603,
  "time_s": 1.0031852722167969,
  "key": "step_d10_n2048_noise0.0_s42_baseline_krr",
  "timestamp": "2026-04-12T10:16:06.166507"
}