{
  "method": "vanilla",
  "func_type": "step",
  "dim": 50,
  "n_samples": 8192,
  "noise_level": 0.05,
  "seed": 456,
  "lambda": 1.0,
  "test_value_mse": 2.560652533971173,
  "test_grad_mse": 0.4989906649048232,
  "best_epoch": 24,
  "time_s": 6.9860687255859375,
  "n_epochs_actual": 75,
  "key": "step_d50_n8192_noise0.05_s456_vanilla",
  "timestamp": "2026-04-13T02:01:08.321627"
}