{
  "method": "baseline_krr",
  "func_type": "step",
  "dim": 5,
  "n_samples": 4096,
  "noise_level": 0.05,
  "seed": 456,
  "lambda": 1.0,
  "test_value_mse": 0.18144441582355686,
  "test_grad_mse": 0.949481511423756,
  "time_s": 2.4960789680480957,
  "key": "step_d5_n4096_noise0.05_s456_baseline_krr",
  "timestamp": "2026-04-12T01:09:20.733446"
}