{
  "method": "baseline_rf",
  "func_type": "step",
  "dim": 2,
  "n_samples": 2048,
  "noise_level": 0.0,
  "seed": 42,
  "lambda": 1.0,
  "test_value_mse": 9.842215258966124e-05,
  "test_grad_mse": 280.6651256535808,
  "time_s": 0.7593598365783691,
  "key": "step_d2_n2048_noise0.0_s42_baseline_rf",
  "timestamp": "2026-04-11T10:37:06.197352"
}