{
  "method": "dml_fixed",
  "func_type": "step",
  "dim": 10,
  "n_samples": 4096,
  "noise_level": 0.2,
  "seed": 789,
  "lambda": 1.0,
  "test_value_mse": 0.43672471310925026,
  "test_grad_mse": 0.13396737997275304,
  "best_epoch": 80,
  "time_s": 7.75911283493042,
  "n_epochs_actual": 131,
  "key": "step_d10_n4096_noise0.2_s789_dml_fixed",
  "timestamp": "2026-04-12T11:12:17.235822"
}