{
  "method": "dml_fixed",
  "func_type": "step",
  "dim": 5,
  "n_samples": 8192,
  "noise_level": 0.2,
  "seed": 789,
  "lambda": 1.0,
  "test_value_mse": 0.22171265692096012,
  "test_grad_mse": 0.09964638616232663,
  "best_epoch": 68,
  "time_s": 7.031560897827148,
  "n_epochs_actual": 119,
  "key": "step_d5_n8192_noise0.2_s789_dml_fixed",
  "timestamp": "2026-04-12T07:40:55.923786"
}