{
  "method": "baseline_gp",
  "func_type": "step",
  "dim": 1,
  "n_samples": 4096,
  "noise_level": 0.5,
  "seed": 789,
  "lambda": 1.0,
  "test_value_mse": 0.0011425776865961954,
  "test_grad_mse": 2199.6393949894273,
  "time_s": 337.0792245864868,
  "key": "step_d1_n4096_noise0.5_s789_baseline_gp",
  "timestamp": "2026-04-11T01:20:05.428390"
}