{
  "method": "vanilla",
  "func_type": "step",
  "dim": 5,
  "n_samples": 256,
  "noise_level": 0.5,
  "seed": 123,
  "lambda": 1.0,
  "test_value_mse": 0.10468819015635643,
  "test_grad_mse": 1.738240111816316,
  "best_epoch": 105,
  "time_s": 4.948421955108643,
  "n_epochs_actual": 156,
  "key": "step_d5_n256_noise0.5_s123_vanilla",
  "timestamp": "2026-04-12T00:34:03.167256"
}