{
  "method": "vanilla",
  "func_type": "step",
  "dim": 2,
  "n_samples": 4096,
  "noise_level": 0.05,
  "seed": 123,
  "lambda": 1.0,
  "test_value_mse": 0.0020673642624716164,
  "test_grad_mse": 51.308330449038976,
  "best_epoch": 458,
  "time_s": 18.11204981803894,
  "n_epochs_actual": 509,
  "key": "step_d2_n4096_noise0.05_s123_vanilla",
  "timestamp": "2026-04-11T10:54:45.527503"
}