{
  "method": "dml_gradnorm",
  "func_type": "step",
  "dim": 20,
  "n_samples": 512,
  "noise_level": 0.0,
  "seed": 123,
  "lambda": 1.0,
  "test_value_mse": 1.9142546208022562,
  "test_grad_mse": 0.8163269481358004,
  "best_epoch": 998,
  "time_s": 36.25815558433533,
  "n_epochs_actual": 1000,
  "key": "step_d20_n512_noise0.0_s123_dml_gradnorm",
  "timestamp": "2026-04-12T17:42:36.506964"
}