{
  "method": "dml_fixed",
  "func_type": "step",
  "dim": 10,
  "n_samples": 2048,
  "noise_level": 0.0,
  "seed": 789,
  "lambda": 1.0,
  "test_value_mse": 0.4978110419203412,
  "test_grad_mse": 0.10882198281192773,
  "best_epoch": 64,
  "time_s": 7.027719974517822,
  "n_epochs_actual": 115,
  "key": "step_d10_n2048_noise0.0_s789_dml_fixed",
  "timestamp": "2026-04-12T10:19:00.110082"
}