{
  "method": "dml_gradnorm",
  "func_type": "step",
  "dim": 2,
  "n_samples": 2048,
  "noise_level": 0.0,
  "seed": 789,
  "lambda": 1.0,
  "test_value_mse": 0.056580860051233535,
  "test_grad_mse": 0.05715665879363886,
  "best_epoch": 290,
  "time_s": 22.927693605422974,
  "n_epochs_actual": 341,
  "key": "step_d2_n2048_noise0.0_s789_dml_gradnorm",
  "timestamp": "2026-04-11T10:42:21.462157"
}