{
  "method": "dml_gradnorm",
  "func_type": "step",
  "dim": 20,
  "n_samples": 4096,
  "noise_level": 0.05,
  "seed": 456,
  "lambda": 1.0,
  "test_value_mse": 1.1254024406532488,
  "test_grad_mse": 0.04410899337499536,
  "best_epoch": 174,
  "time_s": 17.947812795639038,
  "n_epochs_actual": 225,
  "key": "step_d20_n4096_noise0.05_s456_dml_gradnorm",
  "timestamp": "2026-04-12T18:21:42.888026"
}