{
  "method": "dml_relobralo",
  "func_type": "step",
  "dim": 1,
  "n_samples": 1024,
  "noise_level": 0.1,
  "seed": 42,
  "lambda": 1.0,
  "test_value_mse": 0.04636720859984207,
  "test_grad_mse": 0.2687423055065286,
  "best_epoch": 76,
  "time_s": 3.712372064590454,
  "n_epochs_actual": 127,
  "key": "step_d1_n1024_noise0.1_s42_dml_relobralo",
  "timestamp": "2026-04-26T10:52:17.886353"
}