{
  "method": "baseline_rf",
  "func_type": "step",
  "dim": 5,
  "n_samples": 4096,
  "noise_level": 0.1,
  "seed": 42,
  "lambda": 1.0,
  "test_value_mse": 0.04584229210429254,
  "test_grad_mse": 591.2126246066341,
  "time_s": 0.6746892929077148,
  "key": "step_d5_n4096_noise0.1_s42_baseline_rf",
  "timestamp": "2026-04-12T01:19:08.950452"
}