{
  "method": "dml_fixed",
  "func_type": "step",
  "dim": 1,
  "n_samples": 256,
  "noise_level": 0.0,
  "seed": 789,
  "lambda": 1.0,
  "test_value_mse": 0.022759734113544497,
  "test_grad_mse": 0.008172359527463343,
  "best_epoch": 9,
  "time_s": 2.9955451488494873,
  "n_epochs_actual": 60,
  "key": "step_d1_n256_noise0.0_s789_dml_fixed",
  "timestamp": "2026-04-10T21:33:33.325991"
}