{
  "method": "dml_fixed",
  "func_type": "step",
  "dim": 1,
  "n_samples": 256,
  "noise_level": 0.2,
  "seed": 42,
  "lambda": 1.0,
  "test_value_mse": 0.04621489467151393,
  "test_grad_mse": 0.28427151114348176,
  "best_epoch": 20,
  "time_s": 1.8312904834747314,
  "n_epochs_actual": 71,
  "key": "step_d1_n256_noise0.2_s42_dml_fixed",
  "timestamp": "2026-04-10T21:38:14.321051"
}