{
  "method": "dml_fixed",
  "func_type": "step",
  "dim": 5,
  "n_samples": 8192,
  "noise_level": 0.0,
  "seed": 456,
  "lambda": 1.0,
  "test_value_mse": 0.26279732753859736,
  "test_grad_mse": 0.16060089123918966,
  "best_epoch": 112,
  "time_s": 13.13317608833313,
  "n_epochs_actual": 163,
  "key": "step_d5_n8192_noise0.0_s456_dml_fixed",
  "timestamp": "2026-04-12T03:17:18.325810"
}