{
  "method": "dml_gradnorm",
  "func_type": "step",
  "dim": 1,
  "n_samples": 512,
  "noise_level": 0.05,
  "seed": 456,
  "lambda": 1.0,
  "test_value_mse": 0.10949056426128893,
  "test_grad_mse": 0.17295021928052914,
  "best_epoch": 40,
  "time_s": 5.082364559173584,
  "n_epochs_actual": 91,
  "key": "step_d1_n512_noise0.05_s456_dml_gradnorm",
  "timestamp": "2026-04-10T21:45:26.246668"
}