{
  "method": "baseline_gp",
  "func_type": "step",
  "dim": 1,
  "n_samples": 4096,
  "noise_level": 0.0,
  "seed": 123,
  "lambda": 1.0,
  "test_value_mse": 6.633109439311156e-05,
  "test_grad_mse": 227.25739711260624,
  "time_s": 291.2794666290283,
  "key": "step_d1_n4096_noise0.0_s123_baseline_gp",
  "timestamp": "2026-04-10T23:21:13.295548"
}