{
  "method": "dml_gradnorm",
  "func_type": "step",
  "dim": 5,
  "n_samples": 4096,
  "noise_level": 0.1,
  "seed": 1000,
  "lambda": 1.0,
  "test_value_mse": 0.2734412324368103,
  "test_grad_mse": 0.33003190236614477,
  "best_epoch": 112,
  "time_s": 13.328973770141602,
  "n_epochs_actual": 163,
  "key": "step_d5_n4096_noise0.1_s1000_dml_gradnorm",
  "timestamp": "2026-04-12T01:33:21.062503"
}