{
  "method": "dml_gradnorm",
  "func_type": "step",
  "dim": 10,
  "n_samples": 8192,
  "noise_level": 0.2,
  "seed": 42,
  "lambda": 1.0,
  "test_value_mse": 0.5669723438646674,
  "test_grad_mse": 0.1450034735536263,
  "best_epoch": 193,
  "time_s": 34.048091173172,
  "n_epochs_actual": 244,
  "key": "step_d10_n8192_noise0.2_s42_dml_gradnorm",
  "timestamp": "2026-04-12T14:51:43.646813"
}