{
  "method": "dml_gradnorm",
  "func_type": "step",
  "dim": 20,
  "n_samples": 256,
  "noise_level": 0.05,
  "seed": 456,
  "lambda": 1.0,
  "test_value_mse": 1.2744617627399335,
  "test_grad_mse": 0.12411673230009392,
  "best_epoch": 22,
  "time_s": 3.2616586685180664,
  "n_epochs_actual": 73,
  "key": "step_d20_n256_noise0.05_s456_dml_gradnorm",
  "timestamp": "2026-04-12T17:30:08.257340"
}