{
  "method": "dml_gradnorm",
  "func_type": "step",
  "dim": 20,
  "n_samples": 8192,
  "noise_level": 0.5,
  "seed": 456,
  "lambda": 1.0,
  "test_value_mse": 1.2499218293439482,
  "test_grad_mse": 0.005339598009418075,
  "best_epoch": 98,
  "time_s": 26.432772874832153,
  "n_epochs_actual": 149,
  "key": "step_d20_n8192_noise0.5_s456_dml_gradnorm",
  "timestamp": "2026-04-13T00:30:06.672520"
}