{
  "method": "baseline_gp",
  "func_type": "step",
  "dim": 20,
  "n_samples": 8192,
  "noise_level": 0.1,
  "seed": 123,
  "lambda": 1.0,
  "test_value_mse": 0.7771935218523297,
  "test_grad_mse": 1.204538397070881,
  "time_s": 892.0847902297974,
  "key": "step_d20_n8192_noise0.1_s123_baseline_gp",
  "timestamp": "2026-04-12T22:05:57.906464"
}