{
  "method": "dml_relobralo",
  "func_type": "step",
  "dim": 100,
  "n_samples": 4096,
  "noise_level": 0.5,
  "seed": 1000,
  "lambda": 1.0,
  "test_value_mse": 6.011224214975415,
  "test_grad_mse": 0.1831553480187738,
  "best_epoch": 11,
  "time_s": 4.551037073135376,
  "n_epochs_actual": 62,
  "key": "step_d100_n4096_noise0.5_s1000_dml_relobralo",
  "timestamp": "2026-04-26T11:53:34.043484"
}