{
  "method": "baseline_krr",
  "func_type": "step",
  "dim": 2,
  "n_samples": 2048,
  "noise_level": 0.0,
  "seed": 456,
  "lambda": 1.0,
  "test_value_mse": 0.026163176683832893,
  "test_grad_mse": 0.5759526041850124,
  "time_s": 0.3560664653778076,
  "key": "step_d2_n2048_noise0.0_s456_baseline_krr",
  "timestamp": "2026-04-11T10:41:43.953961"
}