{
  "method": "dml_gradnorm",
  "func_type": "step",
  "dim": 50,
  "n_samples": 8192,
  "noise_level": 0.2,
  "seed": 1000,
  "lambda": 1.0,
  "test_value_mse": 3.2772985972329853,
  "test_grad_mse": 0.08823300337462922,
  "best_epoch": 201,
  "time_s": 32.101831674575806,
  "n_epochs_actual": 252,
  "key": "step_d50_n8192_noise0.2_s1000_dml_gradnorm",
  "timestamp": "2026-04-13T02:15:04.463613"
}