{
  "method": "dml_gradnorm",
  "func_type": "step",
  "dim": 1,
  "n_samples": 8192,
  "noise_level": 0.5,
  "seed": 1000,
  "lambda": 1.0,
  "test_value_mse": 0.034953981279840986,
  "test_grad_mse": 0.0004240908337946631,
  "best_epoch": 398,
  "time_s": 58.904778480529785,
  "n_epochs_actual": 449,
  "key": "step_d1_n8192_noise0.5_s1000_dml_gradnorm",
  "timestamp": "2026-04-11T09:48:11.814635"
}