{
  "method": "vanilla",
  "func_type": "step",
  "dim": 1,
  "n_samples": 256,
  "noise_level": 0.5,
  "seed": 123,
  "lambda": 1.0,
  "test_value_mse": 0.003120619509755698,
  "test_grad_mse": 48.5200546145246,
  "best_epoch": 421,
  "time_s": 8.6440908908844,
  "n_epochs_actual": 472,
  "key": "step_d1_n256_noise0.5_s123_vanilla",
  "timestamp": "2026-04-10T21:40:41.323460"
}