{
  "method": "baseline_krr",
  "func_type": "step",
  "dim": 1,
  "n_samples": 256,
  "noise_level": 0.5,
  "seed": 42,
  "lambda": 1.0,
  "test_value_mse": 0.038843719167237896,
  "test_grad_mse": 0.6117824940641966,
  "time_s": 0.0031969547271728516,
  "key": "step_d1_n256_noise0.5_s42_baseline_krr",
  "timestamp": "2026-04-10T21:40:32.326631"
}