{
  "method": "dml_gradnorm",
  "func_type": "step",
  "dim": 50,
  "n_samples": 256,
  "noise_level": 0.2,
  "seed": 42,
  "lambda": 1.0,
  "test_value_mse": 5.72119124316006,
  "test_grad_mse": 0.38639134996101415,
  "best_epoch": 998,
  "time_s": 36.08101463317871,
  "n_epochs_actual": 1000,
  "key": "step_d50_n256_noise0.2_s42_dml_gradnorm",
  "timestamp": "2026-04-13T01:15:46.236931"
}