{
  "method": "baseline_rf",
  "func_type": "step",
  "dim": 2,
  "n_samples": 8192,
  "noise_level": 0.05,
  "seed": 456,
  "lambda": 1.0,
  "test_value_mse": 0.00011040603737390437,
  "test_grad_mse": 24.99291755224409,
  "time_s": 1.6832752227783203,
  "key": "step_d2_n8192_noise0.05_s456_baseline_rf",
  "timestamp": "2026-04-11T15:56:56.299136"
}