{
  "method": "dml_fixed",
  "func_type": "step",
  "dim": 1,
  "n_samples": 2048,
  "noise_level": 0.05,
  "seed": 123,
  "lambda": 1.0,
  "test_value_mse": 0.08001048956815361,
  "test_grad_mse": 0.24837289720289785,
  "best_epoch": 39,
  "time_s": 2.9601187705993652,
  "n_epochs_actual": 90,
  "key": "step_d1_n2048_noise0.05_s123_dml_fixed",
  "timestamp": "2026-04-10T22:30:30.444882"
}