{
  "method": "vanilla",
  "func_type": "step",
  "dim": 5,
  "n_samples": 1024,
  "noise_level": 0.2,
  "seed": 456,
  "lambda": 1.0,
  "test_value_mse": 0.14324809007135958,
  "test_grad_mse": 3.328543223842456,
  "best_epoch": 195,
  "time_s": 7.911058187484741,
  "n_epochs_actual": 246,
  "key": "step_d5_n1024_noise0.2_s456_vanilla",
  "timestamp": "2026-04-12T00:44:59.971399"
}