{
  "method": "dml_fixed",
  "func_type": "step",
  "dim": 100,
  "n_samples": 8192,
  "noise_level": 0.2,
  "seed": 42,
  "lambda": 1.0,
  "test_value_mse": 5.840483924604296,
  "test_grad_mse": 0.06526886631190607,
  "best_epoch": 12,
  "time_s": 5.5156474113464355,
  "n_epochs_actual": 63,
  "key": "step_d100_n8192_noise0.2_s42_dml_fixed",
  "timestamp": "2026-04-13T03:12:37.503877"
}