{
  "method": "baseline_krr",
  "func_type": "step",
  "dim": 1,
  "n_samples": 8192,
  "noise_level": 0.05,
  "seed": 456,
  "lambda": 1.0,
  "test_value_mse": 0.019840114088180705,
  "test_grad_mse": 5.524834522294372,
  "time_s": 3.2978618144989014,
  "key": "step_d1_n8192_noise0.05_s456_baseline_krr",
  "timestamp": "2026-04-11T04:15:17.363744"
}