{
  "method": "vanilla",
  "func_type": "step",
  "dim": 2,
  "n_samples": 512,
  "noise_level": 0.0,
  "seed": 1000,
  "lambda": 1.0,
  "test_value_mse": 0.017071248542404077,
  "test_grad_mse": 10.747577731897717,
  "best_epoch": 171,
  "time_s": 6.70296311378479,
  "n_epochs_actual": 222,
  "key": "step_d2_n512_noise0.0_s1000_vanilla",
  "timestamp": "2026-04-11T10:14:28.967739"
}