{
  "method": "dml_fixed",
  "func_type": "step",
  "dim": 20,
  "n_samples": 2048,
  "noise_level": 0.0,
  "seed": 123,
  "lambda": 1.0,
  "test_value_mse": 1.4029080151087017,
  "test_grad_mse": 0.132492409390344,
  "best_epoch": 47,
  "time_s": 6.035688877105713,
  "n_epochs_actual": 98,
  "key": "step_d20_n2048_noise0.0_s123_dml_fixed",
  "timestamp": "2026-04-12T18:07:53.131500"
}