{
  "method": "baseline_krr",
  "func_type": "step",
  "dim": 10,
  "n_samples": 256,
  "noise_level": 0.05,
  "seed": 123,
  "lambda": 1.0,
  "test_value_mse": 0.5936193499833086,
  "test_grad_mse": 0.3724437617593513,
  "time_s": 0.011297941207885742,
  "key": "step_d10_n256_noise0.05_s123_baseline_krr",
  "timestamp": "2026-04-12T09:45:03.441308"
}