{
  "method": "dml_relobralo",
  "func_type": "step",
  "dim": 50,
  "n_samples": 256,
  "noise_level": 0.2,
  "seed": 789,
  "lambda": 1.0,
  "test_value_mse": 3.6214807152908013,
  "test_grad_mse": 0.28967638822075753,
  "best_epoch": 23,
  "time_s": 2.1606040000915527,
  "n_epochs_actual": 74,
  "key": "step_d50_n256_noise0.2_s789_dml_relobralo",
  "timestamp": "2026-04-26T11:42:31.814147"
}