{
  "method": "vanilla",
  "func_type": "step",
  "dim": 1,
  "n_samples": 512,
  "noise_level": 0.5,
  "seed": 42,
  "lambda": 1.0,
  "test_value_mse": 0.0026095111011564427,
  "test_grad_mse": 114.97280627950764,
  "best_epoch": 477,
  "time_s": 5.534101247787476,
  "n_epochs_actual": 528,
  "key": "step_d1_n512_noise0.5_s42_vanilla",
  "timestamp": "2026-04-10T21:51:35.746288"
}