{
  "method": "baseline_krr",
  "func_type": "step",
  "dim": 1,
  "n_samples": 8192,
  "noise_level": 0.05,
  "seed": 123,
  "lambda": 1.0,
  "test_value_mse": 0.035785756017061306,
  "test_grad_mse": 4.54710853531313,
  "time_s": 3.495201587677002,
  "key": "step_d1_n8192_noise0.05_s123_baseline_krr",
  "timestamp": "2026-04-11T03:46:14.767463"
}