{
  "method": "dml_relobralo",
  "func_type": "step",
  "dim": 20,
  "n_samples": 2048,
  "noise_level": 0.0,
  "seed": 123,
  "lambda": 1.0,
  "test_value_mse": 1.040869654769781,
  "test_grad_mse": 0.7714990676634236,
  "best_epoch": 49,
  "time_s": 5.085859060287476,
  "n_epochs_actual": 100,
  "key": "step_d20_n2048_noise0.0_s123_dml_relobralo",
  "timestamp": "2026-04-26T11:35:40.443961"
}