{
  "method": "dml_fixed",
  "func_type": "step",
  "dim": 2,
  "n_samples": 4096,
  "noise_level": 0.1,
  "seed": 789,
  "lambda": 1.0,
  "test_value_mse": 0.04992937328366678,
  "test_grad_mse": 0.09022835185422878,
  "best_epoch": 34,
  "time_s": 5.514410018920898,
  "n_epochs_actual": 85,
  "key": "step_d2_n4096_noise0.1_s789_dml_fixed",
  "timestamp": "2026-04-11T11:48:01.841736"
}