{
  "method": "baseline_rf",
  "func_type": "step",
  "dim": 10,
  "n_samples": 1024,
  "noise_level": 0.2,
  "seed": 789,
  "lambda": 1.0,
  "test_value_mse": 0.29904480068995387,
  "test_grad_mse": 89.49869189028927,
  "time_s": 3.6660120487213135,
  "key": "step_d10_n1024_noise0.2_s789_baseline_rf",
  "timestamp": "2026-04-12T10:08:51.644204"
}