{
  "method": "vanilla",
  "func_type": "step",
  "dim": 10,
  "n_samples": 8192,
  "noise_level": 0.05,
  "seed": 42,
  "lambda": 1.0,
  "test_value_mse": 0.3187754903296254,
  "test_grad_mse": 2.198460095355395,
  "best_epoch": 58,
  "time_s": 10.955836772918701,
  "n_epochs_actual": 109,
  "key": "step_d10_n8192_noise0.05_s42_vanilla",
  "timestamp": "2026-04-12T12:42:24.649972"
}