{
  "method": "vanilla",
  "func_type": "step",
  "dim": 1,
  "n_samples": 4096,
  "noise_level": 0.1,
  "seed": 42,
  "lambda": 1.0,
  "test_value_mse": 0.0007631290277934235,
  "test_grad_mse": 99.98847425787787,
  "best_epoch": 528,
  "time_s": 13.79535961151123,
  "n_epochs_actual": 579,
  "key": "step_d1_n4096_noise0.1_s42_vanilla",
  "timestamp": "2026-04-11T00:05:31.232110"
}