{
  "method": "dml_fixed",
  "func_type": "step",
  "dim": 5,
  "n_samples": 1024,
  "noise_level": 0.5,
  "seed": 123,
  "lambda": 1.0,
  "test_value_mse": 0.1563312817036681,
  "test_grad_mse": 0.1759808609636977,
  "best_epoch": 90,
  "time_s": 5.90673303604126,
  "n_epochs_actual": 141,
  "key": "step_d5_n1024_noise0.5_s123_dml_fixed",
  "timestamp": "2026-04-12T00:48:01.163459"
}