{
  "method": "dml_fixed",
  "func_type": "step",
  "dim": 20,
  "n_samples": 512,
  "noise_level": 0.0,
  "seed": 1000,
  "lambda": 1.0,
  "test_value_mse": 1.4645006709267356,
  "test_grad_mse": 0.058214273879862354,
  "best_epoch": 51,
  "time_s": 4.529408693313599,
  "n_epochs_actual": 102,
  "key": "step_d20_n512_noise0.0_s1000_dml_fixed",
  "timestamp": "2026-04-12T17:44:51.049262"
}