{
  "method": "baseline_gp",
  "func_type": "step",
  "dim": 1,
  "n_samples": 8192,
  "noise_level": 0.0,
  "seed": 42,
  "lambda": 1.0,
  "test_value_mse": 2.9474007746536935e-05,
  "test_grad_mse": 582.6712880422639,
  "time_s": 844.1503567695618,
  "key": "step_d1_n8192_noise0.0_s42_baseline_gp",
  "timestamp": "2026-04-11T01:42:11.992861"
}