{
  "method": "dml_relobralo",
  "func_type": "step",
  "dim": 1,
  "n_samples": 8192,
  "noise_level": 0.05,
  "seed": 42,
  "lambda": 1.0,
  "test_value_mse": 0.10979150025347033,
  "test_grad_mse": 0.002985783534463969,
  "best_epoch": 90,
  "time_s": 13.533545017242432,
  "n_epochs_actual": 141,
  "key": "step_d1_n8192_noise0.05_s42_dml_relobralo",
  "timestamp": "2026-04-26T10:59:07.195539"
}