{
  "method": "dml_relobralo",
  "func_type": "step",
  "dim": 50,
  "n_samples": 256,
  "noise_level": 0.1,
  "seed": 789,
  "lambda": 1.0,
  "test_value_mse": 3.6213208131125145,
  "test_grad_mse": 0.289578747776696,
  "best_epoch": 23,
  "time_s": 2.280937433242798,
  "n_epochs_actual": 74,
  "key": "step_d50_n256_noise0.1_s789_dml_relobralo",
  "timestamp": "2026-04-26T11:42:20.319907"
}