{
  "method": "dml_relobralo",
  "func_type": "step",
  "dim": 20,
  "n_samples": 256,
  "noise_level": 0.05,
  "seed": 123,
  "lambda": 1.0,
  "test_value_mse": 1.247243416295144,
  "test_grad_mse": 0.9924835754498317,
  "best_epoch": 113,
  "time_s": 3.6206793785095215,
  "n_epochs_actual": 164,
  "key": "step_d20_n256_noise0.05_s123_dml_relobralo",
  "timestamp": "2026-04-26T11:33:23.578353"
}