{
  "method": "baseline_krr",
  "func_type": "step",
  "dim": 2,
  "n_samples": 2048,
  "noise_level": 0.0,
  "seed": 123,
  "lambda": 1.0,
  "test_value_mse": 0.04586071107738622,
  "test_grad_mse": 0.8357400407385331,
  "time_s": 3.8626022338867188,
  "key": "step_d2_n2048_noise0.0_s123_baseline_krr",
  "timestamp": "2026-04-11T10:40:06.761946"
}