{
  "method": "dml_gradnorm",
  "func_type": "step",
  "dim": 20,
  "n_samples": 256,
  "noise_level": 0.1,
  "seed": 789,
  "lambda": 1.0,
  "test_value_mse": 0.8507583515908169,
  "test_grad_mse": 0.38008894127810194,
  "best_epoch": 999,
  "time_s": 18.58523154258728,
  "n_epochs_actual": 1000,
  "key": "step_d20_n256_noise0.1_s789_dml_gradnorm",
  "timestamp": "2026-04-12T17:34:18.309130"
}