{
  "method": "dml_relobralo",
  "func_type": "step",
  "dim": 1,
  "n_samples": 8192,
  "noise_level": 0.05,
  "seed": 456,
  "lambda": 1.0,
  "test_value_mse": 0.11433803997578813,
  "test_grad_mse": 0.034283180852152054,
  "best_epoch": 33,
  "time_s": 7.770728826522827,
  "n_epochs_actual": 84,
  "key": "step_d1_n8192_noise0.05_s456_dml_relobralo",
  "timestamp": "2026-04-26T10:59:25.242803"
}