{
  "method": "baseline_gp",
  "func_type": "step",
  "dim": 5,
  "n_samples": 1024,
  "noise_level": 0.1,
  "seed": 1000,
  "lambda": 1.0,
  "test_value_mse": 0.5649540705904283,
  "test_grad_mse": 0.0,
  "time_s": 25.562689781188965,
  "key": "step_d5_n1024_noise0.1_s1000_baseline_gp",
  "timestamp": "2026-04-12T00:43:48.422106"
}