{
  "method": "dml_fixed",
  "func_type": "step",
  "dim": 20,
  "n_samples": 512,
  "noise_level": 0.0,
  "seed": 42,
  "lambda": 1.0,
  "test_value_mse": 1.3710689157164238,
  "test_grad_mse": 0.06559905410365907,
  "best_epoch": 37,
  "time_s": 3.2517502307891846,
  "n_epochs_actual": 88,
  "key": "step_d20_n512_noise0.0_s42_dml_fixed",
  "timestamp": "2026-04-12T17:41:34.467758"
}