{
  "method": "baseline_rf",
  "func_type": "step",
  "dim": 10,
  "n_samples": 1024,
  "noise_level": 0.1,
  "seed": 1000,
  "lambda": 1.0,
  "test_value_mse": 0.22775345323198046,
  "test_grad_mse": 138.01141644205146,
  "time_s": 3.4644720554351807,
  "key": "step_d10_n1024_noise0.1_s1000_baseline_rf",
  "timestamp": "2026-04-12T10:03:56.627865"
}