{
  "method": "baseline_krr",
  "func_type": "step",
  "dim": 1,
  "n_samples": 2048,
  "noise_level": 0.0,
  "seed": 456,
  "lambda": 1.0,
  "test_value_mse": 0.02213830375874859,
  "test_grad_mse": 5.006774884241119,
  "time_s": 0.12462449073791504,
  "key": "step_d1_n2048_noise0.0_s456_baseline_krr",
  "timestamp": "2026-04-10T22:23:40.821998"
}