{
  "method": "dml_gradnorm",
  "func_type": "step",
  "dim": 100,
  "n_samples": 8192,
  "noise_level": 0.1,
  "seed": 789,
  "lambda": 1.0,
  "test_value_mse": 7.021613431996898,
  "test_grad_mse": 0.10641270652441302,
  "best_epoch": 97,
  "time_s": 27.30099654197693,
  "n_epochs_actual": 148,
  "key": "step_d100_n8192_noise0.1_s789_dml_gradnorm",
  "timestamp": "2026-04-13T03:11:33.095617"
}