{
  "method": "vanilla",
  "func_type": "step",
  "dim": 2,
  "n_samples": 2048,
  "noise_level": 0.0,
  "seed": 123,
  "lambda": 1.0,
  "test_value_mse": 0.006440423230198589,
  "test_grad_mse": 35.83272285959551,
  "best_epoch": 392,
  "time_s": 12.76559853553772,
  "n_epochs_actual": 443,
  "key": "step_d2_n2048_noise0.0_s123_vanilla",
  "timestamp": "2026-04-11T10:37:18.972159"
}