{
  "method": "baseline_krr",
  "func_type": "step",
  "dim": 1,
  "n_samples": 1024,
  "noise_level": 0.0,
  "seed": 789,
  "lambda": 1.0,
  "test_value_mse": 0.06298223527614835,
  "test_grad_mse": 0.08486974600489439,
  "time_s": 0.029962539672851562,
  "key": "step_d1_n1024_noise0.0_s789_baseline_krr",
  "timestamp": "2026-04-10T21:56:24.644900"
}