{
  "method": "dml_fixed",
  "func_type": "step",
  "dim": 50,
  "n_samples": 256,
  "noise_level": 0.2,
  "seed": 456,
  "lambda": 1.0,
  "test_value_mse": 5.659735444238357,
  "test_grad_mse": 0.007171509156961893,
  "best_epoch": 30,
  "time_s": 4.476912975311279,
  "n_epochs_actual": 81,
  "key": "step_d50_n256_noise0.2_s456_dml_fixed",
  "timestamp": "2026-04-13T01:16:44.572197"
}