{
  "method": "dml_fixed",
  "func_type": "step",
  "dim": 100,
  "n_samples": 256,
  "noise_level": 0.1,
  "seed": 789,
  "lambda": 1.0,
  "test_value_mse": 6.109497309972574,
  "test_grad_mse": 0.019066135825360937,
  "best_epoch": 26,
  "time_s": 2.202471971511841,
  "n_epochs_actual": 77,
  "key": "step_d100_n256_noise0.1_s789_dml_fixed",
  "timestamp": "2026-04-13T02:22:18.133822"
}