{
  "method": "dml_gradnorm",
  "func_type": "step",
  "dim": 5,
  "n_samples": 512,
  "noise_level": 0.0,
  "seed": 456,
  "lambda": 1.0,
  "test_value_mse": 0.22335674960498164,
  "test_grad_mse": 0.6851071675876405,
  "best_epoch": 98,
  "time_s": 6.027526140213013,
  "n_epochs_actual": 149,
  "key": "step_d5_n512_noise0.0_s456_dml_gradnorm",
  "timestamp": "2026-04-12T00:35:49.098484"
}