{
  "method": "baseline_gp",
  "func_type": "step",
  "dim": 5,
  "n_samples": 512,
  "noise_level": 0.0,
  "seed": 1000,
  "lambda": 1.0,
  "test_value_mse": 0.5729143415669086,
  "test_grad_mse": 0.0,
  "time_s": 0.48468804359436035,
  "key": "step_d5_n512_noise0.0_s1000_baseline_gp",
  "timestamp": "2026-04-12T00:36:43.168907"
}