{
  "method": "baseline_rf",
  "func_type": "step",
  "dim": 20,
  "n_samples": 2048,
  "noise_level": 0.0,
  "seed": 1000,
  "lambda": 1.0,
  "test_value_mse": 1.0842579154369552,
  "test_grad_mse": 814.3723902313999,
  "time_s": 7.202451229095459,
  "key": "step_d20_n2048_noise0.0_s1000_baseline_rf",
  "timestamp": "2026-04-12T18:14:32.066912"
}