{
  "method": "dml_gradnorm",
  "func_type": "step",
  "dim": 10,
  "n_samples": 8192,
  "noise_level": 0.0,
  "seed": 1000,
  "lambda": 1.0,
  "test_value_mse": 0.3085216744944587,
  "test_grad_mse": 0.18219316930158458,
  "best_epoch": 169,
  "time_s": 20.671770334243774,
  "n_epochs_actual": 220,
  "key": "step_d10_n8192_noise0.0_s1000_dml_gradnorm",
  "timestamp": "2026-04-12T12:31:32.130214"
}