{
  "method": "baseline_gp",
  "func_type": "step",
  "dim": 10,
  "n_samples": 4096,
  "noise_level": 0.05,
  "seed": 789,
  "lambda": 1.0,
  "test_value_mse": 0.6988789253999738,
  "test_grad_mse": 0.0,
  "time_s": 185.9776952266693,
  "key": "step_d10_n4096_noise0.05_s789_baseline_gp",
  "timestamp": "2026-04-12T10:38:52.535534"
}