{
  "method": "dml_fixed",
  "func_type": "step",
  "dim": 100,
  "n_samples": 4096,
  "noise_level": 0.5,
  "seed": 789,
  "lambda": 1.0,
  "test_value_mse": 6.794122051193481,
  "test_grad_mse": 0.057336880752910664,
  "best_epoch": 17,
  "time_s": 6.1747448444366455,
  "n_epochs_actual": 68,
  "key": "step_d100_n4096_noise0.5_s789_dml_fixed",
  "timestamp": "2026-04-13T03:00:06.620682"
}