{
  "method": "dml_relobralo",
  "func_type": "step",
  "dim": 20,
  "n_samples": 256,
  "noise_level": 0.5,
  "seed": 789,
  "lambda": 1.0,
  "test_value_mse": 0.8564537323844532,
  "test_grad_mse": 0.40005586826702727,
  "best_epoch": 34,
  "time_s": 2.468528985977173,
  "n_epochs_actual": 85,
  "key": "step_d20_n256_noise0.5_s789_dml_relobralo",
  "timestamp": "2026-04-26T11:34:08.599211"
}