{
  "method": "dml_relobralo",
  "func_type": "step",
  "dim": 1,
  "n_samples": 512,
  "noise_level": 0.5,
  "seed": 1000,
  "lambda": 1.0,
  "test_value_mse": 0.014186176241236945,
  "test_grad_mse": 0.03798464314933921,
  "best_epoch": 46,
  "time_s": 2.7640018463134766,
  "n_epochs_actual": 97,
  "key": "step_d1_n512_noise0.5_s1000_dml_relobralo",
  "timestamp": "2026-04-26T10:51:37.795023"
}