{
  "method": "dml_gradnorm",
  "func_type": "step",
  "dim": 10,
  "n_samples": 8192,
  "noise_level": 0.05,
  "seed": 789,
  "lambda": 1.0,
  "test_value_mse": 0.5389113119120427,
  "test_grad_mse": 0.061457261573980085,
  "best_epoch": 337,
  "time_s": 48.75651168823242,
  "n_epochs_actual": 388,
  "key": "step_d10_n8192_noise0.05_s789_dml_gradnorm",
  "timestamp": "2026-04-12T13:20:55.970201"
}