{
  "method": "dml_fixed",
  "func_type": "step",
  "dim": 1,
  "n_samples": 1024,
  "noise_level": 0.05,
  "seed": 789,
  "lambda": 1.0,
  "test_value_mse": 0.0640124466846535,
  "test_grad_mse": 0.027398581654182724,
  "best_epoch": 83,
  "time_s": 4.932269096374512,
  "n_epochs_actual": 134,
  "key": "step_d1_n1024_noise0.05_s789_dml_fixed",
  "timestamp": "2026-04-10T22:01:07.420670"
}