{
  "method": "dml_fixed",
  "func_type": "step",
  "dim": 1,
  "n_samples": 2048,
  "noise_level": 0.0,
  "seed": 1000,
  "lambda": 1.0,
  "test_value_mse": 0.021280354616584358,
  "test_grad_mse": 0.045119111231060834,
  "best_epoch": 47,
  "time_s": 3.4731874465942383,
  "n_epochs_actual": 98,
  "key": "step_d1_n2048_noise0.0_s1000_dml_fixed",
  "timestamp": "2026-04-10T22:25:50.672550"
}