{
  "method": "dml_gradnorm",
  "func_type": "step",
  "dim": 50,
  "n_samples": 256,
  "noise_level": 0.5,
  "seed": 42,
  "lambda": 1.0,
  "test_value_mse": 5.445681367205973,
  "test_grad_mse": 0.4015851426947686,
  "best_epoch": 570,
  "time_s": 15.80389666557312,
  "n_epochs_actual": 621,
  "key": "step_d50_n256_noise0.5_s42_dml_gradnorm",
  "timestamp": "2026-04-13T01:19:28.153287"
}