{
  "method": "dml_fixed",
  "func_type": "step",
  "dim": 20,
  "n_samples": 256,
  "noise_level": 0.5,
  "seed": 456,
  "lambda": 1.0,
  "test_value_mse": 1.608697726699638,
  "test_grad_mse": 0.002790999602325525,
  "best_epoch": 18,
  "time_s": 3.9920783042907715,
  "n_epochs_actual": 69,
  "key": "step_d20_n256_noise0.5_s456_dml_fixed",
  "timestamp": "2026-04-12T17:39:45.982693"
}