{
  "method": "baseline_rf",
  "func_type": "step",
  "dim": 20,
  "n_samples": 4096,
  "noise_level": 0.1,
  "seed": 123,
  "lambda": 1.0,
  "test_value_mse": 0.8650035004751899,
  "test_grad_mse": 504.8665041429785,
  "time_s": 8.486971855163574,
  "key": "step_d20_n4096_noise0.1_s123_baseline_rf",
  "timestamp": "2026-04-12T18:39:26.053526"
}