{
  "method": "dml_relobralo",
  "func_type": "step",
  "dim": 1,
  "n_samples": 1024,
  "noise_level": 0.0,
  "seed": 789,
  "lambda": 1.0,
  "test_value_mse": 0.06311350195470285,
  "test_grad_mse": 0.02993899650354417,
  "best_epoch": 51,
  "time_s": 3.0770151615142822,
  "n_epochs_actual": 102,
  "key": "step_d1_n1024_noise0.0_s789_dml_relobralo",
  "timestamp": "2026-04-26T10:51:52.887460"
}