{
  "method": "dml_gradnorm",
  "func_type": "step",
  "dim": 100,
  "n_samples": 1024,
  "noise_level": 0.05,
  "seed": 789,
  "lambda": 1.0,
  "test_value_mse": 8.446922746110648,
  "test_grad_mse": 0.1883537029860746,
  "best_epoch": 981,
  "time_s": 56.18802571296692,
  "n_epochs_actual": 1000,
  "key": "step_d100_n1024_noise0.05_s789_dml_gradnorm",
  "timestamp": "2026-04-13T02:34:01.965355"
}