{
  "method": "dml_fixed",
  "func_type": "step",
  "dim": 2,
  "n_samples": 4096,
  "noise_level": 0.05,
  "seed": 123,
  "lambda": 1.0,
  "test_value_mse": 0.06674260546289311,
  "test_grad_mse": 0.11536075224635568,
  "best_epoch": 52,
  "time_s": 5.9129250049591064,
  "n_epochs_actual": 103,
  "key": "step_d2_n4096_noise0.05_s123_dml_fixed",
  "timestamp": "2026-04-11T10:54:51.440980"
}