{
  "method": "dml_gradnorm",
  "func_type": "step",
  "dim": 50,
  "n_samples": 1024,
  "noise_level": 0.5,
  "seed": 42,
  "lambda": 1.0,
  "test_value_mse": 3.1734573339057555,
  "test_grad_mse": 0.4790091838419982,
  "best_epoch": 854,
  "time_s": 25.512734174728394,
  "n_epochs_actual": 905,
  "key": "step_d50_n1024_noise0.5_s42_dml_gradnorm",
  "timestamp": "2026-04-13T01:36:10.211965"
}