{
  "method": "dml_gradnorm",
  "func_type": "step",
  "dim": 1,
  "n_samples": 512,
  "noise_level": 0.5,
  "seed": 42,
  "lambda": 1.0,
  "test_value_mse": 0.05164367800033088,
  "test_grad_mse": 0.13124467844084678,
  "best_epoch": 41,
  "time_s": 2.6408913135528564,
  "n_epochs_actual": 92,
  "key": "step_d1_n512_noise0.5_s42_dml_gradnorm",
  "timestamp": "2026-04-10T21:51:40.348025"
}