{
  "method": "baseline_krr",
  "func_type": "step",
  "dim": 5,
  "n_samples": 4096,
  "noise_level": 0.1,
  "seed": 1000,
  "lambda": 1.0,
  "test_value_mse": 0.270577138100278,
  "test_grad_mse": 0.6562592862290295,
  "time_s": 6.843997955322266,
  "key": "step_d5_n4096_noise0.1_s1000_baseline_krr",
  "timestamp": "2026-04-12T01:36:44.666103"
}