{
  "method": "dml_relobralo",
  "func_type": "step",
  "dim": 20,
  "n_samples": 4096,
  "noise_level": 0.5,
  "seed": 123,
  "lambda": 1.0,
  "test_value_mse": 0.9536005509571629,
  "test_grad_mse": 0.6157872839219347,
  "best_epoch": 54,
  "time_s": 5.6063456535339355,
  "n_epochs_actual": 105,
  "key": "step_d20_n4096_noise0.5_s123_dml_relobralo",
  "timestamp": "2026-04-26T11:37:53.006826"
}