{
  "method": "dml_fixed",
  "func_type": "step",
  "dim": 100,
  "n_samples": 2048,
  "noise_level": 0.0,
  "seed": 42,
  "lambda": 1.0,
  "test_value_mse": 6.315199897824071,
  "test_grad_mse": 0.05623214911702921,
  "best_epoch": 39,
  "time_s": 6.175677061080933,
  "n_epochs_actual": 90,
  "key": "step_d100_n2048_noise0.0_s42_dml_fixed",
  "timestamp": "2026-04-13T02:46:27.352878"
}