{
  "method": "dml_fixed",
  "func_type": "step",
  "dim": 5,
  "n_samples": 4096,
  "noise_level": 0.2,
  "seed": 1000,
  "lambda": 1.0,
  "test_value_mse": 0.31755319639397406,
  "test_grad_mse": 0.1767082974321102,
  "best_epoch": 84,
  "time_s": 7.23242974281311,
  "n_epochs_actual": 135,
  "key": "step_d5_n4096_noise0.2_s1000_dml_fixed",
  "timestamp": "2026-04-12T01:59:51.267811"
}