{
  "method": "baseline_rf",
  "func_type": "step",
  "dim": 5,
  "n_samples": 512,
  "noise_level": 0.0,
  "seed": 789,
  "lambda": 1.0,
  "test_value_mse": 0.07642344071407076,
  "test_grad_mse": 19244.226042904273,
  "time_s": 1.1602671146392822,
  "key": "step_d5_n512_noise0.0_s789_baseline_rf",
  "timestamp": "2026-04-12T00:36:31.667080"
}