{
  "method": "dml_fixed",
  "func_type": "step",
  "dim": 1,
  "n_samples": 1024,
  "noise_level": 0.2,
  "seed": 456,
  "lambda": 1.0,
  "test_value_mse": 0.09043028957271784,
  "test_grad_mse": 0.24055294496168983,
  "best_epoch": 31,
  "time_s": 3.8622140884399414,
  "n_epochs_actual": 82,
  "key": "step_d1_n1024_noise0.2_s456_dml_fixed",
  "timestamp": "2026-04-10T22:09:38.068092"
}