{
  "method": "dml_relobralo",
  "func_type": "step",
  "dim": 20,
  "n_samples": 512,
  "noise_level": 0.0,
  "seed": 1000,
  "lambda": 1.0,
  "test_value_mse": 1.3548584773556935,
  "test_grad_mse": 0.22378940774113956,
  "best_epoch": 18,
  "time_s": 2.1966874599456787,
  "n_epochs_actual": 69,
  "key": "step_d20_n512_noise0.0_s1000_dml_relobralo",
  "timestamp": "2026-04-26T11:34:23.583742"
}