{
  "method": "baseline_krr",
  "func_type": "step",
  "dim": 20,
  "n_samples": 2048,
  "noise_level": 0.0,
  "seed": 789,
  "lambda": 1.0,
  "test_value_mse": 1.1541343698797357,
  "test_grad_mse": 0.28720881606834325,
  "time_s": 1.0796823501586914,
  "key": "step_d20_n2048_noise0.0_s789_baseline_krr",
  "timestamp": "2026-04-12T18:12:57.939056"
}