{
  "method": "dml_relobralo",
  "func_type": "step",
  "dim": 50,
  "n_samples": 8192,
  "noise_level": 0.1,
  "seed": 1000,
  "lambda": 1.0,
  "test_value_mse": 3.115020644472535,
  "test_grad_mse": 0.17577333710352278,
  "best_epoch": 35,
  "time_s": 9.683216571807861,
  "n_epochs_actual": 86,
  "key": "step_d50_n8192_noise0.1_s1000_dml_relobralo",
  "timestamp": "2026-04-26T11:48:09.371808"
}