{
  "method": "dml_fixed",
  "func_type": "step",
  "dim": 5,
  "n_samples": 256,
  "noise_level": 0.2,
  "seed": 789,
  "lambda": 1.0,
  "test_value_mse": 0.3046571084299069,
  "test_grad_mse": 0.09198215859387314,
  "best_epoch": 26,
  "time_s": 2.014319658279419,
  "n_epochs_actual": 77,
  "key": "step_d5_n256_noise0.2_s789_dml_fixed",
  "timestamp": "2026-04-12T00:33:02.539685"
}