{
  "method": "vanilla",
  "func_type": "step",
  "dim": 50,
  "n_samples": 4096,
  "noise_level": 0.05,
  "seed": 1000,
  "lambda": 1.0,
  "test_value_mse": 2.545990192808354,
  "test_grad_mse": 0.3499692751079714,
  "best_epoch": 21,
  "time_s": 5.107319593429565,
  "n_epochs_actual": 72,
  "key": "step_d50_n4096_noise0.05_s1000_vanilla",
  "timestamp": "2026-04-13T01:43:38.530259"
}