{
  "method": "dml_fixed",
  "func_type": "step",
  "dim": 100,
  "n_samples": 1024,
  "noise_level": 0.2,
  "seed": 42,
  "lambda": 1.0,
  "test_value_mse": 6.121620794913951,
  "test_grad_mse": 0.039410975774177064,
  "best_epoch": 45,
  "time_s": 4.8302342891693115,
  "n_epochs_actual": 96,
  "key": "step_d100_n1024_noise0.2_s42_dml_fixed",
  "timestamp": "2026-04-13T02:38:34.161179"
}