{
  "method": "vanilla",
  "func_type": "step",
  "dim": 50,
  "n_samples": 8192,
  "noise_level": 0.1,
  "seed": 1000,
  "lambda": 1.0,
  "test_value_mse": 2.5677977078154712,
  "test_grad_mse": 0.4309742806777988,
  "best_epoch": 12,
  "time_s": 3.539069175720215,
  "n_epochs_actual": 63,
  "key": "step_d50_n8192_noise0.1_s1000_vanilla",
  "timestamp": "2026-04-13T02:09:28.157967"
}