{
  "method": "baseline_krr",
  "func_type": "step",
  "dim": 1,
  "n_samples": 2048,
  "noise_level": 0.2,
  "seed": 42,
  "lambda": 1.0,
  "test_value_mse": 0.03978593508721992,
  "test_grad_mse": 0.7003951042399285,
  "time_s": 0.2265632152557373,
  "key": "step_d1_n2048_noise0.2_s42_baseline_krr",
  "timestamp": "2026-04-10T22:51:38.721945"
}