{
  "method": "vanilla",
  "func_type": "step",
  "dim": 100,
  "n_samples": 256,
  "noise_level": 0.2,
  "seed": 789,
  "lambda": 1.0,
  "test_value_mse": 8.73058641375043,
  "test_grad_mse": 0.5947595439339521,
  "best_epoch": 52,
  "time_s": 4.220122814178467,
  "n_epochs_actual": 103,
  "key": "step_d100_n256_noise0.2_s789_vanilla",
  "timestamp": "2026-04-13T02:24:07.301788"
}