{
  "method": "dml_relobralo",
  "func_type": "step",
  "dim": 5,
  "n_samples": 4096,
  "noise_level": 0.05,
  "seed": 123,
  "lambda": 1.0,
  "test_value_mse": 0.06268025145445064,
  "test_grad_mse": 0.6069556630244252,
  "best_epoch": 48,
  "time_s": 5.968952894210815,
  "n_epochs_actual": 99,
  "key": "step_d5_n4096_noise0.05_s123_dml_relobralo",
  "timestamp": "2026-04-26T11:15:17.645951"
}