{
  "method": "dml_relobralo",
  "func_type": "step",
  "dim": 1,
  "n_samples": 2048,
  "noise_level": 0.05,
  "seed": 123,
  "lambda": 1.0,
  "test_value_mse": 0.08214903970191365,
  "test_grad_mse": 0.22902051219718678,
  "best_epoch": 46,
  "time_s": 4.391155242919922,
  "n_epochs_actual": 97,
  "key": "step_d1_n2048_noise0.05_s123_dml_relobralo",
  "timestamp": "2026-04-26T10:53:39.102731"
}