{
  "method": "baseline_rf",
  "func_type": "step",
  "dim": 1,
  "n_samples": 512,
  "noise_level": 0.5,
  "seed": 789,
  "lambda": 1.0,
  "test_value_mse": 0.009366772099841552,
  "test_grad_mse": 2.483374473193492e-27,
  "time_s": 0.4420130252838135,
  "key": "step_d1_n512_noise0.5_s789_baseline_rf",
  "timestamp": "2026-04-10T21:53:12.007739"
}