{
  "method": "baseline_rf",
  "func_type": "step",
  "dim": 10,
  "n_samples": 4096,
  "noise_level": 0.5,
  "seed": 789,
  "lambda": 1.0,
  "test_value_mse": 0.24651334082808504,
  "test_grad_mse": 134.46878517740487,
  "time_s": 4.8035500049591064,
  "key": "step_d10_n4096_noise0.5_s789_baseline_rf",
  "timestamp": "2026-04-12T11:34:40.697989"
}