{
  "method": "dml_fixed",
  "func_type": "step",
  "dim": 1,
  "n_samples": 2048,
  "noise_level": 0.0,
  "seed": 42,
  "lambda": 1.0,
  "test_value_mse": 0.04752316377948498,
  "test_grad_mse": 0.28937031951789466,
  "best_epoch": 29,
  "time_s": 3.0278847217559814,
  "n_epochs_actual": 80,
  "key": "step_d1_n2048_noise0.0_s42_dml_fixed",
  "timestamp": "2026-04-10T22:17:45.858068"
}