{
  "method": "dml_fixed",
  "func_type": "step",
  "dim": 5,
  "n_samples": 512,
  "noise_level": 0.0,
  "seed": 42,
  "lambda": 1.0,
  "test_value_mse": 0.39318338949421555,
  "test_grad_mse": 0.07983390845162325,
  "best_epoch": 29,
  "time_s": 3.91973614692688,
  "n_epochs_actual": 80,
  "key": "step_d5_n512_noise0.0_s42_dml_fixed",
  "timestamp": "2026-04-12T00:34:54.090151"
}