{
  "method": "dml_relobralo",
  "func_type": "step",
  "dim": 50,
  "n_samples": 8192,
  "noise_level": 0.0,
  "seed": 789,
  "lambda": 1.0,
  "test_value_mse": 2.9738446503978206,
  "test_grad_mse": 0.3307245781724103,
  "best_epoch": 15,
  "time_s": 6.169253587722778,
  "n_epochs_actual": 66,
  "key": "step_d50_n8192_noise0.0_s789_dml_relobralo",
  "timestamp": "2026-04-26T11:46:31.936727"
}