{
  "method": "dml_relobralo",
  "func_type": "step",
  "dim": 2,
  "n_samples": 4096,
  "noise_level": 0.2,
  "seed": 42,
  "lambda": 1.0,
  "test_value_mse": 0.09018741386462441,
  "test_grad_mse": 0.41266827084851576,
  "best_epoch": 124,
  "time_s": 9.32563829421997,
  "n_epochs_actual": 175,
  "key": "step_d2_n4096_noise0.2_s42_dml_relobralo",
  "timestamp": "2026-04-26T11:05:49.971125"
}