{
  "method": "dml_gradnorm",
  "func_type": "step",
  "dim": 10,
  "n_samples": 2048,
  "noise_level": 0.0,
  "seed": 1000,
  "lambda": 1.0,
  "test_value_mse": 0.31895849223089906,
  "test_grad_mse": 0.22319478785632543,
  "best_epoch": 178,
  "time_s": 17.043726682662964,
  "n_epochs_actual": 229,
  "key": "step_d10_n2048_noise0.0_s1000_dml_gradnorm",
  "timestamp": "2026-04-12T10:20:54.891305"
}