{
  "method": "vanilla",
  "func_type": "step",
  "dim": 5,
  "n_samples": 1024,
  "noise_level": 0.5,
  "seed": 1000,
  "lambda": 1.0,
  "test_value_mse": 0.2153751564917894,
  "test_grad_mse": 3.828919159375237,
  "best_epoch": 146,
  "time_s": 6.234452724456787,
  "n_epochs_actual": 197,
  "key": "step_d5_n1024_noise0.5_s1000_vanilla",
  "timestamp": "2026-04-12T00:49:49.068640"
}