{
  "method": "baseline_rf",
  "func_type": "step",
  "dim": 2,
  "n_samples": 4096,
  "noise_level": 0.2,
  "seed": 42,
  "lambda": 1.0,
  "test_value_mse": 0.00047436408073019213,
  "test_grad_mse": 1.1129388523032706,
  "time_s": 1.3090229034423828,
  "key": "step_d2_n4096_noise0.2_s42_baseline_rf",
  "timestamp": "2026-04-11T12:08:14.327653"
}