{
  "method": "baseline_krr",
  "func_type": "step",
  "dim": 5,
  "n_samples": 1024,
  "noise_level": 0.1,
  "seed": 123,
  "lambda": 1.0,
  "test_value_mse": 0.09210538063894184,
  "test_grad_mse": 0.5670520862951017,
  "time_s": 0.10333371162414551,
  "key": "step_d5_n1024_noise0.1_s123_baseline_krr",
  "timestamp": "2026-04-12T00:41:41.470428"
}