{
  "method": "vanilla",
  "func_type": "step",
  "dim": 5,
  "n_samples": 4096,
  "noise_level": 0.5,
  "seed": 1000,
  "lambda": 1.0,
  "test_value_mse": 0.08936549054288144,
  "test_grad_mse": 9.02179197973906,
  "best_epoch": 111,
  "time_s": 7.14815092086792,
  "n_epochs_actual": 162,
  "key": "step_d5_n4096_noise0.5_s1000_vanilla",
  "timestamp": "2026-04-12T02:24:24.004298"
}