{
  "method": "dml_gradnorm",
  "func_type": "step",
  "dim": 50,
  "n_samples": 256,
  "noise_level": 0.05,
  "seed": 1000,
  "lambda": 1.0,
  "test_value_mse": 5.5911185900000016,
  "test_grad_mse": 0.1448697222285666,
  "best_epoch": 999,
  "time_s": 23.92817974090576,
  "n_epochs_actual": 1000,
  "key": "step_d50_n256_noise0.05_s1000_dml_gradnorm",
  "timestamp": "2026-04-13T01:11:50.317046"
}