{
  "method": "dml_relobralo",
  "func_type": "step",
  "dim": 2,
  "n_samples": 256,
  "noise_level": 0.2,
  "seed": 789,
  "lambda": 1.0,
  "test_value_mse": 0.0550728883960654,
  "test_grad_mse": 0.23623004589610805,
  "best_epoch": 43,
  "time_s": 2.7663373947143555,
  "n_epochs_actual": 94,
  "key": "step_d2_n256_noise0.2_s789_dml_relobralo",
  "timestamp": "2026-04-26T11:02:19.724691"
}