{
  "method": "dml_fixed",
  "func_type": "step",
  "dim": 5,
  "n_samples": 8192,
  "noise_level": 0.2,
  "seed": 456,
  "lambda": 1.0,
  "test_value_mse": 0.2676370180717024,
  "test_grad_mse": 0.1557427510661379,
  "best_epoch": 73,
  "time_s": 9.05285930633545,
  "n_epochs_actual": 124,
  "key": "step_d5_n8192_noise0.2_s456_dml_fixed",
  "timestamp": "2026-04-12T07:26:04.637242"
}