{
  "method": "dml_gradnorm",
  "func_type": "step",
  "dim": 1,
  "n_samples": 256,
  "noise_level": 0.05,
  "seed": 42,
  "lambda": 1.0,
  "test_value_mse": 0.06785390388212177,
  "test_grad_mse": 0.0979305840865927,
  "best_epoch": 331,
  "time_s": 8.764702320098877,
  "n_epochs_actual": 382,
  "key": "step_d1_n256_noise0.05_s42_dml_gradnorm",
  "timestamp": "2026-04-10T21:34:38.717249"
}