{
  "method": "dml_relobralo",
  "func_type": "step",
  "dim": 50,
  "n_samples": 8192,
  "noise_level": 0.2,
  "seed": 123,
  "lambda": 1.0,
  "test_value_mse": 2.746029211786419,
  "test_grad_mse": 0.4916300068872706,
  "best_epoch": 16,
  "time_s": 7.318352222442627,
  "n_epochs_actual": 67,
  "key": "step_d50_n8192_noise0.2_s123_dml_relobralo",
  "timestamp": "2026-04-26T11:48:24.261928"
}