{
  "method": "dml_fixed",
  "func_type": "step",
  "dim": 1,
  "n_samples": 8192,
  "noise_level": 0.05,
  "seed": 1000,
  "lambda": 1.0,
  "test_value_mse": 0.023017235947096752,
  "test_grad_mse": 0.04816905702360733,
  "best_epoch": 49,
  "time_s": 8.68545389175415,
  "n_epochs_actual": 100,
  "key": "step_d1_n8192_noise0.05_s1000_dml_fixed",
  "timestamp": "2026-04-11T04:37:53.794462"
}