{
  "method": "baseline_krr",
  "func_type": "step",
  "dim": 2,
  "n_samples": 256,
  "noise_level": 0.1,
  "seed": 123,
  "lambda": 1.0,
  "test_value_mse": 0.06880823485222108,
  "test_grad_mse": 0.2832453546143172,
  "time_s": 0.004064321517944336,
  "key": "step_d2_n256_noise0.1_s123_baseline_krr",
  "timestamp": "2026-04-11T10:08:03.375235"
}