{
  "method": "baseline_rf",
  "func_type": "step",
  "dim": 1,
  "n_samples": 256,
  "noise_level": 0.2,
  "seed": 789,
  "lambda": 1.0,
  "test_value_mse": 0.0001771175760271122,
  "test_grad_mse": 3.732646677072616e-26,
  "time_s": 0.2216958999633789,
  "key": "step_d1_n256_noise0.2_s789_baseline_rf",
  "timestamp": "2026-04-10T21:39:55.866996"
}