{
  "method": "baseline_gp",
  "func_type": "step",
  "dim": 5,
  "n_samples": 8192,
  "noise_level": 0.0,
  "seed": 42,
  "lambda": 1.0,
  "test_value_mse": 0.4279335988352336,
  "test_grad_mse": 0.0,
  "time_s": 734.7296435832977,
  "key": "step_d5_n8192_noise0.0_s42_baseline_gp",
  "timestamp": "2026-04-12T02:42:00.802372"
}