{
  "method": "vanilla",
  "func_type": "step",
  "dim": 1,
  "n_samples": 8192,
  "noise_level": 0.05,
  "seed": 42,
  "lambda": 1.0,
  "test_value_mse": 0.00036306694546615165,
  "test_grad_mse": 105.7583068091143,
  "best_epoch": 673,
  "time_s": 27.93027687072754,
  "n_epochs_actual": 724,
  "key": "step_d1_n8192_noise0.05_s42_vanilla",
  "timestamp": "2026-04-11T03:05:24.358289"
}