{
  "method": "baseline_gp",
  "func_type": "step",
  "dim": 1,
  "n_samples": 256,
  "noise_level": 0.5,
  "seed": 789,
  "lambda": 1.0,
  "test_value_mse": 0.0021016355181159322,
  "test_grad_mse": 71.645948414169,
  "time_s": 0.2599000930786133,
  "key": "step_d1_n256_noise0.5_s789_baseline_gp",
  "timestamp": "2026-04-10T21:41:45.700048"
}