{
  "method": "vanilla",
  "func_type": "step",
  "dim": 5,
  "n_samples": 2048,
  "noise_level": 0.0,
  "seed": 1000,
  "lambda": 1.0,
  "test_value_mse": 0.13470072921719778,
  "test_grad_mse": 8.397073101199608,
  "best_epoch": 150,
  "time_s": 7.803495407104492,
  "n_epochs_actual": 201,
  "key": "step_d5_n2048_noise0.0_s1000_vanilla",
  "timestamp": "2026-04-12T00:55:29.594465"
}