{
  "method": "dml_relobralo",
  "func_type": "step",
  "dim": 20,
  "n_samples": 256,
  "noise_level": 0.2,
  "seed": 456,
  "lambda": 1.0,
  "test_value_mse": 1.2454601734964161,
  "test_grad_mse": 0.14642320288787786,
  "best_epoch": 21,
  "time_s": 2.2079544067382812,
  "n_epochs_actual": 72,
  "key": "step_d20_n256_noise0.2_s456_dml_relobralo",
  "timestamp": "2026-04-26T11:33:53.093532"
}