{
  "method": "baseline_gp",
  "func_type": "step",
  "dim": 20,
  "n_samples": 256,
  "noise_level": 0.05,
  "seed": 123,
  "lambda": 1.0,
  "test_value_mse": 0.8289537803978875,
  "test_grad_mse": 0.5882584969547642,
  "time_s": 1.917912244796753,
  "key": "step_d20_n256_noise0.05_s123_baseline_gp",
  "timestamp": "2026-04-12T17:29:52.326872"
}