{
  "method": "dml_relobralo",
  "func_type": "step",
  "dim": 5,
  "n_samples": 1024,
  "noise_level": 0.1,
  "seed": 42,
  "lambda": 1.0,
  "test_value_mse": 0.24817223241144415,
  "test_grad_mse": 0.5196513662865653,
  "best_epoch": 55,
  "time_s": 3.4286012649536133,
  "n_epochs_actual": 106,
  "key": "step_d5_n1024_noise0.1_s42_dml_relobralo",
  "timestamp": "2026-04-26T11:13:30.360829"
}