{
  "method": "dml_gradnorm",
  "func_type": "step",
  "dim": 50,
  "n_samples": 8192,
  "noise_level": 0.5,
  "seed": 1000,
  "lambda": 1.0,
  "test_value_mse": 3.4331503350291754,
  "test_grad_mse": 0.03719593160366851,
  "best_epoch": 148,
  "time_s": 33.20740270614624,
  "n_epochs_actual": 199,
  "key": "step_d50_n8192_noise0.5_s1000_dml_gradnorm",
  "timestamp": "2026-04-13T02:18:51.173868"
}