{
  "method": "baseline_krr",
  "func_type": "step",
  "dim": 20,
  "n_samples": 1024,
  "noise_level": 0.5,
  "seed": 456,
  "lambda": 1.0,
  "test_value_mse": 0.8721746408360223,
  "test_grad_mse": 0.2542658476860161,
  "time_s": 1.5420210361480713,
  "key": "step_d20_n1024_noise0.5_s456_baseline_krr",
  "timestamp": "2026-04-12T18:05:07.980590"
}