{
  "method": "dml_gradnorm",
  "func_type": "step",
  "dim": 1,
  "n_samples": 4096,
  "noise_level": 0.0,
  "seed": 789,
  "lambda": 1.0,
  "test_value_mse": 0.051649331597486074,
  "test_grad_mse": 0.015326737057243819,
  "best_epoch": 25,
  "time_s": 9.463269472122192,
  "n_epochs_actual": 76,
  "key": "step_d1_n4096_noise0.0_s789_dml_gradnorm",
  "timestamp": "2026-04-10T23:27:32.609925"
}