{
  "method": "baseline_rf",
  "func_type": "step",
  "dim": 1,
  "n_samples": 1024,
  "noise_level": 0.1,
  "seed": 456,
  "lambda": 1.0,
  "test_value_mse": 0.001191903937542129,
  "test_grad_mse": 1630.0398137575023,
  "time_s": 0.6453299522399902,
  "key": "step_d1_n1024_noise0.1_s456_baseline_rf",
  "timestamp": "2026-04-10T22:06:18.411353"
}