{
  "method": "dml_gradnorm",
  "func_type": "step",
  "dim": 5,
  "n_samples": 1024,
  "noise_level": 0.5,
  "seed": 42,
  "lambda": 1.0,
  "test_value_mse": 0.2606654177067301,
  "test_grad_mse": 0.6950947820649307,
  "best_epoch": 488,
  "time_s": 15.618676900863647,
  "n_epochs_actual": 539,
  "key": "step_d5_n1024_noise0.5_s42_dml_gradnorm",
  "timestamp": "2026-04-12T00:47:24.560979"
}