{
  "method": "dml_gradnorm",
  "func_type": "step",
  "dim": 100,
  "n_samples": 4096,
  "noise_level": 0.5,
  "seed": 456,
  "lambda": 1.0,
  "test_value_mse": 6.893131239096528,
  "test_grad_mse": 0.1286479736284961,
  "best_epoch": 161,
  "time_s": 12.37429141998291,
  "n_epochs_actual": 212,
  "key": "step_d100_n4096_noise0.5_s456_dml_gradnorm",
  "timestamp": "2026-04-13T02:59:51.686843"
}