{
  "method": "dml_gradnorm",
  "func_type": "step",
  "dim": 100,
  "n_samples": 256,
  "noise_level": 0.1,
  "seed": 1000,
  "lambda": 1.0,
  "test_value_mse": 8.449054079643968,
  "test_grad_mse": 0.008348476602596185,
  "best_epoch": 9,
  "time_s": 4.479525089263916,
  "n_epochs_actual": 60,
  "key": "step_d100_n256_noise0.1_s1000_dml_gradnorm",
  "timestamp": "2026-04-13T02:22:57.539089"
}