{
  "method": "dml_relobralo",
  "func_type": "step",
  "dim": 100,
  "n_samples": 1024,
  "noise_level": 0.05,
  "seed": 456,
  "lambda": 1.0,
  "test_value_mse": 7.303699352851884,
  "test_grad_mse": 0.12556117056532706,
  "best_epoch": 26,
  "time_s": 2.87219500541687,
  "n_epochs_actual": 77,
  "key": "step_d100_n1024_noise0.05_s456_dml_relobralo",
  "timestamp": "2026-04-26T11:50:46.899407"
}