{
  "method": "dml_gradnorm",
  "func_type": "step",
  "dim": 1,
  "n_samples": 512,
  "noise_level": 0.2,
  "seed": 456,
  "lambda": 1.0,
  "test_value_mse": 0.1108634280272341,
  "test_grad_mse": 0.1611585941180244,
  "best_epoch": 42,
  "time_s": 2.979191541671753,
  "n_epochs_actual": 93,
  "key": "step_d1_n512_noise0.2_s456_dml_gradnorm",
  "timestamp": "2026-04-10T21:49:55.359155"
}