{
  "method": "baseline_krr",
  "func_type": "step",
  "dim": 1,
  "n_samples": 512,
  "noise_level": 0.1,
  "seed": 456,
  "lambda": 1.0,
  "test_value_mse": 0.03423928113013455,
  "test_grad_mse": 4.189718356056047,
  "time_s": 0.43441152572631836,
  "key": "step_d1_n512_noise0.1_s456_baseline_krr",
  "timestamp": "2026-04-10T21:47:39.336966"
}