{
  "method": "dml_relobralo",
  "func_type": "step",
  "dim": 10,
  "n_samples": 512,
  "noise_level": 0.0,
  "seed": 123,
  "lambda": 1.0,
  "test_value_mse": 0.4292002384260248,
  "test_grad_mse": 0.4559593108164496,
  "best_epoch": 27,
  "time_s": 2.516435384750366,
  "n_epochs_actual": 78,
  "key": "step_d10_n512_noise0.0_s123_dml_relobralo",
  "timestamp": "2026-04-26T11:23:38.369245"
}