{
  "method": "vanilla",
  "func_type": "step",
  "dim": 1,
  "n_samples": 4096,
  "noise_level": 0.1,
  "seed": 456,
  "lambda": 1.0,
  "test_value_mse": 0.0003610291563315917,
  "test_grad_mse": 51.15083624972102,
  "best_epoch": 713,
  "time_s": 28.508909463882446,
  "n_epochs_actual": 764,
  "key": "step_d1_n4096_noise0.1_s456_vanilla",
  "timestamp": "2026-04-11T00:13:49.091544"
}