{
  "method": "dml_gradnorm",
  "func_type": "step",
  "dim": 1,
  "n_samples": 2048,
  "noise_level": 0.2,
  "seed": 123,
  "lambda": 1.0,
  "test_value_mse": 0.09184171050934907,
  "test_grad_mse": 0.13330650058206944,
  "best_epoch": 34,
  "time_s": 4.074515342712402,
  "n_epochs_actual": 85,
  "key": "step_d1_n2048_noise0.2_s123_dml_gradnorm",
  "timestamp": "2026-04-10T22:52:04.910362"
}