{
  "method": "vanilla",
  "func_type": "step",
  "dim": 1,
  "n_samples": 2048,
  "noise_level": 0.05,
  "seed": 123,
  "lambda": 1.0,
  "test_value_mse": 0.0006454001412494253,
  "test_grad_mse": 35.492193673870105,
  "best_epoch": 643,
  "time_s": 13.947752237319946,
  "n_epochs_actual": 694,
  "key": "step_d1_n2048_noise0.05_s123_vanilla",
  "timestamp": "2026-04-10T22:30:27.484355"
}