{
  "method": "baseline_rf",
  "func_type": "step",
  "dim": 20,
  "n_samples": 1024,
  "noise_level": 0.05,
  "seed": 123,
  "lambda": 1.0,
  "test_value_mse": 1.1436984546984073,
  "test_grad_mse": 260.9628808008283,
  "time_s": 1.2222862243652344,
  "key": "step_d20_n1024_noise0.05_s123_baseline_rf",
  "timestamp": "2026-04-12T17:48:01.076721"
}