{
  "method": "dml_gradnorm",
  "func_type": "step",
  "dim": 10,
  "n_samples": 1024,
  "noise_level": 0.05,
  "seed": 1000,
  "lambda": 1.0,
  "test_value_mse": 0.36565586707297865,
  "test_grad_mse": 0.4183115315656381,
  "best_epoch": 274,
  "time_s": 10.958470582962036,
  "n_epochs_actual": 325,
  "key": "step_d10_n1024_noise0.05_s1000_dml_gradnorm",
  "timestamp": "2026-04-12T09:58:57.930911"
}