{
  "method": "dml_gradnorm",
  "func_type": "step",
  "dim": 2,
  "n_samples": 8192,
  "noise_level": 0.1,
  "seed": 789,
  "lambda": 1.0,
  "test_value_mse": 0.0693388306904671,
  "test_grad_mse": 0.016795407336512688,
  "best_epoch": 263,
  "time_s": 79.83172678947449,
  "n_epochs_actual": 314,
  "key": "step_d2_n8192_noise0.1_s789_dml_gradnorm",
  "timestamp": "2026-04-11T19:07:48.494452"
}