{
  "method": "dml_relobralo",
  "func_type": "step",
  "dim": 10,
  "n_samples": 256,
  "noise_level": 0.2,
  "seed": 42,
  "lambda": 1.0,
  "test_value_mse": 0.5647610189341307,
  "test_grad_mse": 0.4312148711982648,
  "best_epoch": 32,
  "time_s": 2.42596173286438,
  "n_epochs_actual": 83,
  "key": "step_d10_n256_noise0.2_s42_dml_relobralo",
  "timestamp": "2026-04-26T11:23:08.298351"
}