{
  "method": "baseline_gp",
  "func_type": "step",
  "dim": 2,
  "n_samples": 1024,
  "noise_level": 0.1,
  "seed": 42,
  "lambda": 1.0,
  "test_value_mse": 0.008402649650604613,
  "test_grad_mse": 9.131438530967392,
  "time_s": 26.772419452667236,
  "key": "step_d2_n1024_noise0.1_s42_baseline_gp",
  "timestamp": "2026-04-11T10:21:13.065811"
}