{
  "method": "dml_fixed",
  "func_type": "step",
  "dim": 1,
  "n_samples": 8192,
  "noise_level": 0.2,
  "seed": 456,
  "lambda": 1.0,
  "test_value_mse": 0.08502716462917878,
  "test_grad_mse": 0.25257044225803416,
  "best_epoch": 26,
  "time_s": 7.098002910614014,
  "n_epochs_actual": 77,
  "key": "step_d1_n8192_noise0.2_s456_dml_fixed",
  "timestamp": "2026-04-11T07:29:56.359564"
}