{
  "method": "dml_gradnorm",
  "func_type": "step",
  "dim": 5,
  "n_samples": 8192,
  "noise_level": 0.5,
  "seed": 456,
  "lambda": 1.0,
  "test_value_mse": 0.399041742106745,
  "test_grad_mse": 0.026751156915854644,
  "best_epoch": 192,
  "time_s": 41.39680290222168,
  "n_epochs_actual": 243,
  "key": "step_d5_n8192_noise0.5_s456_dml_gradnorm",
  "timestamp": "2026-04-12T08:50:43.160134"
}