{
  "method": "dml_gradnorm",
  "func_type": "step",
  "dim": 2,
  "n_samples": 512,
  "noise_level": 0.0,
  "seed": 42,
  "lambda": 1.0,
  "test_value_mse": 0.11196660287899125,
  "test_grad_mse": 0.24377691948499436,
  "best_epoch": 171,
  "time_s": 7.248816967010498,
  "n_epochs_actual": 222,
  "key": "step_d2_n512_noise0.0_s42_dml_gradnorm",
  "timestamp": "2026-04-11T10:12:38.312187"
}