{
  "method": "dml_gradnorm",
  "func_type": "step",
  "dim": 2,
  "n_samples": 8192,
  "noise_level": 0.0,
  "seed": 1000,
  "lambda": 1.0,
  "test_value_mse": 0.16464094416634642,
  "test_grad_mse": 0.030170789148370018,
  "best_epoch": 288,
  "time_s": 46.33702731132507,
  "n_epochs_actual": 339,
  "key": "step_d2_n8192_noise0.0_s1000_dml_gradnorm",
  "timestamp": "2026-04-11T14:37:01.205808"
}