{
  "method": "baseline_gp",
  "func_type": "step",
  "dim": 20,
  "n_samples": 2048,
  "noise_level": 0.0,
  "seed": 789,
  "lambda": 1.0,
  "test_value_mse": 1.1209161686840465,
  "test_grad_mse": 0.7477741262279826,
  "time_s": 88.76050114631653,
  "key": "step_d20_n2048_noise0.0_s789_baseline_gp",
  "timestamp": "2026-04-12T18:12:56.858916"
}