{
  "method": "dml_gradnorm",
  "func_type": "step",
  "dim": 1,
  "n_samples": 512,
  "noise_level": 0.0,
  "seed": 123,
  "lambda": 1.0,
  "test_value_mse": 0.11964031184389719,
  "test_grad_mse": 0.10412970296591666,
  "best_epoch": 48,
  "time_s": 4.9728920459747314,
  "n_epochs_actual": 99,
  "key": "step_d1_n512_noise0.0_s123_dml_gradnorm",
  "timestamp": "2026-04-10T21:42:36.058292"
}