{
  "method": "baseline_gp",
  "func_type": "step",
  "dim": 5,
  "n_samples": 4096,
  "noise_level": 0.2,
  "seed": 42,
  "lambda": 1.0,
  "test_value_mse": 0.4329809535198556,
  "test_grad_mse": 0.0,
  "time_s": 165.8481969833374,
  "key": "step_d5_n4096_noise0.2_s42_baseline_gp",
  "timestamp": "2026-04-12T01:40:15.854984"
}