{
  "method": "dml_gradnorm",
  "func_type": "step",
  "dim": 5,
  "n_samples": 4096,
  "noise_level": 0.1,
  "seed": 789,
  "lambda": 1.0,
  "test_value_mse": 0.22134188470378155,
  "test_grad_mse": 0.21428266244587207,
  "best_epoch": 160,
  "time_s": 11.909940242767334,
  "n_epochs_actual": 211,
  "key": "step_d5_n4096_noise0.1_s789_dml_gradnorm",
  "timestamp": "2026-04-12T01:28:59.975215"
}