{
  "method": "dml_fixed",
  "func_type": "step",
  "dim": 5,
  "n_samples": 4096,
  "noise_level": 0.05,
  "seed": 123,
  "lambda": 1.0,
  "test_value_mse": 0.14379426573396334,
  "test_grad_mse": 0.17930324573120454,
  "best_epoch": 68,
  "time_s": 4.301040887832642,
  "n_epochs_actual": 119,
  "key": "step_d5_n4096_noise0.05_s123_dml_fixed",
  "timestamp": "2026-04-12T00:59:27.756256"
}