{
  "method": "dml_gradnorm",
  "func_type": "step",
  "dim": 100,
  "n_samples": 256,
  "noise_level": 0.05,
  "seed": 1000,
  "lambda": 1.0,
  "test_value_mse": 8.449086501730994,
  "test_grad_mse": 0.008348368746637724,
  "best_epoch": 9,
  "time_s": 4.3765950202941895,
  "n_epochs_actual": 60,
  "key": "step_d100_n256_noise0.05_s1000_dml_gradnorm",
  "timestamp": "2026-04-13T02:20:53.696861"
}