{
  "method": "dml_fixed",
  "func_type": "step",
  "dim": 20,
  "n_samples": 4096,
  "noise_level": 0.1,
  "seed": 456,
  "lambda": 1.0,
  "test_value_mse": 0.9220382865105895,
  "test_grad_mse": 0.10796814420766249,
  "best_epoch": 53,
  "time_s": 6.357649564743042,
  "n_epochs_actual": 104,
  "key": "step_d20_n4096_noise0.1_s456_dml_fixed",
  "timestamp": "2026-04-12T18:39:38.746643"
}