{
  "method": "dml_gradnorm",
  "func_type": "step",
  "dim": 1,
  "n_samples": 4096,
  "noise_level": 0.2,
  "seed": 123,
  "lambda": 1.0,
  "test_value_mse": 0.10236514665908117,
  "test_grad_mse": 0.08661180212974387,
  "best_epoch": 15,
  "time_s": 4.7020368576049805,
  "n_epochs_actual": 66,
  "key": "step_d1_n4096_noise0.2_s123_dml_gradnorm",
  "timestamp": "2026-04-11T00:35:20.224855"
}