{
  "method": "baseline_rf",
  "func_type": "step",
  "dim": 10,
  "n_samples": 4096,
  "noise_level": 0.2,
  "seed": 123,
  "lambda": 1.0,
  "test_value_mse": 0.2641923198870893,
  "test_grad_mse": 196.78361724204674,
  "time_s": 3.2036526203155518,
  "key": "step_d10_n4096_noise0.2_s123_baseline_rf",
  "timestamp": "2026-04-12T11:08:09.430102"
}