{
  "method": "baseline_krr",
  "func_type": "step",
  "dim": 10,
  "n_samples": 4096,
  "noise_level": 0.2,
  "seed": 789,
  "lambda": 1.0,
  "test_value_mse": 0.3802626293084151,
  "test_grad_mse": 0.43966745788982614,
  "time_s": 0.6680893898010254,
  "key": "step_d10_n4096_noise0.2_s789_baseline_krr",
  "timestamp": "2026-04-12T11:15:58.881424"
}