{
  "method": "dml_gradnorm",
  "func_type": "step",
  "dim": 1,
  "n_samples": 512,
  "noise_level": 0.5,
  "seed": 1000,
  "lambda": 1.0,
  "test_value_mse": 0.0159418858698945,
  "test_grad_mse": 0.024602168626132515,
  "best_epoch": 23,
  "time_s": 4.75934100151062,
  "n_epochs_actual": 74,
  "key": "step_d1_n512_noise0.5_s1000_dml_gradnorm",
  "timestamp": "2026-04-10T21:53:25.374503"
}