{
  "method": "baseline_krr",
  "func_type": "step",
  "dim": 10,
  "n_samples": 4096,
  "noise_level": 0.1,
  "seed": 123,
  "lambda": 1.0,
  "test_value_mse": 0.5086582922198261,
  "test_grad_mse": 0.546479983059257,
  "time_s": 3.341712713241577,
  "key": "step_d10_n4096_noise0.1_s123_baseline_krr",
  "timestamp": "2026-04-12T10:50:13.639602"
}