{
  "method": "dml_relobralo",
  "func_type": "step",
  "dim": 50,
  "n_samples": 1024,
  "noise_level": 0.5,
  "seed": 789,
  "lambda": 1.0,
  "test_value_mse": 3.5153077783015005,
  "test_grad_mse": 0.33706757201508636,
  "best_epoch": 22,
  "time_s": 2.767132043838501,
  "n_epochs_actual": 73,
  "key": "step_d50_n1024_noise0.5_s789_dml_relobralo",
  "timestamp": "2026-04-26T11:43:54.508877"
}