{
  "method": "dml_gradnorm",
  "func_type": "step",
  "dim": 1,
  "n_samples": 8192,
  "noise_level": 0.1,
  "seed": 1000,
  "lambda": 1.0,
  "test_value_mse": 0.027215575173973473,
  "test_grad_mse": 0.014993113692211475,
  "best_epoch": 106,
  "time_s": 26.15858268737793,
  "n_epochs_actual": 157,
  "key": "step_d1_n8192_noise0.1_s1000_dml_gradnorm",
  "timestamp": "2026-04-11T06:29:31.171347"
}