{
  "method": "dml_gradnorm",
  "func_type": "step",
  "dim": 50,
  "n_samples": 1024,
  "noise_level": 0.1,
  "seed": 123,
  "lambda": 1.0,
  "test_value_mse": 3.419557618064491,
  "test_grad_mse": 0.6870668160007867,
  "best_epoch": 874,
  "time_s": 44.876837491989136,
  "n_epochs_actual": 925,
  "key": "step_d50_n1024_noise0.1_s123_dml_gradnorm",
  "timestamp": "2026-04-13T01:30:30.318379"
}