{
  "method": "dml_gradnorm",
  "func_type": "step",
  "dim": 5,
  "n_samples": 8192,
  "noise_level": 0.2,
  "seed": 789,
  "lambda": 1.0,
  "test_value_mse": 0.23576147713429765,
  "test_grad_mse": 0.060132348366016206,
  "best_epoch": 122,
  "time_s": 23.151214599609375,
  "n_epochs_actual": 173,
  "key": "step_d5_n8192_noise0.2_s789_dml_gradnorm",
  "timestamp": "2026-04-12T07:41:19.075428"
}