{
  "method": "dml_relobralo",
  "func_type": "step",
  "dim": 2,
  "n_samples": 8192,
  "noise_level": 0.05,
  "seed": 456,
  "lambda": 1.0,
  "test_value_mse": 0.09974806247244779,
  "test_grad_mse": 0.0008042356453309512,
  "best_epoch": 34,
  "time_s": 8.094940185546875,
  "n_epochs_actual": 85,
  "key": "step_d2_n8192_noise0.05_s456_dml_relobralo",
  "timestamp": "2026-04-26T11:08:32.108795"
}