{
  "method": "dml_fixed",
  "func_type": "step",
  "dim": 20,
  "n_samples": 8192,
  "noise_level": 0.05,
  "seed": 789,
  "lambda": 1.0,
  "test_value_mse": 1.2545915562876482,
  "test_grad_mse": 0.08901607743503484,
  "best_epoch": 48,
  "time_s": 9.654027938842773,
  "n_epochs_actual": 99,
  "key": "step_d20_n8192_noise0.05_s789_dml_fixed",
  "timestamp": "2026-04-12T21:15:26.662351"
}