{
  "method": "vanilla",
  "func_type": "step",
  "dim": 20,
  "n_samples": 512,
  "noise_level": 0.0,
  "seed": 123,
  "lambda": 1.0,
  "test_value_mse": 1.2449957814940216,
  "test_grad_mse": 0.6670062140313162,
  "best_epoch": 38,
  "time_s": 4.703079700469971,
  "n_epochs_actual": 89,
  "key": "step_d20_n512_noise0.0_s123_vanilla",
  "timestamp": "2026-04-12T17:41:56.064972"
}