{
  "method": "baseline_rf",
  "func_type": "step",
  "dim": 1,
  "n_samples": 4096,
  "noise_level": 0.2,
  "seed": 789,
  "lambda": 1.0,
  "test_value_mse": 0.0013595989796815736,
  "test_grad_mse": 4.6239933878199624e-27,
  "time_s": 0.23928594589233398,
  "key": "step_d1_n4096_noise0.2_s789_baseline_rf",
  "timestamp": "2026-04-11T00:51:48.225323"
}