{
  "method": "dml_gradnorm",
  "func_type": "step",
  "dim": 10,
  "n_samples": 256,
  "noise_level": 0.1,
  "seed": 42,
  "lambda": 1.0,
  "test_value_mse": 0.4756388776034346,
  "test_grad_mse": 0.5302362606998369,
  "best_epoch": 36,
  "time_s": 5.012196063995361,
  "n_epochs_actual": 87,
  "key": "step_d10_n256_noise0.1_s42_dml_gradnorm",
  "timestamp": "2026-04-12T09:46:30.253231"
}