{
  "method": "dml_gradnorm",
  "func_type": "step",
  "dim": 5,
  "n_samples": 8192,
  "noise_level": 0.05,
  "seed": 123,
  "lambda": 1.0,
  "test_value_mse": 0.203008703561729,
  "test_grad_mse": 0.08781018573255052,
  "best_epoch": 308,
  "time_s": 48.75676488876343,
  "n_epochs_actual": 359,
  "key": "step_d5_n8192_noise0.05_s123_dml_gradnorm",
  "timestamp": "2026-04-12T04:15:55.698083"
}