{
  "method": "dml_fixed",
  "func_type": "step",
  "dim": 10,
  "n_samples": 512,
  "noise_level": 0.0,
  "seed": 789,
  "lambda": 1.0,
  "test_value_mse": 0.41008937221236164,
  "test_grad_mse": 0.08906434615070337,
  "best_epoch": 41,
  "time_s": 4.879814624786377,
  "n_epochs_actual": 92,
  "key": "step_d10_n512_noise0.0_s789_dml_fixed",
  "timestamp": "2026-04-12T09:53:56.528214"
}