{
  "method": "baseline_gp",
  "func_type": "step",
  "dim": 1,
  "n_samples": 2048,
  "noise_level": 0.1,
  "seed": 1000,
  "lambda": 1.0,
  "test_value_mse": 7.117840738872118e-05,
  "test_grad_mse": 53.19776217843088,
  "time_s": 64.24352407455444,
  "key": "step_d1_n2048_noise0.1_s1000_baseline_gp",
  "timestamp": "2026-04-10T22:49:56.464642"
}