{
  "method": "baseline_gp",
  "func_type": "step",
  "dim": 20,
  "n_samples": 8192,
  "noise_level": 0.2,
  "seed": 789,
  "lambda": 1.0,
  "test_value_mse": 1.6663492625434655,
  "test_grad_mse": 0.0,
  "time_s": 847.3432576656342,
  "key": "step_d20_n8192_noise0.2_s789_baseline_gp",
  "timestamp": "2026-04-12T23:46:48.313287"
}