{
  "method": "baseline_krr",
  "func_type": "step",
  "dim": 5,
  "n_samples": 2048,
  "noise_level": 0.0,
  "seed": 456,
  "lambda": 1.0,
  "test_value_mse": 0.21976618348032798,
  "test_grad_mse": 0.6285022150203282,
  "time_s": 0.20232105255126953,
  "key": "step_d5_n2048_noise0.0_s456_baseline_krr",
  "timestamp": "2026-04-12T00:53:35.385659"
}