{
  "method": "baseline_gp",
  "func_type": "step",
  "dim": 2,
  "n_samples": 512,
  "noise_level": 0.0,
  "seed": 1000,
  "lambda": 1.0,
  "test_value_mse": 0.21471363129451806,
  "test_grad_mse": 0.0,
  "time_s": 1.7255220413208008,
  "key": "step_d2_n512_noise0.0_s1000_baseline_gp",
  "timestamp": "2026-04-11T10:14:44.827306"
}