{
  "method": "dml_relobralo",
  "func_type": "step",
  "dim": 2,
  "n_samples": 256,
  "noise_level": 0.5,
  "seed": 1000,
  "lambda": 1.0,
  "test_value_mse": 0.12616245767563888,
  "test_grad_mse": 0.18123721586303593,
  "best_epoch": 21,
  "time_s": 2.2261970043182373,
  "n_epochs_actual": 72,
  "key": "step_d2_n256_noise0.5_s1000_dml_relobralo",
  "timestamp": "2026-04-26T11:02:34.263605"
}