{
  "method": "dml_gradnorm",
  "func_type": "step",
  "dim": 1,
  "n_samples": 512,
  "noise_level": 0.05,
  "seed": 123,
  "lambda": 1.0,
  "test_value_mse": 0.11292284468824652,
  "test_grad_mse": 0.12868309717128867,
  "best_epoch": 52,
  "time_s": 4.737500190734863,
  "n_epochs_actual": 103,
  "key": "step_d1_n512_noise0.05_s123_dml_gradnorm",
  "timestamp": "2026-04-10T21:44:39.154239"
}