{
  "method": "baseline_krr",
  "func_type": "step",
  "dim": 1,
  "n_samples": 4096,
  "noise_level": 0.2,
  "seed": 1000,
  "lambda": 1.0,
  "test_value_mse": 0.016312161495393853,
  "test_grad_mse": 0.4969862300914845,
  "time_s": 0.8720963001251221,
  "key": "step_d1_n4096_noise0.2_s1000_baseline_krr",
  "timestamp": "2026-04-11T00:58:05.226013"
}