{
  "method": "baseline_krr",
  "func_type": "step",
  "dim": 10,
  "n_samples": 1024,
  "noise_level": 0.5,
  "seed": 456,
  "lambda": 1.0,
  "test_value_mse": 0.5082380308223984,
  "test_grad_mse": 0.4278319464908023,
  "time_s": 1.4712581634521484,
  "key": "step_d10_n1024_noise0.5_s456_baseline_krr",
  "timestamp": "2026-04-12T10:12:24.027187"
}