{
  "method": "dml_fixed",
  "func_type": "step",
  "dim": 1,
  "n_samples": 512,
  "noise_level": 0.05,
  "seed": 789,
  "lambda": 1.0,
  "test_value_mse": 0.059657138570705,
  "test_grad_mse": 0.03089242437240639,
  "best_epoch": 68,
  "time_s": 4.658293724060059,
  "n_epochs_actual": 119,
  "key": "step_d1_n512_noise0.05_s789_dml_fixed",
  "timestamp": "2026-04-10T21:45:51.633755"
}