{
  "method": "dml_relobralo",
  "func_type": "step",
  "dim": 100,
  "n_samples": 8192,
  "noise_level": 0.2,
  "seed": 789,
  "lambda": 1.0,
  "test_value_mse": 5.82954216470606,
  "test_grad_mse": 0.3262975912190408,
  "best_epoch": 13,
  "time_s": 6.981411457061768,
  "n_epochs_actual": 64,
  "key": "step_d100_n8192_noise0.2_s789_dml_relobralo",
  "timestamp": "2026-04-26T11:56:22.240372"
}