{
  "method": "baseline_krr",
  "func_type": "step",
  "dim": 1,
  "n_samples": 512,
  "noise_level": 0.1,
  "seed": 123,
  "lambda": 1.0,
  "test_value_mse": 0.052447855491626685,
  "test_grad_mse": 2.733732661480521,
  "time_s": 0.006293296813964844,
  "key": "step_d1_n512_noise0.1_s123_baseline_krr",
  "timestamp": "2026-04-10T21:47:06.767708"
}