{
  "method": "baseline_gp",
  "func_type": "step",
  "dim": 1,
  "n_samples": 1024,
  "noise_level": 0.05,
  "seed": 42,
  "lambda": 1.0,
  "test_value_mse": 6.776476066438651e-05,
  "test_grad_mse": 17.99686425284708,
  "time_s": 32.5459680557251,
  "key": "step_d1_n1024_noise0.05_s42_baseline_gp",
  "timestamp": "2026-04-10T21:58:50.031390"
}