{
  "method": "vanilla",
  "func_type": "step",
  "dim": 100,
  "n_samples": 4096,
  "noise_level": 0.05,
  "seed": 42,
  "lambda": 1.0,
  "test_value_mse": 5.333941867286147,
  "test_grad_mse": 0.21948887850972873,
  "best_epoch": 12,
  "time_s": 4.994398832321167,
  "n_epochs_actual": 63,
  "key": "step_d100_n4096_noise0.05_s42_vanilla",
  "timestamp": "2026-04-13T02:49:41.071770"
}