{
  "method": "dml_fixed",
  "func_type": "step",
  "dim": 1,
  "n_samples": 4096,
  "noise_level": 0.1,
  "seed": 42,
  "lambda": 1.0,
  "test_value_mse": 0.04520631414633864,
  "test_grad_mse": 0.21636350736313914,
  "best_epoch": 59,
  "time_s": 4.679630517959595,
  "n_epochs_actual": 110,
  "key": "step_d1_n4096_noise0.1_s42_dml_fixed",
  "timestamp": "2026-04-11T00:05:35.912169"
}