{
  "method": "vanilla",
  "func_type": "step",
  "dim": 100,
  "n_samples": 256,
  "noise_level": 0.1,
  "seed": 789,
  "lambda": 1.0,
  "test_value_mse": 8.73058641375043,
  "test_grad_mse": 0.5947595439339521,
  "best_epoch": 52,
  "time_s": 2.4475815296173096,
  "n_epochs_actual": 103,
  "key": "step_d100_n256_noise0.1_s789_vanilla",
  "timestamp": "2026-04-13T02:22:15.930892"
}