{
  "method": "baseline_rf",
  "func_type": "step",
  "dim": 20,
  "n_samples": 8192,
  "noise_level": 0.05,
  "seed": 123,
  "lambda": 1.0,
  "test_value_mse": 0.8327727534726794,
  "test_grad_mse": 514.4196393651245,
  "time_s": 11.668354511260986,
  "key": "step_d20_n8192_noise0.05_s123_baseline_rf",
  "timestamp": "2026-04-12T21:02:30.943467"
}