{
  "method": "baseline_gp",
  "func_type": "step",
  "dim": 2,
  "n_samples": 2048,
  "noise_level": 0.0,
  "seed": 42,
  "lambda": 1.0,
  "test_value_mse": 0.006546369598158902,
  "test_grad_mse": 15.583311262889213,
  "time_s": 88.10596871376038,
  "key": "step_d2_n2048_noise0.0_s42_baseline_gp",
  "timestamp": "2026-04-11T10:37:04.843273"
}