{
  "method": "dml_fixed",
  "func_type": "step",
  "dim": 5,
  "n_samples": 256,
  "noise_level": 0.5,
  "seed": 42,
  "lambda": 1.0,
  "test_value_mse": 0.4321394697283737,
  "test_grad_mse": 0.043587491189586394,
  "best_epoch": 29,
  "time_s": 4.112311124801636,
  "n_epochs_actual": 80,
  "key": "step_d5_n256_noise0.5_s42_dml_fixed",
  "timestamp": "2026-04-12T00:33:46.999258"
}