{
  "method": "dml_fixed",
  "func_type": "step",
  "dim": 2,
  "n_samples": 256,
  "noise_level": 0.5,
  "seed": 789,
  "lambda": 1.0,
  "test_value_mse": 0.06783683460758705,
  "test_grad_mse": 0.10550217566554385,
  "best_epoch": 31,
  "time_s": 3.9443538188934326,
  "n_epochs_actual": 82,
  "key": "step_d2_n256_noise0.5_s789_dml_fixed",
  "timestamp": "2026-04-11T10:11:51.261611"
}