{
  "method": "baseline_rf",
  "func_type": "step",
  "dim": 5,
  "n_samples": 256,
  "noise_level": 0.1,
  "seed": 456,
  "lambda": 1.0,
  "test_value_mse": 0.2133269997904253,
  "test_grad_mse": 6.3620873485973425e-22,
  "time_s": 1.5065414905548096,
  "key": "step_d5_n256_noise0.1_s456_baseline_rf",
  "timestamp": "2026-04-12T00:31:47.559655"
}