{
  "method": "baseline_krr",
  "func_type": "step",
  "dim": 2,
  "n_samples": 2048,
  "noise_level": 0.0,
  "seed": 42,
  "lambda": 1.0,
  "test_value_mse": 0.07316951468317454,
  "test_grad_mse": 1.6868072834437393,
  "time_s": 0.5938749313354492,
  "key": "step_d2_n2048_noise0.0_s42_baseline_krr",
  "timestamp": "2026-04-11T10:37:05.437595"
}