{
  "method": "baseline_gp",
  "func_type": "step",
  "dim": 5,
  "n_samples": 8192,
  "noise_level": 0.0,
  "seed": 456,
  "lambda": 1.0,
  "test_value_mse": 0.10265928519452744,
  "test_grad_mse": 3.498592368040913,
  "time_s": 976.1285042762756,
  "key": "step_d5_n8192_noise0.0_s456_baseline_gp",
  "timestamp": "2026-04-12T03:34:37.791201"
}