{
  "method": "baseline_rf",
  "func_type": "step",
  "dim": 1,
  "n_samples": 1024,
  "noise_level": 0.5,
  "seed": 789,
  "lambda": 1.0,
  "test_value_mse": 0.00032301132983150076,
  "test_grad_mse": 0.5460503586807014,
  "time_s": 0.6496357917785645,
  "key": "step_d1_n1024_noise0.5_s789_baseline_rf",
  "timestamp": "2026-04-10T22:16:06.263519"
}