{
  "method": "dml_fixed",
  "func_type": "step",
  "dim": 20,
  "n_samples": 4096,
  "noise_level": 0.5,
  "seed": 1000,
  "lambda": 1.0,
  "test_value_mse": 1.5265672184249957,
  "test_grad_mse": 0.08217810772288935,
  "best_epoch": 22,
  "time_s": 5.642505407333374,
  "n_epochs_actual": 73,
  "key": "step_d20_n4096_noise0.5_s1000_dml_fixed",
  "timestamp": "2026-04-12T19:25:44.867550"
}