{
  "method": "dml_relobralo",
  "func_type": "step",
  "dim": 50,
  "n_samples": 1024,
  "noise_level": 0.05,
  "seed": 456,
  "lambda": 1.0,
  "test_value_mse": 3.27346452345134,
  "test_grad_mse": 0.33546199568102225,
  "best_epoch": 25,
  "time_s": 2.833040952682495,
  "n_epochs_actual": 76,
  "key": "step_d50_n1024_noise0.05_s456_dml_relobralo",
  "timestamp": "2026-04-26T11:43:08.266707"
}