{
  "method": "dml_gradnorm",
  "func_type": "step",
  "dim": 50,
  "n_samples": 8192,
  "noise_level": 0.0,
  "seed": 1000,
  "lambda": 1.0,
  "test_value_mse": 3.252366227131327,
  "test_grad_mse": 0.1222621618342481,
  "best_epoch": 408,
  "time_s": 66.75248003005981,
  "n_epochs_actual": 459,
  "key": "step_d50_n8192_noise0.0_s1000_dml_gradnorm",
  "timestamp": "2026-04-13T01:58:39.020336"
}