{
  "method": "dml_fixed",
  "func_type": "step",
  "dim": 50,
  "n_samples": 1024,
  "noise_level": 0.05,
  "seed": 123,
  "lambda": 1.0,
  "test_value_mse": 3.0252966716899814,
  "test_grad_mse": 0.0864667270114764,
  "best_epoch": 37,
  "time_s": 2.674808979034424,
  "n_epochs_actual": 88,
  "key": "step_d50_n1024_noise0.05_s123_dml_fixed",
  "timestamp": "2026-04-13T01:26:17.950825"
}