{
  "method": "dml_gradnorm",
  "func_type": "step",
  "dim": 2,
  "n_samples": 2048,
  "noise_level": 0.0,
  "seed": 456,
  "lambda": 1.0,
  "test_value_mse": 0.05223706716656607,
  "test_grad_mse": 0.07943542988325182,
  "best_epoch": 230,
  "time_s": 16.733614921569824,
  "n_epochs_actual": 281,
  "key": "step_d2_n2048_noise0.0_s456_dml_gradnorm",
  "timestamp": "2026-04-11T10:40:41.559044"
}