{
  "method": "dml_gradnorm",
  "func_type": "step",
  "dim": 2,
  "n_samples": 256,
  "noise_level": 0.5,
  "seed": 456,
  "lambda": 1.0,
  "test_value_mse": 0.04258834791993787,
  "test_grad_mse": 0.11496717555021063,
  "best_epoch": 30,
  "time_s": 3.660797357559204,
  "n_epochs_actual": 81,
  "key": "step_d2_n256_noise0.5_s456_dml_gradnorm",
  "timestamp": "2026-04-11T10:11:33.959100"
}