{
  "method": "baseline_krr",
  "func_type": "step",
  "dim": 5,
  "n_samples": 256,
  "noise_level": 0.1,
  "seed": 456,
  "lambda": 1.0,
  "test_value_mse": 0.33746271972223296,
  "test_grad_mse": 0.29634396341736713,
  "time_s": 0.006595134735107422,
  "key": "step_d5_n256_noise0.1_s456_baseline_krr",
  "timestamp": "2026-04-12T00:31:46.052912"
}