{
  "method": "baseline_gp",
  "func_type": "step",
  "dim": 2,
  "n_samples": 8192,
  "noise_level": 0.2,
  "seed": 42,
  "lambda": 1.0,
  "test_value_mse": 0.003878562866289429,
  "test_grad_mse": 27.332752930089352,
  "time_s": 934.9727330207825,
  "key": "step_d2_n8192_noise0.2_s42_baseline_gp",
  "timestamp": "2026-04-11T20:30:25.439774"
}