{
  "method": "dml_relobralo",
  "func_type": "step",
  "dim": 5,
  "n_samples": 256,
  "noise_level": 0.05,
  "seed": 789,
  "lambda": 1.0,
  "test_value_mse": 0.31024709453353094,
  "test_grad_mse": 0.5141996764095821,
  "best_epoch": 33,
  "time_s": 2.438263177871704,
  "n_epochs_actual": 84,
  "key": "step_d5_n256_noise0.05_s789_dml_relobralo",
  "timestamp": "2026-04-26T11:12:04.650236"
}