{
  "method": "vanilla",
  "func_type": "step",
  "dim": 50,
  "n_samples": 8192,
  "noise_level": 0.05,
  "seed": 123,
  "lambda": 1.0,
  "test_value_mse": 2.587285448064959,
  "test_grad_mse": 0.3011136446222555,
  "best_epoch": 13,
  "time_s": 6.734581708908081,
  "n_epochs_actual": 64,
  "key": "step_d50_n8192_noise0.05_s123_vanilla",
  "timestamp": "2026-04-13T02:00:22.124034"
}