{
  "method": "dml_relobralo",
  "func_type": "step",
  "dim": 5,
  "n_samples": 1024,
  "noise_level": 0.5,
  "seed": 456,
  "lambda": 1.0,
  "test_value_mse": 0.22053953358249717,
  "test_grad_mse": 0.8124633490945515,
  "best_epoch": 117,
  "time_s": 4.796212911605835,
  "n_epochs_actual": 168,
  "key": "step_d5_n1024_noise0.5_s456_dml_relobralo",
  "timestamp": "2026-04-26T11:14:22.831757"
}