{
  "method": "dml_relobralo",
  "func_type": "step",
  "dim": 100,
  "n_samples": 8192,
  "noise_level": 0.5,
  "seed": 123,
  "lambda": 1.0,
  "test_value_mse": 5.289586100753391,
  "test_grad_mse": 0.32527417723555624,
  "best_epoch": 11,
  "time_s": 6.219486713409424,
  "n_epochs_actual": 62,
  "key": "step_d100_n8192_noise0.5_s123_dml_relobralo",
  "timestamp": "2026-04-26T11:56:48.323909"
}