{
  "method": "vanilla",
  "func_type": "step",
  "dim": 10,
  "n_samples": 4096,
  "noise_level": 0.1,
  "seed": 456,
  "lambda": 1.0,
  "test_value_mse": 0.3405139086045615,
  "test_grad_mse": 2.3309756380928683,
  "best_epoch": 67,
  "time_s": 6.089479923248291,
  "n_epochs_actual": 118,
  "key": "step_d10_n4096_noise0.1_s456_vanilla",
  "timestamp": "2026-04-12T10:50:24.241611"
}