{
  "method": "dml_gradnorm",
  "func_type": "step",
  "dim": 1,
  "n_samples": 8192,
  "noise_level": 0.05,
  "seed": 42,
  "lambda": 1.0,
  "test_value_mse": 0.08582450162619261,
  "test_grad_mse": 0.012173455258473501,
  "best_epoch": 215,
  "time_s": 46.85713338851929,
  "n_epochs_actual": 266,
  "key": "step_d1_n8192_noise0.05_s42_dml_gradnorm",
  "timestamp": "2026-04-11T03:06:24.721486"
}