{
  "method": "dml_gradnorm",
  "func_type": "step",
  "dim": 50,
  "n_samples": 4096,
  "noise_level": 0.1,
  "seed": 1000,
  "lambda": 1.0,
  "test_value_mse": 3.3742953844462695,
  "test_grad_mse": 0.056121880103767126,
  "best_epoch": 154,
  "time_s": 13.473955154418945,
  "n_epochs_actual": 205,
  "key": "step_d50_n4096_noise0.1_s1000_dml_gradnorm",
  "timestamp": "2026-04-13T01:46:47.993020"
}