{
  "method": "dml_fixed",
  "func_type": "step",
  "dim": 5,
  "n_samples": 256,
  "noise_level": 0.05,
  "seed": 789,
  "lambda": 1.0,
  "test_value_mse": 0.3157051426925947,
  "test_grad_mse": 0.09481431039381671,
  "best_epoch": 26,
  "time_s": 1.9135668277740479,
  "n_epochs_actual": 77,
  "key": "step_d5_n256_noise0.05_s789_dml_fixed",
  "timestamp": "2026-04-12T00:30:10.595563"
}