{
  "method": "baseline_rf",
  "func_type": "step",
  "dim": 5,
  "n_samples": 8192,
  "noise_level": 0.5,
  "seed": 1000,
  "lambda": 1.0,
  "test_value_mse": 0.01663858951363061,
  "test_grad_mse": 10730.8537468081,
  "time_s": 3.6746468544006348,
  "key": "step_d5_n8192_noise0.5_s1000_baseline_rf",
  "timestamp": "2026-04-12T09:44:19.461714"
}