{
  "method": "vanilla",
  "func_type": "step",
  "dim": 5,
  "n_samples": 1024,
  "noise_level": 0.1,
  "seed": 123,
  "lambda": 1.0,
  "test_value_mse": 0.04145413440121373,
  "test_grad_mse": 1.4107357528269662,
  "best_epoch": 145,
  "time_s": 7.649756669998169,
  "n_epochs_actual": 196,
  "key": "step_d5_n1024_noise0.1_s123_vanilla",
  "timestamp": "2026-04-12T00:41:06.934745"
}