{
  "method": "dml_relobralo",
  "func_type": "step",
  "dim": 100,
  "n_samples": 4096,
  "noise_level": 0.05,
  "seed": 456,
  "lambda": 1.0,
  "test_value_mse": 5.72597219175781,
  "test_grad_mse": 0.2917008645463746,
  "best_epoch": 12,
  "time_s": 3.8949787616729736,
  "n_epochs_actual": 63,
  "key": "step_d100_n4096_noise0.05_s456_dml_relobralo",
  "timestamp": "2026-04-26T11:52:11.417987"
}