{
  "method": "dml_relobralo",
  "func_type": "step",
  "dim": 1,
  "n_samples": 1024,
  "noise_level": 0.1,
  "seed": 123,
  "lambda": 1.0,
  "test_value_mse": 0.09309570114280313,
  "test_grad_mse": 0.24595183496096898,
  "best_epoch": 37,
  "time_s": 2.7831337451934814,
  "n_epochs_actual": 88,
  "key": "step_d1_n1024_noise0.1_s123_dml_relobralo",
  "timestamp": "2026-04-26T10:52:20.673715"
}