{
  "method": "dml_relobralo",
  "func_type": "step",
  "dim": 2,
  "n_samples": 4096,
  "noise_level": 0.05,
  "seed": 123,
  "lambda": 1.0,
  "test_value_mse": 0.050769206055701475,
  "test_grad_mse": 0.26058537381555,
  "best_epoch": 70,
  "time_s": 6.544959306716919,
  "n_epochs_actual": 121,
  "key": "step_d2_n4096_noise0.05_s123_dml_relobralo",
  "timestamp": "2026-04-26T11:04:48.175852"
}