{
  "method": "dml_fixed",
  "func_type": "step",
  "dim": 50,
  "n_samples": 1024,
  "noise_level": 0.2,
  "seed": 1000,
  "lambda": 1.0,
  "test_value_mse": 3.206524139400696,
  "test_grad_mse": 0.08147125031274044,
  "best_epoch": 66,
  "time_s": 2.836458444595337,
  "n_epochs_actual": 117,
  "key": "step_d50_n1024_noise0.2_s1000_dml_fixed",
  "timestamp": "2026-04-13T01:34:33.840599"
}