{
  "method": "dml_relobralo",
  "func_type": "step",
  "dim": 2,
  "n_samples": 8192,
  "noise_level": 0.5,
  "seed": 42,
  "lambda": 1.0,
  "test_value_mse": 0.17477316141592994,
  "test_grad_mse": 0.0023618446244007074,
  "best_epoch": 90,
  "time_s": 13.77341341972351,
  "n_epochs_actual": 141,
  "key": "step_d2_n8192_noise0.5_s42_dml_relobralo",
  "timestamp": "2026-04-26T11:11:04.490023"
}