{
  "method": "dml_fixed",
  "func_type": "step",
  "dim": 50,
  "n_samples": 256,
  "noise_level": 0.2,
  "seed": 123,
  "lambda": 1.0,
  "test_value_mse": 2.6975194085325103,
  "test_grad_mse": 0.06101162585733531,
  "best_epoch": 40,
  "time_s": 2.897888422012329,
  "n_epochs_actual": 91,
  "key": "step_d50_n256_noise0.2_s123_dml_fixed",
  "timestamp": "2026-04-13T01:15:53.299911"
}