{
  "method": "baseline_rf",
  "func_type": "step",
  "dim": 2,
  "n_samples": 1024,
  "noise_level": 0.1,
  "seed": 42,
  "lambda": 1.0,
  "test_value_mse": 0.00029010829825853893,
  "test_grad_mse": 11.522703780201805,
  "time_s": 0.29268598556518555,
  "key": "step_d2_n1024_noise0.1_s42_baseline_rf",
  "timestamp": "2026-04-11T10:21:13.409249"
}