{
  "method": "baseline_krr",
  "func_type": "step",
  "dim": 5,
  "n_samples": 4096,
  "noise_level": 0.05,
  "seed": 42,
  "lambda": 1.0,
  "test_value_mse": 0.2596284600536232,
  "test_grad_mse": 0.5822185381819126,
  "time_s": 0.4839317798614502,
  "key": "step_d5_n4096_noise0.05_s42_baseline_krr",
  "timestamp": "2026-04-12T00:59:16.945496"
}