{
  "method": "dml_gradnorm",
  "func_type": "step",
  "dim": 1,
  "n_samples": 1024,
  "noise_level": 0.05,
  "seed": 1000,
  "lambda": 1.0,
  "test_value_mse": 0.02706171868608457,
  "test_grad_mse": 0.036141423430086375,
  "best_epoch": 38,
  "time_s": 2.909987688064575,
  "n_epochs_actual": 89,
  "key": "step_d1_n1024_noise0.05_s1000_dml_gradnorm",
  "timestamp": "2026-04-10T22:02:16.911050"
}