{
  "method": "dml_gradnorm",
  "func_type": "step",
  "dim": 5,
  "n_samples": 1024,
  "noise_level": 0.1,
  "seed": 1000,
  "lambda": 1.0,
  "test_value_mse": 0.28966719677888025,
  "test_grad_mse": 0.601137560458977,
  "best_epoch": 152,
  "time_s": 8.747560739517212,
  "n_epochs_actual": 203,
  "key": "step_d5_n1024_noise0.1_s1000_dml_gradnorm",
  "timestamp": "2026-04-12T00:43:17.582798"
}