{
  "method": "dml_fixed",
  "func_type": "step",
  "dim": 10,
  "n_samples": 8192,
  "noise_level": 0.1,
  "seed": 456,
  "lambda": 1.0,
  "test_value_mse": 0.5583003289462017,
  "test_grad_mse": 0.15491640813892274,
  "best_epoch": 75,
  "time_s": 6.627798080444336,
  "n_epochs_actual": 126,
  "key": "step_d10_n8192_noise0.1_s456_dml_fixed",
  "timestamp": "2026-04-12T14:03:31.340043"
}