{
  "method": "baseline_gp",
  "func_type": "step",
  "dim": 10,
  "n_samples": 4096,
  "noise_level": 0.2,
  "seed": 1000,
  "lambda": 1.0,
  "test_value_mse": 0.4785192574642568,
  "test_grad_mse": 0.0,
  "time_s": 141.215913772583,
  "key": "step_d10_n4096_noise0.2_s1000_baseline_gp",
  "timestamp": "2026-04-12T11:18:58.130425"
}