{
  "method": "dml_relobralo",
  "func_type": "step",
  "dim": 1,
  "n_samples": 4096,
  "noise_level": 0.05,
  "seed": 42,
  "lambda": 1.0,
  "test_value_mse": 0.0442610946321103,
  "test_grad_mse": 0.2277749241193903,
  "best_epoch": 48,
  "time_s": 5.558885335922241,
  "n_epochs_actual": 99,
  "key": "step_d1_n4096_noise0.05_s42_dml_relobralo",
  "timestamp": "2026-04-26T10:55:53.849427"
}