{
  "method": "dml_relobralo",
  "func_type": "step",
  "dim": 50,
  "n_samples": 2048,
  "noise_level": 0.0,
  "seed": 789,
  "lambda": 1.0,
  "test_value_mse": 3.3428203239122474,
  "test_grad_mse": 0.3566484474926425,
  "best_epoch": 21,
  "time_s": 3.638972282409668,
  "n_epochs_actual": 72,
  "key": "step_d50_n2048_noise0.0_s789_dml_relobralo",
  "timestamp": "2026-04-26T11:44:13.216287"
}