{
  "method": "dml_fixed",
  "func_type": "step",
  "dim": 100,
  "n_samples": 2048,
  "noise_level": 0.0,
  "seed": 1000,
  "lambda": 1.0,
  "test_value_mse": 6.490597865286941,
  "test_grad_mse": 0.0700347481394289,
  "best_epoch": 39,
  "time_s": 5.129044771194458,
  "n_epochs_actual": 90,
  "key": "step_d100_n2048_noise0.0_s1000_dml_fixed",
  "timestamp": "2026-04-13T02:49:04.582495"
}