{
  "method": "baseline_gp",
  "func_type": "step",
  "dim": 1,
  "n_samples": 8192,
  "noise_level": 0.1,
  "seed": 456,
  "lambda": 1.0,
  "test_value_mse": 0.00047250699557461475,
  "test_grad_mse": 2327.6011776949417,
  "time_s": 1435.6827819347382,
  "key": "step_d1_n8192_noise0.1_s456_baseline_gp",
  "timestamp": "2026-04-11T06:09:56.365350"
}