{
  "method": "dml_relobralo",
  "func_type": "step",
  "dim": 2,
  "n_samples": 256,
  "noise_level": 0.05,
  "seed": 123,
  "lambda": 1.0,
  "test_value_mse": 0.07009483519763535,
  "test_grad_mse": 0.2532013716200116,
  "best_epoch": 40,
  "time_s": 2.672823190689087,
  "n_epochs_actual": 91,
  "key": "step_d2_n256_noise0.05_s123_dml_relobralo",
  "timestamp": "2026-04-26T11:01:48.826982"
}