{
  "method": "dml_gradnorm",
  "func_type": "step",
  "dim": 50,
  "n_samples": 2048,
  "noise_level": 0.0,
  "seed": 42,
  "lambda": 1.0,
  "test_value_mse": 3.783353460779267,
  "test_grad_mse": 0.11428916723873825,
  "best_epoch": 213,
  "time_s": 21.099597454071045,
  "n_epochs_actual": 264,
  "key": "step_d50_n2048_noise0.0_s42_dml_gradnorm",
  "timestamp": "2026-04-13T01:38:52.635212"
}