{
  "method": "dml_gradnorm",
  "func_type": "step",
  "dim": 10,
  "n_samples": 256,
  "noise_level": 0.2,
  "seed": 1000,
  "lambda": 1.0,
  "test_value_mse": 0.36727612528560993,
  "test_grad_mse": 0.41049771220795633,
  "best_epoch": 215,
  "time_s": 8.163877725601196,
  "n_epochs_actual": 266,
  "key": "step_d10_n256_noise0.2_s1000_dml_gradnorm",
  "timestamp": "2026-04-12T09:49:44.627228"
}