{
  "method": "dml_fixed",
  "func_type": "step",
  "dim": 2,
  "n_samples": 4096,
  "noise_level": 0.5,
  "seed": 456,
  "lambda": 1.0,
  "test_value_mse": 0.04810978607227802,
  "test_grad_mse": 0.0978842518641559,
  "best_epoch": 68,
  "time_s": 6.108396291732788,
  "n_epochs_actual": 119,
  "key": "step_d2_n4096_noise0.5_s456_dml_fixed",
  "timestamp": "2026-04-11T12:47:15.223698"
}