{
  "method": "baseline_gp",
  "func_type": "step",
  "dim": 20,
  "n_samples": 4096,
  "noise_level": 0.5,
  "seed": 123,
  "lambda": 1.0,
  "test_value_mse": 0.8389143817872425,
  "test_grad_mse": 1.0315144158639753,
  "time_s": 214.90603470802307,
  "key": "step_d20_n4096_noise0.5_s123_baseline_gp",
  "timestamp": "2026-04-12T19:18:16.879341"
}