{
  "method": "dml_fixed",
  "func_type": "step",
  "dim": 5,
  "n_samples": 2048,
  "noise_level": 0.0,
  "seed": 456,
  "lambda": 1.0,
  "test_value_mse": 0.30074238159580435,
  "test_grad_mse": 0.14021377516325326,
  "best_epoch": 86,
  "time_s": 6.828765392303467,
  "n_epochs_actual": 137,
  "key": "step_d5_n2048_noise0.0_s456_dml_fixed",
  "timestamp": "2026-04-12T00:52:41.873303"
}