{
  "method": "dml_fixed",
  "func_type": "step",
  "dim": 2,
  "n_samples": 256,
  "noise_level": 0.2,
  "seed": 42,
  "lambda": 1.0,
  "test_value_mse": 0.12675260150757886,
  "test_grad_mse": 0.10961575154669159,
  "best_epoch": 34,
  "time_s": 3.318002462387085,
  "n_epochs_actual": 85,
  "key": "step_d2_n256_noise0.2_s42_dml_fixed",
  "timestamp": "2026-04-11T10:09:14.987709"
}