{
  "method": "baseline_rf",
  "func_type": "step",
  "dim": 1,
  "n_samples": 8192,
  "noise_level": 0.1,
  "seed": 123,
  "lambda": 1.0,
  "test_value_mse": 1.1673178049613136e-06,
  "test_grad_mse": 768.4566396550296,
  "time_s": 1.3720145225524902,
  "key": "step_d1_n8192_noise0.1_s123_baseline_rf",
  "timestamp": "2026-04-11T05:44:49.685892"
}