{
  "method": "dml_gradnorm",
  "func_type": "step",
  "dim": 2,
  "n_samples": 1024,
  "noise_level": 0.2,
  "seed": 1000,
  "lambda": 1.0,
  "test_value_mse": 0.14145186758932737,
  "test_grad_mse": 0.1745996449048279,
  "best_epoch": 44,
  "time_s": 4.837553977966309,
  "n_epochs_actual": 95,
  "key": "step_d2_n1024_noise0.2_s1000_dml_gradnorm",
  "timestamp": "2026-04-11T10:29:39.391919"
}