{
  "method": "dml_relobralo",
  "func_type": "step",
  "dim": 2,
  "n_samples": 8192,
  "noise_level": 0.2,
  "seed": 789,
  "lambda": 1.0,
  "test_value_mse": 0.058832354902916405,
  "test_grad_mse": 0.04405963148166584,
  "best_epoch": 105,
  "time_s": 14.993053913116455,
  "n_epochs_actual": 156,
  "key": "step_d2_n8192_noise0.2_s789_dml_relobralo",
  "timestamp": "2026-04-26T11:10:40.707339"
}