{
  "method": "dml_fixed",
  "func_type": "step",
  "dim": 2,
  "n_samples": 1024,
  "noise_level": 0.05,
  "seed": 456,
  "lambda": 1.0,
  "test_value_mse": 0.05017074889498762,
  "test_grad_mse": 0.12108048672143587,
  "best_epoch": 96,
  "time_s": 6.054818153381348,
  "n_epochs_actual": 147,
  "key": "step_d2_n1024_noise0.05_s456_dml_fixed",
  "timestamp": "2026-04-11T10:17:46.212674"
}