{
  "method": "dml_fixed",
  "func_type": "step",
  "dim": 1,
  "n_samples": 2048,
  "noise_level": 0.1,
  "seed": 42,
  "lambda": 1.0,
  "test_value_mse": 0.047167637339973825,
  "test_grad_mse": 0.2948443528998219,
  "best_epoch": 29,
  "time_s": 2.862311840057373,
  "n_epochs_actual": 80,
  "key": "step_d1_n2048_noise0.1_s42_dml_fixed",
  "timestamp": "2026-04-10T22:39:30.730312"
}