{
  "method": "dml_fixed",
  "func_type": "step",
  "dim": 2,
  "n_samples": 256,
  "noise_level": 0.5,
  "seed": 42,
  "lambda": 1.0,
  "test_value_mse": 0.13616070521710766,
  "test_grad_mse": 0.0966342630982864,
  "best_epoch": 28,
  "time_s": 3.5166544914245605,
  "n_epochs_actual": 79,
  "key": "step_d2_n256_noise0.5_s42_dml_fixed",
  "timestamp": "2026-04-11T10:10:50.938492"
}