{
  "method": "baseline_gp",
  "func_type": "step",
  "dim": 2,
  "n_samples": 2048,
  "noise_level": 0.0,
  "seed": 1000,
  "lambda": 1.0,
  "test_value_mse": 0.010214639507203981,
  "test_grad_mse": 25.42941426281118,
  "time_s": 74.90659523010254,
  "key": "step_d2_n2048_noise0.0_s1000_baseline_gp",
  "timestamp": "2026-04-11T10:47:10.927352"
}