{
  "method": "dml_fixed",
  "func_type": "step",
  "dim": 5,
  "n_samples": 8192,
  "noise_level": 0.0,
  "seed": 42,
  "lambda": 1.0,
  "test_value_mse": 0.3190993477417989,
  "test_grad_mse": 0.10937949775492364,
  "best_epoch": 122,
  "time_s": 14.995334148406982,
  "n_epochs_actual": 173,
  "key": "step_d5_n8192_noise0.0_s42_dml_fixed",
  "timestamp": "2026-04-12T02:29:03.456008"
}