{
  "method": "baseline_gp",
  "func_type": "step",
  "dim": 2,
  "n_samples": 4096,
  "noise_level": 0.05,
  "seed": 123,
  "lambda": 1.0,
  "test_value_mse": 0.005593944724866283,
  "test_grad_mse": 35.933051110159056,
  "time_s": 375.9470121860504,
  "key": "step_d2_n4096_noise0.05_s123_baseline_gp",
  "timestamp": "2026-04-11T11:01:31.742910"
}