{
  "method": "dml_fixed",
  "func_type": "step",
  "dim": 50,
  "n_samples": 4096,
  "noise_level": 0.2,
  "seed": 42,
  "lambda": 1.0,
  "test_value_mse": 2.940552853433018,
  "test_grad_mse": 0.08441700538428903,
  "best_epoch": 33,
  "time_s": 6.318764686584473,
  "n_epochs_actual": 84,
  "key": "step_d50_n4096_noise0.2_s42_dml_fixed",
  "timestamp": "2026-04-13T01:47:04.824497"
}