{
  "method": "dml_relobralo",
  "func_type": "step",
  "dim": 100,
  "n_samples": 4096,
  "noise_level": 0.05,
  "seed": 42,
  "lambda": 1.0,
  "test_value_mse": 5.253093730286186,
  "test_grad_mse": 0.33064349859707876,
  "best_epoch": 18,
  "time_s": 4.371535778045654,
  "n_epochs_actual": 69,
  "key": "step_d100_n4096_noise0.05_s42_dml_relobralo",
  "timestamp": "2026-04-26T11:52:02.158994"
}