{
  "method": "baseline_krr",
  "func_type": "step",
  "dim": 1,
  "n_samples": 1024,
  "noise_level": 0.2,
  "seed": 1000,
  "lambda": 1.0,
  "test_value_mse": 0.01877228237949335,
  "test_grad_mse": 0.23280109941487434,
  "time_s": 0.021987199783325195,
  "key": "step_d1_n1024_noise0.2_s1000_baseline_krr",
  "timestamp": "2026-04-10T22:13:07.289109"
}