{
  "method": "dml_fixed",
  "func_type": "step",
  "dim": 10,
  "n_samples": 1024,
  "noise_level": 0.05,
  "seed": 1000,
  "lambda": 1.0,
  "test_value_mse": 0.3631511579758189,
  "test_grad_mse": 0.039071016292530215,
  "best_epoch": 41,
  "time_s": 4.326688289642334,
  "n_epochs_actual": 92,
  "key": "step_d10_n1024_noise0.05_s1000_dml_fixed",
  "timestamp": "2026-04-12T09:58:46.972031"
}