{
  "method": "baseline_krr",
  "func_type": "step",
  "dim": 5,
  "n_samples": 2048,
  "noise_level": 0.0,
  "seed": 42,
  "lambda": 1.0,
  "test_value_mse": 0.25321122770411886,
  "test_grad_mse": 0.37602547132735187,
  "time_s": 0.13655781745910645,
  "key": "step_d5_n2048_noise0.0_s42_baseline_krr",
  "timestamp": "2026-04-12T00:51:04.798176"
}