{
  "method": "dml_relobralo",
  "func_type": "step",
  "dim": 5,
  "n_samples": 8192,
  "noise_level": 0.0,
  "seed": 42,
  "lambda": 1.0,
  "test_value_mse": 0.4150503460822799,
  "test_grad_mse": 0.004094707160658558,
  "best_epoch": 89,
  "time_s": 14.220973014831543,
  "n_epochs_actual": 140,
  "key": "step_d5_n8192_noise0.0_s42_dml_relobralo",
  "timestamp": "2026-04-26T11:17:26.505308"
}