{
  "method": "baseline_krr",
  "func_type": "step",
  "dim": 2,
  "n_samples": 1024,
  "noise_level": 0.2,
  "seed": 789,
  "lambda": 1.0,
  "test_value_mse": 0.030435593725227902,
  "test_grad_mse": 0.5074428792110387,
  "time_s": 0.09004831314086914,
  "key": "step_d2_n1024_noise0.2_s789_baseline_krr",
  "timestamp": "2026-04-11T10:29:18.077043"
}