{
  "method": "dml_fixed",
  "func_type": "step",
  "dim": 20,
  "n_samples": 8192,
  "noise_level": 0.1,
  "seed": 42,
  "lambda": 1.0,
  "test_value_mse": 1.0533132288921787,
  "test_grad_mse": 0.08695668903626066,
  "best_epoch": 50,
  "time_s": 9.498660802841187,
  "n_epochs_actual": 101,
  "key": "step_d20_n8192_noise0.1_s42_dml_fixed",
  "timestamp": "2026-04-12T21:39:35.524729"
}