{
  "method": "dml_relobralo",
  "func_type": "step",
  "dim": 1,
  "n_samples": 8192,
  "noise_level": 0.05,
  "seed": 123,
  "lambda": 1.0,
  "test_value_mse": 0.0820538981854507,
  "test_grad_mse": 0.2447514397406483,
  "best_epoch": 53,
  "time_s": 10.230136394500732,
  "n_epochs_actual": 104,
  "key": "step_d1_n8192_noise0.05_s123_dml_relobralo",
  "timestamp": "2026-04-26T10:59:17.443174"
}