{
  "method": "vanilla",
  "func_type": "step",
  "dim": 1,
  "n_samples": 2048,
  "noise_level": 0.0,
  "seed": 42,
  "lambda": 1.0,
  "test_value_mse": 0.001217290742908468,
  "test_grad_mse": 92.63788630502985,
  "best_epoch": 423,
  "time_s": 11.948189973831177,
  "n_epochs_actual": 474,
  "key": "step_d1_n2048_noise0.0_s42_vanilla",
  "timestamp": "2026-04-10T22:17:42.829623"
}