{
  "method": "vanilla",
  "func_type": "step",
  "dim": 10,
  "n_samples": 1024,
  "noise_level": 0.5,
  "seed": 456,
  "lambda": 1.0,
  "test_value_mse": 0.4800975804257595,
  "test_grad_mse": 1.3487533287487572,
  "best_epoch": 77,
  "time_s": 4.654315710067749,
  "n_epochs_actual": 128,
  "key": "step_d10_n1024_noise0.5_s456_vanilla",
  "timestamp": "2026-04-12T10:11:36.420400"
}