{
  "method": "dml_relobralo",
  "func_type": "step",
  "dim": 100,
  "n_samples": 4096,
  "noise_level": 0.2,
  "seed": 1000,
  "lambda": 1.0,
  "test_value_mse": 5.937005401934312,
  "test_grad_mse": 0.18254798020115032,
  "best_epoch": 11,
  "time_s": 4.092189073562622,
  "n_epochs_actual": 62,
  "key": "step_d100_n4096_noise0.2_s1000_dml_relobralo",
  "timestamp": "2026-04-26T11:53:09.042422"
}