{
  "method": "dml_gradnorm",
  "func_type": "step",
  "dim": 5,
  "n_samples": 8192,
  "noise_level": 0.0,
  "seed": 789,
  "lambda": 1.0,
  "test_value_mse": 0.2249870520376714,
  "test_grad_mse": 0.08139881514818541,
  "best_epoch": 122,
  "time_s": 17.131017684936523,
  "n_epochs_actual": 173,
  "key": "step_d5_n8192_noise0.0_s789_dml_gradnorm",
  "timestamp": "2026-04-12T03:35:41.764194"
}