{
  "method": "dml_fixed",
  "func_type": "step",
  "dim": 5,
  "n_samples": 4096,
  "noise_level": 0.1,
  "seed": 789,
  "lambda": 1.0,
  "test_value_mse": 0.23740254415959897,
  "test_grad_mse": 0.0882559537691325,
  "best_epoch": 54,
  "time_s": 4.248611211776733,
  "n_epochs_actual": 105,
  "key": "step_d5_n4096_noise0.1_s789_dml_fixed",
  "timestamp": "2026-04-12T01:28:48.064856"
}