{
  "method": "baseline_krr",
  "func_type": "step",
  "dim": 5,
  "n_samples": 1024,
  "noise_level": 0.05,
  "seed": 456,
  "lambda": 1.0,
  "test_value_mse": 0.280314237079026,
  "test_grad_mse": 0.4625335953461618,
  "time_s": 0.11722350120544434,
  "key": "step_d5_n1024_noise0.05_s456_baseline_krr",
  "timestamp": "2026-04-12T00:38:47.431854"
}