{
  "method": "baseline_rf",
  "func_type": "step",
  "dim": 1,
  "n_samples": 512,
  "noise_level": 0.1,
  "seed": 1000,
  "lambda": 1.0,
  "test_value_mse": 9.670342663576475e-05,
  "test_grad_mse": 16.332783050926594,
  "time_s": 0.21441292762756348,
  "key": "step_d1_n512_noise0.1_s1000_baseline_rf",
  "timestamp": "2026-04-10T21:48:10.152986"
}