{
  "method": "dml_gradnorm",
  "func_type": "step",
  "dim": 2,
  "n_samples": 256,
  "noise_level": 0.05,
  "seed": 42,
  "lambda": 1.0,
  "test_value_mse": 0.07985491427857042,
  "test_grad_mse": 1.2848930680974733,
  "best_epoch": 232,
  "time_s": 10.60206937789917,
  "n_epochs_actual": 283,
  "key": "step_d2_n256_noise0.05_s42_dml_gradnorm",
  "timestamp": "2026-04-11T10:05:56.889167"
}