{
  "method": "dml_fixed",
  "func_type": "step",
  "dim": 50,
  "n_samples": 256,
  "noise_level": 0.05,
  "seed": 123,
  "lambda": 1.0,
  "test_value_mse": 2.701025368683164,
  "test_grad_mse": 0.060781661157300694,
  "best_epoch": 40,
  "time_s": 4.614189863204956,
  "n_epochs_actual": 91,
  "key": "step_d50_n256_noise0.05_s123_dml_fixed",
  "timestamp": "2026-04-13T01:09:27.110735"
}