{
  "method": "baseline_rf",
  "func_type": "step",
  "dim": 1,
  "n_samples": 256,
  "noise_level": 0.2,
  "seed": 42,
  "lambda": 1.0,
  "test_value_mse": 0.0019471885742269155,
  "test_grad_mse": 1351.103937965185,
  "time_s": 0.6536393165588379,
  "key": "step_d1_n256_noise0.2_s42_baseline_rf",
  "timestamp": "2026-04-10T21:38:32.273100"
}