{
  "method": "dml_fixed",
  "func_type": "step",
  "dim": 100,
  "n_samples": 8192,
  "noise_level": 0.1,
  "seed": 789,
  "lambda": 1.0,
  "test_value_mse": 6.269009466473266,
  "test_grad_mse": 0.07542729886151214,
  "best_epoch": 15,
  "time_s": 9.668839693069458,
  "n_epochs_actual": 66,
  "key": "step_d100_n8192_noise0.1_s789_dml_fixed",
  "timestamp": "2026-04-13T03:11:05.794091"
}