{
  "method": "dml_relobralo",
  "func_type": "step",
  "dim": 100,
  "n_samples": 256,
  "noise_level": 0.1,
  "seed": 789,
  "lambda": 1.0,
  "test_value_mse": 6.64422122113808,
  "test_grad_mse": 0.40674314399048034,
  "best_epoch": 44,
  "time_s": 2.708977222442627,
  "n_epochs_actual": 95,
  "key": "step_d100_n256_noise0.1_s789_dml_relobralo",
  "timestamp": "2026-04-26T11:49:56.976815"
}