{
  "method": "dml_gradnorm",
  "func_type": "step",
  "dim": 5,
  "n_samples": 4096,
  "noise_level": 0.2,
  "seed": 42,
  "lambda": 1.0,
  "test_value_mse": 0.3016101975115077,
  "test_grad_mse": 0.24782967113079177,
  "best_epoch": 165,
  "time_s": 20.865224838256836,
  "n_epochs_actual": 216,
  "key": "step_d5_n4096_noise0.2_s42_dml_gradnorm",
  "timestamp": "2026-04-12T01:37:23.772611"
}