{
  "method": "vanilla",
  "func_type": "step",
  "dim": 10,
  "n_samples": 8192,
  "noise_level": 0.0,
  "seed": 42,
  "lambda": 1.0,
  "test_value_mse": 0.3187754903296254,
  "test_grad_mse": 2.198460095355395,
  "best_epoch": 58,
  "time_s": 7.9307777881622314,
  "n_epochs_actual": 109,
  "key": "step_d10_n8192_noise0.0_s42_vanilla",
  "timestamp": "2026-04-12T11:37:45.495378"
}