{
  "method": "dml_gradnorm",
  "func_type": "step",
  "dim": 100,
  "n_samples": 1024,
  "noise_level": 0.2,
  "seed": 456,
  "lambda": 1.0,
  "test_value_mse": 7.822469771452193,
  "test_grad_mse": 0.14399871909691578,
  "best_epoch": 655,
  "time_s": 28.921423196792603,
  "n_epochs_actual": 706,
  "key": "step_d100_n1024_noise0.2_s456_dml_gradnorm",
  "timestamp": "2026-04-13T02:40:53.715475"
}