{
  "method": "dml_relobralo",
  "func_type": "step",
  "dim": 50,
  "n_samples": 1024,
  "noise_level": 0.2,
  "seed": 789,
  "lambda": 1.0,
  "test_value_mse": 3.5211628057639897,
  "test_grad_mse": 0.3375334448428383,
  "best_epoch": 22,
  "time_s": 2.652024030685425,
  "n_epochs_actual": 73,
  "key": "step_d50_n1024_noise0.2_s789_dml_relobralo",
  "timestamp": "2026-04-26T11:43:39.414592"
}