{
  "method": "dml_fixed",
  "func_type": "step",
  "dim": 2,
  "n_samples": 1024,
  "noise_level": 0.5,
  "seed": 456,
  "lambda": 1.0,
  "test_value_mse": 0.05138144380478157,
  "test_grad_mse": 0.11080551247722073,
  "best_epoch": 88,
  "time_s": 5.362327814102173,
  "n_epochs_actual": 139,
  "key": "step_d2_n1024_noise0.5_s456_dml_fixed",
  "timestamp": "2026-04-11T10:32:50.298863"
}