{
  "method": "dml_gradnorm",
  "func_type": "step",
  "dim": 1,
  "n_samples": 512,
  "noise_level": 0.0,
  "seed": 456,
  "lambda": 1.0,
  "test_value_mse": 0.1093999815659258,
  "test_grad_mse": 0.16146643852967085,
  "best_epoch": 32,
  "time_s": 4.683843374252319,
  "n_epochs_actual": 83,
  "key": "step_d1_n512_noise0.0_s456_dml_gradnorm",
  "timestamp": "2026-04-10T21:43:07.288944"
}