{
  "method": "dml_gradnorm",
  "func_type": "step",
  "dim": 2,
  "n_samples": 4096,
  "noise_level": 0.2,
  "seed": 123,
  "lambda": 1.0,
  "test_value_mse": 0.08997899830096363,
  "test_grad_mse": 0.027134025352647355,
  "best_epoch": 244,
  "time_s": 25.928415775299072,
  "n_epochs_actual": 295,
  "key": "step_d2_n4096_noise0.2_s123_dml_gradnorm",
  "timestamp": "2026-04-11T12:09:03.688870"
}