{
  "method": "dml_gradnorm",
  "func_type": "step",
  "dim": 1,
  "n_samples": 4096,
  "noise_level": 0.2,
  "seed": 42,
  "lambda": 1.0,
  "test_value_mse": 0.049661012305394936,
  "test_grad_mse": 0.17030514671336675,
  "best_epoch": 92,
  "time_s": 14.220162391662598,
  "n_epochs_actual": 143,
  "key": "step_d1_n4096_noise0.2_s42_dml_gradnorm",
  "timestamp": "2026-04-11T00:32:01.966382"
}