{
  "method": "baseline_rf",
  "func_type": "step",
  "dim": 2,
  "n_samples": 1024,
  "noise_level": 0.5,
  "seed": 789,
  "lambda": 1.0,
  "test_value_mse": 0.0018090394775276248,
  "test_grad_mse": 8.633803018984728e-24,
  "time_s": 1.0041851997375488,
  "key": "step_d2_n1024_noise0.5_s789_baseline_rf",
  "timestamp": "2026-04-11T10:34:08.943406"
}