{
  "method": "dml_gradnorm",
  "func_type": "step",
  "dim": 1,
  "n_samples": 1024,
  "noise_level": 0.1,
  "seed": 789,
  "lambda": 1.0,
  "test_value_mse": 0.06488805935375595,
  "test_grad_mse": 0.01927252282952513,
  "best_epoch": 56,
  "time_s": 5.507445812225342,
  "n_epochs_actual": 107,
  "key": "step_d1_n1024_noise0.1_s789_dml_gradnorm",
  "timestamp": "2026-04-10T22:06:39.936380"
}