{
  "method": "baseline_gp",
  "func_type": "step",
  "dim": 20,
  "n_samples": 1024,
  "noise_level": 0.2,
  "seed": 789,
  "lambda": 1.0,
  "test_value_mse": 1.0456910609713892,
  "test_grad_mse": 0.6140956022717455,
  "time_s": 8.040817022323608,
  "key": "step_d20_n1024_noise0.2_s789_baseline_gp",
  "timestamp": "2026-04-12T18:00:41.861628"
}