{
  "method": "baseline_krr",
  "func_type": "step",
  "dim": 1,
  "n_samples": 256,
  "noise_level": 0.2,
  "seed": 789,
  "lambda": 1.0,
  "test_value_mse": 0.013616653298582507,
  "test_grad_mse": 0.027892062345949924,
  "time_s": 0.002585887908935547,
  "key": "step_d1_n256_noise0.2_s789_baseline_krr",
  "timestamp": "2026-04-10T21:39:55.645115"
}