{
  "method": "dml_fixed",
  "func_type": "step",
  "dim": 50,
  "n_samples": 8192,
  "noise_level": 0.2,
  "seed": 1000,
  "lambda": 1.0,
  "test_value_mse": 2.856149618004432,
  "test_grad_mse": 0.10110192963139043,
  "best_epoch": 23,
  "time_s": 5.018514394760132,
  "n_epochs_actual": 74,
  "key": "step_d50_n8192_noise0.2_s1000_dml_fixed",
  "timestamp": "2026-04-13T02:14:32.361352"
}