{
  "method": "dml_relobralo",
  "func_type": "step",
  "dim": 50,
  "n_samples": 4096,
  "noise_level": 0.05,
  "seed": 1000,
  "lambda": 1.0,
  "test_value_mse": 2.5700738187282357,
  "test_grad_mse": 0.47638895534263853,
  "best_epoch": 16,
  "time_s": 4.265963554382324,
  "n_epochs_actual": 67,
  "key": "step_d50_n4096_noise0.05_s1000_dml_relobralo",
  "timestamp": "2026-04-26T11:44:42.317954"
}