{
  "method": "dml_gradnorm",
  "func_type": "step",
  "dim": 50,
  "n_samples": 256,
  "noise_level": 0.05,
  "seed": 456,
  "lambda": 1.0,
  "test_value_mse": 6.072579065243345,
  "test_grad_mse": 0.23802009520464476,
  "best_epoch": 999,
  "time_s": 24.822199821472168,
  "n_epochs_actual": 1000,
  "key": "step_d50_n256_noise0.05_s456_dml_gradnorm",
  "timestamp": "2026-04-13T01:10:27.170541"
}