{
  "method": "baseline_krr",
  "func_type": "step",
  "dim": 5,
  "n_samples": 256,
  "noise_level": 0.05,
  "seed": 789,
  "lambda": 1.0,
  "test_value_mse": 0.2548857252701737,
  "test_grad_mse": 0.2515200959101397,
  "time_s": 0.025546789169311523,
  "key": "step_d5_n256_noise0.05_s789_baseline_krr",
  "timestamp": "2026-04-12T00:30:17.599426"
}