{
  "method": "baseline_gp",
  "func_type": "step",
  "dim": 1,
  "n_samples": 256,
  "noise_level": 0.1,
  "seed": 42,
  "lambda": 1.0,
  "test_value_mse": 0.0050331993703675035,
  "test_grad_mse": 125.15871740462238,
  "time_s": 0.21914243698120117,
  "key": "step_d1_n256_noise0.1_s42_baseline_gp",
  "timestamp": "2026-04-10T21:36:39.268538"
}