{
  "method": "baseline_rf",
  "func_type": "step",
  "dim": 1,
  "n_samples": 512,
  "noise_level": 0.05,
  "seed": 42,
  "lambda": 1.0,
  "test_value_mse": 8.886028978246773e-05,
  "test_grad_mse": 6.170455161629006e-25,
  "time_s": 0.717442512512207,
  "key": "step_d1_n512_noise0.05_s42_baseline_rf",
  "timestamp": "2026-04-10T21:44:19.827831"
}