{
  "method": "dml_relobralo",
  "func_type": "step",
  "dim": 2,
  "n_samples": 256,
  "noise_level": 0.2,
  "seed": 42,
  "lambda": 1.0,
  "test_value_mse": 0.10113264055333117,
  "test_grad_mse": 0.22987463851434284,
  "best_epoch": 36,
  "time_s": 2.570120334625244,
  "n_epochs_actual": 87,
  "key": "step_d2_n256_noise0.2_s42_dml_relobralo",
  "timestamp": "2026-04-26T11:02:12.015053"
}