{
  "method": "baseline_krr",
  "func_type": "step",
  "dim": 5,
  "n_samples": 256,
  "noise_level": 0.1,
  "seed": 1000,
  "lambda": 1.0,
  "test_value_mse": 0.3371456336147026,
  "test_grad_mse": 0.2877719407002399,
  "time_s": 0.006816387176513672,
  "key": "step_d5_n256_noise0.1_s1000_baseline_krr",
  "timestamp": "2026-04-12T00:32:25.927340"
}