{
  "method": "baseline_gp",
  "func_type": "step",
  "dim": 10,
  "n_samples": 8192,
  "noise_level": 0.2,
  "seed": 123,
  "lambda": 1.0,
  "test_value_mse": 0.3464228783304653,
  "test_grad_mse": 2.4293115837651453,
  "time_s": 1081.31569314003,
  "key": "step_d10_n8192_noise0.2_s123_baseline_gp",
  "timestamp": "2026-04-12T15:24:02.220753"
}