{
  "method": "baseline_gp",
  "func_type": "step",
  "dim": 2,
  "n_samples": 512,
  "noise_level": 0.0,
  "seed": 789,
  "lambda": 1.0,
  "test_value_mse": 0.013789213294288304,
  "test_grad_mse": 3.658818959523109,
  "time_s": 2.7673494815826416,
  "key": "step_d2_n512_noise0.0_s789_baseline_gp",
  "timestamp": "2026-04-11T10:14:21.286756"
}