{
  "method": "dml_relobralo",
  "func_type": "step",
  "dim": 20,
  "n_samples": 8192,
  "noise_level": 0.0,
  "seed": 789,
  "lambda": 1.0,
  "test_value_mse": 0.9609774464369256,
  "test_grad_mse": 0.7196662334607775,
  "best_epoch": 30,
  "time_s": 7.729860782623291,
  "n_epochs_actual": 81,
  "key": "step_d20_n8192_noise0.0_s789_dml_relobralo",
  "timestamp": "2026-04-26T11:38:48.662967"
}