{
  "method": "dml_relobralo",
  "func_type": "step",
  "dim": 50,
  "n_samples": 8192,
  "noise_level": 0.2,
  "seed": 789,
  "lambda": 1.0,
  "test_value_mse": 2.993674398112971,
  "test_grad_mse": 0.3581001916681358,
  "best_epoch": 15,
  "time_s": 7.062776565551758,
  "n_epochs_actual": 66,
  "key": "step_d50_n8192_noise0.2_s789_dml_relobralo",
  "timestamp": "2026-04-26T11:48:41.735321"
}