{
  "method": "dml_gradnorm",
  "func_type": "step",
  "dim": 10,
  "n_samples": 1024,
  "noise_level": 0.05,
  "seed": 42,
  "lambda": 1.0,
  "test_value_mse": 0.5809784680096918,
  "test_grad_mse": 0.8207434578931317,
  "best_epoch": 918,
  "time_s": 34.392362117767334,
  "n_epochs_actual": 969,
  "key": "step_d10_n1024_noise0.05_s42_dml_gradnorm",
  "timestamp": "2026-04-12T09:55:35.124873"
}