{
  "method": "dml_gradnorm",
  "func_type": "step",
  "dim": 1,
  "n_samples": 2048,
  "noise_level": 0.2,
  "seed": 456,
  "lambda": 1.0,
  "test_value_mse": 0.1230844217019737,
  "test_grad_mse": 0.028808254774718326,
  "best_epoch": 524,
  "time_s": 33.86950874328613,
  "n_epochs_actual": 575,
  "key": "step_d1_n2048_noise0.2_s456_dml_gradnorm",
  "timestamp": "2026-04-10T22:55:09.462896"
}