{
  "method": "dml_gradnorm",
  "func_type": "step",
  "dim": 5,
  "n_samples": 8192,
  "noise_level": 0.5,
  "seed": 789,
  "lambda": 1.0,
  "test_value_mse": 0.28805473095344475,
  "test_grad_mse": 0.03028638680151853,
  "best_epoch": 162,
  "time_s": 37.31063795089722,
  "n_epochs_actual": 213,
  "key": "step_d5_n8192_noise0.5_s789_dml_gradnorm",
  "timestamp": "2026-04-12T09:10:32.921120"
}