{
  "method": "baseline_krr",
  "func_type": "step",
  "dim": 2,
  "n_samples": 4096,
  "noise_level": 0.1,
  "seed": 42,
  "lambda": 1.0,
  "test_value_mse": 0.08050136779447248,
  "test_grad_mse": 1.884947980639468,
  "time_s": 4.012035131454468,
  "key": "step_d2_n4096_noise0.1_s42_baseline_krr",
  "timestamp": "2026-04-11T11:32:33.948151"
}