{
  "method": "dml_gradnorm",
  "func_type": "step",
  "dim": 100,
  "n_samples": 8192,
  "noise_level": 0.0,
  "seed": 123,
  "lambda": 1.0,
  "test_value_mse": 6.521575461377015,
  "test_grad_mse": 0.10838899845930836,
  "best_epoch": 81,
  "time_s": 25.148322343826294,
  "n_epochs_actual": 132,
  "key": "step_d100_n8192_noise0.0_s123_dml_gradnorm",
  "timestamp": "2026-04-13T03:02:32.458454"
}