{
  "method": "dml_relobralo",
  "func_type": "step",
  "dim": 1,
  "n_samples": 512,
  "noise_level": 0.1,
  "seed": 123,
  "lambda": 1.0,
  "test_value_mse": 0.10149613186388534,
  "test_grad_mse": 0.22968356444598642,
  "best_epoch": 45,
  "time_s": 2.7213504314422607,
  "n_epochs_actual": 96,
  "key": "step_d1_n512_noise0.1_s123_dml_relobralo",
  "timestamp": "2026-04-26T10:51:01.024177"
}