{
  "method": "dml_gradnorm",
  "func_type": "step",
  "dim": 5,
  "n_samples": 2048,
  "noise_level": 0.0,
  "seed": 123,
  "lambda": 1.0,
  "test_value_mse": 0.1782026374682372,
  "test_grad_mse": 0.16914514732371103,
  "best_epoch": 230,
  "time_s": 14.96426272392273,
  "n_epochs_actual": 281,
  "key": "step_d5_n2048_noise0.0_s123_dml_gradnorm",
  "timestamp": "2026-04-12T00:51:29.591915"
}