{
  "method": "baseline_gp",
  "func_type": "step",
  "dim": 5,
  "n_samples": 8192,
  "noise_level": 0.5,
  "seed": 456,
  "lambda": 1.0,
  "test_value_mse": 0.10265928519452744,
  "test_grad_mse": 3.498592368040913,
  "time_s": 1098.432494878769,
  "key": "step_d5_n8192_noise0.5_s456_baseline_gp",
  "timestamp": "2026-04-12T09:09:08.747545"
}