{
  "method": "dml_fixed",
  "func_type": "step",
  "dim": 50,
  "n_samples": 2048,
  "noise_level": 0.0,
  "seed": 42,
  "lambda": 1.0,
  "test_value_mse": 3.6961625172649475,
  "test_grad_mse": 0.03020451681809821,
  "best_epoch": 21,
  "time_s": 4.905474901199341,
  "n_epochs_actual": 72,
  "key": "step_d50_n2048_noise0.0_s42_dml_fixed",
  "timestamp": "2026-04-13T01:38:31.535095"
}