{
  "method": "vanilla",
  "func_type": "step",
  "dim": 2,
  "n_samples": 2048,
  "noise_level": 0.0,
  "seed": 42,
  "lambda": 1.0,
  "test_value_mse": 0.003256229926605024,
  "test_grad_mse": 24.260720968884108,
  "best_epoch": 267,
  "time_s": 9.245097637176514,
  "n_epochs_actual": 318,
  "key": "step_d2_n2048_noise0.0_s42_vanilla",
  "timestamp": "2026-04-11T10:34:55.475509"
}