{
  "method": "dml_fixed",
  "func_type": "step",
  "dim": 100,
  "n_samples": 1024,
  "noise_level": 0.5,
  "seed": 456,
  "lambda": 1.0,
  "test_value_mse": 6.753287234863328,
  "test_grad_mse": 0.09445367702055155,
  "best_epoch": 64,
  "time_s": 5.4926347732543945,
  "n_epochs_actual": 115,
  "key": "step_d100_n1024_noise0.5_s456_dml_fixed",
  "timestamp": "2026-04-13T02:44:15.858200"
}