{
  "method": "baseline_rf",
  "func_type": "step",
  "dim": 1,
  "n_samples": 2048,
  "noise_level": 0.5,
  "seed": 123,
  "lambda": 1.0,
  "test_value_mse": 2.0820098981077607e-05,
  "test_grad_mse": 235.67788980597987,
  "time_s": 0.7060995101928711,
  "key": "step_d1_n2048_noise0.5_s123_baseline_rf",
  "timestamp": "2026-04-10T23:05:47.926208"
}