{
  "method": "dml_fixed",
  "func_type": "step",
  "dim": 50,
  "n_samples": 8192,
  "noise_level": 0.1,
  "seed": 1000,
  "lambda": 1.0,
  "test_value_mse": 2.855944434932525,
  "test_grad_mse": 0.10110330624262548,
  "best_epoch": 23,
  "time_s": 5.005328416824341,
  "n_epochs_actual": 74,
  "key": "step_d50_n8192_noise0.1_s1000_dml_fixed",
  "timestamp": "2026-04-13T02:09:33.163715"
}