{
  "method": "dml_gradnorm",
  "func_type": "step",
  "dim": 100,
  "n_samples": 8192,
  "noise_level": 0.2,
  "seed": 42,
  "lambda": 1.0,
  "test_value_mse": 6.347871916873748,
  "test_grad_mse": 0.08365652328464222,
  "best_epoch": 85,
  "time_s": 19.536994695663452,
  "n_epochs_actual": 136,
  "key": "step_d100_n8192_noise0.2_s42_dml_gradnorm",
  "timestamp": "2026-04-13T03:12:57.041286"
}