{
  "method": "dml_fixed",
  "func_type": "step",
  "dim": 1,
  "n_samples": 8192,
  "noise_level": 0.0,
  "seed": 42,
  "lambda": 1.0,
  "test_value_mse": 0.04649813555244867,
  "test_grad_mse": 0.22978111009413407,
  "best_epoch": 69,
  "time_s": 10.403043031692505,
  "n_epochs_actual": 120,
  "key": "step_d1_n8192_noise0.0_s42_dml_fixed",
  "timestamp": "2026-04-11T01:26:58.280278"
}