{
  "method": "baseline_krr",
  "func_type": "step",
  "dim": 5,
  "n_samples": 512,
  "noise_level": 0.0,
  "seed": 456,
  "lambda": 1.0,
  "test_value_mse": 0.26544175783000523,
  "test_grad_mse": 0.40006625921728434,
  "time_s": 0.1437065601348877,
  "key": "step_d5_n512_noise0.0_s456_baseline_krr",
  "timestamp": "2026-04-12T00:36:07.710756"
}