{
  "method": "vanilla",
  "func_type": "step",
  "dim": 100,
  "n_samples": 8192,
  "noise_level": 0.0,
  "seed": 123,
  "lambda": 1.0,
  "test_value_mse": 5.32553376360346,
  "test_grad_mse": 0.28509869750982264,
  "best_epoch": 9,
  "time_s": 6.889639854431152,
  "n_epochs_actual": 60,
  "key": "step_d100_n8192_noise0.0_s123_vanilla",
  "timestamp": "2026-04-13T03:01:58.783132"
}