{
  "method": "dml_gradnorm",
  "func_type": "step",
  "dim": 1,
  "n_samples": 4096,
  "noise_level": 0.5,
  "seed": 42,
  "lambda": 1.0,
  "test_value_mse": 0.06639371761995683,
  "test_grad_mse": 0.06174574332949437,
  "best_epoch": 292,
  "time_s": 26.81266760826111,
  "n_epochs_actual": 343,
  "key": "step_d1_n4096_noise0.5_s42_dml_gradnorm",
  "timestamp": "2026-04-11T00:59:01.705535"
}