{
  "method": "dml_gradnorm",
  "func_type": "step",
  "dim": 2,
  "n_samples": 1024,
  "noise_level": 0.05,
  "seed": 789,
  "lambda": 1.0,
  "test_value_mse": 0.055045197618305626,
  "test_grad_mse": 0.0673597594101369,
  "best_epoch": 351,
  "time_s": 15.51597809791565,
  "n_epochs_actual": 402,
  "key": "step_d2_n1024_noise0.05_s789_dml_gradnorm",
  "timestamp": "2026-04-11T10:19:04.529370"
}