{
  "method": "dml_gradnorm",
  "func_type": "step",
  "dim": 5,
  "n_samples": 256,
  "noise_level": 0.05,
  "seed": 42,
  "lambda": 1.0,
  "test_value_mse": 0.3387480350327332,
  "test_grad_mse": 0.3107312902343115,
  "best_epoch": 41,
  "time_s": 4.884359121322632,
  "n_epochs_actual": 92,
  "key": "step_d5_n256_noise0.05_s42_dml_gradnorm",
  "timestamp": "2026-04-12T00:29:35.788002"
}