{
  "method": "dml_fixed",
  "func_type": "step",
  "dim": 1,
  "n_samples": 256,
  "noise_level": 0.1,
  "seed": 1000,
  "lambda": 1.0,
  "test_value_mse": 0.024502752106627276,
  "test_grad_mse": 0.029798131608232102,
  "best_epoch": 13,
  "time_s": 3.4349112510681152,
  "n_epochs_actual": 64,
  "key": "step_d1_n256_noise0.1_s1000_dml_fixed",
  "timestamp": "2026-04-10T21:37:48.766508"
}