{
  "method": "baseline_krr",
  "func_type": "step",
  "dim": 5,
  "n_samples": 512,
  "noise_level": 0.0,
  "seed": 1000,
  "lambda": 1.0,
  "test_value_mse": 0.33249509431626784,
  "test_grad_mse": 0.35226077646377624,
  "time_s": 0.09956669807434082,
  "key": "step_d5_n512_noise0.0_s1000_baseline_krr",
  "timestamp": "2026-04-12T00:36:43.268670"
}