{
  "method": "dml_relobralo",
  "func_type": "step",
  "dim": 50,
  "n_samples": 256,
  "noise_level": 0.1,
  "seed": 456,
  "lambda": 1.0,
  "test_value_mse": 5.786184983142613,
  "test_grad_mse": 0.008187358537202313,
  "best_epoch": 12,
  "time_s": 2.0163779258728027,
  "n_epochs_actual": 63,
  "key": "step_d50_n256_noise0.1_s456_dml_relobralo",
  "timestamp": "2026-04-26T11:42:18.014389"
}