{
  "method": "dml_gradnorm",
  "func_type": "step",
  "dim": 2,
  "n_samples": 256,
  "noise_level": 0.1,
  "seed": 1000,
  "lambda": 1.0,
  "test_value_mse": 0.13584771781777422,
  "test_grad_mse": 0.1397721224065546,
  "best_epoch": 213,
  "time_s": 7.995728969573975,
  "n_epochs_actual": 264,
  "key": "step_d2_n256_noise0.1_s1000_dml_gradnorm",
  "timestamp": "2026-04-11T10:09:01.339507"
}