{
  "method": "baseline_gp",
  "func_type": "step",
  "dim": 10,
  "n_samples": 256,
  "noise_level": 0.1,
  "seed": 123,
  "lambda": 1.0,
  "test_value_mse": 0.6673209818951679,
  "test_grad_mse": 0.5232371955417728,
  "time_s": 0.4897165298461914,
  "key": "step_d10_n256_noise0.1_s123_baseline_gp",
  "timestamp": "2026-04-12T09:46:55.239630"
}