{
  "method": "vanilla",
  "func_type": "step",
  "dim": 50,
  "n_samples": 512,
  "noise_level": 0.0,
  "seed": 1000,
  "lambda": 1.0,
  "test_value_mse": 3.6137210396446924,
  "test_grad_mse": 0.3506492072144215,
  "best_epoch": 37,
  "time_s": 2.2921693325042725,
  "n_epochs_actual": 88,
  "key": "step_d50_n512_noise0.0_s1000_vanilla",
  "timestamp": "2026-04-13T01:24:42.205476"
}