{
  "method": "dml_fixed",
  "func_type": "step",
  "dim": 10,
  "n_samples": 8192,
  "noise_level": 0.5,
  "seed": 789,
  "lambda": 1.0,
  "test_value_mse": 0.4773153761404602,
  "test_grad_mse": 0.10326897149549828,
  "best_epoch": 59,
  "time_s": 7.952346324920654,
  "n_epochs_actual": 110,
  "key": "step_d10_n8192_noise0.5_s789_dml_fixed",
  "timestamp": "2026-04-12T16:58:28.617356"
}