{
  "method": "baseline_rf",
  "func_type": "step",
  "dim": 10,
  "n_samples": 8192,
  "noise_level": 0.2,
  "seed": 456,
  "lambda": 1.0,
  "test_value_mse": 0.20764777356705777,
  "test_grad_mse": 173.69474111055783,
  "time_s": 6.318666458129883,
  "key": "step_d10_n8192_noise0.2_s456_baseline_rf",
  "timestamp": "2026-04-12T15:41:27.333843"
}