{
  "method": "baseline_rf",
  "func_type": "step",
  "dim": 10,
  "n_samples": 4096,
  "noise_level": 0.05,
  "seed": 456,
  "lambda": 1.0,
  "test_value_mse": 0.25300539116725584,
  "test_grad_mse": 420.74921247307884,
  "time_s": 4.69532585144043,
  "key": "step_d10_n4096_noise0.05_s456_baseline_rf",
  "timestamp": "2026-04-12T10:34:55.149748"
}