{
  "method": "baseline_gp",
  "func_type": "step",
  "dim": 2,
  "n_samples": 256,
  "noise_level": 0.1,
  "seed": 789,
  "lambda": 1.0,
  "test_value_mse": 0.03683951448910434,
  "test_grad_mse": 1.0584228932510815,
  "time_s": 0.8971717357635498,
  "key": "step_d2_n256_noise0.1_s789_baseline_gp",
  "timestamp": "2026-04-11T10:08:42.063171"
}