{
  "method": "baseline_krr",
  "func_type": "step",
  "dim": 20,
  "n_samples": 256,
  "noise_level": 0.05,
  "seed": 123,
  "lambda": 1.0,
  "test_value_mse": 1.0786442821381803,
  "test_grad_mse": 0.2781482733741155,
  "time_s": 0.0943155288696289,
  "key": "step_d20_n256_noise0.05_s123_baseline_krr",
  "timestamp": "2026-04-12T17:29:52.421624"
}