{
  "method": "baseline_rf",
  "func_type": "step",
  "dim": 20,
  "n_samples": 1024,
  "noise_level": 0.5,
  "seed": 42,
  "lambda": 1.0,
  "test_value_mse": 0.897355627750598,
  "test_grad_mse": 117.59989638516616,
  "time_s": 1.209839105606079,
  "key": "step_d20_n1024_noise0.5_s42_baseline_rf",
  "timestamp": "2026-04-12T18:03:25.999679"
}