{
  "method": "dml_fixed",
  "func_type": "step",
  "dim": 50,
  "n_samples": 4096,
  "noise_level": 0.2,
  "seed": 1000,
  "lambda": 1.0,
  "test_value_mse": 2.7885785112422483,
  "test_grad_mse": 0.10460479822347442,
  "best_epoch": 19,
  "time_s": 5.548088788986206,
  "n_epochs_actual": 70,
  "key": "step_d50_n4096_noise0.2_s1000_dml_fixed",
  "timestamp": "2026-04-13T01:49:18.213599"
}