{
  "method": "dml_fixed",
  "func_type": "step",
  "dim": 1,
  "n_samples": 512,
  "noise_level": 0.5,
  "seed": 789,
  "lambda": 1.0,
  "test_value_mse": 0.06052693346359457,
  "test_grad_mse": 0.03099595368332174,
  "best_epoch": 57,
  "time_s": 4.520066976547241,
  "n_epochs_actual": 108,
  "key": "step_d1_n512_noise0.5_s789_dml_fixed",
  "timestamp": "2026-04-10T21:52:56.565611"
}