{
  "method": "dml_fixed",
  "func_type": "step",
  "dim": 10,
  "n_samples": 8192,
  "noise_level": 0.0,
  "seed": 1000,
  "lambda": 1.0,
  "test_value_mse": 0.3283916532659575,
  "test_grad_mse": 0.05087460605871018,
  "best_epoch": 36,
  "time_s": 6.621652126312256,
  "n_epochs_actual": 87,
  "key": "step_d10_n8192_noise0.0_s1000_dml_fixed",
  "timestamp": "2026-04-12T12:31:11.457962"
}