{
  "method": "dml_relobralo",
  "func_type": "step",
  "dim": 100,
  "n_samples": 8192,
  "noise_level": 0.2,
  "seed": 42,
  "lambda": 1.0,
  "test_value_mse": 5.305611112487903,
  "test_grad_mse": 0.26863665871759496,
  "best_epoch": 7,
  "time_s": 7.13351583480835,
  "n_epochs_actual": 58,
  "key": "step_d100_n8192_noise0.2_s42_dml_relobralo",
  "timestamp": "2026-04-26T11:55:56.292940"
}