{
  "method": "vanilla",
  "func_type": "step",
  "dim": 20,
  "n_samples": 256,
  "noise_level": 0.05,
  "seed": 123,
  "lambda": 1.0,
  "test_value_mse": 1.1987716931572818,
  "test_grad_mse": 1.1705102613495106,
  "best_epoch": 73,
  "time_s": 2.3577024936676025,
  "n_epochs_actual": 124,
  "key": "step_d20_n256_noise0.05_s123_vanilla",
  "timestamp": "2026-04-12T17:29:20.057637"
}