{
  "method": "dml_relobralo",
  "func_type": "step",
  "dim": 10,
  "n_samples": 256,
  "noise_level": 0.05,
  "seed": 456,
  "lambda": 1.0,
  "test_value_mse": 0.4970835911203083,
  "test_grad_mse": 0.20773194055996014,
  "best_epoch": 18,
  "time_s": 2.321655750274658,
  "n_epochs_actual": 69,
  "key": "step_d10_n256_noise0.05_s456_dml_relobralo",
  "timestamp": "2026-04-26T11:22:47.128111"
}