{
  "method": "dml_fixed",
  "func_type": "step",
  "dim": 20,
  "n_samples": 1024,
  "noise_level": 0.05,
  "seed": 42,
  "lambda": 1.0,
  "test_value_mse": 1.1598527163429038,
  "test_grad_mse": 0.05671548141456964,
  "best_epoch": 24,
  "time_s": 2.245351552963257,
  "n_epochs_actual": 75,
  "key": "step_d20_n1024_noise0.05_s42_dml_fixed",
  "timestamp": "2026-04-12T17:45:27.581933"
}