{
  "method": "vanilla",
  "func_type": "step",
  "dim": 20,
  "n_samples": 4096,
  "noise_level": 0.2,
  "seed": 1000,
  "lambda": 1.0,
  "test_value_mse": 1.2772000764020903,
  "test_grad_mse": 0.75570729508419,
  "best_epoch": 27,
  "time_s": 3.0121877193450928,
  "n_epochs_actual": 78,
  "key": "step_d20_n4096_noise0.2_s1000_vanilla",
  "timestamp": "2026-04-12T19:07:59.337393"
}