{
  "method": "dml_gradnorm",
  "func_type": "step",
  "dim": 20,
  "n_samples": 1024,
  "noise_level": 0.5,
  "seed": 789,
  "lambda": 1.0,
  "test_value_mse": 1.409746022658529,
  "test_grad_mse": 0.6647594068348878,
  "best_epoch": 355,
  "time_s": 9.234789609909058,
  "n_epochs_actual": 406,
  "key": "step_d20_n1024_noise0.5_s789_dml_gradnorm",
  "timestamp": "2026-04-12T18:05:30.814933"
}