{
  "method": "dml_fixed",
  "func_type": "step",
  "dim": 100,
  "n_samples": 8192,
  "noise_level": 0.5,
  "seed": 1000,
  "lambda": 1.0,
  "test_value_mse": 6.195908779009954,
  "test_grad_mse": 0.07401989807314605,
  "best_epoch": 13,
  "time_s": 8.891655683517456,
  "n_epochs_actual": 64,
  "key": "step_d100_n8192_noise0.5_s1000_dml_fixed",
  "timestamp": "2026-04-13T03:19:37.695298"
}