{
  "method": "dml_gradnorm",
  "func_type": "step",
  "dim": 2,
  "n_samples": 4096,
  "noise_level": 0.1,
  "seed": 123,
  "lambda": 1.0,
  "test_value_mse": 0.08185023565468448,
  "test_grad_mse": 0.04726318544697374,
  "best_epoch": 170,
  "time_s": 20.242316484451294,
  "n_epochs_actual": 221,
  "key": "step_d2_n4096_noise0.1_s123_dml_gradnorm",
  "timestamp": "2026-04-11T11:33:18.628688"
}