{
  "method": "dml_fixed",
  "func_type": "step",
  "dim": 1,
  "n_samples": 8192,
  "noise_level": 0.1,
  "seed": 1000,
  "lambda": 1.0,
  "test_value_mse": 0.02308079127593586,
  "test_grad_mse": 0.04713159059604595,
  "best_epoch": 54,
  "time_s": 8.787685632705688,
  "n_epochs_actual": 105,
  "key": "step_d1_n8192_noise0.1_s1000_dml_fixed",
  "timestamp": "2026-04-11T06:29:05.012232"
}