{
  "method": "dml_fixed",
  "func_type": "step",
  "dim": 5,
  "n_samples": 2048,
  "noise_level": 0.0,
  "seed": 1000,
  "lambda": 1.0,
  "test_value_mse": 0.314548638223887,
  "test_grad_mse": 0.17670493633206955,
  "best_epoch": 81,
  "time_s": 6.937876462936401,
  "n_epochs_actual": 132,
  "key": "step_d5_n2048_noise0.0_s1000_dml_fixed",
  "timestamp": "2026-04-12T00:55:36.532846"
}