{
  "method": "dml_fixed",
  "func_type": "step",
  "dim": 50,
  "n_samples": 8192,
  "noise_level": 0.2,
  "seed": 789,
  "lambda": 1.0,
  "test_value_mse": 3.1749723102372176,
  "test_grad_mse": 0.09452416113200254,
  "best_epoch": 25,
  "time_s": 9.22586464881897,
  "n_epochs_actual": 76,
  "key": "step_d50_n8192_noise0.2_s789_dml_fixed",
  "timestamp": "2026-04-13T02:13:36.833327"
}