{
  "method": "dml_gradnorm",
  "func_type": "step",
  "dim": 20,
  "n_samples": 8192,
  "noise_level": 0.1,
  "seed": 789,
  "lambda": 1.0,
  "test_value_mse": 1.5044460460477278,
  "test_grad_mse": 0.011942052932321952,
  "best_epoch": 89,
  "time_s": 17.57590675354004,
  "n_epochs_actual": 140,
  "key": "step_d20_n8192_noise0.1_s789_dml_gradnorm",
  "timestamp": "2026-04-12T22:19:34.698966"
}