{
  "method": "dml_fixed",
  "func_type": "step",
  "dim": 10,
  "n_samples": 256,
  "noise_level": 0.1,
  "seed": 789,
  "lambda": 1.0,
  "test_value_mse": 0.549469325033371,
  "test_grad_mse": 0.09075090230688357,
  "best_epoch": 14,
  "time_s": 3.341836929321289,
  "n_epochs_actual": 65,
  "key": "step_d10_n256_noise0.1_s789_dml_fixed",
  "timestamp": "2026-04-12T09:47:25.543887"
}