{
  "method": "baseline_rf",
  "func_type": "step",
  "dim": 1,
  "n_samples": 2048,
  "noise_level": 0.05,
  "seed": 42,
  "lambda": 1.0,
  "test_value_mse": 0.00020076602358913635,
  "test_grad_mse": 3121.147065739031,
  "time_s": 0.20888972282409668,
  "key": "step_d1_n2048_noise0.05_s42_baseline_rf",
  "timestamp": "2026-04-10T22:30:13.530994"
}