{
  "method": "baseline_rf",
  "func_type": "step",
  "dim": 2,
  "n_samples": 512,
  "noise_level": 0.0,
  "seed": 123,
  "lambda": 1.0,
  "test_value_mse": 0.014208118712396038,
  "test_grad_mse": 1.0555802319585984e-23,
  "time_s": 0.9332966804504395,
  "key": "step_d2_n512_noise0.0_s123_baseline_rf",
  "timestamp": "2026-04-11T10:13:24.576004"
}