{
  "method": "baseline_krr",
  "func_type": "step",
  "dim": 20,
  "n_samples": 1024,
  "noise_level": 0.2,
  "seed": 456,
  "lambda": 1.0,
  "test_value_mse": 0.8721746408360223,
  "test_grad_mse": 0.2542658476860161,
  "time_s": 2.679359197616577,
  "key": "step_d20_n1024_noise0.2_s456_baseline_krr",
  "timestamp": "2026-04-12T17:59:46.971102"
}