{
  "method": "baseline_gp",
  "func_type": "step",
  "dim": 1,
  "n_samples": 4096,
  "noise_level": 0.1,
  "seed": 1000,
  "lambda": 1.0,
  "test_value_mse": 5.6732254895733154e-05,
  "test_grad_mse": 232.564101336201,
  "time_s": 336.6563951969147,
  "key": "step_d1_n4096_noise0.1_s1000_baseline_gp",
  "timestamp": "2026-04-11T00:31:18.867734"
}