{
  "method": "vanilla",
  "func_type": "step",
  "dim": 5,
  "n_samples": 4096,
  "noise_level": 0.2,
  "seed": 789,
  "lambda": 1.0,
  "test_value_mse": 0.07368534279454671,
  "test_grad_mse": 8.598817592811821,
  "best_epoch": 150,
  "time_s": 8.564429521560669,
  "n_epochs_actual": 201,
  "key": "step_d5_n4096_noise0.2_s789_vanilla",
  "timestamp": "2026-04-12T01:54:48.159703"
}