{
  "method": "dml_relobralo",
  "func_type": "step",
  "dim": 10,
  "n_samples": 8192,
  "noise_level": 0.0,
  "seed": 456,
  "lambda": 1.0,
  "test_value_mse": 0.9278213110475727,
  "test_grad_mse": 0.0005103039346352549,
  "best_epoch": 34,
  "time_s": 9.293012380599976,
  "n_epochs_actual": 85,
  "key": "step_d10_n8192_noise0.0_s456_dml_relobralo",
  "timestamp": "2026-04-26T11:28:48.851215"
}