{
  "method": "dml_gradnorm",
  "func_type": "step",
  "dim": 20,
  "n_samples": 8192,
  "noise_level": 0.1,
  "seed": 42,
  "lambda": 1.0,
  "test_value_mse": 1.1527019141342525,
  "test_grad_mse": 0.2551315896595805,
  "best_epoch": 261,
  "time_s": 45.22491383552551,
  "n_epochs_actual": 312,
  "key": "step_d20_n8192_noise0.1_s42_dml_gradnorm",
  "timestamp": "2026-04-12T21:40:20.750148"
}