{
  "method": "dml_relobralo",
  "func_type": "step",
  "dim": 5,
  "n_samples": 4096,
  "noise_level": 0.2,
  "seed": 789,
  "lambda": 1.0,
  "test_value_mse": 0.1682806895006822,
  "test_grad_mse": 0.5310106264061792,
  "best_epoch": 49,
  "time_s": 5.88896369934082,
  "n_epochs_actual": 100,
  "key": "step_d5_n4096_noise0.2_s789_dml_relobralo",
  "timestamp": "2026-04-26T11:16:34.663290"
}