{
  "method": "baseline_rf",
  "func_type": "step",
  "dim": 20,
  "n_samples": 4096,
  "noise_level": 0.05,
  "seed": 123,
  "lambda": 1.0,
  "test_value_mse": 0.8650035004751899,
  "test_grad_mse": 504.8665041429623,
  "time_s": 2.07141375541687,
  "key": "step_d20_n4096_noise0.05_s123_baseline_rf",
  "timestamp": "2026-04-12T18:21:17.374540"
}