{
  "method": "dml_relobralo",
  "func_type": "step",
  "dim": 20,
  "n_samples": 8192,
  "noise_level": 0.2,
  "seed": 789,
  "lambda": 1.0,
  "test_value_mse": 0.9923977344544049,
  "test_grad_mse": 0.5896822759202924,
  "best_epoch": 30,
  "time_s": 8.405054807662964,
  "n_epochs_actual": 81,
  "key": "step_d20_n8192_noise0.2_s789_dml_relobralo",
  "timestamp": "2026-04-26T11:41:00.676446"
}