{
  "method": "baseline_krr",
  "func_type": "step",
  "dim": 1,
  "n_samples": 8192,
  "noise_level": 0.5,
  "seed": 1000,
  "lambda": 1.0,
  "test_value_mse": 0.015822583956505775,
  "test_grad_mse": 0.7397687915289566,
  "time_s": 4.0320188999176025,
  "key": "step_d1_n8192_noise0.5_s1000_baseline_krr",
  "timestamp": "2026-04-11T10:05:36.987885"
}