{
  "method": "baseline_rf",
  "func_type": "step",
  "dim": 10,
  "n_samples": 8192,
  "noise_level": 0.1,
  "seed": 1000,
  "lambda": 1.0,
  "test_value_mse": 0.15315890700538096,
  "test_grad_mse": 323.362620183603,
  "time_s": 6.348281145095825,
  "key": "step_d10_n8192_noise0.1_s1000_baseline_rf",
  "timestamp": "2026-04-12T14:50:50.636489"
}