{
  "method": "dml_relobralo",
  "func_type": "step",
  "dim": 2,
  "n_samples": 512,
  "noise_level": 0.0,
  "seed": 42,
  "lambda": 1.0,
  "test_value_mse": 0.09285215977953344,
  "test_grad_mse": 0.32781674676029376,
  "best_epoch": 42,
  "time_s": 2.7918713092803955,
  "n_epochs_actual": 93,
  "key": "step_d2_n512_noise0.0_s42_dml_relobralo",
  "timestamp": "2026-04-26T11:02:37.185736"
}