{
  "method": "dml_gradnorm",
  "func_type": "step",
  "dim": 1,
  "n_samples": 1024,
  "noise_level": 0.1,
  "seed": 123,
  "lambda": 1.0,
  "test_value_mse": 0.09362456551380272,
  "test_grad_mse": 0.23554472175690863,
  "best_epoch": 41,
  "time_s": 5.09916615486145,
  "n_epochs_actual": 92,
  "key": "step_d1_n1024_noise0.1_s123_dml_gradnorm",
  "timestamp": "2026-04-10T22:03:58.541667"
}