{
  "method": "vanilla",
  "func_type": "step",
  "dim": 5,
  "n_samples": 8192,
  "noise_level": 0.1,
  "seed": 42,
  "lambda": 1.0,
  "test_value_mse": 0.06238263905243828,
  "test_grad_mse": 21.29499732892876,
  "best_epoch": 146,
  "time_s": 15.070448875427246,
  "n_epochs_actual": 197,
  "key": "step_d5_n8192_noise0.1_s42_vanilla",
  "timestamp": "2026-04-12T05:31:11.548347"
}