{
  "method": "dml_gradnorm",
  "func_type": "step",
  "dim": 1,
  "n_samples": 8192,
  "noise_level": 0.1,
  "seed": 42,
  "lambda": 1.0,
  "test_value_mse": 0.08857930300287183,
  "test_grad_mse": 0.008258019032062464,
  "best_epoch": 238,
  "time_s": 45.433857917785645,
  "n_epochs_actual": 289,
  "key": "step_d1_n8192_noise0.1_s42_dml_gradnorm",
  "timestamp": "2026-04-11T05:02:35.993846"
}