{
  "method": "baseline_gp",
  "func_type": "step",
  "dim": 2,
  "n_samples": 8192,
  "noise_level": 0.2,
  "seed": 123,
  "lambda": 1.0,
  "test_value_mse": 0.0040868519545215936,
  "test_grad_mse": 43.88430383596286,
  "time_s": 1425.2298519611359,
  "key": "step_d2_n8192_noise0.2_s123_baseline_gp",
  "timestamp": "2026-04-11T20:55:30.568615"
}