{
  "method": "dml_gradnorm",
  "func_type": "step",
  "dim": 1,
  "n_samples": 4096,
  "noise_level": 0.5,
  "seed": 123,
  "lambda": 1.0,
  "test_value_mse": 0.10174320160034729,
  "test_grad_mse": 0.08758595812902098,
  "best_epoch": 14,
  "time_s": 7.51493501663208,
  "n_epochs_actual": 65,
  "key": "step_d1_n4096_noise0.5_s123_dml_gradnorm",
  "timestamp": "2026-04-11T01:02:42.251772"
}