{
  "method": "dml_fixed",
  "func_type": "step",
  "dim": 2,
  "n_samples": 512,
  "noise_level": 0.0,
  "seed": 789,
  "lambda": 1.0,
  "test_value_mse": 0.05819602241135345,
  "test_grad_mse": 0.09189159454308082,
  "best_epoch": 23,
  "time_s": 3.5745041370391846,
  "n_epochs_actual": 74,
  "key": "step_d2_n512_noise0.0_s789_dml_fixed",
  "timestamp": "2026-04-11T10:14:08.591939"
}