{
  "method": "dml_relobralo",
  "func_type": "step",
  "dim": 20,
  "n_samples": 8192,
  "noise_level": 0.05,
  "seed": 42,
  "lambda": 1.0,
  "test_value_mse": 0.8588317030556087,
  "test_grad_mse": 0.7412098677364387,
  "best_epoch": 33,
  "time_s": 8.852208375930786,
  "n_epochs_actual": 84,
  "key": "step_d20_n8192_noise0.05_s42_dml_relobralo",
  "timestamp": "2026-04-26T11:39:07.463211"
}