{
  "method": "baseline_krr",
  "func_type": "step",
  "dim": 10,
  "n_samples": 8192,
  "noise_level": 0.0,
  "seed": 123,
  "lambda": 1.0,
  "test_value_mse": 0.46103174187706025,
  "test_grad_mse": 0.5961165177139971,
  "time_s": 9.088247299194336,
  "key": "step_d10_n8192_noise0.0_s123_baseline_krr",
  "timestamp": "2026-04-12T12:04:27.975251"
}