{
  "method": "dml_fixed",
  "func_type": "step",
  "dim": 20,
  "n_samples": 8192,
  "noise_level": 0.0,
  "seed": 1000,
  "lambda": 1.0,
  "test_value_mse": 1.399726753958913,
  "test_grad_mse": 0.10635468982487582,
  "best_epoch": 84,
  "time_s": 13.441578149795532,
  "n_epochs_actual": 135,
  "key": "step_d20_n8192_noise0.0_s1000_dml_fixed",
  "timestamp": "2026-04-12T20:25:08.579330"
}