{
  "method": "baseline_gp",
  "func_type": "step",
  "dim": 2,
  "n_samples": 1024,
  "noise_level": 0.05,
  "seed": 123,
  "lambda": 1.0,
  "test_value_mse": 0.01204664533344916,
  "test_grad_mse": 6.252504060890902,
  "time_s": 79.36750149726868,
  "key": "step_d2_n1024_noise0.05_s123_baseline_gp",
  "timestamp": "2026-04-11T10:17:31.062397"
}