{
  "method": "baseline_krr",
  "func_type": "step",
  "dim": 20,
  "n_samples": 1024,
  "noise_level": 0.2,
  "seed": 1000,
  "lambda": 1.0,
  "test_value_mse": 1.4333897016980595,
  "test_grad_mse": 0.26654276751468364,
  "time_s": 1.684838056564331,
  "key": "step_d20_n1024_noise0.2_s1000_baseline_krr",
  "timestamp": "2026-04-12T18:02:46.211166"
}