{
  "method": "dml_fixed",
  "func_type": "step",
  "dim": 50,
  "n_samples": 4096,
  "noise_level": 0.05,
  "seed": 123,
  "lambda": 1.0,
  "test_value_mse": 3.118823505006822,
  "test_grad_mse": 0.09808274514132694,
  "best_epoch": 28,
  "time_s": 6.128793478012085,
  "n_epochs_actual": 79,
  "key": "step_d50_n4096_noise0.05_s123_dml_fixed",
  "timestamp": "2026-04-13T01:42:00.193349"
}