{
  "method": "vanilla",
  "func_type": "step",
  "dim": 50,
  "n_samples": 2048,
  "noise_level": 0.0,
  "seed": 789,
  "lambda": 1.0,
  "test_value_mse": 3.3373115412879844,
  "test_grad_mse": 0.426844119955663,
  "best_epoch": 23,
  "time_s": 4.52214789390564,
  "n_epochs_actual": 74,
  "key": "step_d50_n2048_noise0.0_s789_vanilla",
  "timestamp": "2026-04-13T01:40:13.460478"
}