{
  "method": "dml_gradnorm",
  "func_type": "step",
  "dim": 1,
  "n_samples": 2048,
  "noise_level": 0.5,
  "seed": 789,
  "lambda": 1.0,
  "test_value_mse": 0.06157154198208433,
  "test_grad_mse": 0.0034311491424487356,
  "best_epoch": 999,
  "time_s": 53.75844478607178,
  "n_epochs_actual": 1000,
  "key": "step_d1_n2048_noise0.5_s789_dml_gradnorm",
  "timestamp": "2026-04-10T23:09:12.547925"
}