{
  "method": "dml_fixed",
  "func_type": "step",
  "dim": 2,
  "n_samples": 1024,
  "noise_level": 0.5,
  "seed": 1000,
  "lambda": 1.0,
  "test_value_mse": 0.14345729642192362,
  "test_grad_mse": 0.14764138211614833,
  "best_epoch": 48,
  "time_s": 4.348241329193115,
  "n_epochs_actual": 99,
  "key": "step_d2_n1024_noise0.5_s1000_dml_fixed",
  "timestamp": "2026-04-11T10:34:22.037546"
}