{
  "method": "dml_gradnorm",
  "func_type": "step",
  "dim": 20,
  "n_samples": 256,
  "noise_level": 0.2,
  "seed": 789,
  "lambda": 1.0,
  "test_value_mse": 0.9580443762478529,
  "test_grad_mse": 0.4151276017994226,
  "best_epoch": 999,
  "time_s": 25.16604518890381,
  "n_epochs_actual": 1000,
  "key": "step_d20_n256_noise0.2_s789_dml_gradnorm",
  "timestamp": "2026-04-12T17:37:30.291146"
}