{
  "method": "dml_fixed",
  "func_type": "step",
  "dim": 5,
  "n_samples": 2048,
  "noise_level": 0.0,
  "seed": 789,
  "lambda": 1.0,
  "test_value_mse": 0.2372887935434416,
  "test_grad_mse": 0.10172555045569635,
  "best_epoch": 112,
  "time_s": 4.244673013687134,
  "n_epochs_actual": 163,
  "key": "step_d5_n2048_noise0.0_s789_dml_fixed",
  "timestamp": "2026-04-12T00:53:44.386735"
}