{
  "method": "dml_gradnorm",
  "func_type": "step",
  "dim": 1,
  "n_samples": 512,
  "noise_level": 0.2,
  "seed": 123,
  "lambda": 1.0,
  "test_value_mse": 0.11510284935809044,
  "test_grad_mse": 0.1143131202253281,
  "best_epoch": 60,
  "time_s": 5.20310115814209,
  "n_epochs_actual": 111,
  "key": "step_d1_n512_noise0.2_s123_dml_gradnorm",
  "timestamp": "2026-04-10T21:48:53.756898"
}