{
  "method": "dml_relobralo",
  "func_type": "step",
  "dim": 2,
  "n_samples": 8192,
  "noise_level": 0.5,
  "seed": 789,
  "lambda": 1.0,
  "test_value_mse": 0.07215211531533065,
  "test_grad_mse": 0.01583623332921968,
  "best_epoch": 106,
  "time_s": 14.552832126617432,
  "n_epochs_actual": 157,
  "key": "step_d2_n8192_noise0.5_s789_dml_relobralo",
  "timestamp": "2026-04-26T11:11:42.946946"
}