{
  "method": "dml_gradnorm",
  "func_type": "step",
  "dim": 100,
  "n_samples": 1024,
  "noise_level": 0.5,
  "seed": 123,
  "lambda": 1.0,
  "test_value_mse": 7.101375443106913,
  "test_grad_mse": 0.23549706040953988,
  "best_epoch": 908,
  "time_s": 29.848750352859497,
  "n_epochs_actual": 959,
  "key": "step_d100_n1024_noise0.5_s123_dml_gradnorm",
  "timestamp": "2026-04-13T02:44:00.027318"
}