{
  "method": "dml_gradnorm",
  "func_type": "step",
  "dim": 2,
  "n_samples": 8192,
  "noise_level": 0.1,
  "seed": 456,
  "lambda": 1.0,
  "test_value_mse": 0.057678999591776796,
  "test_grad_mse": 0.05514309543033156,
  "best_epoch": 194,
  "time_s": 43.942551374435425,
  "n_epochs_actual": 245,
  "key": "step_d2_n8192_noise0.1_s456_dml_gradnorm",
  "timestamp": "2026-04-11T18:12:07.976559"
}