{
  "method": "dml_fixed",
  "func_type": "step",
  "dim": 50,
  "n_samples": 8192,
  "noise_level": 0.5,
  "seed": 456,
  "lambda": 1.0,
  "test_value_mse": 2.861125873708834,
  "test_grad_mse": 0.0916717751251978,
  "best_epoch": 18,
  "time_s": 7.991285562515259,
  "n_epochs_actual": 69,
  "key": "step_d50_n8192_noise0.5_s456_dml_fixed",
  "timestamp": "2026-04-13T02:16:52.795502"
}