{
  "method": "dml_gradnorm",
  "func_type": "step",
  "dim": 2,
  "n_samples": 256,
  "noise_level": 0.2,
  "seed": 42,
  "lambda": 1.0,
  "test_value_mse": 0.10347497840724966,
  "test_grad_mse": 0.22468923233651164,
  "best_epoch": 32,
  "time_s": 4.154218673706055,
  "n_epochs_actual": 83,
  "key": "step_d2_n256_noise0.2_s42_dml_gradnorm",
  "timestamp": "2026-04-11T10:09:19.142455"
}