{
  "method": "dml_fixed",
  "func_type": "step",
  "dim": 50,
  "n_samples": 256,
  "noise_level": 0.1,
  "seed": 456,
  "lambda": 1.0,
  "test_value_mse": 5.659688418155162,
  "test_grad_mse": 0.007151192729980329,
  "best_epoch": 30,
  "time_s": 4.0713746547698975,
  "n_epochs_actual": 81,
  "key": "step_d50_n256_noise0.1_s456_dml_fixed",
  "timestamp": "2026-04-13T01:13:06.145992"
}