{
  "method": "baseline_krr",
  "func_type": "step",
  "dim": 10,
  "n_samples": 8192,
  "noise_level": 0.05,
  "seed": 1000,
  "lambda": 1.0,
  "test_value_mse": 0.2669242470780375,
  "test_grad_mse": 0.30862262753576947,
  "time_s": 2.762282133102417,
  "key": "step_d10_n8192_noise0.05_s1000_baseline_krr",
  "timestamp": "2026-04-12T13:41:42.716788"
}