{
  "method": "dml_fixed",
  "func_type": "step",
  "dim": 50,
  "n_samples": 4096,
  "noise_level": 0.5,
  "seed": 456,
  "lambda": 1.0,
  "test_value_mse": 3.1093632004620826,
  "test_grad_mse": 0.09846011895388981,
  "best_epoch": 39,
  "time_s": 5.792389154434204,
  "n_epochs_actual": 90,
  "key": "step_d50_n4096_noise0.5_s456_dml_fixed",
  "timestamp": "2026-04-13T01:51:00.515425"
}