{
  "method": "baseline_rf",
  "func_type": "step",
  "dim": 5,
  "n_samples": 8192,
  "noise_level": 0.2,
  "seed": 123,
  "lambda": 1.0,
  "test_value_mse": 0.006920339301689826,
  "test_grad_mse": 101.92678674421198,
  "time_s": 0.9984841346740723,
  "key": "step_d5_n8192_noise0.2_s123_baseline_rf",
  "timestamp": "2026-04-12T07:25:42.481643"
}