{
  "method": "dml_gradnorm",
  "func_type": "step",
  "dim": 20,
  "n_samples": 8192,
  "noise_level": 0.05,
  "seed": 789,
  "lambda": 1.0,
  "test_value_mse": 1.4712603915390645,
  "test_grad_mse": 0.017695883282699835,
  "best_epoch": 203,
  "time_s": 31.444753170013428,
  "n_epochs_actual": 254,
  "key": "step_d20_n8192_noise0.05_s789_dml_gradnorm",
  "timestamp": "2026-04-12T21:15:58.107632"
}