{
  "method": "dml_fixed",
  "func_type": "step",
  "dim": 10,
  "n_samples": 256,
  "noise_level": 0.5,
  "seed": 123,
  "lambda": 1.0,
  "test_value_mse": 0.6518264550807807,
  "test_grad_mse": 0.17306104474432824,
  "best_epoch": 52,
  "time_s": 4.252141952514648,
  "n_epochs_actual": 103,
  "key": "step_d10_n256_noise0.5_s123_dml_fixed",
  "timestamp": "2026-04-12T09:50:19.953278"
}