{
  "method": "baseline_gp",
  "func_type": "step",
  "dim": 1,
  "n_samples": 512,
  "noise_level": 0.0,
  "seed": 456,
  "lambda": 1.0,
  "test_value_mse": 0.0007359429048358663,
  "test_grad_mse": 118.74831612375141,
  "time_s": 11.429198980331421,
  "key": "step_d1_n512_noise0.0_s456_baseline_gp",
  "timestamp": "2026-04-10T21:43:22.615956"
}