{
  "method": "dml_gradnorm",
  "func_type": "step",
  "dim": 2,
  "n_samples": 2048,
  "noise_level": 0.0,
  "seed": 42,
  "lambda": 1.0,
  "test_value_mse": 0.12723895155062867,
  "test_grad_mse": 0.07178278644310432,
  "best_epoch": 530,
  "time_s": 30.1797456741333,
  "n_epochs_actual": 581,
  "key": "step_d2_n2048_noise0.0_s42_dml_gradnorm",
  "timestamp": "2026-04-11T10:35:32.219347"
}