{
  "method": "dml_relobralo",
  "func_type": "step",
  "dim": 100,
  "n_samples": 256,
  "noise_level": 0.05,
  "seed": 42,
  "lambda": 1.0,
  "test_value_mse": 6.631938618319497,
  "test_grad_mse": 0.014265187808474052,
  "best_epoch": 10,
  "time_s": 2.3651223182678223,
  "n_epochs_actual": 61,
  "key": "step_d100_n256_noise0.05_s42_dml_relobralo",
  "timestamp": "2026-04-26T11:49:37.939701"
}