{
  "method": "dml_gradnorm",
  "func_type": "step",
  "dim": 5,
  "n_samples": 4096,
  "noise_level": 0.2,
  "seed": 1000,
  "lambda": 1.0,
  "test_value_mse": 0.2918283873158375,
  "test_grad_mse": 0.2691804761988366,
  "best_epoch": 110,
  "time_s": 14.051073789596558,
  "n_epochs_actual": 161,
  "key": "step_d5_n4096_noise0.2_s1000_dml_gradnorm",
  "timestamp": "2026-04-12T02:00:05.319396"
}