{
  "method": "baseline_rf",
  "func_type": "step",
  "dim": 20,
  "n_samples": 4096,
  "noise_level": 0.5,
  "seed": 1000,
  "lambda": 1.0,
  "test_value_mse": 0.9948721982236925,
  "test_grad_mse": 246.55406331606798,
  "time_s": 2.065870523452759,
  "key": "step_d20_n4096_noise0.5_s1000_baseline_rf",
  "timestamp": "2026-04-12T19:28:17.331881"
}