{
  "method": "dml_fixed",
  "func_type": "step",
  "dim": 5,
  "n_samples": 256,
  "noise_level": 0.1,
  "seed": 789,
  "lambda": 1.0,
  "test_value_mse": 0.3111341786959094,
  "test_grad_mse": 0.08386268379872248,
  "best_epoch": 29,
  "time_s": 3.6980762481689453,
  "n_epochs_actual": 80,
  "key": "step_d5_n256_noise0.1_s789_dml_fixed",
  "timestamp": "2026-04-12T00:31:55.280893"
}