{
  "method": "baseline_rf",
  "func_type": "step",
  "dim": 1,
  "n_samples": 8192,
  "noise_level": 0.05,
  "seed": 42,
  "lambda": 1.0,
  "test_value_mse": 2.377468943606222e-29,
  "test_grad_mse": 6.661878632373631e-25,
  "time_s": 0.24988913536071777,
  "key": "step_d1_n8192_noise0.05_s42_baseline_rf",
  "timestamp": "2026-04-11T03:19:59.812185"
}