{
  "method": "dml_relobralo",
  "func_type": "step",
  "dim": 100,
  "n_samples": 1024,
  "noise_level": 0.05,
  "seed": 123,
  "lambda": 1.0,
  "test_value_mse": 5.6840702025124745,
  "test_grad_mse": 0.26706646908305864,
  "best_epoch": 24,
  "time_s": 2.9069879055023193,
  "n_epochs_actual": 75,
  "key": "step_d100_n1024_noise0.05_s123_dml_relobralo",
  "timestamp": "2026-04-26T11:50:43.844451"
}