{
  "method": "dml_gradnorm",
  "func_type": "step",
  "dim": 5,
  "n_samples": 1024,
  "noise_level": 0.5,
  "seed": 123,
  "lambda": 1.0,
  "test_value_mse": 0.08844632514760373,
  "test_grad_mse": 0.4112153987411961,
  "best_epoch": 133,
  "time_s": 8.487826347351074,
  "n_epochs_actual": 184,
  "key": "step_d5_n1024_noise0.5_s123_dml_gradnorm",
  "timestamp": "2026-04-12T00:48:09.651805"
}