{
  "method": "vanilla",
  "func_type": "step",
  "dim": 100,
  "n_samples": 1024,
  "noise_level": 0.5,
  "seed": 789,
  "lambda": 1.0,
  "test_value_mse": 7.264604943238863,
  "test_grad_mse": 0.2678093078193593,
  "best_epoch": 30,
  "time_s": 4.659027576446533,
  "n_epochs_actual": 81,
  "key": "step_d100_n1024_noise0.5_s789_vanilla",
  "timestamp": "2026-04-13T02:44:49.678247"
}