{
  "method": "dml_relobralo",
  "func_type": "step",
  "dim": 50,
  "n_samples": 8192,
  "noise_level": 0.5,
  "seed": 789,
  "lambda": 1.0,
  "test_value_mse": 2.95907407595234,
  "test_grad_mse": 0.393112904957536,
  "best_epoch": 21,
  "time_s": 8.220715761184692,
  "n_epochs_actual": 72,
  "key": "step_d50_n8192_noise0.5_s789_dml_relobralo",
  "timestamp": "2026-04-26T11:49:25.074133"
}