{
  "method": "baseline_gp",
  "func_type": "step",
  "dim": 10,
  "n_samples": 8192,
  "noise_level": 0.5,
  "seed": 789,
  "lambda": 1.0,
  "test_value_mse": 0.7195267599576002,
  "test_grad_mse": 0.0,
  "time_s": 891.8438823223114,
  "key": "step_d10_n8192_noise0.5_s789_baseline_gp",
  "timestamp": "2026-04-12T17:13:59.077450"
}