{
  "method": "baseline_rf",
  "func_type": "step",
  "dim": 1,
  "n_samples": 4096,
  "noise_level": 0.0,
  "seed": 789,
  "lambda": 1.0,
  "test_value_mse": 0.001359598979681574,
  "test_grad_mse": 9.974614308011634e-26,
  "time_s": 0.24752235412597656,
  "key": "step_d1_n4096_noise0.0_s789_baseline_rf",
  "timestamp": "2026-04-10T23:33:11.542862"
}