{
  "method": "dml_relobralo",
  "func_type": "step",
  "dim": 10,
  "n_samples": 256,
  "noise_level": 0.5,
  "seed": 42,
  "lambda": 1.0,
  "test_value_mse": 0.5645660630903745,
  "test_grad_mse": 0.43701131430167395,
  "best_epoch": 32,
  "time_s": 2.4571480751037598,
  "n_epochs_actual": 83,
  "key": "step_d10_n256_noise0.5_s42_dml_relobralo",
  "timestamp": "2026-04-26T11:23:20.958861"
}