{
  "method": "dml_relobralo",
  "func_type": "step",
  "dim": 20,
  "n_samples": 4096,
  "noise_level": 0.2,
  "seed": 42,
  "lambda": 1.0,
  "test_value_mse": 0.9020613759243045,
  "test_grad_mse": 0.6392989316364016,
  "best_epoch": 32,
  "time_s": 6.129021644592285,
  "n_epochs_actual": 83,
  "key": "step_d20_n4096_noise0.2_s42_dml_relobralo",
  "timestamp": "2026-04-26T11:37:14.987372"
}