{
  "method": "dml_gradnorm",
  "func_type": "step",
  "dim": 5,
  "n_samples": 2048,
  "noise_level": 0.0,
  "seed": 1000,
  "lambda": 1.0,
  "test_value_mse": 0.23420318720108294,
  "test_grad_mse": 0.6128256251631888,
  "best_epoch": 116,
  "time_s": 11.85659670829773,
  "n_epochs_actual": 167,
  "key": "step_d5_n2048_noise0.0_s1000_dml_gradnorm",
  "timestamp": "2026-04-12T00:55:48.389987"
}