{
  "method": "baseline_rf",
  "func_type": "step",
  "dim": 1,
  "n_samples": 8192,
  "noise_level": 0.1,
  "seed": 42,
  "lambda": 1.0,
  "test_value_mse": 2.379181919634199e-29,
  "test_grad_mse": 0.0,
  "time_s": 0.8254449367523193,
  "key": "step_d1_n8192_noise0.1_s42_baseline_rf",
  "timestamp": "2026-04-11T05:18:45.025459"
}