{
  "method": "dml_fixed",
  "func_type": "step",
  "dim": 1,
  "n_samples": 2048,
  "noise_level": 0.1,
  "seed": 1000,
  "lambda": 1.0,
  "test_value_mse": 0.021236778030928768,
  "test_grad_mse": 0.045502275702076295,
  "best_epoch": 47,
  "time_s": 5.631981372833252,
  "n_epochs_actual": 98,
  "key": "step_d1_n2048_noise0.1_s1000_dml_fixed",
  "timestamp": "2026-04-10T22:48:19.131239"
}