{
  "method": "baseline_gp",
  "func_type": "step",
  "dim": 5,
  "n_samples": 1024,
  "noise_level": 0.2,
  "seed": 42,
  "lambda": 1.0,
  "test_value_mse": 0.37095160745075606,
  "test_grad_mse": 0.0,
  "time_s": 3.150376081466675,
  "key": "step_d5_n1024_noise0.2_s42_baseline_gp",
  "timestamp": "2026-04-12T00:44:05.436582"
}