{
  "method": "dml_relobralo",
  "func_type": "step",
  "dim": 10,
  "n_samples": 256,
  "noise_level": 0.2,
  "seed": 456,
  "lambda": 1.0,
  "test_value_mse": 0.49745249561436167,
  "test_grad_mse": 0.2062148427008678,
  "best_epoch": 18,
  "time_s": 2.10135555267334,
  "n_epochs_actual": 69,
  "key": "step_d10_n256_noise0.2_s456_dml_relobralo",
  "timestamp": "2026-04-26T11:23:12.591001"
}