{
  "method": "dml_relobralo",
  "func_type": "step",
  "dim": 50,
  "n_samples": 256,
  "noise_level": 0.1,
  "seed": 123,
  "lambda": 1.0,
  "test_value_mse": 2.300247994663279,
  "test_grad_mse": 0.2269528589822265,
  "best_epoch": 35,
  "time_s": 2.384791135787964,
  "n_epochs_actual": 86,
  "key": "step_d50_n256_noise0.1_s123_dml_relobralo",
  "timestamp": "2026-04-26T11:42:15.973227"
}