{
  "method": "baseline_rf",
  "func_type": "step",
  "dim": 20,
  "n_samples": 1024,
  "noise_level": 0.2,
  "seed": 789,
  "lambda": 1.0,
  "test_value_mse": 0.9540185503448844,
  "test_grad_mse": 86.73428034366415,
  "time_s": 6.556095838546753,
  "key": "step_d20_n1024_noise0.2_s789_baseline_rf",
  "timestamp": "2026-04-12T18:00:49.351782"
}