{
  "method": "vanilla",
  "func_type": "step",
  "dim": 50,
  "n_samples": 1024,
  "noise_level": 0.05,
  "seed": 123,
  "lambda": 1.0,
  "test_value_mse": 2.9524437817564655,
  "test_grad_mse": 0.3119505123880568,
  "best_epoch": 20,
  "time_s": 2.169555902481079,
  "n_epochs_actual": 71,
  "key": "step_d50_n1024_noise0.05_s123_vanilla",
  "timestamp": "2026-04-13T01:26:15.275623"
}