{
  "method": "dml_fixed",
  "func_type": "step",
  "dim": 1,
  "n_samples": 4096,
  "noise_level": 0.2,
  "seed": 789,
  "lambda": 1.0,
  "test_value_mse": 0.05013572064204359,
  "test_grad_mse": 0.031318179236552925,
  "best_epoch": 48,
  "time_s": 3.964395523071289,
  "n_epochs_actual": 99,
  "key": "step_d1_n4096_noise0.2_s789_dml_fixed",
  "timestamp": "2026-04-11T00:46:35.001778"
}