{
  "method": "vanilla",
  "func_type": "step",
  "dim": 20,
  "n_samples": 4096,
  "noise_level": 0.5,
  "seed": 42,
  "lambda": 1.0,
  "test_value_mse": 0.9077791598754911,
  "test_grad_mse": 1.0323244234792617,
  "best_epoch": 46,
  "time_s": 3.7198703289031982,
  "n_epochs_actual": 97,
  "key": "step_d20_n4096_noise0.5_s42_vanilla",
  "timestamp": "2026-04-12T19:10:46.903675"
}