{
  "method": "dml_gradnorm",
  "func_type": "step",
  "dim": 20,
  "n_samples": 256,
  "noise_level": 0.05,
  "seed": 42,
  "lambda": 1.0,
  "test_value_mse": 1.5428330243800694,
  "test_grad_mse": 0.3869692733344664,
  "best_epoch": 999,
  "time_s": 42.12472867965698,
  "n_epochs_actual": 1000,
  "key": "step_d20_n256_noise0.05_s42_dml_gradnorm",
  "timestamp": "2026-04-12T17:29:10.715735"
}