{
  "method": "baseline_krr",
  "func_type": "step",
  "dim": 1,
  "n_samples": 1024,
  "noise_level": 0.1,
  "seed": 789,
  "lambda": 1.0,
  "test_value_mse": 0.06298223527614835,
  "test_grad_mse": 0.08486974600489439,
  "time_s": 0.014431476593017578,
  "key": "step_d1_n1024_noise0.1_s789_baseline_krr",
  "timestamp": "2026-04-10T22:06:47.008382"
}