{
  "method": "dml_fixed",
  "func_type": "step",
  "dim": 10,
  "n_samples": 256,
  "noise_level": 0.2,
  "seed": 42,
  "lambda": 1.0,
  "test_value_mse": 0.7004703265165091,
  "test_grad_mse": 0.0761022529099175,
  "best_epoch": 24,
  "time_s": 2.7100744247436523,
  "n_epochs_actual": 75,
  "key": "step_d10_n256_noise0.2_s42_dml_fixed",
  "timestamp": "2026-04-12T09:48:11.467337"
}