{
  "method": "dml_gradnorm",
  "func_type": "step",
  "dim": 10,
  "n_samples": 256,
  "noise_level": 0.05,
  "seed": 456,
  "lambda": 1.0,
  "test_value_mse": 0.5128861218362565,
  "test_grad_mse": 0.34690390676130944,
  "best_epoch": 29,
  "time_s": 4.589540719985962,
  "n_epochs_actual": 80,
  "key": "step_d10_n256_noise0.05_s456_dml_gradnorm",
  "timestamp": "2026-04-12T09:45:18.748635"
}