{
  "method": "dml_relobralo",
  "func_type": "step",
  "dim": 10,
  "n_samples": 1024,
  "noise_level": 0.5,
  "seed": 789,
  "lambda": 1.0,
  "test_value_mse": 0.38942997239418026,
  "test_grad_mse": 0.8239952166137458,
  "best_epoch": 103,
  "time_s": 4.500449895858765,
  "n_epochs_actual": 154,
  "key": "step_d10_n1024_noise0.5_s789_dml_relobralo",
  "timestamp": "2026-04-26T11:25:00.208234"
}