{
  "method": "dml_fixed",
  "func_type": "step",
  "dim": 20,
  "n_samples": 256,
  "noise_level": 0.1,
  "seed": 1000,
  "lambda": 1.0,
  "test_value_mse": 1.8033348577182162,
  "test_grad_mse": 0.01836005820606037,
  "best_epoch": 18,
  "time_s": 3.861915349960327,
  "n_epochs_actual": 69,
  "key": "step_d20_n256_noise0.1_s1000_dml_fixed",
  "timestamp": "2026-04-12T17:34:50.151741"
}