{
  "method": "vanilla",
  "func_type": "step",
  "dim": 20,
  "n_samples": 4096,
  "noise_level": 0.5,
  "seed": 789,
  "lambda": 1.0,
  "test_value_mse": 1.0126345030832258,
  "test_grad_mse": 0.9854449909559326,
  "best_epoch": 34,
  "time_s": 5.380015134811401,
  "n_epochs_actual": 85,
  "key": "step_d20_n4096_noise0.5_s789_vanilla",
  "timestamp": "2026-04-12T19:22:53.292019"
}