{
  "method": "vanilla",
  "func_type": "step",
  "dim": 100,
  "n_samples": 1024,
  "noise_level": 0.1,
  "seed": 42,
  "lambda": 1.0,
  "test_value_mse": 5.809365980749419,
  "test_grad_mse": 0.1855153884966033,
  "best_epoch": 31,
  "time_s": 3.9556918144226074,
  "n_epochs_actual": 82,
  "key": "step_d100_n1024_noise0.1_s42_vanilla",
  "timestamp": "2026-04-13T02:34:50.204947"
}