{
  "method": "dml_relobralo",
  "func_type": "step",
  "dim": 10,
  "n_samples": 8192,
  "noise_level": 0.1,
  "seed": 456,
  "lambda": 1.0,
  "test_value_mse": 0.8939185635038036,
  "test_grad_mse": 0.0023834578080240403,
  "best_epoch": 34,
  "time_s": 9.510395288467407,
  "n_epochs_actual": 85,
  "key": "step_d10_n8192_noise0.1_s456_dml_relobralo",
  "timestamp": "2026-04-26T11:30:53.922471"
}