{
  "method": "dml_gradnorm",
  "func_type": "step",
  "dim": 10,
  "n_samples": 512,
  "noise_level": 0.0,
  "seed": 1000,
  "lambda": 1.0,
  "test_value_mse": 0.4430322126089987,
  "test_grad_mse": 0.4382521359377687,
  "best_epoch": 184,
  "time_s": 7.8650147914886475,
  "n_epochs_actual": 235,
  "key": "step_d10_n512_noise0.0_s1000_dml_gradnorm",
  "timestamp": "2026-04-12T09:54:44.385351"
}