{
  "method": "dml_gradnorm",
  "func_type": "step",
  "dim": 1,
  "n_samples": 1024,
  "noise_level": 0.5,
  "seed": 789,
  "lambda": 1.0,
  "test_value_mse": 0.06432029978565268,
  "test_grad_mse": 0.02537688564645553,
  "best_epoch": 52,
  "time_s": 4.813517093658447,
  "n_epochs_actual": 103,
  "key": "step_d1_n1024_noise0.5_s789_dml_gradnorm",
  "timestamp": "2026-04-10T22:15:30.386209"
}