{
  "method": "vanilla",
  "func_type": "step",
  "dim": 1,
  "n_samples": 256,
  "noise_level": 0.1,
  "seed": 42,
  "lambda": 1.0,
  "test_value_mse": 0.0026082394851626336,
  "test_grad_mse": 102.5038166046281,
  "best_epoch": 309,
  "time_s": 7.149302244186401,
  "n_epochs_actual": 360,
  "key": "step_d1_n256_noise0.1_s42_vanilla",
  "timestamp": "2026-04-10T21:36:21.964821"
}