{
  "method": "dml_fixed",
  "func_type": "step",
  "dim": 1,
  "n_samples": 256,
  "noise_level": 0.05,
  "seed": 1000,
  "lambda": 1.0,
  "test_value_mse": 0.024395682853356845,
  "test_grad_mse": 0.03041217102244698,
  "best_epoch": 13,
  "time_s": 3.4983925819396973,
  "n_epochs_actual": 64,
  "key": "step_d1_n256_noise0.05_s1000_dml_fixed",
  "timestamp": "2026-04-10T21:36:04.993919"
}