{
  "method": "dml_fixed",
  "func_type": "step",
  "dim": 20,
  "n_samples": 4096,
  "noise_level": 0.05,
  "seed": 42,
  "lambda": 1.0,
  "test_value_mse": 1.1248475373479008,
  "test_grad_mse": 0.06669429160846904,
  "best_epoch": 34,
  "time_s": 6.561169862747192,
  "n_epochs_actual": 85,
  "key": "step_d20_n4096_noise0.05_s42_dml_fixed",
  "timestamp": "2026-04-12T18:14:44.947100"
}