{
  "method": "vanilla",
  "func_type": "step",
  "dim": 20,
  "n_samples": 512,
  "noise_level": 0.0,
  "seed": 789,
  "lambda": 1.0,
  "test_value_mse": 1.28185512598212,
  "test_grad_mse": 0.36547083806704955,
  "best_epoch": 41,
  "time_s": 4.30926513671875,
  "n_epochs_actual": 92,
  "key": "step_d20_n512_noise0.0_s789_vanilla",
  "timestamp": "2026-04-12T17:43:54.991513"
}