{
  "method": "baseline_rf",
  "func_type": "step",
  "dim": 1,
  "n_samples": 256,
  "noise_level": 0.0,
  "seed": 456,
  "lambda": 1.0,
  "test_value_mse": 0.005423183583728563,
  "test_grad_mse": 2.022226441606597e-23,
  "time_s": 0.7279424667358398,
  "key": "step_d1_n256_noise0.0_s456_baseline_rf",
  "timestamp": "2026-04-10T21:33:24.503908"
}