{
  "method": "dml_gradnorm",
  "func_type": "step",
  "dim": 1,
  "n_samples": 4096,
  "noise_level": 0.1,
  "seed": 1000,
  "lambda": 1.0,
  "test_value_mse": 0.025769966420621928,
  "test_grad_mse": 0.02563609180016177,
  "best_epoch": 154,
  "time_s": 16.334351062774658,
  "n_epochs_actual": 205,
  "key": "step_d1_n4096_noise0.1_s1000_dml_gradnorm",
  "timestamp": "2026-04-11T00:25:37.225910"
}