{
  "method": "baseline_rf",
  "func_type": "step",
  "dim": 2,
  "n_samples": 8192,
  "noise_level": 0.0,
  "seed": 456,
  "lambda": 1.0,
  "test_value_mse": 0.00011040603737390437,
  "test_grad_mse": 24.992917552247313,
  "time_s": 1.669872522354126,
  "key": "step_d2_n8192_noise0.0_s456_baseline_rf",
  "timestamp": "2026-04-11T14:13:03.193798"
}