{
  "method": "baseline_rf",
  "func_type": "step",
  "dim": 20,
  "n_samples": 8192,
  "noise_level": 0.2,
  "seed": 1000,
  "lambda": 1.0,
  "test_value_mse": 0.8834848029053874,
  "test_grad_mse": 333.78155870162556,
  "time_s": 11.758778810501099,
  "key": "step_d20_n8192_noise0.2_s1000_baseline_rf",
  "timestamp": "2026-04-12T23:58:26.325913"
}