{
  "method": "baseline_rf",
  "func_type": "step",
  "dim": 10,
  "n_samples": 8192,
  "noise_level": 0.05,
  "seed": 1000,
  "lambda": 1.0,
  "test_value_mse": 0.15315890700538098,
  "test_grad_mse": 323.36262018358775,
  "time_s": 1.9359381198883057,
  "key": "step_d10_n8192_noise0.05_s1000_baseline_rf",
  "timestamp": "2026-04-12T13:41:44.653034"
}