{
  "method": "baseline_rf",
  "func_type": "step",
  "dim": 10,
  "n_samples": 8192,
  "noise_level": 0.05,
  "seed": 42,
  "lambda": 1.0,
  "test_value_mse": 0.19657081070356563,
  "test_grad_mse": 790.8556278399923,
  "time_s": 6.212207078933716,
  "key": "step_d10_n8192_noise0.05_s42_baseline_rf",
  "timestamp": "2026-04-12T12:52:34.800103"
}