{
  "method": "vanilla",
  "func_type": "step",
  "dim": 100,
  "n_samples": 256,
  "noise_level": 0.5,
  "seed": 123,
  "lambda": 1.0,
  "test_value_mse": 6.919907331898084,
  "test_grad_mse": 0.013409099925691127,
  "best_epoch": 10,
  "time_s": 3.653571128845215,
  "n_epochs_actual": 61,
  "key": "step_d100_n256_noise0.5_s123_vanilla",
  "timestamp": "2026-04-13T02:25:16.684359"
}