{
  "method": "baseline_gp",
  "func_type": "step",
  "dim": 1,
  "n_samples": 256,
  "noise_level": 0.05,
  "seed": 456,
  "lambda": 1.0,
  "test_value_mse": 0.0028999211254153207,
  "test_grad_mse": 98.38506304290212,
  "time_s": 8.569652318954468,
  "key": "step_d1_n256_noise0.05_s456_baseline_gp",
  "timestamp": "2026-04-10T21:35:36.565506"
}