{
  "method": "dml_fixed",
  "func_type": "step",
  "dim": 5,
  "n_samples": 4096,
  "noise_level": 0.5,
  "seed": 123,
  "lambda": 1.0,
  "test_value_mse": 0.1367040641679839,
  "test_grad_mse": 0.20081275693476403,
  "best_epoch": 67,
  "time_s": 7.249943017959595,
  "n_epochs_actual": 118,
  "key": "step_d5_n4096_noise0.5_s123_dml_fixed",
  "timestamp": "2026-04-12T02:07:33.008322"
}