{
  "method": "dml_relobralo",
  "func_type": "step",
  "dim": 1,
  "n_samples": 2048,
  "noise_level": 0.0,
  "seed": 1000,
  "lambda": 1.0,
  "test_value_mse": 0.021054515711739864,
  "test_grad_mse": 0.04717368751106215,
  "best_epoch": 35,
  "time_s": 4.06562876701355,
  "n_epochs_actual": 86,
  "key": "step_d1_n2048_noise0.0_s1000_dml_relobralo",
  "timestamp": "2026-04-26T10:53:29.368188"
}