{
  "method": "baseline_rf",
  "func_type": "step",
  "dim": 5,
  "n_samples": 4096,
  "noise_level": 0.2,
  "seed": 42,
  "lambda": 1.0,
  "test_value_mse": 0.04584229210429253,
  "test_grad_mse": 591.2126246066123,
  "time_s": 2.8634190559387207,
  "key": "step_d5_n4096_noise0.2_s42_baseline_rf",
  "timestamp": "2026-04-12T01:40:20.873838"
}