{
  "method": "vanilla",
  "func_type": "step",
  "dim": 2,
  "n_samples": 256,
  "noise_level": 0.1,
  "seed": 456,
  "lambda": 1.0,
  "test_value_mse": 0.01974463799699363,
  "test_grad_mse": 1.42058185532389,
  "best_epoch": 65,
  "time_s": 4.4042580127716064,
  "n_epochs_actual": 116,
  "key": "step_d2_n256_noise0.1_s456_vanilla",
  "timestamp": "2026-04-11T10:08:08.691406"
}