{
  "method": "dml_gradnorm",
  "func_type": "step",
  "dim": 50,
  "n_samples": 4096,
  "noise_level": 0.2,
  "seed": 789,
  "lambda": 1.0,
  "test_value_mse": 3.632519727101717,
  "test_grad_mse": 0.07152299167799209,
  "best_epoch": 154,
  "time_s": 13.768843173980713,
  "n_epochs_actual": 205,
  "key": "step_d50_n4096_noise0.2_s789_dml_gradnorm",
  "timestamp": "2026-04-13T01:49:01.665722"
}