{
  "method": "baseline_gp",
  "func_type": "step",
  "dim": 1,
  "n_samples": 2048,
  "noise_level": 0.2,
  "seed": 123,
  "lambda": 1.0,
  "test_value_mse": 0.00032128632038913856,
  "test_grad_mse": 233.113111596969,
  "time_s": 134.8839819431305,
  "key": "step_d1_n2048_noise0.2_s123_baseline_gp",
  "timestamp": "2026-04-10T22:54:22.642263"
}