{
  "method": "dml_fixed",
  "func_type": "step",
  "dim": 5,
  "n_samples": 8192,
  "noise_level": 0.1,
  "seed": 42,
  "lambda": 1.0,
  "test_value_mse": 0.31940912152124307,
  "test_grad_mse": 0.10924166536161363,
  "best_epoch": 105,
  "time_s": 13.550769567489624,
  "n_epochs_actual": 156,
  "key": "step_d5_n8192_noise0.1_s42_dml_fixed",
  "timestamp": "2026-04-12T05:31:25.099682"
}