{
  "method": "dml_relobralo",
  "func_type": "step",
  "dim": 5,
  "n_samples": 8192,
  "noise_level": 0.5,
  "seed": 789,
  "lambda": 1.0,
  "test_value_mse": 0.1544304760632195,
  "test_grad_mse": 0.522062381725894,
  "best_epoch": 51,
  "time_s": 11.017024755477905,
  "n_epochs_actual": 102,
  "key": "step_d5_n8192_noise0.5_s789_dml_relobralo",
  "timestamp": "2026-04-26T11:22:29.510042"
}