{
  "method": "baseline_rf",
  "func_type": "step",
  "dim": 10,
  "n_samples": 8192,
  "noise_level": 0.0,
  "seed": 789,
  "lambda": 1.0,
  "test_value_mse": 0.20650976799902745,
  "test_grad_mse": 1884.2507260702978,
  "time_s": 6.595355987548828,
  "key": "step_d10_n8192_noise0.0_s789_baseline_rf",
  "timestamp": "2026-04-12T12:30:54.747020"
}