{
  "method": "baseline_rf",
  "func_type": "step",
  "dim": 5,
  "n_samples": 4096,
  "noise_level": 0.05,
  "seed": 789,
  "lambda": 1.0,
  "test_value_mse": 0.033468090056607135,
  "test_grad_mse": 7870.002652414877,
  "time_s": 1.1789963245391846,
  "key": "step_d5_n4096_noise0.05_s789_baseline_rf",
  "timestamp": "2026-04-12T01:12:47.817663"
}