{
  "method": "dml_fixed",
  "func_type": "step",
  "dim": 100,
  "n_samples": 8192,
  "noise_level": 0.0,
  "seed": 42,
  "lambda": 1.0,
  "test_value_mse": 5.81571254147743,
  "test_grad_mse": 0.06379039738666945,
  "best_epoch": 14,
  "time_s": 5.119105815887451,
  "n_epochs_actual": 65,
  "key": "step_d100_n8192_noise0.0_s42_dml_fixed",
  "timestamp": "2026-04-13T03:01:16.904875"
}