{
  "method": "baseline_gp",
  "func_type": "step",
  "dim": 1,
  "n_samples": 256,
  "noise_level": 0.0,
  "seed": 789,
  "lambda": 1.0,
  "test_value_mse": 0.0021016355181159322,
  "test_grad_mse": 71.645948414169,
  "time_s": 20.263396739959717,
  "key": "step_d1_n256_noise0.0_s789_baseline_gp",
  "timestamp": "2026-04-10T21:34:00.393939"
}