{
  "method": "dml_gradnorm",
  "func_type": "step",
  "dim": 5,
  "n_samples": 4096,
  "noise_level": 0.05,
  "seed": 1000,
  "lambda": 1.0,
  "test_value_mse": 0.2777703356956791,
  "test_grad_mse": 0.2971682131914613,
  "best_epoch": 99,
  "time_s": 8.22701358795166,
  "n_epochs_actual": 150,
  "key": "step_d5_n4096_noise0.05_s1000_dml_gradnorm",
  "timestamp": "2026-04-12T01:13:04.904288"
}