{
  "method": "dml_relobralo",
  "func_type": "step",
  "dim": 20,
  "n_samples": 8192,
  "noise_level": 0.1,
  "seed": 789,
  "lambda": 1.0,
  "test_value_mse": 1.0072123917750384,
  "test_grad_mse": 0.6119217381286242,
  "best_epoch": 25,
  "time_s": 7.900078058242798,
  "n_epochs_actual": 76,
  "key": "step_d20_n8192_noise0.1_s789_dml_relobralo",
  "timestamp": "2026-04-26T11:40:16.538530"
}