{
  "method": "baseline_gp",
  "func_type": "step",
  "dim": 5,
  "n_samples": 4096,
  "noise_level": 0.1,
  "seed": 123,
  "lambda": 1.0,
  "test_value_mse": 0.034226483103605286,
  "test_grad_mse": 1.6108627696799105,
  "time_s": 292.76216864585876,
  "key": "step_d5_n4096_noise0.1_s123_baseline_gp",
  "timestamp": "2026-04-12T01:24:45.537489"
}