{
  "method": "baseline_rf",
  "func_type": "step",
  "dim": 2,
  "n_samples": 256,
  "noise_level": 0.2,
  "seed": 42,
  "lambda": 1.0,
  "test_value_mse": 0.0019785339099038343,
  "test_grad_mse": 7.118533371369743e-23,
  "time_s": 0.96649169921875,
  "key": "step_d2_n256_noise0.2_s42_baseline_rf",
  "timestamp": "2026-04-11T10:09:25.335331"
}