{
  "method": "dml_fixed",
  "func_type": "step",
  "dim": 1,
  "n_samples": 256,
  "noise_level": 0.05,
  "seed": 123,
  "lambda": 1.0,
  "test_value_mse": 0.10580716327051619,
  "test_grad_mse": 0.2347227799039819,
  "best_epoch": 27,
  "time_s": 3.3619797229766846,
  "n_epochs_actual": 78,
  "key": "step_d1_n256_noise0.05_s123_dml_fixed",
  "timestamp": "2026-04-10T21:34:52.246917"
}