{
  "method": "dml_relobralo",
  "func_type": "step",
  "dim": 50,
  "n_samples": 256,
  "noise_level": 0.05,
  "seed": 456,
  "lambda": 1.0,
  "test_value_mse": 5.786178849844055,
  "test_grad_mse": 0.008187507637203648,
  "best_epoch": 12,
  "time_s": 2.3390369415283203,
  "n_epochs_actual": 63,
  "key": "step_d50_n256_noise0.05_s456_dml_relobralo",
  "timestamp": "2026-04-26T11:42:06.837720"
}