{
  "method": "dml_gradnorm",
  "func_type": "step",
  "dim": 2,
  "n_samples": 256,
  "noise_level": 0.5,
  "seed": 1000,
  "lambda": 1.0,
  "test_value_mse": 0.12202807099964938,
  "test_grad_mse": 0.20045608490646494,
  "best_epoch": 65,
  "time_s": 4.874025344848633,
  "n_epochs_actual": 116,
  "key": "step_d2_n256_noise0.5_s1000_dml_gradnorm",
  "timestamp": "2026-04-11T10:12:16.736362"
}