{
  "method": "dml_relobralo",
  "func_type": "step",
  "dim": 1,
  "n_samples": 1024,
  "noise_level": 0.05,
  "seed": 1000,
  "lambda": 1.0,
  "test_value_mse": 0.025208006600016406,
  "test_grad_mse": 0.05218269560460736,
  "best_epoch": 40,
  "time_s": 2.7624332904815674,
  "n_epochs_actual": 91,
  "key": "step_d1_n1024_noise0.05_s1000_dml_relobralo",
  "timestamp": "2026-04-26T10:52:14.169706"
}