{
  "method": "dml_relobralo",
  "func_type": "step",
  "dim": 20,
  "n_samples": 1024,
  "noise_level": 0.05,
  "seed": 42,
  "lambda": 1.0,
  "test_value_mse": 1.0512078730722842,
  "test_grad_mse": 0.21869675296141977,
  "best_epoch": 48,
  "time_s": 3.730309247970581,
  "n_epochs_actual": 99,
  "key": "step_d20_n1024_noise0.05_s42_dml_relobralo",
  "timestamp": "2026-04-26T11:34:27.571699"
}