{
  "method": "dml_relobralo",
  "func_type": "step",
  "dim": 2,
  "n_samples": 256,
  "noise_level": 0.1,
  "seed": 123,
  "lambda": 1.0,
  "test_value_mse": 0.07022505272908565,
  "test_grad_mse": 0.24893870595984302,
  "best_epoch": 40,
  "time_s": 2.4823365211486816,
  "n_epochs_actual": 91,
  "key": "step_d2_n256_noise0.1_s123_dml_relobralo",
  "timestamp": "2026-04-26T11:02:01.700392"
}