{
  "method": "dml_gradnorm",
  "func_type": "step",
  "dim": 100,
  "n_samples": 256,
  "noise_level": 0.5,
  "seed": 456,
  "lambda": 1.0,
  "test_value_mse": 8.727126916670018,
  "test_grad_mse": 0.2557725128111748,
  "best_epoch": 998,
  "time_s": 25.747650384902954,
  "n_epochs_actual": 1000,
  "key": "step_d100_n256_noise0.5_s456_dml_gradnorm",
  "timestamp": "2026-04-13T02:25:54.653954"
}