{
  "method": "vanilla",
  "func_type": "step",
  "dim": 50,
  "n_samples": 512,
  "noise_level": 0.0,
  "seed": 42,
  "lambda": 1.0,
  "test_value_mse": 3.5246505678178504,
  "test_grad_mse": 0.2938901572210057,
  "best_epoch": 33,
  "time_s": 4.203939914703369,
  "n_epochs_actual": 84,
  "key": "step_d50_n512_noise0.0_s42_vanilla",
  "timestamp": "2026-04-13T01:21:45.282960"
}