{
  "method": "baseline_gp",
  "func_type": "step",
  "dim": 10,
  "n_samples": 8192,
  "noise_level": 0.2,
  "seed": 1000,
  "lambda": 1.0,
  "test_value_mse": 0.4462026056260241,
  "test_grad_mse": 0.0,
  "time_s": 769.8779091835022,
  "key": "step_d10_n8192_noise0.2_s1000_baseline_gp",
  "timestamp": "2026-04-12T16:10:59.940515"
}