{
  "method": "dml_fixed",
  "func_type": "step",
  "dim": 2,
  "n_samples": 4096,
  "noise_level": 0.05,
  "seed": 789,
  "lambda": 1.0,
  "test_value_mse": 0.050082639203061836,
  "test_grad_mse": 0.08939283509205588,
  "best_epoch": 34,
  "time_s": 5.611758232116699,
  "n_epochs_actual": 85,
  "key": "step_d2_n4096_noise0.05_s789_dml_fixed",
  "timestamp": "2026-04-11T11:09:38.612096"
}