{
  "method": "dml_fixed",
  "func_type": "step",
  "dim": 50,
  "n_samples": 4096,
  "noise_level": 0.05,
  "seed": 42,
  "lambda": 1.0,
  "test_value_mse": 2.9404972507114775,
  "test_grad_mse": 0.08443868756743236,
  "best_epoch": 33,
  "time_s": 6.439748525619507,
  "n_epochs_actual": 84,
  "key": "step_d50_n4096_noise0.05_s42_dml_fixed",
  "timestamp": "2026-04-13T01:41:35.267125"
}