{
  "method": "dml_gradnorm",
  "func_type": "step",
  "dim": 20,
  "n_samples": 256,
  "noise_level": 0.1,
  "seed": 123,
  "lambda": 1.0,
  "test_value_mse": 1.4600195132487346,
  "test_grad_mse": 0.7651496106039666,
  "best_epoch": 998,
  "time_s": 29.1115620136261,
  "n_epochs_actual": 1000,
  "key": "step_d20_n256_noise0.1_s123_dml_gradnorm",
  "timestamp": "2026-04-12T17:33:15.442600"
}