{
  "method": "dml_fixed",
  "func_type": "step",
  "dim": 20,
  "n_samples": 1024,
  "noise_level": 0.5,
  "seed": 123,
  "lambda": 1.0,
  "test_value_mse": 1.3868294409754467,
  "test_grad_mse": 0.148182794256876,
  "best_epoch": 56,
  "time_s": 3.106910467147827,
  "n_epochs_actual": 107,
  "key": "step_d20_n1024_noise0.5_s123_dml_fixed",
  "timestamp": "2026-04-12T18:03:31.493939"
}