{
  "method": "dml_relobralo",
  "func_type": "step",
  "dim": 2,
  "n_samples": 512,
  "noise_level": 0.0,
  "seed": 1000,
  "lambda": 1.0,
  "test_value_mse": 0.11628754266973852,
  "test_grad_mse": 0.3258444639232036,
  "best_epoch": 65,
  "time_s": 3.105048418045044,
  "n_epochs_actual": 116,
  "key": "step_d2_n512_noise0.0_s1000_dml_relobralo",
  "timestamp": "2026-04-26T11:02:51.328571"
}