{
  "method": "dml_gradnorm",
  "func_type": "step",
  "dim": 5,
  "n_samples": 1024,
  "noise_level": 0.2,
  "seed": 123,
  "lambda": 1.0,
  "test_value_mse": 0.08729768465682783,
  "test_grad_mse": 0.42461427113015665,
  "best_epoch": 139,
  "time_s": 8.237632036209106,
  "n_epochs_actual": 190,
  "key": "step_d5_n1024_noise0.2_s123_dml_gradnorm",
  "timestamp": "2026-04-12T00:44:23.700033"
}