{
  "method": "dml_relobralo",
  "func_type": "step",
  "dim": 1,
  "n_samples": 256,
  "noise_level": 0.05,
  "seed": 789,
  "lambda": 1.0,
  "test_value_mse": 0.0254137015609961,
  "test_grad_mse": 0.002321415819434535,
  "best_epoch": 11,
  "time_s": 2.126769542694092,
  "n_epochs_actual": 62,
  "key": "step_d1_n256_noise0.05_s789_dml_relobralo",
  "timestamp": "2026-04-26T10:49:44.874171"
}