{
  "method": "dml_relobralo",
  "func_type": "step",
  "dim": 5,
  "n_samples": 512,
  "noise_level": 0.0,
  "seed": 123,
  "lambda": 1.0,
  "test_value_mse": 0.09923412048996183,
  "test_grad_mse": 0.48878492339934665,
  "best_epoch": 106,
  "time_s": 3.96612286567688,
  "n_epochs_actual": 157,
  "key": "step_d5_n512_noise0.0_s123_dml_relobralo",
  "timestamp": "2026-04-26T11:12:56.558662"
}