{
  "method": "dml_relobralo",
  "func_type": "step",
  "dim": 50,
  "n_samples": 1024,
  "noise_level": 0.1,
  "seed": 1000,
  "lambda": 1.0,
  "test_value_mse": 3.0252512657223476,
  "test_grad_mse": 0.36667134757646097,
  "best_epoch": 29,
  "time_s": 2.6479549407958984,
  "n_epochs_actual": 80,
  "key": "step_d50_n1024_noise0.1_s1000_dml_relobralo",
  "timestamp": "2026-04-26T11:43:28.133435"
}