{
  "method": "dml_fixed",
  "func_type": "step",
  "dim": 2,
  "n_samples": 1024,
  "noise_level": 0.1,
  "seed": 42,
  "lambda": 1.0,
  "test_value_mse": 0.11164621298578288,
  "test_grad_mse": 0.14256191385312608,
  "best_epoch": 41,
  "time_s": 4.495943307876587,
  "n_epochs_actual": 92,
  "key": "step_d2_n1024_noise0.1_s42_dml_fixed",
  "timestamp": "2026-04-11T10:20:29.750052"
}