{
  "method": "vanilla",
  "func_type": "step",
  "dim": 50,
  "n_samples": 1024,
  "noise_level": 0.1,
  "seed": 456,
  "lambda": 1.0,
  "test_value_mse": 3.0193691865665286,
  "test_grad_mse": 0.2479737917742658,
  "best_epoch": 38,
  "time_s": 4.550069570541382,
  "n_epochs_actual": 89,
  "key": "step_d50_n1024_noise0.1_s456_vanilla",
  "timestamp": "2026-04-13T01:30:39.704888"
}