{
  "method": "dml_gradnorm",
  "func_type": "step",
  "dim": 5,
  "n_samples": 8192,
  "noise_level": 0.2,
  "seed": 456,
  "lambda": 1.0,
  "test_value_mse": 0.31675056104286325,
  "test_grad_mse": 0.061657623369688816,
  "best_epoch": 190,
  "time_s": 30.006959676742554,
  "n_epochs_actual": 241,
  "key": "step_d5_n8192_noise0.2_s456_dml_gradnorm",
  "timestamp": "2026-04-12T07:26:34.644624"
}