{
  "method": "vanilla",
  "func_type": "step",
  "dim": 2,
  "n_samples": 4096,
  "noise_level": 0.2,
  "seed": 789,
  "lambda": 1.0,
  "test_value_mse": 0.00598794152651655,
  "test_grad_mse": 12.804786360933468,
  "best_epoch": 146,
  "time_s": 9.527697324752808,
  "n_epochs_actual": 197,
  "key": "step_d2_n4096_noise0.2_s789_vanilla",
  "timestamp": "2026-04-11T12:22:21.529587"
}