{
  "method": "dml_gradnorm",
  "func_type": "step",
  "dim": 10,
  "n_samples": 8192,
  "noise_level": 0.5,
  "seed": 42,
  "lambda": 1.0,
  "test_value_mse": 0.6488207406759334,
  "test_grad_mse": 0.03141313167597904,
  "best_epoch": 113,
  "time_s": 26.39881157875061,
  "n_epochs_actual": 164,
  "key": "step_d10_n8192_noise0.5_s42_dml_gradnorm",
  "timestamp": "2026-04-12T16:12:04.433204"
}