{
  "method": "dml_relobralo",
  "func_type": "step",
  "dim": 10,
  "n_samples": 256,
  "noise_level": 0.1,
  "seed": 1000,
  "lambda": 1.0,
  "test_value_mse": 0.3166538807837088,
  "test_grad_mse": 0.11813649211452831,
  "best_epoch": 24,
  "time_s": 2.253971576690674,
  "n_epochs_actual": 75,
  "key": "step_d10_n256_noise0.1_s1000_dml_relobralo",
  "timestamp": "2026-04-26T11:23:05.865554"
}