{
  "method": "dml_gradnorm",
  "func_type": "step",
  "dim": 20,
  "n_samples": 1024,
  "noise_level": 0.5,
  "seed": 456,
  "lambda": 1.0,
  "test_value_mse": 1.2128995592124072,
  "test_grad_mse": 0.7976272092136073,
  "best_epoch": 493,
  "time_s": 17.22274684906006,
  "n_epochs_actual": 544,
  "key": "step_d20_n1024_noise0.5_s456_dml_gradnorm",
  "timestamp": "2026-04-12T18:04:47.536714"
}