{
  "method": "dml_gradnorm",
  "func_type": "step",
  "dim": 10,
  "n_samples": 8192,
  "noise_level": 0.1,
  "seed": 456,
  "lambda": 1.0,
  "test_value_mse": 0.7580447911176234,
  "test_grad_mse": 0.02450457377036361,
  "best_epoch": 210,
  "time_s": 24.421565771102905,
  "n_epochs_actual": 261,
  "key": "step_d10_n8192_noise0.1_s456_dml_gradnorm",
  "timestamp": "2026-04-12T14:03:55.762014"
}