{
  "method": "dml_gradnorm",
  "func_type": "step",
  "dim": 100,
  "n_samples": 8192,
  "noise_level": 0.2,
  "seed": 123,
  "lambda": 1.0,
  "test_value_mse": 6.543624229244208,
  "test_grad_mse": 0.11164864695118783,
  "best_epoch": 86,
  "time_s": 25.547436237335205,
  "n_epochs_actual": 137,
  "key": "step_d100_n8192_noise0.2_s123_dml_gradnorm",
  "timestamp": "2026-04-13T03:13:49.932313"
}