{
  "method": "baseline_gp",
  "func_type": "step",
  "dim": 5,
  "n_samples": 8192,
  "noise_level": 0.2,
  "seed": 1000,
  "lambda": 1.0,
  "test_value_mse": 0.5034451841139552,
  "test_grad_mse": 0.0,
  "time_s": 557.5840411186218,
  "key": "step_d5_n8192_noise0.2_s1000_baseline_gp",
  "timestamp": "2026-04-12T08:03:41.622567"
}