{
  "method": "baseline_krr",
  "func_type": "step",
  "dim": 1,
  "n_samples": 2048,
  "noise_level": 0.05,
  "seed": 123,
  "lambda": 1.0,
  "test_value_mse": 0.03582242214038014,
  "test_grad_mse": 3.770572284927651,
  "time_s": 0.1442713737487793,
  "key": "step_d1_n2048_noise0.05_s123_baseline_krr",
  "timestamp": "2026-04-10T22:32:25.581940"
}