{
  "method": "baseline_rf",
  "func_type": "step",
  "dim": 1,
  "n_samples": 2048,
  "noise_level": 0.0,
  "seed": 789,
  "lambda": 1.0,
  "test_value_mse": 3.091263875839661e-05,
  "test_grad_mse": 4.7157392883719454e-27,
  "time_s": 0.7611875534057617,
  "key": "step_d1_n2048_noise0.0_s789_baseline_rf",
  "timestamp": "2026-04-10T22:25:36.635484"
}