{
  "method": "dml_relobralo",
  "func_type": "step",
  "dim": 100,
  "n_samples": 8192,
  "noise_level": 0.0,
  "seed": 456,
  "lambda": 1.0,
  "test_value_mse": 8.35760660173028,
  "test_grad_mse": 0.7915306067680417,
  "best_epoch": 33,
  "time_s": 9.426561832427979,
  "n_epochs_actual": 84,
  "key": "step_d100_n8192_noise0.0_s456_dml_relobralo",
  "timestamp": "2026-04-26T11:53:59.995568"
}