{
  "method": "dml_fixed",
  "func_type": "step",
  "dim": 1,
  "n_samples": 2048,
  "noise_level": 0.2,
  "seed": 456,
  "lambda": 1.0,
  "test_value_mse": 0.09715786286715648,
  "test_grad_mse": 0.20470718539202362,
  "best_epoch": 40,
  "time_s": 3.3141090869903564,
  "n_epochs_actual": 91,
  "key": "step_d1_n2048_noise0.2_s456_dml_fixed",
  "timestamp": "2026-04-10T22:54:35.592927"
}