{
  "method": "dml_gradnorm",
  "func_type": "step",
  "dim": 1,
  "n_samples": 1024,
  "noise_level": 0.05,
  "seed": 42,
  "lambda": 1.0,
  "test_value_mse": 0.06277479305990435,
  "test_grad_mse": 0.09589904496436823,
  "best_epoch": 364,
  "time_s": 12.159303188323975,
  "n_epochs_actual": 415,
  "key": "step_d1_n1024_noise0.05_s42_dml_gradnorm",
  "timestamp": "2026-04-10T21:58:13.627544"
}