{
  "method": "dml_gradnorm",
  "func_type": "step",
  "dim": 50,
  "n_samples": 1024,
  "noise_level": 0.1,
  "seed": 42,
  "lambda": 1.0,
  "test_value_mse": 2.9519486342715715,
  "test_grad_mse": 0.3157123841823066,
  "best_epoch": 999,
  "time_s": 35.484272480010986,
  "n_epochs_actual": 1000,
  "key": "step_d50_n1024_noise0.1_s42_dml_gradnorm",
  "timestamp": "2026-04-13T01:29:32.431554"
}