{
  "method": "dml_relobralo",
  "func_type": "step",
  "dim": 20,
  "n_samples": 8192,
  "noise_level": 0.5,
  "seed": 42,
  "lambda": 1.0,
  "test_value_mse": 0.8650082978227381,
  "test_grad_mse": 0.833152361851266,
  "best_epoch": 28,
  "time_s": 8.722015142440796,
  "n_epochs_actual": 79,
  "key": "step_d20_n8192_noise0.5_s42_dml_relobralo",
  "timestamp": "2026-04-26T11:41:19.443374"
}