{
  "method": "dml_fixed",
  "func_type": "step",
  "dim": 20,
  "n_samples": 1024,
  "noise_level": 0.5,
  "seed": 456,
  "lambda": 1.0,
  "test_value_mse": 0.9994208443693315,
  "test_grad_mse": 0.07125022173531184,
  "best_epoch": 45,
  "time_s": 5.0846452713012695,
  "n_epochs_actual": 96,
  "key": "step_d20_n1024_noise0.5_s456_dml_fixed",
  "timestamp": "2026-04-12T18:04:30.312864"
}