{
  "method": "dml_gradnorm",
  "func_type": "step",
  "dim": 1,
  "n_samples": 1024,
  "noise_level": 0.5,
  "seed": 456,
  "lambda": 1.0,
  "test_value_mse": 0.13027762251503266,
  "test_grad_mse": 0.01721787374829078,
  "best_epoch": 999,
  "time_s": 32.638442516326904,
  "n_epochs_actual": 1000,
  "key": "step_d1_n1024_noise0.5_s456_dml_gradnorm",
  "timestamp": "2026-04-10T22:15:05.521678"
}