{
  "method": "baseline_krr",
  "func_type": "step",
  "dim": 2,
  "n_samples": 8192,
  "noise_level": 0.0,
  "seed": 789,
  "lambda": 1.0,
  "test_value_mse": 0.027760506891627536,
  "test_grad_mse": 0.8060800620609769,
  "time_s": 5.405575513839722,
  "key": "step_d2_n8192_noise0.0_s789_baseline_krr",
  "timestamp": "2026-04-11T14:35:44.478828"
}