{
  "method": "dml_fixed",
  "func_type": "step",
  "dim": 5,
  "n_samples": 8192,
  "noise_level": 0.2,
  "seed": 1000,
  "lambda": 1.0,
  "test_value_mse": 0.2958606908269351,
  "test_grad_mse": 0.16513244055218712,
  "best_epoch": 55,
  "time_s": 7.5192790031433105,
  "n_epochs_actual": 106,
  "key": "step_d5_n8192_noise0.2_s1000_dml_fixed",
  "timestamp": "2026-04-12T07:53:50.271820"
}