{
  "method": "dml_fixed",
  "func_type": "step",
  "dim": 10,
  "n_samples": 8192,
  "noise_level": 0.05,
  "seed": 123,
  "lambda": 1.0,
  "test_value_mse": 0.5566517310646877,
  "test_grad_mse": 0.1526964450642346,
  "best_epoch": 78,
  "time_s": 7.473923444747925,
  "n_epochs_actual": 129,
  "key": "step_d10_n8192_noise0.05_s123_dml_fixed",
  "timestamp": "2026-04-12T12:52:50.059591"
}