{
  "method": "vanilla",
  "func_type": "step",
  "dim": 1,
  "n_samples": 1024,
  "noise_level": 0.0,
  "seed": 42,
  "lambda": 1.0,
  "test_value_mse": 0.000547254300201841,
  "test_grad_mse": 1.9152109291882993,
  "best_epoch": 266,
  "time_s": 9.16084909439087,
  "n_epochs_actual": 317,
  "key": "step_d1_n1024_noise0.0_s42_vanilla",
  "timestamp": "2026-04-10T21:53:41.690184"
}