{
  "method": "dml_relobralo",
  "func_type": "step",
  "dim": 50,
  "n_samples": 1024,
  "noise_level": 0.1,
  "seed": 42,
  "lambda": 1.0,
  "test_value_mse": 2.268374801177626,
  "test_grad_mse": 0.36977754696865994,
  "best_epoch": 45,
  "time_s": 3.150104522705078,
  "n_epochs_actual": 96,
  "key": "step_d50_n1024_noise0.1_s42_dml_relobralo",
  "timestamp": "2026-04-26T11:43:16.946788"
}