{
  "method": "dml_fixed",
  "func_type": "step",
  "dim": 100,
  "n_samples": 256,
  "noise_level": 0.2,
  "seed": 123,
  "lambda": 1.0,
  "test_value_mse": 6.829239862644285,
  "test_grad_mse": 0.004122867929376053,
  "best_epoch": 30,
  "time_s": 4.1288909912109375,
  "n_epochs_actual": 81,
  "key": "step_d100_n256_noise0.2_s123_dml_fixed",
  "timestamp": "2026-04-13T02:23:24.886566"
}