{
  "method": "baseline_rf",
  "func_type": "step",
  "dim": 20,
  "n_samples": 256,
  "noise_level": 0.05,
  "seed": 789,
  "lambda": 1.0,
  "test_value_mse": 0.7104886368189745,
  "test_grad_mse": 5.6225302499526424e-21,
  "time_s": 5.974123239517212,
  "key": "step_d20_n256_noise0.05_s789_baseline_rf",
  "timestamp": "2026-04-12T17:31:11.727672"
}