{
  "method": "baseline_gp",
  "func_type": "step",
  "dim": 10,
  "n_samples": 2048,
  "noise_level": 0.0,
  "seed": 456,
  "lambda": 1.0,
  "test_value_mse": 0.391195621197102,
  "test_grad_mse": 1.338084295095566,
  "time_s": 34.823517084121704,
  "key": "step_d10_n2048_noise0.0_s456_baseline_gp",
  "timestamp": "2026-04-12T10:18:40.038889"
}