{
  "method": "dml_fixed",
  "func_type": "step",
  "dim": 50,
  "n_samples": 1024,
  "noise_level": 0.1,
  "seed": 789,
  "lambda": 1.0,
  "test_value_mse": 3.333764327335055,
  "test_grad_mse": 0.08198221539995057,
  "best_epoch": 48,
  "time_s": 2.719620943069458,
  "n_epochs_actual": 99,
  "key": "step_d50_n1024_noise0.1_s789_dml_fixed",
  "timestamp": "2026-04-13T01:31:18.744645"
}