{
  "method": "dml_relobralo",
  "func_type": "step",
  "dim": 20,
  "n_samples": 8192,
  "noise_level": 0.05,
  "seed": 456,
  "lambda": 1.0,
  "test_value_mse": 1.2941554980029126,
  "test_grad_mse": 0.0045732165376951356,
  "best_epoch": 34,
  "time_s": 9.341121912002563,
  "n_epochs_actual": 85,
  "key": "step_d20_n8192_noise0.05_s456_dml_relobralo",
  "timestamp": "2026-04-26T11:39:26.690720"
}