{
  "method": "baseline_rf",
  "func_type": "step",
  "dim": 2,
  "n_samples": 256,
  "noise_level": 0.1,
  "seed": 456,
  "lambda": 1.0,
  "test_value_mse": 0.006244333584895054,
  "test_grad_mse": 114.07242454350161,
  "time_s": 0.9142303466796875,
  "key": "step_d2_n256_noise0.1_s456_baseline_rf",
  "timestamp": "2026-04-11T10:08:23.867673"
}