{
  "method": "dml_gradnorm",
  "func_type": "step",
  "dim": 10,
  "n_samples": 4096,
  "noise_level": 0.2,
  "seed": 42,
  "lambda": 1.0,
  "test_value_mse": 0.7713564157629307,
  "test_grad_mse": 0.0037749096854791733,
  "best_epoch": 177,
  "time_s": 26.5284743309021,
  "n_epochs_actual": 228,
  "key": "step_d10_n4096_noise0.2_s42_dml_gradnorm",
  "timestamp": "2026-04-12T11:01:14.011454"
}