{
  "method": "vanilla",
  "func_type": "step",
  "dim": 100,
  "n_samples": 256,
  "noise_level": 0.5,
  "seed": 456,
  "lambda": 1.0,
  "test_value_mse": 7.273394628631275,
  "test_grad_mse": 0.08680121221219689,
  "best_epoch": 13,
  "time_s": 2.0081896781921387,
  "n_epochs_actual": 64,
  "key": "step_d100_n256_noise0.5_s456_vanilla",
  "timestamp": "2026-04-13T02:25:26.722523"
}