{
  "method": "vanilla",
  "func_type": "step",
  "dim": 100,
  "n_samples": 2048,
  "noise_level": 0.0,
  "seed": 42,
  "lambda": 1.0,
  "test_value_mse": 6.239669110770573,
  "test_grad_mse": 0.3159797822156608,
  "best_epoch": 22,
  "time_s": 5.0941736698150635,
  "n_epochs_actual": 73,
  "key": "step_d100_n2048_noise0.0_s42_vanilla",
  "timestamp": "2026-04-13T02:46:21.176690"
}