{
  "method": "dml_fixed",
  "func_type": "step",
  "dim": 1,
  "n_samples": 2048,
  "noise_level": 0.0,
  "seed": 123,
  "lambda": 1.0,
  "test_value_mse": 0.0808719399449606,
  "test_grad_mse": 0.244830983173213,
  "best_epoch": 23,
  "time_s": 2.8719663619995117,
  "n_epochs_actual": 74,
  "key": "step_d1_n2048_noise0.0_s123_dml_fixed",
  "timestamp": "2026-04-10T22:19:41.821924"
}