{
  "method": "baseline_rf",
  "func_type": "step",
  "dim": 1,
  "n_samples": 1024,
  "noise_level": 0.1,
  "seed": 123,
  "lambda": 1.0,
  "test_value_mse": 4.705372645396064e-05,
  "test_grad_mse": 0.0,
  "time_s": 0.23402094841003418,
  "key": "step_d1_n1024_noise0.1_s123_baseline_rf",
  "timestamp": "2026-04-10T22:04:31.151271"
}