{
  "method": "dml_fixed",
  "func_type": "step",
  "dim": 10,
  "n_samples": 4096,
  "noise_level": 0.2,
  "seed": 456,
  "lambda": 1.0,
  "test_value_mse": 0.5489138185919418,
  "test_grad_mse": 0.1468276089990068,
  "best_epoch": 66,
  "time_s": 8.0620756149292,
  "n_epochs_actual": 117,
  "key": "step_d10_n4096_noise0.2_s456_dml_fixed",
  "timestamp": "2026-04-12T11:08:26.264373"
}