{
  "method": "baseline_rf",
  "func_type": "step",
  "dim": 2,
  "n_samples": 4096,
  "noise_level": 0.2,
  "seed": 123,
  "lambda": 1.0,
  "test_value_mse": 0.0010176493567430336,
  "test_grad_mse": 138.8721194203199,
  "time_s": 1.2990968227386475,
  "key": "step_d2_n4096_noise0.2_s123_baseline_rf",
  "timestamp": "2026-04-11T12:14:03.197829"
}