{
  "method": "baseline_krr",
  "func_type": "step",
  "dim": 1,
  "n_samples": 4096,
  "noise_level": 0.0,
  "seed": 456,
  "lambda": 1.0,
  "test_value_mse": 0.019079705950526816,
  "test_grad_mse": 5.26872048440605,
  "time_s": 0.8965718746185303,
  "key": "step_d1_n4096_noise0.0_s456_baseline_krr",
  "timestamp": "2026-04-10T23:26:44.790020"
}