{
  "method": "dml_fixed",
  "func_type": "step",
  "dim": 5,
  "n_samples": 1024,
  "noise_level": 0.5,
  "seed": 42,
  "lambda": 1.0,
  "test_value_mse": 0.3172877714452623,
  "test_grad_mse": 0.06973806670163926,
  "best_epoch": 20,
  "time_s": 2.3098177909851074,
  "n_epochs_actual": 71,
  "key": "step_d5_n1024_noise0.5_s42_dml_fixed",
  "timestamp": "2026-04-12T00:47:08.941885"
}