{
  "method": "baseline_rf",
  "func_type": "step",
  "dim": 1,
  "n_samples": 1024,
  "noise_level": 0.05,
  "seed": 1000,
  "lambda": 1.0,
  "test_value_mse": 7.134562352244761e-05,
  "test_grad_mse": 1.5618822109969652e-25,
  "time_s": 0.22203874588012695,
  "key": "step_d1_n1024_noise0.05_s1000_baseline_rf",
  "timestamp": "2026-04-10T22:02:24.397430"
}