{
  "method": "dml_fixed",
  "func_type": "step",
  "dim": 20,
  "n_samples": 256,
  "noise_level": 0.2,
  "seed": 1000,
  "lambda": 1.0,
  "test_value_mse": 1.8033444555235294,
  "test_grad_mse": 0.018453405087602633,
  "best_epoch": 18,
  "time_s": 3.7716562747955322,
  "n_epochs_actual": 69,
  "key": "step_d20_n256_noise0.2_s1000_dml_fixed",
  "timestamp": "2026-04-12T17:37:48.885749"
}