{
  "method": "baseline_krr",
  "func_type": "step",
  "dim": 20,
  "n_samples": 256,
  "noise_level": 0.5,
  "seed": 789,
  "lambda": 1.0,
  "test_value_mse": 0.7870871938741963,
  "test_grad_mse": 0.17280831688599893,
  "time_s": 0.08982968330383301,
  "key": "step_d20_n256_noise0.5_s789_baseline_krr",
  "timestamp": "2026-04-12T17:40:50.129975"
}