{
  "method": "dml_gradnorm",
  "func_type": "step",
  "dim": 20,
  "n_samples": 1024,
  "noise_level": 0.2,
  "seed": 789,
  "lambda": 1.0,
  "test_value_mse": 1.3610205544809588,
  "test_grad_mse": 0.6403869331086057,
  "best_epoch": 765,
  "time_s": 27.202752590179443,
  "n_epochs_actual": 816,
  "key": "step_d20_n1024_noise0.2_s789_dml_gradnorm",
  "timestamp": "2026-04-12T18:00:29.673270"
}