{
  "method": "baseline_gp",
  "func_type": "step",
  "dim": 1,
  "n_samples": 8192,
  "noise_level": 0.05,
  "seed": 789,
  "lambda": 1.0,
  "test_value_mse": 0.00011853416503015508,
  "test_grad_mse": 1153.3804952992025,
  "time_s": 1250.2470126152039,
  "key": "step_d1_n8192_noise0.05_s789_baseline_gp",
  "timestamp": "2026-04-11T04:37:07.133430"
}