{
  "method": "dml_relobralo",
  "func_type": "step",
  "dim": 5,
  "n_samples": 8192,
  "noise_level": 0.1,
  "seed": 456,
  "lambda": 1.0,
  "test_value_mse": 0.4319715254967089,
  "test_grad_mse": 0.0023494270823451505,
  "best_epoch": 34,
  "time_s": 9.862310409545898,
  "n_epochs_actual": 85,
  "key": "step_d5_n8192_noise0.1_s456_dml_relobralo",
  "timestamp": "2026-04-26T11:19:57.167728"
}