{
  "method": "baseline_rf",
  "func_type": "step",
  "dim": 2,
  "n_samples": 1024,
  "noise_level": 0.05,
  "seed": 42,
  "lambda": 1.0,
  "test_value_mse": 0.0002901082982585388,
  "test_grad_mse": 11.522703780198086,
  "time_s": 0.620067834854126,
  "key": "step_d2_n1024_noise0.05_s42_baseline_rf",
  "timestamp": "2026-04-11T10:15:43.715969"
}