{
  "method": "baseline_gp",
  "func_type": "step",
  "dim": 10,
  "n_samples": 512,
  "noise_level": 0.0,
  "seed": 789,
  "lambda": 1.0,
  "test_value_mse": 0.5764767955446258,
  "test_grad_mse": 0.0,
  "time_s": 2.3915505409240723,
  "key": "step_d10_n512_noise0.0_s789_baseline_gp",
  "timestamp": "2026-04-12T09:54:27.394062"
}