{
  "method": "dml_fixed",
  "func_type": "step",
  "dim": 20,
  "n_samples": 8192,
  "noise_level": 0.5,
  "seed": 789,
  "lambda": 1.0,
  "test_value_mse": 1.276851535224968,
  "test_grad_mse": 0.07674792681222094,
  "best_epoch": 30,
  "time_s": 8.67459511756897,
  "n_epochs_actual": 81,
  "key": "step_d20_n8192_noise0.5_s789_dml_fixed",
  "timestamp": "2026-04-13T00:43:29.963266"
}