{
  "method": "baseline_krr",
  "func_type": "step",
  "dim": 5,
  "n_samples": 8192,
  "noise_level": 0.2,
  "seed": 42,
  "lambda": 1.0,
  "test_value_mse": 0.261706426908419,
  "test_grad_mse": 0.8459137536979556,
  "time_s": 8.786714553833008,
  "key": "step_d5_n8192_noise0.2_s42_baseline_krr",
  "timestamp": "2026-04-12T07:02:30.798851"
}