{
  "method": "vanilla",
  "func_type": "step",
  "dim": 20,
  "n_samples": 1024,
  "noise_level": 0.5,
  "seed": 456,
  "lambda": 1.0,
  "test_value_mse": 1.1073088915087044,
  "test_grad_mse": 0.9837069169515692,
  "best_epoch": 80,
  "time_s": 5.432055234909058,
  "n_epochs_actual": 131,
  "key": "step_d20_n1024_noise0.5_s456_vanilla",
  "timestamp": "2026-04-12T18:04:25.227687"
}