{
  "method": "dml_gradnorm",
  "func_type": "step",
  "dim": 2,
  "n_samples": 256,
  "noise_level": 0.1,
  "seed": 42,
  "lambda": 1.0,
  "test_value_mse": 0.08920933054254016,
  "test_grad_mse": 0.8299071386350563,
  "best_epoch": 180,
  "time_s": 9.715204954147339,
  "n_epochs_actual": 231,
  "key": "step_d2_n256_noise0.1_s42_dml_gradnorm",
  "timestamp": "2026-04-11T10:07:37.235723"
}