{
  "method": "baseline_rf",
  "func_type": "step",
  "dim": 20,
  "n_samples": 1024,
  "noise_level": 0.1,
  "seed": 789,
  "lambda": 1.0,
  "test_value_mse": 0.9540185503448848,
  "test_grad_mse": 86.73428034366498,
  "time_s": 1.2185280323028564,
  "key": "step_d20_n1024_noise0.1_s789_baseline_rf",
  "timestamp": "2026-04-12T17:55:36.718320"
}