{
  "method": "dml_fixed",
  "func_type": "step",
  "dim": 100,
  "n_samples": 1024,
  "noise_level": 0.2,
  "seed": 789,
  "lambda": 1.0,
  "test_value_mse": 7.441414088157157,
  "test_grad_mse": 0.10432569163222806,
  "best_epoch": 71,
  "time_s": 5.719971656799316,
  "n_epochs_actual": 122,
  "key": "step_d100_n1024_noise0.2_s789_dml_fixed",
  "timestamp": "2026-04-13T02:41:09.205335"
}