{
  "method": "dml_relobralo",
  "func_type": "step",
  "dim": 1,
  "n_samples": 2048,
  "noise_level": 0.1,
  "seed": 456,
  "lambda": 1.0,
  "test_value_mse": 0.09261401328811486,
  "test_grad_mse": 0.24289941025603073,
  "best_epoch": 36,
  "time_s": 3.9506895542144775,
  "n_epochs_actual": 87,
  "key": "step_d1_n2048_noise0.1_s456_dml_relobralo",
  "timestamp": "2026-04-26T10:54:05.440091"
}