{
  "method": "dml_gradnorm",
  "func_type": "step",
  "dim": 1,
  "n_samples": 512,
  "noise_level": 0.0,
  "seed": 1000,
  "lambda": 1.0,
  "test_value_mse": 0.015274595951685786,
  "test_grad_mse": 0.022143041956625385,
  "best_epoch": 49,
  "time_s": 3.1404287815093994,
  "n_epochs_actual": 100,
  "key": "step_d1_n512_noise0.0_s1000_dml_gradnorm",
  "timestamp": "2026-04-10T21:43:52.491793"
}