{
  "method": "dml_gradnorm",
  "func_type": "step",
  "dim": 10,
  "n_samples": 2048,
  "noise_level": 0.0,
  "seed": 42,
  "lambda": 1.0,
  "test_value_mse": 0.6816832448374887,
  "test_grad_mse": 0.3845242633679629,
  "best_epoch": 332,
  "time_s": 21.411673545837402,
  "n_epochs_actual": 383,
  "key": "step_d10_n2048_noise0.0_s42_dml_gradnorm",
  "timestamp": "2026-04-12T10:15:18.056568"
}