{
  "method": "dml_gradnorm",
  "func_type": "step",
  "dim": 1,
  "n_samples": 8192,
  "noise_level": 0.0,
  "seed": 1000,
  "lambda": 1.0,
  "test_value_mse": 0.025504247003964847,
  "test_grad_mse": 0.024917860022366258,
  "best_epoch": 178,
  "time_s": 34.11436223983765,
  "n_epochs_actual": 229,
  "key": "step_d1_n8192_noise0.0_s1000_dml_gradnorm",
  "timestamp": "2026-04-11T02:47:47.926466"
}