{
  "method": "dml_relobralo",
  "func_type": "step",
  "dim": 100,
  "n_samples": 256,
  "noise_level": 0.2,
  "seed": 789,
  "lambda": 1.0,
  "test_value_mse": 6.6699420448246265,
  "test_grad_mse": 0.4093483067819055,
  "best_epoch": 44,
  "time_s": 3.2361106872558594,
  "n_epochs_actual": 95,
  "key": "step_d100_n256_noise0.2_s789_dml_relobralo",
  "timestamp": "2026-04-26T11:50:09.181180"
}