{
  "method": "dml_fixed",
  "func_type": "step",
  "dim": 5,
  "n_samples": 8192,
  "noise_level": 0.1,
  "seed": 1000,
  "lambda": 1.0,
  "test_value_mse": 0.2984267742995424,
  "test_grad_mse": 0.16080752668599327,
  "best_epoch": 82,
  "time_s": 7.422107934951782,
  "n_epochs_actual": 133,
  "key": "step_d5_n8192_noise0.1_s1000_dml_fixed",
  "timestamp": "2026-04-12T06:41:49.538085"
}