{
  "method": "dml_gradnorm",
  "func_type": "step",
  "dim": 10,
  "n_samples": 8192,
  "noise_level": 0.1,
  "seed": 789,
  "lambda": 1.0,
  "test_value_mse": 0.5528460107167906,
  "test_grad_mse": 0.04208676032620941,
  "best_epoch": 174,
  "time_s": 32.06631898880005,
  "n_epochs_actual": 225,
  "key": "step_d10_n8192_noise0.1_s789_dml_gradnorm",
  "timestamp": "2026-04-12T14:19:48.052701"
}