{
  "method": "baseline_rf",
  "func_type": "step",
  "dim": 10,
  "n_samples": 4096,
  "noise_level": 0.5,
  "seed": 42,
  "lambda": 1.0,
  "test_value_mse": 0.24925867035664065,
  "test_grad_mse": 935.6032643668004,
  "time_s": 1.1326875686645508,
  "key": "step_d10_n4096_noise0.5_s42_baseline_rf",
  "timestamp": "2026-04-12T11:21:56.159388"
}