{
  "method": "dml_gradnorm",
  "func_type": "step",
  "dim": 20,
  "n_samples": 4096,
  "noise_level": 0.5,
  "seed": 789,
  "lambda": 1.0,
  "test_value_mse": 1.5257230121681826,
  "test_grad_mse": 0.04190680982135364,
  "best_epoch": 189,
  "time_s": 18.509448289871216,
  "n_epochs_actual": 240,
  "key": "step_d20_n4096_noise0.5_s789_dml_gradnorm",
  "timestamp": "2026-04-12T19:23:17.426365"
}