{
  "method": "baseline_rf",
  "func_type": "step",
  "dim": 5,
  "n_samples": 2048,
  "noise_level": 0.0,
  "seed": 1000,
  "lambda": 1.0,
  "test_value_mse": 0.04246182637315283,
  "test_grad_mse": 3441.7708726091982,
  "time_s": 0.4719350337982178,
  "key": "step_d5_n2048_noise0.0_s1000_baseline_rf",
  "timestamp": "2026-04-12T00:56:21.232763"
}