{
  "method": "dml_fixed",
  "func_type": "step",
  "dim": 1,
  "n_samples": 512,
  "noise_level": 0.1,
  "seed": 456,
  "lambda": 1.0,
  "test_value_mse": 0.09871836880000454,
  "test_grad_mse": 0.31391952367613496,
  "best_epoch": 69,
  "time_s": 3.744492530822754,
  "n_epochs_actual": 120,
  "key": "step_d1_n512_noise0.1_s456_dml_fixed",
  "timestamp": "2026-04-10T21:47:19.163043"
}