{
  "method": "dml_gradnorm",
  "func_type": "step",
  "dim": 2,
  "n_samples": 1024,
  "noise_level": 0.2,
  "seed": 42,
  "lambda": 1.0,
  "test_value_mse": 0.12046253570136958,
  "test_grad_mse": 0.10990459932528113,
  "best_epoch": 329,
  "time_s": 13.251349449157715,
  "n_epochs_actual": 380,
  "key": "step_d2_n1024_noise0.2_s42_dml_gradnorm",
  "timestamp": "2026-04-11T10:25:17.975741"
}