{
  "method": "dml_fixed",
  "func_type": "step",
  "dim": 100,
  "n_samples": 4096,
  "noise_level": 0.1,
  "seed": 789,
  "lambda": 1.0,
  "test_value_mse": 6.798358192520811,
  "test_grad_mse": 0.05726100648187004,
  "best_epoch": 17,
  "time_s": 3.3246829509735107,
  "n_epochs_actual": 68,
  "key": "step_d100_n4096_noise0.1_s789_dml_fixed",
  "timestamp": "2026-04-13T02:54:32.728319"
}