{
  "method": "vanilla",
  "func_type": "step",
  "dim": 20,
  "n_samples": 1024,
  "noise_level": 0.1,
  "seed": 123,
  "lambda": 1.0,
  "test_value_mse": 1.2241825242695272,
  "test_grad_mse": 0.5994888637128906,
  "best_epoch": 41,
  "time_s": 4.991806745529175,
  "n_epochs_actual": 92,
  "key": "step_d20_n1024_noise0.1_s123_vanilla",
  "timestamp": "2026-04-12T17:52:39.461697"
}