{
  "method": "baseline_gp",
  "func_type": "step",
  "dim": 10,
  "n_samples": 1024,
  "noise_level": 0.5,
  "seed": 456,
  "lambda": 1.0,
  "test_value_mse": 0.44017840333485153,
  "test_grad_mse": 1.1965922662747177,
  "time_s": 26.830084800720215,
  "key": "step_d10_n1024_noise0.5_s456_baseline_gp",
  "timestamp": "2026-04-12T10:12:22.555487"
}