{
  "method": "dml_gradnorm",
  "func_type": "step",
  "dim": 10,
  "n_samples": 256,
  "noise_level": 0.05,
  "seed": 1000,
  "lambda": 1.0,
  "test_value_mse": 0.38415711382349205,
  "test_grad_mse": 0.46219258956758624,
  "best_epoch": 235,
  "time_s": 8.956156015396118,
  "n_epochs_actual": 286,
  "key": "step_d10_n256_noise0.05_s1000_dml_gradnorm",
  "timestamp": "2026-04-12T09:46:09.015658"
}