{
  "method": "dml_relobralo",
  "func_type": "step",
  "dim": 100,
  "n_samples": 1024,
  "noise_level": 0.05,
  "seed": 789,
  "lambda": 1.0,
  "test_value_mse": 7.0933013364010655,
  "test_grad_mse": 0.3118770780021725,
  "best_epoch": 24,
  "time_s": 2.792349338531494,
  "n_epochs_actual": 75,
  "key": "step_d100_n1024_noise0.05_s789_dml_relobralo",
  "timestamp": "2026-04-26T11:50:49.873520"
}