{
  "method": "dml_relobralo",
  "func_type": "step",
  "dim": 100,
  "n_samples": 1024,
  "noise_level": 0.2,
  "seed": 789,
  "lambda": 1.0,
  "test_value_mse": 7.113090861799923,
  "test_grad_mse": 0.30705580758682127,
  "best_epoch": 24,
  "time_s": 2.76334285736084,
  "n_epochs_actual": 75,
  "key": "step_d100_n1024_noise0.2_s789_dml_relobralo",
  "timestamp": "2026-04-26T11:51:19.200564"
}