{
  "method": "dml_fixed",
  "func_type": "step",
  "dim": 100,
  "n_samples": 4096,
  "noise_level": 0.1,
  "seed": 1000,
  "lambda": 1.0,
  "test_value_mse": 6.094957484748228,
  "test_grad_mse": 0.07604780228321717,
  "best_epoch": 27,
  "time_s": 5.890301704406738,
  "n_epochs_actual": 78,
  "key": "step_d100_n4096_noise0.1_s1000_dml_fixed",
  "timestamp": "2026-04-13T02:55:05.533940"
}