{
  "method": "dml_gradnorm",
  "func_type": "step",
  "dim": 10,
  "n_samples": 256,
  "noise_level": 0.2,
  "seed": 456,
  "lambda": 1.0,
  "test_value_mse": 0.5155698572179914,
  "test_grad_mse": 0.31387875447871216,
  "best_epoch": 29,
  "time_s": 4.650463342666626,
  "n_epochs_actual": 80,
  "key": "step_d10_n256_noise0.2_s456_dml_gradnorm",
  "timestamp": "2026-04-12T09:48:55.933691"
}