{
  "method": "dml_relobralo",
  "func_type": "step",
  "dim": 1,
  "n_samples": 2048,
  "noise_level": 0.1,
  "seed": 123,
  "lambda": 1.0,
  "test_value_mse": 0.07949582596933509,
  "test_grad_mse": 0.2616201566935342,
  "best_epoch": 57,
  "time_s": 4.810513257980347,
  "n_epochs_actual": 108,
  "key": "step_d1_n2048_noise0.1_s123_dml_relobralo",
  "timestamp": "2026-04-26T10:54:01.483147"
}