{
  "method": "dml_relobralo",
  "func_type": "step",
  "dim": 50,
  "n_samples": 8192,
  "noise_level": 0.05,
  "seed": 123,
  "lambda": 1.0,
  "test_value_mse": 2.719680008349805,
  "test_grad_mse": 0.4200380818952723,
  "best_epoch": 16,
  "time_s": 6.7211384773254395,
  "n_epochs_actual": 67,
  "key": "step_d50_n8192_noise0.05_s123_dml_relobralo",
  "timestamp": "2026-04-26T11:46:58.516686"
}