{
  "method": "dml_gradnorm",
  "func_type": "step",
  "dim": 10,
  "n_samples": 4096,
  "noise_level": 0.05,
  "seed": 456,
  "lambda": 1.0,
  "test_value_mse": 0.5956120894331683,
  "test_grad_mse": 0.1623973119277123,
  "best_epoch": 180,
  "time_s": 23.855507850646973,
  "n_epochs_actual": 231,
  "key": "step_d10_n4096_noise0.05_s456_dml_gradnorm",
  "timestamp": "2026-04-12T10:31:52.816315"
}