{
  "method": "dml_fixed",
  "func_type": "step",
  "dim": 2,
  "n_samples": 1024,
  "noise_level": 0.2,
  "seed": 123,
  "lambda": 1.0,
  "test_value_mse": 0.06541588522893056,
  "test_grad_mse": 0.12183411300321625,
  "best_epoch": 51,
  "time_s": 4.213665246963501,
  "n_epochs_actual": 102,
  "key": "step_d2_n1024_noise0.2_s123_dml_fixed",
  "timestamp": "2026-04-11T10:26:28.520350"
}