{
  "method": "baseline_krr",
  "func_type": "step",
  "dim": 2,
  "n_samples": 4096,
  "noise_level": 0.5,
  "seed": 1000,
  "lambda": 1.0,
  "test_value_mse": 0.06592256488771807,
  "test_grad_mse": 2.4588555681006246,
  "time_s": 1.4749813079833984,
  "key": "step_d2_n4096_noise0.5_s1000_baseline_krr",
  "timestamp": "2026-04-11T13:06:31.566039"
}