{
  "method": "dml_fixed",
  "func_type": "step",
  "dim": 20,
  "n_samples": 1024,
  "noise_level": 0.05,
  "seed": 789,
  "lambda": 1.0,
  "test_value_mse": 1.144468240060002,
  "test_grad_mse": 0.09379311746187033,
  "best_epoch": 49,
  "time_s": 5.298717975616455,
  "n_epochs_actual": 100,
  "key": "step_d20_n1024_noise0.05_s789_dml_fixed",
  "timestamp": "2026-04-12T17:49:08.177623"
}