{
  "method": "baseline_gp",
  "func_type": "step",
  "dim": 1,
  "n_samples": 512,
  "noise_level": 0.0,
  "seed": 42,
  "lambda": 1.0,
  "test_value_mse": 0.0021946245652976156,
  "test_grad_mse": 137.9612984893374,
  "time_s": 6.84186315536499,
  "key": "step_d1_n512_noise0.0_s42_baseline_gp",
  "timestamp": "2026-04-10T21:42:18.424470"
}