{
  "method": "dml_gradnorm",
  "func_type": "step",
  "dim": 50,
  "n_samples": 8192,
  "noise_level": 0.2,
  "seed": 42,
  "lambda": 1.0,
  "test_value_mse": 3.419574992784227,
  "test_grad_mse": 0.06331484889235511,
  "best_epoch": 208,
  "time_s": 30.84477996826172,
  "n_epochs_actual": 259,
  "key": "step_d50_n8192_noise0.2_s42_dml_gradnorm",
  "timestamp": "2026-04-13T02:11:19.154838"
}