{
  "method": "dml_relobralo",
  "func_type": "step",
  "dim": 5,
  "n_samples": 512,
  "noise_level": 0.0,
  "seed": 789,
  "lambda": 1.0,
  "test_value_mse": 0.16795946842952217,
  "test_grad_mse": 0.3456163081848204,
  "best_epoch": 43,
  "time_s": 2.68803071975708,
  "n_epochs_actual": 94,
  "key": "step_d5_n512_noise0.0_s789_dml_relobralo",
  "timestamp": "2026-04-26T11:13:01.952583"
}