{
  "method": "dml_relobralo",
  "func_type": "step",
  "dim": 20,
  "n_samples": 256,
  "noise_level": 0.1,
  "seed": 456,
  "lambda": 1.0,
  "test_value_mse": 1.2452617988783727,
  "test_grad_mse": 0.14630099242844216,
  "best_epoch": 21,
  "time_s": 2.2923593521118164,
  "n_epochs_actual": 72,
  "key": "step_d20_n256_noise0.1_s456_dml_relobralo",
  "timestamp": "2026-04-26T11:33:39.575712"
}