{
  "method": "vanilla",
  "func_type": "step",
  "dim": 5,
  "n_samples": 1024,
  "noise_level": 0.2,
  "seed": 789,
  "lambda": 1.0,
  "test_value_mse": 0.20541834050996385,
  "test_grad_mse": 1.481914769785229,
  "best_epoch": 103,
  "time_s": 5.731767654418945,
  "n_epochs_actual": 154,
  "key": "step_d5_n1024_noise0.2_s789_vanilla",
  "timestamp": "2026-04-12T00:46:22.500771"
}