{
  "method": "baseline_rf",
  "func_type": "step",
  "dim": 5,
  "n_samples": 256,
  "noise_level": 0.5,
  "seed": 456,
  "lambda": 1.0,
  "test_value_mse": 0.2133269997904253,
  "test_grad_mse": 6.632310134640596e-22,
  "time_s": 0.393146276473999,
  "key": "step_d5_n256_noise0.5_s456_baseline_rf",
  "timestamp": "2026-04-12T00:34:24.165692"
}