{
  "method": "dml_fixed",
  "func_type": "step",
  "dim": 10,
  "n_samples": 1024,
  "noise_level": 0.05,
  "seed": 456,
  "lambda": 1.0,
  "test_value_mse": 0.6206264150859495,
  "test_grad_mse": 0.12391074795841633,
  "best_epoch": 43,
  "time_s": 4.550640344619751,
  "n_epochs_actual": 94,
  "key": "step_d10_n1024_noise0.05_s456_dml_fixed",
  "timestamp": "2026-04-12T09:57:00.883430"
}