{
  "method": "baseline_krr",
  "func_type": "step",
  "dim": 1,
  "n_samples": 4096,
  "noise_level": 0.1,
  "seed": 456,
  "lambda": 1.0,
  "test_value_mse": 0.019079705950526816,
  "test_grad_mse": 5.26872048440605,
  "time_s": 1.1376941204071045,
  "key": "step_d1_n4096_noise0.1_s456_baseline_krr",
  "timestamp": "2026-04-11T00:19:40.898022"
}