{
  "method": "baseline_rf",
  "func_type": "step",
  "dim": 20,
  "n_samples": 512,
  "noise_level": 0.0,
  "seed": 789,
  "lambda": 1.0,
  "test_value_mse": 0.9427193016018249,
  "test_grad_mse": 15.52237260161142,
  "time_s": 6.268880128860474,
  "key": "step_d20_n512_noise0.0_s789_baseline_rf",
  "timestamp": "2026-04-12T17:44:42.599381"
}