{
  "method": "baseline_gp",
  "func_type": "step",
  "dim": 20,
  "n_samples": 8192,
  "noise_level": 0.0,
  "seed": 1000,
  "lambda": 1.0,
  "test_value_mse": 1.8360892900544685,
  "test_grad_mse": 0.0,
  "time_s": 537.033540725708,
  "key": "step_d20_n8192_noise0.0_s1000_baseline_gp",
  "timestamp": "2026-04-12T20:35:11.073315"
}