{
  "method": "baseline_krr",
  "func_type": "step",
  "dim": 2,
  "n_samples": 8192,
  "noise_level": 0.0,
  "seed": 42,
  "lambda": 1.0,
  "test_value_mse": 0.07458549019741462,
  "test_grad_mse": 2.0101489787492497,
  "time_s": 4.72283411026001,
  "key": "step_d2_n8192_noise0.0_s42_baseline_krr",
  "timestamp": "2026-04-11T13:22:38.215481"
}