{
  "method": "vanilla",
  "func_type": "step",
  "dim": 2,
  "n_samples": 8192,
  "noise_level": 0.5,
  "seed": 42,
  "lambda": 1.0,
  "test_value_mse": 0.0017741988120805465,
  "test_grad_mse": 66.02680702185275,
  "best_epoch": 419,
  "time_s": 29.253974676132202,
  "n_epochs_actual": 470,
  "key": "step_d2_n8192_noise0.5_s42_vanilla",
  "timestamp": "2026-04-11T22:22:44.411048"
}