{
  "method": "baseline_krr",
  "func_type": "step",
  "dim": 1,
  "n_samples": 4096,
  "noise_level": 0.0,
  "seed": 789,
  "lambda": 1.0,
  "test_value_mse": 0.044608325875686056,
  "test_grad_mse": 0.5363358755444402,
  "time_s": 0.36520862579345703,
  "key": "step_d1_n4096_noise0.0_s789_baseline_krr",
  "timestamp": "2026-04-10T23:33:11.295053"
}