{
  "method": "baseline_gp",
  "func_type": "step",
  "dim": 10,
  "n_samples": 1024,
  "noise_level": 0.05,
  "seed": 42,
  "lambda": 1.0,
  "test_value_mse": 0.7391511446210011,
  "test_grad_mse": 0.0,
  "time_s": 27.724926471710205,
  "key": "step_d10_n1024_noise0.05_s42_baseline_gp",
  "timestamp": "2026-04-12T09:56:06.713955"
}