{
  "method": "dml_gradnorm",
  "func_type": "step",
  "dim": 50,
  "n_samples": 8192,
  "noise_level": 0.05,
  "seed": 1000,
  "lambda": 1.0,
  "test_value_mse": 3.387639695002655,
  "test_grad_mse": 0.10486502780003149,
  "best_epoch": 320,
  "time_s": 57.29746460914612,
  "n_epochs_actual": 371,
  "key": "step_d50_n8192_noise0.05_s1000_dml_gradnorm",
  "timestamp": "2026-04-13T02:04:51.538131"
}