{
  "method": "dml_relobralo",
  "func_type": "step",
  "dim": 100,
  "n_samples": 1024,
  "noise_level": 0.5,
  "seed": 123,
  "lambda": 1.0,
  "test_value_mse": 5.685740039281054,
  "test_grad_mse": 0.2669261242096402,
  "best_epoch": 24,
  "time_s": 2.8203673362731934,
  "n_epochs_actual": 75,
  "key": "step_d100_n1024_noise0.5_s123_dml_relobralo",
  "timestamp": "2026-04-26T11:51:28.236123"
}