{
  "method": "dml_gradnorm",
  "func_type": "step",
  "dim": 10,
  "n_samples": 8192,
  "noise_level": 0.05,
  "seed": 42,
  "lambda": 1.0,
  "test_value_mse": 0.5543791950401173,
  "test_grad_mse": 0.2001537856840256,
  "best_epoch": 203,
  "time_s": 30.18295192718506,
  "n_epochs_actual": 254,
  "key": "step_d10_n8192_noise0.05_s42_dml_gradnorm",
  "timestamp": "2026-04-12T12:43:07.580014"
}