{
  "method": "vanilla",
  "func_type": "step",
  "dim": 50,
  "n_samples": 1024,
  "noise_level": 0.2,
  "seed": 42,
  "lambda": 1.0,
  "test_value_mse": 2.2894679528572515,
  "test_grad_mse": 0.2605118191248723,
  "best_epoch": 27,
  "time_s": 4.872259855270386,
  "n_epochs_actual": 78,
  "key": "step_d50_n1024_noise0.2_s42_vanilla",
  "timestamp": "2026-04-13T01:32:06.814391"
}