{
  "method": "dml_gradnorm",
  "func_type": "step",
  "dim": 10,
  "n_samples": 4096,
  "noise_level": 0.1,
  "seed": 42,
  "lambda": 1.0,
  "test_value_mse": 0.7215604299366903,
  "test_grad_mse": 0.01273411167885264,
  "best_epoch": 155,
  "time_s": 17.578279733657837,
  "n_epochs_actual": 206,
  "key": "step_d10_n4096_noise0.1_s42_dml_gradnorm",
  "timestamp": "2026-04-12T10:43:18.899709"
}