{
  "method": "baseline_gp",
  "func_type": "step",
  "dim": 10,
  "n_samples": 2048,
  "noise_level": 0.0,
  "seed": 42,
  "lambda": 1.0,
  "test_value_mse": 0.8711118641685681,
  "test_grad_mse": 0.0,
  "time_s": 41.75541973114014,
  "key": "step_d10_n2048_noise0.0_s42_baseline_gp",
  "timestamp": "2026-04-12T10:16:05.162924"
}