{
  "method": "vanilla",
  "func_type": "step",
  "dim": 10,
  "n_samples": 8192,
  "noise_level": 0.05,
  "seed": 123,
  "lambda": 1.0,
  "test_value_mse": 0.2715529321635811,
  "test_grad_mse": 4.546489014598666,
  "best_epoch": 98,
  "time_s": 7.468873977661133,
  "n_epochs_actual": 149,
  "key": "step_d10_n8192_noise0.05_s123_vanilla",
  "timestamp": "2026-04-12T12:52:42.585211"
}