{
  "method": "dml_relobralo",
  "func_type": "step",
  "dim": 50,
  "n_samples": 512,
  "noise_level": 0.0,
  "seed": 1000,
  "lambda": 1.0,
  "test_value_mse": 3.73190459041733,
  "test_grad_mse": 0.5692217531984494,
  "best_epoch": 38,
  "time_s": 2.5891408920288086,
  "n_epochs_actual": 89,
  "key": "step_d50_n512_noise0.0_s1000_dml_relobralo",
  "timestamp": "2026-04-26T11:42:59.891028"
}