{
  "method": "dml_relobralo",
  "func_type": "step",
  "dim": 1,
  "n_samples": 4096,
  "noise_level": 0.5,
  "seed": 1000,
  "lambda": 1.0,
  "test_value_mse": 0.034119151275364426,
  "test_grad_mse": 0.0006289553291514764,
  "best_epoch": 76,
  "time_s": 7.136813163757324,
  "n_epochs_actual": 127,
  "key": "step_d1_n4096_noise0.5_s1000_dml_relobralo",
  "timestamp": "2026-04-26T10:58:10.460847"
}