{
  "method": "dml_fixed",
  "func_type": "step",
  "dim": 2,
  "n_samples": 256,
  "noise_level": 0.5,
  "seed": 123,
  "lambda": 1.0,
  "test_value_mse": 0.08294959885825127,
  "test_grad_mse": 0.096044756693795,
  "best_epoch": 32,
  "time_s": 3.541647434234619,
  "n_epochs_actual": 83,
  "key": "step_d2_n256_noise0.5_s123_dml_fixed",
  "timestamp": "2026-04-11T10:11:12.340493"
}