{
  "method": "dml_relobralo",
  "func_type": "step",
  "dim": 100,
  "n_samples": 1024,
  "noise_level": 0.5,
  "seed": 42,
  "lambda": 1.0,
  "test_value_mse": 5.665479237609464,
  "test_grad_mse": 0.13923798200912962,
  "best_epoch": 33,
  "time_s": 2.905902147293091,
  "n_epochs_actual": 84,
  "key": "step_d100_n1024_noise0.5_s42_dml_relobralo",
  "timestamp": "2026-04-26T11:51:25.205324"
}