{
  "method": "dml_gradnorm",
  "func_type": "step",
  "dim": 1,
  "n_samples": 4096,
  "noise_level": 0.05,
  "seed": 1000,
  "lambda": 1.0,
  "test_value_mse": 0.025380836269903166,
  "test_grad_mse": 0.02869896152221845,
  "best_epoch": 16,
  "time_s": 9.01002025604248,
  "n_epochs_actual": 67,
  "key": "step_d1_n4096_noise0.05_s1000_dml_gradnorm",
  "timestamp": "2026-04-11T00:00:24.240813"
}