{
  "method": "baseline_gp",
  "func_type": "step",
  "dim": 5,
  "n_samples": 4096,
  "noise_level": 0.2,
  "seed": 1000,
  "lambda": 1.0,
  "test_value_mse": 0.543547857565461,
  "test_grad_mse": 0.0,
  "time_s": 217.73918986320496,
  "key": "step_d5_n4096_noise0.2_s1000_baseline_gp",
  "timestamp": "2026-04-12T02:03:48.232134"
}