{
  "method": "dml_gradnorm",
  "func_type": "step",
  "dim": 10,
  "n_samples": 1024,
  "noise_level": 0.1,
  "seed": 42,
  "lambda": 1.0,
  "test_value_mse": 0.5264816451445881,
  "test_grad_mse": 0.6124246440751412,
  "best_epoch": 181,
  "time_s": 8.456990480422974,
  "n_epochs_actual": 232,
  "key": "step_d10_n1024_noise0.1_s42_dml_gradnorm",
  "timestamp": "2026-04-12T09:59:44.437422"
}