{
  "method": "baseline_rf",
  "func_type": "step",
  "dim": 5,
  "n_samples": 256,
  "noise_level": 0.5,
  "seed": 123,
  "lambda": 1.0,
  "test_value_mse": 0.08816497957787811,
  "test_grad_mse": 3.7594152514438834e-22,
  "time_s": 0.3981587886810303,
  "key": "step_d5_n256_noise0.5_s123_baseline_rf",
  "timestamp": "2026-04-12T00:34:15.293500"
}