{
  "method": "baseline_rf",
  "func_type": "step",
  "dim": 5,
  "n_samples": 256,
  "noise_level": 0.2,
  "seed": 456,
  "lambda": 1.0,
  "test_value_mse": 0.2133269997904254,
  "test_grad_mse": 4.973047413322362e-22,
  "time_s": 0.4003281593322754,
  "key": "step_d5_n256_noise0.2_s456_baseline_rf",
  "timestamp": "2026-04-12T00:32:58.458593"
}