{
  "method": "dml_gradnorm",
  "func_type": "step",
  "dim": 1,
  "n_samples": 8192,
  "noise_level": 0.05,
  "seed": 456,
  "lambda": 1.0,
  "test_value_mse": 0.10090588075095622,
  "test_grad_mse": 0.10034284038431558,
  "best_epoch": 159,
  "time_s": 30.25479817390442,
  "n_epochs_actual": 210,
  "key": "step_d1_n8192_noise0.05_s456_dml_gradnorm",
  "timestamp": "2026-04-11T03:47:20.475996"
}