{
  "method": "dml_relobralo",
  "func_type": "step",
  "dim": 50,
  "n_samples": 2048,
  "noise_level": 0.0,
  "seed": 42,
  "lambda": 1.0,
  "test_value_mse": 3.2559476793716353,
  "test_grad_mse": 0.16197953675852442,
  "best_epoch": 16,
  "time_s": 3.5520412921905518,
  "n_epochs_actual": 67,
  "key": "step_d50_n2048_noise0.0_s42_dml_relobralo",
  "timestamp": "2026-04-26T11:44:01.556201"
}