{
  "method": "dml_relobralo",
  "func_type": "step",
  "dim": 50,
  "n_samples": 1024,
  "noise_level": 0.5,
  "seed": 1000,
  "lambda": 1.0,
  "test_value_mse": 3.025619252334539,
  "test_grad_mse": 0.3667779903944776,
  "best_epoch": 29,
  "time_s": 2.9278831481933594,
  "n_epochs_actual": 80,
  "key": "step_d50_n1024_noise0.5_s1000_dml_relobralo",
  "timestamp": "2026-04-26T11:43:57.531556"
}