{
  "method": "baseline_gp",
  "func_type": "step",
  "dim": 10,
  "n_samples": 8192,
  "noise_level": 0.0,
  "seed": 456,
  "lambda": 1.0,
  "test_value_mse": 0.30021596604466055,
  "test_grad_mse": 2.2426460865835516,
  "time_s": 764.6549806594849,
  "key": "step_d10_n8192_noise0.0_s456_baseline_gp",
  "timestamp": "2026-04-12T12:18:45.643708"
}