{
  "method": "baseline_rf",
  "func_type": "step",
  "dim": 20,
  "n_samples": 2048,
  "noise_level": 0.0,
  "seed": 123,
  "lambda": 1.0,
  "test_value_mse": 1.02439733194709,
  "test_grad_mse": 192.45211890460274,
  "time_s": 6.8213441371917725,
  "key": "step_d20_n2048_noise0.0_s123_baseline_rf",
  "timestamp": "2026-04-12T18:09:28.211520"
}