{
  "method": "dml_gradnorm",
  "func_type": "step",
  "dim": 1,
  "n_samples": 512,
  "noise_level": 0.1,
  "seed": 456,
  "lambda": 1.0,
  "test_value_mse": 0.11099635207761117,
  "test_grad_mse": 0.17479862390684597,
  "best_epoch": 41,
  "time_s": 5.068690776824951,
  "n_epochs_actual": 92,
  "key": "step_d1_n512_noise0.1_s456_dml_gradnorm",
  "timestamp": "2026-04-10T21:47:24.232257"
}