{
  "method": "dml_fixed",
  "func_type": "step",
  "dim": 2,
  "n_samples": 2048,
  "noise_level": 0.0,
  "seed": 123,
  "lambda": 1.0,
  "test_value_mse": 0.06798753522823363,
  "test_grad_mse": 0.12061326930105269,
  "best_epoch": 30,
  "time_s": 4.775697946548462,
  "n_epochs_actual": 81,
  "key": "step_d2_n2048_noise0.0_s123_dml_fixed",
  "timestamp": "2026-04-11T10:37:23.748383"
}