{
  "method": "baseline_krr",
  "func_type": "step",
  "dim": 20,
  "n_samples": 1024,
  "noise_level": 0.05,
  "seed": 789,
  "lambda": 1.0,
  "test_value_mse": 1.046553748980661,
  "test_grad_mse": 0.2793795780892616,
  "time_s": 2.6549062728881836,
  "key": "step_d20_n1024_noise0.05_s789_baseline_krr",
  "timestamp": "2026-04-12T17:50:24.063060"
}