{
  "method": "dml_fixed",
  "func_type": "step",
  "dim": 10,
  "n_samples": 512,
  "noise_level": 0.0,
  "seed": 456,
  "lambda": 1.0,
  "test_value_mse": 0.5597543613311162,
  "test_grad_mse": 0.10249308421962205,
  "best_epoch": 34,
  "time_s": 3.9969375133514404,
  "n_epochs_actual": 85,
  "key": "step_d10_n512_noise0.0_s456_dml_fixed",
  "timestamp": "2026-04-12T09:53:04.257982"
}