{
  "method": "baseline_krr",
  "func_type": "step",
  "dim": 2,
  "n_samples": 1024,
  "noise_level": 0.1,
  "seed": 456,
  "lambda": 1.0,
  "test_value_mse": 0.030403190322955354,
  "test_grad_mse": 0.5183955975765118,
  "time_s": 0.09321093559265137,
  "key": "step_d2_n1024_noise0.1_s456_baseline_krr",
  "timestamp": "2026-04-11T10:23:19.828952"
}