{
  "method": "dml_fixed",
  "func_type": "step",
  "dim": 5,
  "n_samples": 256,
  "noise_level": 0.1,
  "seed": 1000,
  "lambda": 1.0,
  "test_value_mse": 0.43942736990451575,
  "test_grad_mse": 0.0687611935372538,
  "best_epoch": 30,
  "time_s": 4.096418619155884,
  "n_epochs_actual": 81,
  "key": "step_d5_n256_noise0.1_s1000_dml_fixed",
  "timestamp": "2026-04-12T00:32:15.912237"
}