{
  "method": "dml_gradnorm",
  "func_type": "step",
  "dim": 50,
  "n_samples": 256,
  "noise_level": 0.2,
  "seed": 123,
  "lambda": 1.0,
  "test_value_mse": 2.728653090405401,
  "test_grad_mse": 0.2831329034546819,
  "best_epoch": 999,
  "time_s": 38.76811909675598,
  "n_epochs_actual": 1000,
  "key": "step_d50_n256_noise0.2_s123_dml_gradnorm",
  "timestamp": "2026-04-13T01:16:32.068529"
}