{
  "method": "baseline_krr",
  "func_type": "step",
  "dim": 20,
  "n_samples": 4096,
  "noise_level": 0.1,
  "seed": 789,
  "lambda": 1.0,
  "test_value_mse": 1.1185789470847083,
  "test_grad_mse": 0.3009873426244008,
  "time_s": 8.780170917510986,
  "key": "step_d20_n4096_noise0.1_s789_baseline_krr",
  "timestamp": "2026-04-12T18:48:46.858059"
}