{
  "method": "dml_relobralo",
  "func_type": "step",
  "dim": 1,
  "n_samples": 4096,
  "noise_level": 0.1,
  "seed": 456,
  "lambda": 1.0,
  "test_value_mse": 0.11984673688144275,
  "test_grad_mse": 0.014186741037131918,
  "best_epoch": 72,
  "time_s": 6.4835524559021,
  "n_epochs_actual": 123,
  "key": "step_d1_n4096_noise0.1_s456_dml_relobralo",
  "timestamp": "2026-04-26T10:56:45.022739"
}