{
  "method": "vanilla",
  "func_type": "step",
  "dim": 50,
  "n_samples": 512,
  "noise_level": 0.0,
  "seed": 456,
  "lambda": 1.0,
  "test_value_mse": 2.987417284091007,
  "test_grad_mse": 0.35596593084005956,
  "best_epoch": 40,
  "time_s": 4.315632581710815,
  "n_epochs_actual": 91,
  "key": "step_d50_n512_noise0.0_s456_vanilla",
  "timestamp": "2026-04-13T01:23:19.548652"
}