{
  "method": "dml_relobralo",
  "func_type": "step",
  "dim": 2,
  "n_samples": 8192,
  "noise_level": 0.0,
  "seed": 456,
  "lambda": 1.0,
  "test_value_mse": 0.09954599210372134,
  "test_grad_mse": 0.0007398312569066981,
  "best_epoch": 34,
  "time_s": 8.745421886444092,
  "n_epochs_actual": 85,
  "key": "step_d2_n8192_noise0.0_s456_dml_relobralo",
  "timestamp": "2026-04-26T11:07:29.216117"
}