{
  "method": "dml_gradnorm",
  "func_type": "step",
  "dim": 100,
  "n_samples": 2048,
  "noise_level": 0.0,
  "seed": 123,
  "lambda": 1.0,
  "test_value_mse": 6.205689088545147,
  "test_grad_mse": 0.1489260428693907,
  "best_epoch": 296,
  "time_s": 23.30914068222046,
  "n_epochs_actual": 347,
  "key": "step_d100_n2048_noise0.0_s123_dml_gradnorm",
  "timestamp": "2026-04-13T02:47:33.585593"
}