{
  "method": "dml_gradnorm",
  "func_type": "step",
  "dim": 20,
  "n_samples": 8192,
  "noise_level": 0.5,
  "seed": 789,
  "lambda": 1.0,
  "test_value_mse": 1.549008620324257,
  "test_grad_mse": 0.007501928293349717,
  "best_epoch": 97,
  "time_s": 26.560433387756348,
  "n_epochs_actual": 148,
  "key": "step_d20_n8192_noise0.5_s789_dml_gradnorm",
  "timestamp": "2026-04-13T00:43:56.524215"
}