{
  "method": "baseline_gp",
  "func_type": "step",
  "dim": 2,
  "n_samples": 256,
  "noise_level": 0.5,
  "seed": 456,
  "lambda": 1.0,
  "test_value_mse": 0.016821328009261293,
  "test_grad_mse": 1.5942986449705332,
  "time_s": 3.7002193927764893,
  "key": "step_d2_n256_noise0.5_s456_baseline_gp",
  "timestamp": "2026-04-11T10:11:41.161778"
}