{
  "method": "baseline_rf",
  "func_type": "step",
  "dim": 1,
  "n_samples": 256,
  "noise_level": 0.5,
  "seed": 789,
  "lambda": 1.0,
  "test_value_mse": 0.00017711757602711226,
  "test_grad_mse": 2.599831813449415e-25,
  "time_s": 0.20168519020080566,
  "key": "step_d1_n256_noise0.5_s789_baseline_rf",
  "timestamp": "2026-04-10T21:41:45.904597"
}