{
  "method": "dml_gradnorm",
  "func_type": "step",
  "dim": 5,
  "n_samples": 256,
  "noise_level": 0.5,
  "seed": 789,
  "lambda": 1.0,
  "test_value_mse": 0.33580993105700163,
  "test_grad_mse": 0.4688542680629121,
  "best_epoch": 39,
  "time_s": 2.8567707538604736,
  "n_epochs_actual": 90,
  "key": "step_d5_n256_noise0.5_s789_dml_gradnorm",
  "timestamp": "2026-04-12T00:34:30.886579"
}