{
  "method": "dml_gradnorm",
  "func_type": "step",
  "dim": 20,
  "n_samples": 8192,
  "noise_level": 0.05,
  "seed": 456,
  "lambda": 1.0,
  "test_value_mse": 1.0837166880983793,
  "test_grad_mse": 0.030665901868539784,
  "best_epoch": 158,
  "time_s": 27.13819408416748,
  "n_epochs_actual": 209,
  "key": "step_d20_n8192_noise0.05_s456_dml_gradnorm",
  "timestamp": "2026-04-12T21:03:13.753108"
}