{
  "method": "dml_fixed",
  "func_type": "step",
  "dim": 10,
  "n_samples": 1024,
  "noise_level": 0.1,
  "seed": 123,
  "lambda": 1.0,
  "test_value_mse": 0.7303015641273354,
  "test_grad_mse": 0.07208246756810906,
  "best_epoch": 22,
  "time_s": 3.63619065284729,
  "n_epochs_actual": 73,
  "key": "step_d10_n1024_noise0.1_s123_dml_fixed",
  "timestamp": "2026-04-12T10:00:09.978270"
}