{
  "method": "dml_gradnorm",
  "func_type": "step",
  "dim": 1,
  "n_samples": 2048,
  "noise_level": 0.0,
  "seed": 1000,
  "lambda": 1.0,
  "test_value_mse": 0.024492616420544473,
  "test_grad_mse": 0.01708332606362844,
  "best_epoch": 398,
  "time_s": 21.88888192176819,
  "n_epochs_actual": 449,
  "key": "step_d1_n2048_noise0.0_s1000_dml_gradnorm",
  "timestamp": "2026-04-10T22:26:12.561842"
}