{
  "method": "dml_gradnorm",
  "func_type": "step",
  "dim": 1,
  "n_samples": 8192,
  "noise_level": 0.5,
  "seed": 456,
  "lambda": 1.0,
  "test_value_mse": 0.11652975749537932,
  "test_grad_mse": 0.023059829886949736,
  "best_epoch": 427,
  "time_s": 51.42541193962097,
  "n_epochs_actual": 478,
  "key": "step_d1_n8192_noise0.5_s456_dml_gradnorm",
  "timestamp": "2026-04-11T09:08:16.001554"
}