{
  "method": "dml_fixed",
  "func_type": "step",
  "dim": 20,
  "n_samples": 8192,
  "noise_level": 0.5,
  "seed": 456,
  "lambda": 1.0,
  "test_value_mse": 0.9088335731061266,
  "test_grad_mse": 0.10007394168580405,
  "best_epoch": 38,
  "time_s": 9.415696382522583,
  "n_epochs_actual": 89,
  "key": "step_d20_n8192_noise0.5_s456_dml_fixed",
  "timestamp": "2026-04-13T00:29:40.239231"
}