{
  "method": "dml_gradnorm",
  "func_type": "step",
  "dim": 100,
  "n_samples": 8192,
  "noise_level": 0.0,
  "seed": 789,
  "lambda": 1.0,
  "test_value_mse": 6.994321354901626,
  "test_grad_mse": 0.10895666136772415,
  "best_epoch": 97,
  "time_s": 26.93561840057373,
  "n_epochs_actual": 148,
  "key": "step_d100_n8192_noise0.0_s789_dml_gradnorm",
  "timestamp": "2026-04-13T03:03:54.741027"
}