{
  "method": "dml_relobralo",
  "func_type": "step",
  "dim": 1,
  "n_samples": 4096,
  "noise_level": 0.5,
  "seed": 456,
  "lambda": 1.0,
  "test_value_mse": 0.1292876056907889,
  "test_grad_mse": 0.001178390011504655,
  "best_epoch": 70,
  "time_s": 6.627480745315552,
  "n_epochs_actual": 121,
  "key": "step_d1_n4096_noise0.5_s456_dml_relobralo",
  "timestamp": "2026-04-26T10:57:58.024305"
}