{
  "method": "dml_fixed",
  "func_type": "step",
  "dim": 100,
  "n_samples": 1024,
  "noise_level": 0.2,
  "seed": 456,
  "lambda": 1.0,
  "test_value_mse": 6.7368513588606245,
  "test_grad_mse": 0.09426879795519316,
  "best_epoch": 64,
  "time_s": 5.2256996631622314,
  "n_epochs_actual": 115,
  "key": "step_d100_n1024_noise0.2_s456_dml_fixed",
  "timestamp": "2026-04-13T02:40:24.793533"
}