{
  "method": "dml_relobralo",
  "func_type": "step",
  "dim": 1,
  "n_samples": 1024,
  "noise_level": 0.0,
  "seed": 123,
  "lambda": 1.0,
  "test_value_mse": 0.09007810960954281,
  "test_grad_mse": 0.26643677129335136,
  "best_epoch": 38,
  "time_s": 3.1044981479644775,
  "n_epochs_actual": 89,
  "key": "step_d1_n1024_noise0.0_s123_dml_relobralo",
  "timestamp": "2026-04-26T10:51:47.048049"
}