{
  "method": "baseline_rf",
  "func_type": "step",
  "dim": 5,
  "n_samples": 256,
  "noise_level": 0.1,
  "seed": 123,
  "lambda": 1.0,
  "test_value_mse": 0.08816497957787808,
  "test_grad_mse": 3.3043031907394534e-22,
  "time_s": 1.8310840129852295,
  "key": "step_d5_n256_noise0.1_s123_baseline_rf",
  "timestamp": "2026-04-12T00:31:20.228022"
}