{
  "method": "dml_gradnorm",
  "func_type": "step",
  "dim": 20,
  "n_samples": 4096,
  "noise_level": 0.2,
  "seed": 456,
  "lambda": 1.0,
  "test_value_mse": 1.1770467025311822,
  "test_grad_mse": 0.03073683492224975,
  "best_epoch": 192,
  "time_s": 22.531120538711548,
  "n_epochs_actual": 243,
  "key": "step_d20_n4096_noise0.2_s456_dml_gradnorm",
  "timestamp": "2026-04-12T19:00:03.681645"
}