{
  "method": "dml_fixed",
  "func_type": "step",
  "dim": 1,
  "n_samples": 4096,
  "noise_level": 0.2,
  "seed": 123,
  "lambda": 1.0,
  "test_value_mse": 0.08547796438686912,
  "test_grad_mse": 0.2217839922089558,
  "best_epoch": 178,
  "time_s": 7.9238221645355225,
  "n_epochs_actual": 229,
  "key": "step_d1_n4096_noise0.2_s123_dml_fixed",
  "timestamp": "2026-04-11T00:35:15.522323"
}