{
  "method": "baseline_rf",
  "func_type": "step",
  "dim": 2,
  "n_samples": 4096,
  "noise_level": 0.1,
  "seed": 42,
  "lambda": 1.0,
  "test_value_mse": 0.0004743640807301921,
  "test_grad_mse": 1.1129388523036798,
  "time_s": 1.2631583213806152,
  "key": "step_d2_n4096_noise0.1_s42_baseline_rf",
  "timestamp": "2026-04-11T11:32:35.211751"
}