{
  "method": "vanilla",
  "func_type": "step",
  "dim": 50,
  "n_samples": 1024,
  "noise_level": 0.2,
  "seed": 789,
  "lambda": 1.0,
  "test_value_mse": 3.490248262802993,
  "test_grad_mse": 0.2791358946025005,
  "best_epoch": 37,
  "time_s": 4.364410638809204,
  "n_epochs_actual": 88,
  "key": "step_d50_n1024_noise0.2_s789_vanilla",
  "timestamp": "2026-04-13T01:34:04.329389"
}