{
  "method": "baseline_rf",
  "func_type": "step",
  "dim": 20,
  "n_samples": 1024,
  "noise_level": 0.05,
  "seed": 42,
  "lambda": 1.0,
  "test_value_mse": 0.8973556277505979,
  "test_grad_mse": 117.59989638517453,
  "time_s": 6.519124984741211,
  "key": "step_d20_n1024_noise0.05_s42_baseline_rf",
  "timestamp": "2026-04-12T17:46:56.327477"
}