{
  "method": "dml_relobralo",
  "func_type": "step",
  "dim": 2,
  "n_samples": 8192,
  "noise_level": 0.0,
  "seed": 123,
  "lambda": 1.0,
  "test_value_mse": 0.05351167281843669,
  "test_grad_mse": 0.2854536180773064,
  "best_epoch": 118,
  "time_s": 17.782766819000244,
  "n_epochs_actual": 169,
  "key": "step_d2_n8192_noise0.0_s123_dml_relobralo",
  "timestamp": "2026-04-26T11:07:20.438147"
}