{
  "method": "dml_gradnorm",
  "func_type": "step",
  "dim": 100,
  "n_samples": 256,
  "noise_level": 0.05,
  "seed": 456,
  "lambda": 1.0,
  "test_value_mse": 7.675781078888055,
  "test_grad_mse": 0.10505302491073064,
  "best_epoch": 999,
  "time_s": 27.405262231826782,
  "n_epochs_actual": 1000,
  "key": "step_d100_n256_noise0.05_s456_dml_gradnorm",
  "timestamp": "2026-04-13T02:20:06.185505"
}