{
  "method": "dml_fixed",
  "func_type": "step",
  "dim": 10,
  "n_samples": 1024,
  "noise_level": 0.2,
  "seed": 1000,
  "lambda": 1.0,
  "test_value_mse": 0.3636413605286569,
  "test_grad_mse": 0.03869847233012515,
  "best_epoch": 41,
  "time_s": 4.281448125839233,
  "n_epochs_actual": 92,
  "key": "step_d10_n1024_noise0.2_s1000_dml_fixed",
  "timestamp": "2026-04-12T10:09:00.054635"
}