{
  "method": "baseline_gp",
  "func_type": "step",
  "dim": 10,
  "n_samples": 8192,
  "noise_level": 0.0,
  "seed": 1000,
  "lambda": 1.0,
  "test_value_mse": 0.4462026056260241,
  "test_grad_mse": 0.0,
  "time_s": 617.3698780536652,
  "key": "step_d10_n8192_noise0.0_s1000_baseline_gp",
  "timestamp": "2026-04-12T12:41:55.353448"
}