{
  "method": "baseline_rf",
  "func_type": "step",
  "dim": 20,
  "n_samples": 8192,
  "noise_level": 0.1,
  "seed": 789,
  "lambda": 1.0,
  "test_value_mse": 0.8410561590137143,
  "test_grad_mse": 444.70284781586275,
  "time_s": 11.584664821624756,
  "key": "step_d20_n8192_noise0.1_s789_baseline_rf",
  "timestamp": "2026-04-12T22:33:03.273681"
}