{
  "method": "vanilla",
  "func_type": "step",
  "dim": 1,
  "n_samples": 1024,
  "noise_level": 0.0,
  "seed": 1000,
  "lambda": 1.0,
  "test_value_mse": 0.0006170737506041362,
  "test_grad_mse": 26.474325000610538,
  "best_epoch": 919,
  "time_s": 29.46068787574768,
  "n_epochs_actual": 970,
  "key": "step_d1_n1024_noise0.0_s1000_vanilla",
  "timestamp": "2026-04-10T21:56:54.472419"
}