{
  "method": "baseline_rf",
  "func_type": "step",
  "dim": 20,
  "n_samples": 8192,
  "noise_level": 0.05,
  "seed": 42,
  "lambda": 1.0,
  "test_value_mse": 0.6886267661334262,
  "test_grad_mse": 177.08033328123733,
  "time_s": 12.594528198242188,
  "key": "step_d20_n8192_noise0.05_s42_baseline_rf",
  "timestamp": "2026-04-12T20:46:10.421973"
}