{
  "method": "baseline_gp",
  "func_type": "step",
  "dim": 10,
  "n_samples": 8192,
  "noise_level": 0.1,
  "seed": 123,
  "lambda": 1.0,
  "test_value_mse": 0.3464228783304653,
  "test_grad_mse": 2.4293115837651453,
  "time_s": 693.7736625671387,
  "key": "step_d10_n8192_noise0.1_s123_baseline_gp",
  "timestamp": "2026-04-12T14:03:12.989509"
}