{
  "method": "baseline_gp",
  "func_type": "step",
  "dim": 10,
  "n_samples": 2048,
  "noise_level": 0.0,
  "seed": 1000,
  "lambda": 1.0,
  "test_value_mse": 0.2524255118009972,
  "test_grad_mse": 0.5286553471942169,
  "time_s": 74.01015567779541,
  "key": "step_d10_n2048_noise0.0_s1000_baseline_gp",
  "timestamp": "2026-04-12T10:22:15.646916"
}