{
  "method": "dml_relobralo",
  "func_type": "step",
  "dim": 100,
  "n_samples": 256,
  "noise_level": 0.2,
  "seed": 123,
  "lambda": 1.0,
  "test_value_mse": 6.656470602689565,
  "test_grad_mse": 0.022086885916239626,
  "best_epoch": 10,
  "time_s": 2.31269907951355,
  "n_epochs_actual": 61,
  "key": "step_d100_n256_noise0.2_s123_dml_relobralo",
  "timestamp": "2026-04-26T11:50:03.613563"
}