{
  "method": "dml_relobralo",
  "func_type": "step",
  "dim": 1,
  "n_samples": 256,
  "noise_level": 0.1,
  "seed": 42,
  "lambda": 1.0,
  "test_value_mse": 0.045070868651936546,
  "test_grad_mse": 0.3071512002811764,
  "best_epoch": 30,
  "time_s": 2.249624729156494,
  "n_epochs_actual": 81,
  "key": "step_d1_n256_noise0.1_s42_dml_relobralo",
  "timestamp": "2026-04-26T10:49:49.393195"
}