{
  "method": "baseline_rf",
  "func_type": "step",
  "dim": 10,
  "n_samples": 512,
  "noise_level": 0.0,
  "seed": 789,
  "lambda": 1.0,
  "test_value_mse": 0.3035392093573747,
  "test_grad_mse": 1.7122302536259457e-21,
  "time_s": 3.17812442779541,
  "key": "step_d10_n512_noise0.0_s789_baseline_rf",
  "timestamp": "2026-04-12T09:54:30.644047"
}