{
  "method": "dml_gradnorm",
  "func_type": "step",
  "dim": 100,
  "n_samples": 8192,
  "noise_level": 0.1,
  "seed": 123,
  "lambda": 1.0,
  "test_value_mse": 6.55099930403953,
  "test_grad_mse": 0.10975961939316031,
  "best_epoch": 86,
  "time_s": 25.4836905002594,
  "n_epochs_actual": 137,
  "key": "step_d100_n8192_noise0.1_s123_dml_gradnorm",
  "timestamp": "2026-04-13T03:10:02.871395"
}