{
  "method": "dml_fixed",
  "func_type": "step",
  "dim": 1,
  "n_samples": 4096,
  "noise_level": 0.2,
  "seed": 42,
  "lambda": 1.0,
  "test_value_mse": 0.045207354734558954,
  "test_grad_mse": 0.21712754088178882,
  "best_epoch": 37,
  "time_s": 4.9872400760650635,
  "n_epochs_actual": 88,
  "key": "step_d1_n4096_noise0.2_s42_dml_fixed",
  "timestamp": "2026-04-11T00:31:47.745712"
}