{
  "method": "baseline_krr",
  "func_type": "step",
  "dim": 1,
  "n_samples": 256,
  "noise_level": 0.5,
  "seed": 123,
  "lambda": 1.0,
  "test_value_mse": 0.059795178508488186,
  "test_grad_mse": 2.300539157337341,
  "time_s": 0.003135204315185547,
  "key": "step_d1_n256_noise0.5_s123_baseline_krr",
  "timestamp": "2026-04-10T21:41:01.166762"
}