{
  "method": "baseline_rf",
  "func_type": "step",
  "dim": 2,
  "n_samples": 1024,
  "noise_level": 0.05,
  "seed": 456,
  "lambda": 1.0,
  "test_value_mse": 0.0014142645376114308,
  "test_grad_mse": 67479.21734090794,
  "time_s": 0.9917409420013428,
  "key": "step_d2_n1024_noise0.05_s456_baseline_rf",
  "timestamp": "2026-04-11T10:18:32.694168"
}