{
  "method": "baseline_krr",
  "func_type": "step",
  "dim": 1,
  "n_samples": 256,
  "noise_level": 0.05,
  "seed": 456,
  "lambda": 1.0,
  "test_value_mse": 0.038689335087767174,
  "test_grad_mse": 2.864178341023529,
  "time_s": 0.0031113624572753906,
  "key": "step_d1_n256_noise0.05_s456_baseline_krr",
  "timestamp": "2026-04-10T21:35:36.568900"
}