{
  "method": "baseline_rf",
  "func_type": "step",
  "dim": 1,
  "n_samples": 4096,
  "noise_level": 0.05,
  "seed": 42,
  "lambda": 1.0,
  "test_value_mse": 3.1969276841043453e-08,
  "test_grad_mse": 199.96143997101723,
  "time_s": 0.7529885768890381,
  "key": "step_d1_n4096_noise0.05_s42_baseline_rf",
  "timestamp": "2026-04-10T23:42:07.659451"
}