{
  "method": "vanilla",
  "func_type": "step",
  "dim": 1,
  "n_samples": 4096,
  "noise_level": 0.1,
  "seed": 123,
  "lambda": 1.0,
  "test_value_mse": 0.00038231172850949213,
  "test_grad_mse": 43.90685845525148,
  "best_epoch": 677,
  "time_s": 25.982914209365845,
  "n_epochs_actual": 728,
  "key": "step_d1_n4096_noise0.1_s123_vanilla",
  "timestamp": "2026-04-11T00:08:59.817072"
}