{
  "method": "dml_gradnorm",
  "func_type": "step",
  "dim": 50,
  "n_samples": 1024,
  "noise_level": 0.5,
  "seed": 123,
  "lambda": 1.0,
  "test_value_mse": 3.7810750538074287,
  "test_grad_mse": 0.4050197280767996,
  "best_epoch": 805,
  "time_s": 24.213314056396484,
  "n_epochs_actual": 856,
  "key": "step_d50_n1024_noise0.5_s123_dml_gradnorm",
  "timestamp": "2026-04-13T01:36:45.793559"
}