{
  "method": "vanilla",
  "func_type": "step",
  "dim": 20,
  "n_samples": 8192,
  "noise_level": 0.2,
  "seed": 789,
  "lambda": 1.0,
  "test_value_mse": 0.9472457215129383,
  "test_grad_mse": 1.3005812891737265,
  "best_epoch": 32,
  "time_s": 7.483737230300903,
  "n_epochs_actual": 83,
  "key": "step_d20_n8192_noise0.2_s789_vanilla",
  "timestamp": "2026-04-12T23:31:55.452522"
}