{
  "method": "dml_relobralo",
  "func_type": "step",
  "dim": 5,
  "n_samples": 1024,
  "noise_level": 0.1,
  "seed": 789,
  "lambda": 1.0,
  "test_value_mse": 0.20944754312798833,
  "test_grad_mse": 0.4562972768774906,
  "best_epoch": 97,
  "time_s": 4.2524354457855225,
  "n_epochs_actual": 148,
  "key": "step_d5_n1024_noise0.1_s789_dml_relobralo",
  "timestamp": "2026-04-26T11:13:44.126689"
}