{
  "method": "vanilla",
  "func_type": "step",
  "dim": 20,
  "n_samples": 256,
  "noise_level": 0.05,
  "seed": 789,
  "lambda": 1.0,
  "test_value_mse": 0.9233757340894664,
  "test_grad_mse": 0.4090782233740355,
  "best_epoch": 20,
  "time_s": 3.8716986179351807,
  "n_epochs_actual": 71,
  "key": "step_d20_n256_noise0.05_s789_vanilla",
  "timestamp": "2026-04-12T17:30:21.581306"
}