{
  "method": "dml_relobralo",
  "func_type": "step",
  "dim": 1,
  "n_samples": 8192,
  "noise_level": 0.1,
  "seed": 1000,
  "lambda": 1.0,
  "test_value_mse": 0.023111344116839606,
  "test_grad_mse": 0.04760879388574053,
  "best_epoch": 15,
  "time_s": 6.424450397491455,
  "n_epochs_actual": 66,
  "key": "step_d1_n8192_noise0.1_s1000_dml_relobralo",
  "timestamp": "2026-04-26T11:00:19.028457"
}