{
  "method": "dml_relobralo",
  "func_type": "step",
  "dim": 1,
  "n_samples": 4096,
  "noise_level": 0.0,
  "seed": 123,
  "lambda": 1.0,
  "test_value_mse": 0.08581829638037218,
  "test_grad_mse": 0.21872161394035888,
  "best_epoch": 229,
  "time_s": 17.658827781677246,
  "n_epochs_actual": 280,
  "key": "step_d1_n4096_noise0.0_s123_dml_relobralo",
  "timestamp": "2026-04-26T10:55:25.301501"
}