{
  "method": "dml_fixed",
  "func_type": "step",
  "dim": 50,
  "n_samples": 512,
  "noise_level": 0.0,
  "seed": 123,
  "lambda": 1.0,
  "test_value_mse": 2.9694697312381053,
  "test_grad_mse": 0.0301869122181204,
  "best_epoch": 38,
  "time_s": 2.324490547180176,
  "n_epochs_actual": 89,
  "key": "step_d50_n512_noise0.0_s123_dml_fixed",
  "timestamp": "2026-04-13T01:22:51.699055"
}