{
  "method": "dml_fixed",
  "func_type": "step",
  "dim": 1,
  "n_samples": 8192,
  "noise_level": 0.2,
  "seed": 123,
  "lambda": 1.0,
  "test_value_mse": 0.08269565063890683,
  "test_grad_mse": 0.23698125676663834,
  "best_epoch": 66,
  "time_s": 6.608218193054199,
  "n_epochs_actual": 117,
  "key": "step_d1_n8192_noise0.2_s123_dml_fixed",
  "timestamp": "2026-04-11T07:06:14.356626"
}