{
  "method": "baseline_gp",
  "func_type": "step",
  "dim": 1,
  "n_samples": 512,
  "noise_level": 0.1,
  "seed": 123,
  "lambda": 1.0,
  "test_value_mse": 0.0020847302576424516,
  "test_grad_mse": 169.5811549279629,
  "time_s": 7.877252817153931,
  "key": "step_d1_n512_noise0.1_s123_baseline_gp",
  "timestamp": "2026-04-10T21:47:06.761074"
}