{
  "method": "vanilla",
  "func_type": "step",
  "dim": 100,
  "n_samples": 256,
  "noise_level": 0.5,
  "seed": 1000,
  "lambda": 1.0,
  "test_value_mse": 8.445589267271542,
  "test_grad_mse": 0.008346240936026206,
  "best_epoch": 9,
  "time_s": 3.705660820007324,
  "n_epochs_actual": 60,
  "key": "step_d100_n256_noise0.5_s1000_vanilla",
  "timestamp": "2026-04-13T02:26:54.611195"
}