{
  "method": "dml_relobralo",
  "func_type": "step",
  "dim": 5,
  "n_samples": 8192,
  "noise_level": 0.05,
  "seed": 1000,
  "lambda": 1.0,
  "test_value_mse": 0.48938141043296757,
  "test_grad_mse": 0.002781837267773665,
  "best_epoch": 35,
  "time_s": 10.356202602386475,
  "n_epochs_actual": 86,
  "key": "step_d5_n8192_noise0.05_s1000_dml_relobralo",
  "timestamp": "2026-04-26T11:19:19.825995"
}