{
  "method": "baseline_gp",
  "func_type": "step",
  "dim": 1,
  "n_samples": 1024,
  "noise_level": 0.2,
  "seed": 456,
  "lambda": 1.0,
  "test_value_mse": 0.0008153616397085871,
  "test_grad_mse": 274.0012688895934,
  "time_s": 66.90419316291809,
  "key": "step_d1_n1024_noise0.2_s456_baseline_gp",
  "timestamp": "2026-04-10T22:11:20.552578"
}