{
  "method": "baseline_rf",
  "func_type": "step",
  "dim": 2,
  "n_samples": 8192,
  "noise_level": 0.5,
  "seed": 123,
  "lambda": 1.0,
  "test_value_mse": 0.00011023037501406709,
  "test_grad_mse": 1906.3656870300829,
  "time_s": 1.673675298690796,
  "key": "step_d2_n8192_noise0.5_s123_baseline_rf",
  "timestamp": "2026-04-11T23:05:07.737593"
}