{
  "method": "baseline_rf",
  "func_type": "step",
  "dim": 20,
  "n_samples": 8192,
  "noise_level": 0.05,
  "seed": 789,
  "lambda": 1.0,
  "test_value_mse": 0.8410561590137144,
  "test_grad_mse": 444.70284781586605,
  "time_s": 3.746974468231201,
  "key": "step_d20_n8192_noise0.05_s789_baseline_rf",
  "timestamp": "2026-04-12T21:29:09.183927"
}