{
  "method": "vanilla",
  "func_type": "step",
  "dim": 5,
  "n_samples": 512,
  "noise_level": 0.0,
  "seed": 456,
  "lambda": 1.0,
  "test_value_mse": 0.2489245875187892,
  "test_grad_mse": 0.7284092552708227,
  "best_epoch": 38,
  "time_s": 3.909703493118286,
  "n_epochs_actual": 89,
  "key": "step_d5_n512_noise0.0_s456_vanilla",
  "timestamp": "2026-04-12T00:35:39.186591"
}