{
  "method": "dml_fixed",
  "func_type": "step",
  "dim": 10,
  "n_samples": 2048,
  "noise_level": 0.0,
  "seed": 42,
  "lambda": 1.0,
  "test_value_mse": 0.614375497446965,
  "test_grad_mse": 0.09074437306891829,
  "best_epoch": 38,
  "time_s": 4.894650220870972,
  "n_epochs_actual": 89,
  "key": "step_d10_n2048_noise0.0_s42_dml_fixed",
  "timestamp": "2026-04-12T10:14:56.644491"
}