{
  "method": "dml_gradnorm",
  "func_type": "step",
  "dim": 100,
  "n_samples": 4096,
  "noise_level": 0.2,
  "seed": 456,
  "lambda": 1.0,
  "test_value_mse": 6.870854516823967,
  "test_grad_mse": 0.13028068003188445,
  "best_epoch": 161,
  "time_s": 18.2575101852417,
  "n_epochs_actual": 212,
  "key": "step_d100_n4096_noise0.2_s456_dml_gradnorm",
  "timestamp": "2026-04-13T02:57:01.571546"
}