{
  "method": "dml_gradnorm",
  "func_type": "step",
  "dim": 2,
  "n_samples": 256,
  "noise_level": 0.5,
  "seed": 42,
  "lambda": 1.0,
  "test_value_mse": 0.10256290764543367,
  "test_grad_mse": 0.23321798866519752,
  "best_epoch": 35,
  "time_s": 4.692144870758057,
  "n_epochs_actual": 86,
  "key": "step_d2_n256_noise0.5_s42_dml_gradnorm",
  "timestamp": "2026-04-11T10:10:55.631165"
}