{
  "method": "dml_gradnorm",
  "func_type": "step",
  "dim": 5,
  "n_samples": 512,
  "noise_level": 0.0,
  "seed": 1000,
  "lambda": 1.0,
  "test_value_mse": 0.2952687860654199,
  "test_grad_mse": 0.5477436457494574,
  "best_epoch": 89,
  "time_s": 3.6257009506225586,
  "n_epochs_actual": 140,
  "key": "step_d5_n512_noise0.0_s1000_dml_gradnorm",
  "timestamp": "2026-04-12T00:36:40.247606"
}