{
  "method": "dml_gradnorm",
  "func_type": "step",
  "dim": 2,
  "n_samples": 8192,
  "noise_level": 0.5,
  "seed": 1000,
  "lambda": 1.0,
  "test_value_mse": 0.20056404098518596,
  "test_grad_mse": 0.0011953243888953914,
  "best_epoch": 336,
  "time_s": 47.10679244995117,
  "n_epochs_actual": 387,
  "key": "step_d2_n8192_noise0.5_s1000_dml_gradnorm",
  "timestamp": "2026-04-11T23:58:34.105767"
}