{
  "method": "dml_gradnorm",
  "func_type": "step",
  "dim": 1,
  "n_samples": 8192,
  "noise_level": 0.5,
  "seed": 789,
  "lambda": 1.0,
  "test_value_mse": 0.05012388232938684,
  "test_grad_mse": 0.0016384285026140792,
  "best_epoch": 917,
  "time_s": 135.05996942520142,
  "n_epochs_actual": 968,
  "key": "step_d1_n8192_noise0.5_s789_dml_gradnorm",
  "timestamp": "2026-04-11T09:31:07.522723"
}