{
  "method": "dml_gradnorm",
  "func_type": "step",
  "dim": 100,
  "n_samples": 1024,
  "noise_level": 0.1,
  "seed": 42,
  "lambda": 1.0,
  "test_value_mse": 6.275254132756219,
  "test_grad_mse": 0.1584484921038967,
  "best_epoch": 758,
  "time_s": 27.024492740631104,
  "n_epochs_actual": 809,
  "key": "step_d100_n1024_noise0.1_s42_dml_gradnorm",
  "timestamp": "2026-04-13T02:35:22.244005"
}