{
  "method": "dml_relobralo",
  "func_type": "step",
  "dim": 10,
  "n_samples": 4096,
  "noise_level": 0.2,
  "seed": 42,
  "lambda": 1.0,
  "test_value_mse": 0.41605377916366,
  "test_grad_mse": 0.8787221621772798,
  "best_epoch": 89,
  "time_s": 8.648825407028198,
  "n_epochs_actual": 140,
  "key": "step_d10_n4096_noise0.2_s42_dml_relobralo",
  "timestamp": "2026-04-26T11:27:00.580708"
}