{
  "method": "baseline_krr",
  "func_type": "step",
  "dim": 1,
  "n_samples": 4096,
  "noise_level": 0.2,
  "seed": 123,
  "lambda": 1.0,
  "test_value_mse": 0.03604981966917941,
  "test_grad_mse": 4.194284606194098,
  "time_s": 0.3620738983154297,
  "key": "step_d1_n4096_noise0.2_s123_baseline_krr",
  "timestamp": "2026-04-11T00:39:11.718455"
}