{
  "method": "dml_fixed",
  "func_type": "step",
  "dim": 2,
  "n_samples": 1024,
  "noise_level": 0.5,
  "seed": 42,
  "lambda": 1.0,
  "test_value_mse": 0.11165823942540459,
  "test_grad_mse": 0.14420702698219626,
  "best_epoch": 56,
  "time_s": 5.1638007164001465,
  "n_epochs_actual": 107,
  "key": "step_d2_n1024_noise0.5_s42_dml_fixed",
  "timestamp": "2026-04-11T10:30:11.859605"
}