{
  "method": "baseline_krr",
  "func_type": "step",
  "dim": 1,
  "n_samples": 2048,
  "noise_level": 0.1,
  "seed": 123,
  "lambda": 1.0,
  "test_value_mse": 0.03582242214038014,
  "test_grad_mse": 3.770572284927651,
  "time_s": 0.19861197471618652,
  "key": "step_d1_n2048_noise0.1_s123_baseline_krr",
  "timestamp": "2026-04-10T22:43:27.397948"
}