{
  "method": "dml_fixed",
  "func_type": "step",
  "dim": 2,
  "n_samples": 1024,
  "noise_level": 0.5,
  "seed": 123,
  "lambda": 1.0,
  "test_value_mse": 0.06319620216699351,
  "test_grad_mse": 0.12850342489611055,
  "best_epoch": 67,
  "time_s": 4.778456211090088,
  "n_epochs_actual": 118,
  "key": "step_d2_n1024_noise0.5_s123_dml_fixed",
  "timestamp": "2026-04-11T10:31:24.680988"
}