{
  "method": "dml_relobralo",
  "func_type": "step",
  "dim": 10,
  "n_samples": 8192,
  "noise_level": 0.0,
  "seed": 42,
  "lambda": 1.0,
  "test_value_mse": 0.7613266445517283,
  "test_grad_mse": 0.00385117452659281,
  "best_epoch": 89,
  "time_s": 14.9943528175354,
  "n_epochs_actual": 140,
  "key": "step_d10_n8192_noise0.0_s42_dml_relobralo",
  "timestamp": "2026-04-26T11:28:26.599342"
}