{
  "method": "dml_relobralo",
  "func_type": "step",
  "dim": 10,
  "n_samples": 256,
  "noise_level": 0.1,
  "seed": 456,
  "lambda": 1.0,
  "test_value_mse": 0.49720595403653667,
  "test_grad_mse": 0.20722212124902958,
  "best_epoch": 18,
  "time_s": 2.164715051651001,
  "n_epochs_actual": 69,
  "key": "step_d10_n256_noise0.1_s456_dml_relobralo",
  "timestamp": "2026-04-26T11:23:00.340534"
}