{
  "method": "dml_fixed",
  "func_type": "step",
  "dim": 100,
  "n_samples": 8192,
  "noise_level": 0.0,
  "seed": 123,
  "lambda": 1.0,
  "test_value_mse": 5.893600675040085,
  "test_grad_mse": 0.08098051746331571,
  "best_epoch": 22,
  "time_s": 8.525926351547241,
  "n_epochs_actual": 73,
  "key": "step_d100_n8192_noise0.0_s123_dml_fixed",
  "timestamp": "2026-04-13T03:02:07.309594"
}