{
  "method": "baseline_gp",
  "func_type": "step",
  "dim": 5,
  "n_samples": 256,
  "noise_level": 0.1,
  "seed": 123,
  "lambda": 1.0,
  "test_value_mse": 0.08013649863114082,
  "test_grad_mse": 1.1235994784306136,
  "time_s": 0.8381772041320801,
  "key": "step_d5_n256_noise0.1_s123_baseline_gp",
  "timestamp": "2026-04-12T00:31:18.389567"
}