{
  "method": "dml_fixed",
  "func_type": "step",
  "dim": 50,
  "n_samples": 2048,
  "noise_level": 0.0,
  "seed": 789,
  "lambda": 1.0,
  "test_value_mse": 3.3326818769178232,
  "test_grad_mse": 0.07163894288564834,
  "best_epoch": 35,
  "time_s": 4.944966077804565,
  "n_epochs_actual": 86,
  "key": "step_d50_n2048_noise0.0_s789_dml_fixed",
  "timestamp": "2026-04-13T01:40:18.405950"
}