{
  "method": "baseline_gp",
  "func_type": "step",
  "dim": 10,
  "n_samples": 1024,
  "noise_level": 0.1,
  "seed": 789,
  "lambda": 1.0,
  "test_value_mse": 0.6227275961079107,
  "test_grad_mse": 0.0,
  "time_s": 5.3372228145599365,
  "key": "step_d10_n1024_noise0.1_s789_baseline_gp",
  "timestamp": "2026-04-12T10:03:07.187302"
}