{
  "method": "vanilla",
  "func_type": "step",
  "dim": 100,
  "n_samples": 4096,
  "noise_level": 0.05,
  "seed": 789,
  "lambda": 1.0,
  "test_value_mse": 6.000706172981518,
  "test_grad_mse": 0.31276571533551517,
  "best_epoch": 11,
  "time_s": 4.7029030323028564,
  "n_epochs_actual": 62,
  "key": "step_d100_n4096_noise0.05_s789_vanilla",
  "timestamp": "2026-04-13T02:51:29.372846"
}