{
  "method": "dml_fixed",
  "func_type": "step",
  "dim": 5,
  "n_samples": 512,
  "noise_level": 0.0,
  "seed": 123,
  "lambda": 1.0,
  "test_value_mse": 0.1894154680128148,
  "test_grad_mse": 0.17324656096665508,
  "best_epoch": 61,
  "time_s": 4.202930212020874,
  "n_epochs_actual": 112,
  "key": "step_d5_n512_noise0.0_s123_dml_fixed",
  "timestamp": "2026-04-12T00:35:21.005495"
}