{
  "method": "vanilla",
  "func_type": "step",
  "dim": 10,
  "n_samples": 512,
  "noise_level": 0.0,
  "seed": 456,
  "lambda": 1.0,
  "test_value_mse": 0.5552613640646543,
  "test_grad_mse": 0.4038582341205353,
  "best_epoch": 30,
  "time_s": 4.177948713302612,
  "n_epochs_actual": 81,
  "key": "step_d10_n512_noise0.0_s456_vanilla",
  "timestamp": "2026-04-12T09:53:00.260540"
}