{
  "method": "dml_relobralo",
  "func_type": "step",
  "dim": 1,
  "n_samples": 1024,
  "noise_level": 0.05,
  "seed": 789,
  "lambda": 1.0,
  "test_value_mse": 0.06357493760361091,
  "test_grad_mse": 0.028703697514376826,
  "best_epoch": 64,
  "time_s": 3.485464096069336,
  "n_epochs_actual": 115,
  "key": "step_d1_n1024_noise0.05_s789_dml_relobralo",
  "timestamp": "2026-04-26T10:52:11.403022"
}