{
  "method": "baseline_gp",
  "func_type": "step",
  "dim": 2,
  "n_samples": 256,
  "noise_level": 0.5,
  "seed": 123,
  "lambda": 1.0,
  "test_value_mse": 0.03118538237992419,
  "test_grad_mse": 4.666691360374366,
  "time_s": 0.9133415222167969,
  "key": "step_d2_n256_noise0.5_s123_baseline_gp",
  "timestamp": "2026-04-11T10:11:21.103224"
}