{
  "method": "dml_relobralo",
  "func_type": "step",
  "dim": 50,
  "n_samples": 512,
  "noise_level": 0.0,
  "seed": 123,
  "lambda": 1.0,
  "test_value_mse": 2.6020191378380106,
  "test_grad_mse": 0.25433886774923353,
  "best_epoch": 27,
  "time_s": 2.519523859024048,
  "n_epochs_actual": 78,
  "key": "step_d50_n512_noise0.0_s123_dml_relobralo",
  "timestamp": "2026-04-26T11:42:51.709615"
}