{
  "method": "dml_relobralo",
  "func_type": "step",
  "dim": 100,
  "n_samples": 1024,
  "noise_level": 0.2,
  "seed": 123,
  "lambda": 1.0,
  "test_value_mse": 5.681479072807281,
  "test_grad_mse": 0.26703578008079537,
  "best_epoch": 24,
  "time_s": 2.6410117149353027,
  "n_epochs_actual": 75,
  "key": "step_d100_n1024_noise0.2_s123_dml_relobralo",
  "timestamp": "2026-04-26T11:51:13.371811"
}