{
  "method": "baseline_krr",
  "func_type": "step",
  "dim": 2,
  "n_samples": 1024,
  "noise_level": 0.05,
  "seed": 1000,
  "lambda": 1.0,
  "test_value_mse": 0.07539255770034779,
  "test_grad_mse": 1.5680653104735478,
  "time_s": 0.11672496795654297,
  "key": "step_d2_n1024_noise0.05_s1000_baseline_krr",
  "timestamp": "2026-04-11T10:20:18.826138"
}