{
  "method": "baseline_rf",
  "func_type": "step",
  "dim": 10,
  "n_samples": 256,
  "noise_level": 0.5,
  "seed": 789,
  "lambda": 1.0,
  "test_value_mse": 0.4328077270103616,
  "test_grad_mse": 2.101100680252117e-21,
  "time_s": 3.171091079711914,
  "key": "step_d10_n256_noise0.5_s789_baseline_rf",
  "timestamp": "2026-04-12T09:51:13.268209"
}