{
  "method": "baseline_gp",
  "func_type": "step",
  "dim": 1,
  "n_samples": 8192,
  "noise_level": 0.0,
  "seed": 123,
  "lambda": 1.0,
  "test_value_mse": 3.920085495606906e-05,
  "test_grad_mse": 700.6892523746232,
  "time_s": 1423.2850024700165,
  "key": "step_d1_n8192_noise0.0_s123_baseline_gp",
  "timestamp": "2026-04-11T02:06:45.663207"
}