{
  "method": "dml_relobralo",
  "func_type": "step",
  "dim": 1,
  "n_samples": 4096,
  "noise_level": 0.05,
  "seed": 456,
  "lambda": 1.0,
  "test_value_mse": 0.1194353901468465,
  "test_grad_mse": 0.01533495951979188,
  "best_epoch": 72,
  "time_s": 6.474573135375977,
  "n_epochs_actual": 123,
  "key": "step_d1_n4096_noise0.05_s456_dml_relobralo",
  "timestamp": "2026-04-26T10:56:04.734287"
}