{
  "method": "dml_gradnorm",
  "func_type": "step",
  "dim": 1,
  "n_samples": 256,
  "noise_level": 0.2,
  "seed": 789,
  "lambda": 1.0,
  "test_value_mse": 0.015926186382685774,
  "test_grad_mse": 0.009502120355656025,
  "best_epoch": 22,
  "time_s": 2.2709646224975586,
  "n_epochs_actual": 73,
  "key": "step_d1_n256_noise0.2_s789_dml_gradnorm",
  "timestamp": "2026-04-10T21:39:53.649363"
}