{
  "method": "dml_gradnorm",
  "func_type": "step",
  "dim": 50,
  "n_samples": 4096,
  "noise_level": 0.1,
  "seed": 123,
  "lambda": 1.0,
  "test_value_mse": 3.730848733949261,
  "test_grad_mse": 0.0674518754866522,
  "best_epoch": 145,
  "time_s": 18.66562008857727,
  "n_epochs_actual": 196,
  "key": "step_d50_n4096_noise0.1_s123_dml_gradnorm",
  "timestamp": "2026-04-13T01:45:14.526921"
}