{
  "method": "dml_relobralo",
  "func_type": "step",
  "dim": 5,
  "n_samples": 1024,
  "noise_level": 0.2,
  "seed": 789,
  "lambda": 1.0,
  "test_value_mse": 0.2084439678784084,
  "test_grad_mse": 0.45743256316945063,
  "best_epoch": 111,
  "time_s": 4.672818183898926,
  "n_epochs_actual": 162,
  "key": "step_d5_n1024_noise0.2_s789_dml_relobralo",
  "timestamp": "2026-04-26T11:14:05.752988"
}