{
  "method": "baseline_krr",
  "func_type": "step",
  "dim": 2,
  "n_samples": 4096,
  "noise_level": 0.2,
  "seed": 789,
  "lambda": 1.0,
  "test_value_mse": 0.029523054128600023,
  "test_grad_mse": 0.740487865328326,
  "time_s": 1.196739912033081,
  "key": "step_d2_n4096_noise0.2_s789_baseline_krr",
  "timestamp": "2026-04-11T12:27:46.201999"
}