{
  "method": "dml_gradnorm",
  "func_type": "step",
  "dim": 50,
  "n_samples": 4096,
  "noise_level": 0.5,
  "seed": 42,
  "lambda": 1.0,
  "test_value_mse": 3.389081200549439,
  "test_grad_mse": 0.05237416620849128,
  "best_epoch": 135,
  "time_s": 19.538334846496582,
  "n_epochs_actual": 186,
  "key": "step_d50_n4096_noise0.5_s42_dml_gradnorm",
  "timestamp": "2026-04-13T01:50:16.404208"
}