{
  "method": "dml_fixed",
  "func_type": "step",
  "dim": 20,
  "n_samples": 1024,
  "noise_level": 0.1,
  "seed": 789,
  "lambda": 1.0,
  "test_value_mse": 1.1444360492729648,
  "test_grad_mse": 0.09390353952116054,
  "best_epoch": 49,
  "time_s": 4.950560808181763,
  "n_epochs_actual": 100,
  "key": "step_d20_n1024_noise0.1_s789_dml_fixed",
  "timestamp": "2026-04-12T17:54:49.062213"
}