{
  "method": "baseline_rf",
  "func_type": "step",
  "dim": 5,
  "n_samples": 1024,
  "noise_level": 0.2,
  "seed": 123,
  "lambda": 1.0,
  "test_value_mse": 0.030733468315333436,
  "test_grad_mse": 8.806982108962714,
  "time_s": 1.9716756343841553,
  "key": "step_d5_n1024_noise0.2_s123_baseline_rf",
  "timestamp": "2026-04-12T00:44:52.034968"
}