{
  "method": "dml_gradnorm",
  "func_type": "step",
  "dim": 10,
  "n_samples": 256,
  "noise_level": 0.05,
  "seed": 123,
  "lambda": 1.0,
  "test_value_mse": 0.657410812044324,
  "test_grad_mse": 0.4151189369394198,
  "best_epoch": 24,
  "time_s": 4.407629489898682,
  "n_epochs_actual": 75,
  "key": "step_d10_n256_noise0.05_s123_dml_gradnorm",
  "timestamp": "2026-04-12T09:44:58.630893"
}