{
  "method": "dml_relobralo",
  "func_type": "step",
  "dim": 10,
  "n_samples": 4096,
  "noise_level": 0.2,
  "seed": 789,
  "lambda": 1.0,
  "test_value_mse": 0.2722081748687156,
  "test_grad_mse": 1.0072744409424743,
  "best_epoch": 62,
  "time_s": 7.355731248855591,
  "n_epochs_actual": 113,
  "key": "step_d10_n4096_noise0.2_s789_dml_relobralo",
  "timestamp": "2026-04-26T11:27:23.990570"
}