{
  "method": "dml_fixed",
  "func_type": "step",
  "dim": 10,
  "n_samples": 256,
  "noise_level": 0.5,
  "seed": 1000,
  "lambda": 1.0,
  "test_value_mse": 0.4060399820709136,
  "test_grad_mse": 0.006654307891194078,
  "best_epoch": 15,
  "time_s": 3.2677440643310547,
  "n_epochs_actual": 66,
  "key": "step_d10_n256_noise0.5_s1000_dml_fixed",
  "timestamp": "2026-04-12T09:51:20.026188"
}