{
  "method": "baseline_gp",
  "func_type": "step",
  "dim": 2,
  "n_samples": 4096,
  "noise_level": 0.1,
  "seed": 1000,
  "lambda": 1.0,
  "test_value_mse": 0.008231993108734424,
  "test_grad_mse": 28.264178699203427,
  "time_s": 444.9062466621399,
  "key": "step_d2_n4096_noise0.1_s1000_baseline_gp",
  "timestamp": "2026-04-11T12:01:20.138636"
}