{
  "method": "vanilla",
  "func_type": "step",
  "dim": 2,
  "n_samples": 1024,
  "noise_level": 0.2,
  "seed": 123,
  "lambda": 1.0,
  "test_value_mse": 0.00983408746010658,
  "test_grad_mse": 25.601252378522606,
  "best_epoch": 338,
  "time_s": 9.786975860595703,
  "n_epochs_actual": 389,
  "key": "step_d2_n1024_noise0.2_s123_vanilla",
  "timestamp": "2026-04-11T10:26:24.305535"
}