{
  "method": "baseline_rf",
  "func_type": "step",
  "dim": 1,
  "n_samples": 2048,
  "noise_level": 0.1,
  "seed": 1000,
  "lambda": 1.0,
  "test_value_mse": 5.957870405567813e-05,
  "test_grad_mse": 6.943329753774102e-25,
  "time_s": 0.2189791202545166,
  "key": "step_d1_n2048_noise0.1_s1000_baseline_rf",
  "timestamp": "2026-04-10T22:49:56.764347"
}