{
  "method": "dml_relobralo",
  "func_type": "step",
  "dim": 10,
  "n_samples": 8192,
  "noise_level": 0.2,
  "seed": 789,
  "lambda": 1.0,
  "test_value_mse": 0.6650204232740126,
  "test_grad_mse": 0.012710577196134991,
  "best_epoch": 105,
  "time_s": 15.492712497711182,
  "n_epochs_actual": 156,
  "key": "step_d10_n8192_noise0.2_s789_dml_relobralo",
  "timestamp": "2026-04-26T11:32:07.717168"
}