{
  "method": "dml_gradnorm",
  "func_type": "trig",
  "dim": 20,
  "n_samples": 8192,
  "noise_level": 0.05,
  "seed": 1000,
  "lambda": 1.0,
  "test_value_mse": 14.485727310180664,
  "test_grad_mse": 4.592124938964844,
  "best_epoch": 126,
  "time_s": 28.108181476593018,
  "n_epochs_actual": 177,
  "key": "trig_d20_n8192_noise0.05_s1000_dml_gradnorm",
  "timestamp": "2026-04-14T17:26:30.167147"
}