{
  "method": "dml_relobralo",
  "func_type": "trig",
  "dim": 20,
  "n_samples": 8192,
  "noise_level": 0.05,
  "seed": 42,
  "lambda": 1.0,
  "test_value_mse": 14.681490898132324,
  "test_grad_mse": 5.274356842041016,
  "best_epoch": 5,
  "time_s": 7.209100246429443,
  "n_epochs_actual": 56,
  "key": "trig_d20_n8192_noise0.05_s42_dml_relobralo",
  "timestamp": "2026-04-14T16:34:12.057383"
}