{
  "method": "dml_fixed",
  "func_type": "trig",
  "dim": 20,
  "n_samples": 8192,
  "noise_level": 0.1,
  "seed": 42,
  "lambda": 1.0,
  "test_value_mse": 2.9757845401763916,
  "test_grad_mse": 0.8619381785392761,
  "best_epoch": 284,
  "time_s": 27.96367359161377,
  "n_epochs_actual": 335,
  "key": "trig_d20_n8192_noise0.1_s42_dml_fixed",
  "timestamp": "2026-04-14T17:36:03.383259"
}