{
  "method": "baseline_rf",
  "func_type": "trig",
  "dim": 1,
  "n_samples": 8192,
  "noise_level": 0.0,
  "seed": 456,
  "lambda": 1.0,
  "test_value_mse": 1.1074809300583908e-05,
  "test_grad_mse": 137.94782911471705,
  "time_s": 1.415123462677002,
  "key": "trig_d1_n8192_noise0.0_s456_baseline_rf",
  "timestamp": "2026-04-13T09:19:25.610514"
}