{
  "method": "dml_gradnorm",
  "func_type": "trig",
  "dim": 20,
  "n_samples": 8192,
  "noise_level": 0.1,
  "seed": 123,
  "lambda": 1.0,
  "test_value_mse": 14.714743614196777,
  "test_grad_mse": 7.719837665557861,
  "best_epoch": 4,
  "time_s": 10.867129802703857,
  "n_epochs_actual": 55,
  "key": "trig_d20_n8192_noise0.1_s123_dml_gradnorm",
  "timestamp": "2026-04-14T17:47:15.042536"
}