{
  "method": "dml_gradnorm",
  "func_type": "trig",
  "dim": 10,
  "n_samples": 8192,
  "noise_level": 0.05,
  "seed": 456,
  "lambda": 1.0,
  "test_value_mse": 4.805900573730469,
  "test_grad_mse": 5.0199103355407715,
  "best_epoch": 42,
  "time_s": 16.09039616584778,
  "n_epochs_actual": 93,
  "key": "trig_d10_n8192_noise0.05_s456_dml_gradnorm",
  "timestamp": "2026-04-14T11:32:28.082055"
}