{
  "method": "baseline_krr",
  "func_type": "trig",
  "dim": 1,
  "n_samples": 256,
  "noise_level": 0.05,
  "seed": 789,
  "lambda": 1.0,
  "test_value_mse": 0.009026948362588882,
  "test_grad_mse": 0.15441138565705595,
  "time_s": 0.0031948089599609375,
  "key": "trig_d1_n256_noise0.05_s789_baseline_krr",
  "timestamp": "2026-04-13T03:27:09.906787"
}