{
  "method": "baseline_krr",
  "func_type": "trig",
  "dim": 20,
  "n_samples": 8192,
  "noise_level": 0.0,
  "seed": 1000,
  "lambda": 1.0,
  "test_value_mse": 16.291173934936523,
  "test_grad_mse": 6.551329617109973,
  "time_s": 10.287302494049072,
  "key": "trig_d20_n8192_noise0.0_s1000_baseline_krr",
  "timestamp": "2026-04-14T16:32:44.198397"
}