{
  "method": "dml_softmax_balance",
  "func_type": "trig",
  "dim": 10,
  "n_samples": 8192,
  "noise_level": 0.5,
  "seed": 1000,
  "lambda": 1.0,
  "test_value_mse": 1.8870460987091064,
  "test_grad_mse": 1.7920202016830444,
  "best_epoch": 133,
  "time_s": 16.44580578804016,
  "n_epochs_actual": 184,
  "key": "trig_d10_n8192_noise0.5_s1000_dml_softmax_balance",
  "timestamp": "2026-04-26T13:18:24.712302"
}