{
  "method": "dml_gradnorm",
  "func_type": "trig",
  "dim": 5,
  "n_samples": 8192,
  "noise_level": 0.0,
  "seed": 1000,
  "lambda": 1.0,
  "test_value_mse": 0.000139758616569452,
  "test_grad_mse": 0.00040889604133553803,
  "best_epoch": 994,
  "time_s": 144.74759197235107,
  "n_epochs_actual": 1000,
  "key": "trig_d5_n8192_noise0.0_s1000_dml_gradnorm",
  "timestamp": "2026-04-14T03:46:25.521230"
}