{
  "method": "dml_fixed",
  "func_type": "trig",
  "dim": 100,
  "n_samples": 4096,
  "noise_level": 0.0,
  "seed": 789,
  "lambda": 0.01,
  "test_value_mse": 95.8852310180664,
  "test_grad_mse": 10.659310340881348,
  "best_epoch": 13,
  "time_s": 6.315182209014893,
  "n_epochs_actual": 64,
  "key": "trig_d100_n4096_noise0.0_s789_dml_fixed_lam0.01",
  "timestamp": "2026-04-14T20:57:42.953044"
}