{
  "method": "baseline_gp",
  "func_type": "trig",
  "dim": 1,
  "n_samples": 1024,
  "noise_level": 0.1,
  "seed": 123,
  "lambda": 1.0,
  "test_value_mse": 2.9111913500669215e-10,
  "test_grad_mse": 5.545529066520381e-07,
  "time_s": 12.887481927871704,
  "key": "trig_d1_n1024_noise0.1_s123_baseline_gp",
  "timestamp": "2026-04-13T04:12:33.228468"
}