{
  "method": "baseline_rf",
  "func_type": "trig",
  "dim": 1,
  "n_samples": 256,
  "noise_level": 0.05,
  "seed": 123,
  "lambda": 1.0,
  "test_value_mse": 0.0007010542782606133,
  "test_grad_mse": 0.38984851182175995,
  "time_s": 0.6746687889099121,
  "key": "trig_d1_n256_noise0.05_s123_baseline_rf",
  "timestamp": "2026-04-13T03:26:17.859508"
}