{
  "method": "baseline_gp",
  "func_type": "trig",
  "dim": 2,
  "n_samples": 8192,
  "noise_level": 0.2,
  "seed": 123,
  "lambda": 1.0,
  "test_value_mse": 5.6514934408494424e-09,
  "test_grad_mse": 5.721322356888158e-07,
  "time_s": 1290.5960986614227,
  "key": "trig_d2_n8192_noise0.2_s123_baseline_gp",
  "timestamp": "2026-04-13T23:51:31.001973"
}