{
  "method": "dml_fixed",
  "func_type": "trig",
  "dim": 100,
  "n_samples": 1024,
  "noise_level": 0.0,
  "seed": 123,
  "lambda": 0.1,
  "test_value_mse": 90.08012390136719,
  "test_grad_mse": 7.952917098999023,
  "best_epoch": 20,
  "time_s": 4.655545711517334,
  "n_epochs_actual": 71,
  "key": "trig_d100_n1024_noise0.0_s123_dml_fixed_lam0.1",
  "timestamp": "2026-04-14T20:55:17.881007"
}