{
  "method": "dml_fixed",
  "func_type": "trig",
  "dim": 1,
  "n_samples": 8192,
  "noise_level": 0.05,
  "seed": 456,
  "lambda": 1.0,
  "test_value_mse": 1.6517968106199987e-05,
  "test_grad_mse": 0.0006676920456811786,
  "best_epoch": 334,
  "time_s": 24.38461923599243,
  "n_epochs_actual": 385,
  "key": "trig_d1_n8192_noise0.05_s456_dml_fixed",
  "timestamp": "2026-04-13T10:38:22.709755"
}