{
  "method": "dml_relobralo",
  "func_type": "trig",
  "dim": 1,
  "n_samples": 8192,
  "noise_level": 0.5,
  "seed": 42,
  "lambda": 1.0,
  "test_value_mse": 0.019236970692873,
  "test_grad_mse": 0.05778034031391144,
  "best_epoch": 87,
  "time_s": 12.877795219421387,
  "n_epochs_actual": 138,
  "key": "trig_d1_n8192_noise0.5_s42_dml_relobralo",
  "timestamp": "2026-04-26T12:29:30.636084"
}