{
  "method": "dml_fixed",
  "func_type": "trig",
  "dim": 50,
  "n_samples": 4096,
  "noise_level": 0.0,
  "seed": 789,
  "lambda": 10.0,
  "test_value_mse": 64.56948852539062,
  "test_grad_mse": 10.799361228942871,
  "best_epoch": 15,
  "time_s": 4.1627233028411865,
  "n_epochs_actual": 66,
  "key": "trig_d50_n4096_noise0.0_s789_dml_fixed_lam10.0",
  "timestamp": "2026-04-14T20:36:53.155636"
}