{
  "method": "dml_relobralo",
  "func_type": "trig",
  "dim": 10,
  "n_samples": 8192,
  "noise_level": 0.1,
  "seed": 42,
  "lambda": 1.0,
  "test_value_mse": 0.34599894285202026,
  "test_grad_mse": 0.4202342629432678,
  "best_epoch": 401,
  "time_s": 36.449462890625,
  "n_epochs_actual": 452,
  "key": "trig_d10_n8192_noise0.1_s42_dml_relobralo",
  "timestamp": "2026-04-14T12:14:12.247421"
}