{
  "method": "dml_gradnorm",
  "func_type": "trig",
  "dim": 1,
  "n_samples": 512,
  "noise_level": 0.05,
  "seed": 456,
  "lambda": 1.0,
  "test_value_mse": 0.0003339956165291369,
  "test_grad_mse": 0.007382451556622982,
  "best_epoch": 255,
  "time_s": 6.141444444656372,
  "n_epochs_actual": 306,
  "key": "trig_d1_n512_noise0.05_s456_dml_gradnorm",
  "timestamp": "2026-04-13T03:42:44.114641"
}