{
  "method": "baseline_rf",
  "func_type": "trig",
  "dim": 10,
  "n_samples": 8192,
  "noise_level": 0.0,
  "seed": 1000,
  "lambda": 1.0,
  "test_value_mse": 3.811038410405681,
  "test_grad_mse": 675.714598134923,
  "time_s": 5.8483428955078125,
  "key": "trig_d10_n8192_noise0.0_s1000_baseline_rf",
  "timestamp": "2026-04-14T11:00:02.563679"
}