{
  "method": "dml_gradnorm",
  "func_type": "trig",
  "dim": 10,
  "n_samples": 8192,
  "noise_level": 0.1,
  "seed": 789,
  "lambda": 1.0,
  "test_value_mse": 11.839863777160645,
  "test_grad_mse": 13.845261573791504,
  "best_epoch": 2,
  "time_s": 6.984369516372681,
  "n_epochs_actual": 53,
  "key": "trig_d10_n8192_noise0.1_s789_dml_gradnorm",
  "timestamp": "2026-04-14T12:58:26.986556"
}