{
  "method": "dml_softmax_balance",
  "func_type": "trig",
  "dim": 2,
  "n_samples": 8192,
  "noise_level": 0.1,
  "seed": 456,
  "lambda": 1.0,
  "test_value_mse": 0.0010951391886919737,
  "test_grad_mse": 0.006629978772252798,
  "best_epoch": 215,
  "time_s": 25.1817364692688,
  "n_epochs_actual": 266,
  "key": "trig_d2_n8192_noise0.1_s456_dml_softmax_balance",
  "timestamp": "2026-04-26T12:40:17.284230"
}