{
  "method": "baseline_rf",
  "func_type": "trig",
  "dim": 1,
  "n_samples": 512,
  "noise_level": 0.05,
  "seed": 123,
  "lambda": 1.0,
  "test_value_mse": 0.00013893844707723004,
  "test_grad_mse": 524.756928324715,
  "time_s": 0.5010454654693604,
  "key": "trig_d1_n512_noise0.05_s123_baseline_rf",
  "timestamp": "2026-04-13T03:42:20.838436"
}