{
  "method": "baseline_rf",
  "func_type": "trig",
  "dim": 5,
  "n_samples": 8192,
  "noise_level": 0.1,
  "seed": 456,
  "lambda": 1.0,
  "test_value_mse": 0.9570123368059589,
  "test_grad_mse": 1190.1001034633846,
  "time_s": 3.558497428894043,
  "key": "trig_d5_n8192_noise0.1_s456_baseline_rf",
  "timestamp": "2026-04-14T06:31:24.225981"
}