{
  "method": "dml_fixed",
  "func_type": "trig",
  "dim": 100,
  "n_samples": 8192,
  "noise_level": 0.05,
  "seed": 789,
  "lambda": 1.0,
  "test_value_mse": 106.43811798095703,
  "test_grad_mse": 10.557822227478027,
  "best_epoch": 14,
  "time_s": 10.276859521865845,
  "n_epochs_actual": 65,
  "key": "trig_d100_n8192_noise0.05_s789_dml_fixed",
  "timestamp": "2026-04-14T21:04:34.168690"
}