{
  "method": "dml_fixed",
  "func_type": "trig",
  "dim": 1,
  "n_samples": 4096,
  "noise_level": 0.0,
  "seed": 789,
  "lambda": 1.0,
  "test_value_mse": 1.1487947482180516e-08,
  "test_grad_mse": 4.088933110324433e-06,
  "best_epoch": 992,
  "time_s": 36.11094617843628,
  "n_epochs_actual": 1000,
  "key": "trig_d1_n4096_noise0.0_s789_dml_fixed",
  "timestamp": "2026-04-13T05:47:48.083247"
}