{
  "method": "baseline_gp",
  "func_type": "trig",
  "dim": 1,
  "n_samples": 4096,
  "noise_level": 0.0,
  "seed": 789,
  "lambda": 1.0,
  "test_value_mse": 2.2028749263000557e-10,
  "test_grad_mse": 3.258517369388918e-06,
  "time_s": 323.4692976474762,
  "key": "trig_d1_n4096_noise0.0_s789_baseline_gp",
  "timestamp": "2026-04-13T05:54:49.979665"
}