{
  "method": "dml_relobralo",
  "func_type": "trig",
  "dim": 1,
  "n_samples": 2048,
  "noise_level": 0.1,
  "seed": 1000,
  "lambda": 1.0,
  "test_value_mse": 0.00018228274711873382,
  "test_grad_mse": 0.00011383754463167861,
  "best_epoch": 77,
  "time_s": 5.654626131057739,
  "n_epochs_actual": 128,
  "key": "trig_d1_n2048_noise0.1_s1000_dml_relobralo",
  "timestamp": "2026-04-26T12:11:39.774071"
}