{
  "method": "baseline_krr",
  "func_type": "trig",
  "dim": 10,
  "n_samples": 8192,
  "noise_level": 0.0,
  "seed": 456,
  "lambda": 1.0,
  "test_value_mse": 7.183182716369629,
  "test_grad_mse": 6.213715883662347,
  "time_s": 2.0351932048797607,
  "key": "trig_d10_n8192_noise0.0_s456_baseline_krr",
  "timestamp": "2026-04-14T10:32:29.228557"
}