{
  "method": "baseline_gp",
  "func_type": "trig",
  "dim": 1,
  "n_samples": 512,
  "noise_level": 0.0,
  "seed": 456,
  "lambda": 1.0,
  "test_value_mse": 5.911462778304564e-09,
  "test_grad_mse": 1.4845786774083511e-05,
  "time_s": 0.9030389785766602,
  "key": "trig_d1_n512_noise0.0_s456_baseline_gp",
  "timestamp": "2026-04-13T03:38:05.262925"
}