{
  "method": "dml_relobralo",
  "func_type": "trig",
  "dim": 20,
  "n_samples": 8192,
  "noise_level": 0.0,
  "seed": 789,
  "lambda": 1.0,
  "test_value_mse": 23.99637794494629,
  "test_grad_mse": 14.655318260192871,
  "best_epoch": 3,
  "time_s": 6.320292234420776,
  "n_epochs_actual": 54,
  "key": "trig_d20_n8192_noise0.0_s789_dml_relobralo",
  "timestamp": "2026-04-14T16:12:37.839734"
}