{
  "method": "vanilla",
  "func_type": "trig",
  "dim": 20,
  "n_samples": 8192,
  "noise_level": 0.5,
  "seed": 1000,
  "lambda": 1.0,
  "test_value_mse": 16.273717880249023,
  "test_grad_mse": 6.619727611541748,
  "best_epoch": 10,
  "time_s": 7.463563442230225,
  "n_epochs_actual": 61,
  "key": "trig_d20_n8192_noise0.5_s1000_vanilla",
  "timestamp": "2026-04-14T20:26:06.392228"
}