{
  "method": "baseline_rf",
  "func_type": "trig",
  "dim": 1,
  "n_samples": 256,
  "noise_level": 0.0,
  "seed": 42,
  "lambda": 1.0,
  "test_value_mse": 0.024453765591098815,
  "test_grad_mse": 8.883718834443593,
  "time_s": 0.742239236831665,
  "key": "trig_d1_n256_noise0.0_s42_baseline_rf",
  "timestamp": "2026-04-13T03:21:05.644032"
}