{
  "method": "dml_relobralo",
  "func_type": "trig",
  "dim": 50,
  "n_samples": 8192,
  "noise_level": 0.5,
  "seed": 789,
  "lambda": 1.0,
  "test_value_mse": 51.015235900878906,
  "test_grad_mse": 10.949214935302734,
  "best_epoch": 3,
  "time_s": 4.94803786277771,
  "n_epochs_actual": 54,
  "key": "trig_d50_n8192_noise0.5_s789_dml_relobralo",
  "timestamp": "2026-04-14T20:54:07.586137"
}