{
  "method": "baseline_rf",
  "func_type": "trig",
  "dim": 20,
  "n_samples": 8192,
  "noise_level": 0.2,
  "seed": 42,
  "lambda": 1.0,
  "test_value_mse": 10.359897777427467,
  "test_grad_mse": 273.3672279489201,
  "time_s": 12.151099920272827,
  "key": "trig_d20_n8192_noise0.2_s42_baseline_rf",
  "timestamp": "2026-04-14T18:50:37.950252"
}