{
  "method": "baseline_rf",
  "func_type": "trig",
  "dim": 10,
  "n_samples": 8192,
  "noise_level": 0.0,
  "seed": 42,
  "lambda": 1.0,
  "test_value_mse": 3.115114713296247,
  "test_grad_mse": 99.19818494190676,
  "time_s": 5.770704984664917,
  "key": "trig_d10_n8192_noise0.0_s42_baseline_rf",
  "timestamp": "2026-04-14T09:57:46.297573"
}