{
  "method": "dml_gradnorm",
  "func_type": "trig",
  "dim": 2,
  "n_samples": 8192,
  "noise_level": 0.1,
  "seed": 42,
  "lambda": 1.0,
  "test_value_mse": 0.006246538832783699,
  "test_grad_mse": 0.01251748576760292,
  "best_epoch": 178,
  "time_s": 38.198463916778564,
  "n_epochs_actual": 229,
  "key": "trig_d2_n8192_noise0.1_s42_dml_gradnorm",
  "timestamp": "2026-04-13T21:27:11.336288"
}