{
  "method": "dml_relobralo",
  "func_type": "trig",
  "dim": 1,
  "n_samples": 8192,
  "noise_level": 0.05,
  "seed": 1000,
  "lambda": 1.0,
  "test_value_mse": 2.851619910870795e-06,
  "test_grad_mse": 1.1561896826606244e-05,
  "best_epoch": 112,
  "time_s": 16.567242860794067,
  "n_epochs_actual": 163,
  "key": "trig_d1_n8192_noise0.05_s1000_dml_relobralo",
  "timestamp": "2026-04-26T12:26:02.920107"
}