{
  "method": "dml_gradnorm",
  "func_type": "trig",
  "dim": 1,
  "n_samples": 1024,
  "noise_level": 0.0,
  "seed": 42,
  "lambda": 1.0,
  "test_value_mse": 1.1381824833733845e-06,
  "test_grad_mse": 0.00016311122453771532,
  "best_epoch": 999,
  "time_s": 23.180318593978882,
  "n_epochs_actual": 1000,
  "key": "trig_d1_n1024_noise0.0_s42_dml_gradnorm",
  "timestamp": "2026-04-13T03:57:07.175442"
}