{
  "method": "dml_relobralo",
  "func_type": "trig",
  "dim": 2,
  "n_samples": 8192,
  "noise_level": 0.0,
  "seed": 789,
  "lambda": 1.0,
  "test_value_mse": 7.24766323401127e-06,
  "test_grad_mse": 0.000326863257214427,
  "best_epoch": 946,
  "time_s": 95.05349493026733,
  "n_epochs_actual": 997,
  "key": "trig_d2_n8192_noise0.0_s789_dml_relobralo",
  "timestamp": "2026-04-26T12:35:32.538943"
}