{
  "method": "vanilla",
  "func_type": "trig",
  "dim": 10,
  "n_samples": 8192,
  "noise_level": 0.2,
  "seed": 456,
  "lambda": 1.0,
  "test_value_mse": 5.978541851043701,
  "test_grad_mse": 6.175233840942383,
  "best_epoch": 75,
  "time_s": 11.144938945770264,
  "n_epochs_actual": 126,
  "key": "trig_d10_n8192_noise0.2_s456_vanilla",
  "timestamp": "2026-04-14T13:51:39.285914"
}