{
  "method": "dml_fixed",
  "func_type": "trig",
  "dim": 50,
  "n_samples": 4096,
  "noise_level": 0.0,
  "seed": 456,
  "lambda": 0.1,
  "test_value_mse": 38.02663040161133,
  "test_grad_mse": 8.087355613708496,
  "best_epoch": 16,
  "time_s": 6.41168999671936,
  "n_epochs_actual": 67,
  "key": "trig_d50_n4096_noise0.0_s456_dml_fixed_lam0.1",
  "timestamp": "2026-04-14T20:36:24.987527"
}