{
  "method": "dml_fixed",
  "func_type": "trig",
  "dim": 50,
  "n_samples": 4096,
  "noise_level": 0.0,
  "seed": 42,
  "lambda": 0.01,
  "test_value_mse": 37.60169219970703,
  "test_grad_mse": 6.6753740310668945,
  "best_epoch": 12,
  "time_s": 5.4095704555511475,
  "n_epochs_actual": 63,
  "key": "trig_d50_n4096_noise0.0_s42_dml_fixed_lam0.01",
  "timestamp": "2026-04-14T20:35:32.439838"
}