{
  "method": "baseline_gp",
  "func_type": "trig",
  "dim": 1,
  "n_samples": 8192,
  "noise_level": 0.05,
  "seed": 789,
  "lambda": 1.0,
  "test_value_mse": 1.0444098735243808e-10,
  "test_grad_mse": 3.2420205256743266e-06,
  "time_s": 924.2887060642242,
  "key": "trig_d1_n8192_noise0.05_s789_baseline_gp",
  "timestamp": "2026-04-13T11:15:31.764253"
}