{
  "method": "dml_fixed",
  "func_type": "trig",
  "dim": 1,
  "n_samples": 8192,
  "noise_level": 0.2,
  "seed": 456,
  "lambda": 1.0,
  "test_value_mse": 0.0008202548488043249,
  "test_grad_mse": 0.0064240992069244385,
  "best_epoch": 159,
  "time_s": 14.937318086624146,
  "n_epochs_actual": 210,
  "key": "trig_d1_n8192_noise0.2_s456_dml_fixed",
  "timestamp": "2026-04-13T14:14:12.159023"
}