{
  "method": "dml_gradnorm",
  "func_type": "trig",
  "dim": 10,
  "n_samples": 8192,
  "noise_level": 0.05,
  "seed": 123,
  "lambda": 1.0,
  "test_value_mse": 0.03523849695920944,
  "test_grad_mse": 0.03655163198709488,
  "best_epoch": 784,
  "time_s": 115.57804608345032,
  "n_epochs_actual": 835,
  "key": "trig_d10_n8192_noise0.05_s123_dml_gradnorm",
  "timestamp": "2026-04-14T11:17:21.002423"
}