{
  "method": "dml_gradnorm",
  "func_type": "trig",
  "dim": 1,
  "n_samples": 8192,
  "noise_level": 0.0,
  "seed": 1000,
  "lambda": 1.0,
  "test_value_mse": 9.101183695570114e-10,
  "test_grad_mse": 9.339568407540355e-08,
  "best_epoch": 900,
  "time_s": 127.2125449180603,
  "n_epochs_actual": 951,
  "key": "trig_d1_n8192_noise0.0_s1000_dml_gradnorm",
  "timestamp": "2026-04-13T09:46:08.131440"
}