{
  "method": "dml_relobralo",
  "func_type": "trig",
  "dim": 1,
  "n_samples": 256,
  "noise_level": 0.2,
  "seed": 1000,
  "lambda": 1.0,
  "test_value_mse": 0.0003419766726437956,
  "test_grad_mse": 0.0008773332228884101,
  "best_epoch": 95,
  "time_s": 3.702908992767334,
  "n_epochs_actual": 146,
  "key": "trig_d1_n256_noise0.2_s1000_dml_relobralo",
  "timestamp": "2026-04-26T11:59:42.620870"
}