{
  "method": "dml_softmax_balance",
  "func_type": "trig",
  "dim": 10,
  "n_samples": 8192,
  "noise_level": 0.2,
  "seed": 789,
  "lambda": 1.0,
  "test_value_mse": 3.7222514152526855,
  "test_grad_mse": 6.207094669342041,
  "best_epoch": 171,
  "time_s": 21.585094690322876,
  "n_epochs_actual": 222,
  "key": "trig_d10_n8192_noise0.2_s789_dml_softmax_balance",
  "timestamp": "2026-04-26T13:16:11.644041"
}