{
  "method": "dml_relobralo",
  "func_type": "trig",
  "dim": 100,
  "n_samples": 8192,
  "noise_level": 0.0,
  "seed": 456,
  "lambda": 1.0,
  "test_value_mse": 78.89302062988281,
  "test_grad_mse": 8.034442901611328,
  "best_epoch": 6,
  "time_s": 8.025406837463379,
  "n_epochs_actual": 57,
  "key": "trig_d100_n8192_noise0.0_s456_dml_relobralo",
  "timestamp": "2026-04-14T21:00:35.687059"
}