{
  "method": "baseline_rf",
  "func_type": "trig",
  "dim": 2,
  "n_samples": 8192,
  "noise_level": 0.05,
  "seed": 789,
  "lambda": 1.0,
  "test_value_mse": 0.031033155008929444,
  "test_grad_mse": 7572.47963015094,
  "time_s": 2.0888803005218506,
  "key": "trig_d2_n8192_noise0.05_s789_baseline_rf",
  "timestamp": "2026-04-13T21:06:31.204196"
}