{
  "method": "dml_relobralo",
  "func_type": "trig",
  "dim": 10,
  "n_samples": 8192,
  "noise_level": 0.05,
  "seed": 456,
  "lambda": 1.0,
  "test_value_mse": 2.7618701457977295,
  "test_grad_mse": 3.3852732181549072,
  "best_epoch": 91,
  "time_s": 14.656141519546509,
  "n_epochs_actual": 142,
  "key": "trig_d10_n8192_noise0.05_s456_dml_relobralo",
  "timestamp": "2026-04-14T11:32:42.738761"
}