{
  "method": "baseline_gp",
  "func_type": "trig",
  "dim": 5,
  "n_samples": 8192,
  "noise_level": 0.0,
  "seed": 1000,
  "lambda": 1.0,
  "test_value_mse": 0.07807829019620022,
  "test_grad_mse": 0.17774350347915338,
  "time_s": 1349.7560729980469,
  "key": "trig_d5_n8192_noise0.0_s1000_baseline_gp",
  "timestamp": "2026-04-14T04:09:06.059697"
}