{
  "method": "baseline_rf",
  "func_type": "trig",
  "dim": 5,
  "n_samples": 8192,
  "noise_level": 0.05,
  "seed": 1000,
  "lambda": 1.0,
  "test_value_mse": 0.6043849328043543,
  "test_grad_mse": 1130.72398366267,
  "time_s": 3.6435317993164062,
  "key": "trig_d5_n8192_noise0.05_s1000_baseline_rf",
  "timestamp": "2026-04-14T05:45:04.747227"
}