{
  "method": "dml_gradnorm",
  "func_type": "trig",
  "dim": 2,
  "n_samples": 8192,
  "noise_level": 0.0,
  "seed": 456,
  "lambda": 1.0,
  "test_value_mse": 0.0005422273534350097,
  "test_grad_mse": 0.006754588335752487,
  "best_epoch": 219,
  "time_s": 38.298654079437256,
  "n_epochs_actual": 270,
  "key": "trig_d2_n8192_noise0.0_s456_dml_gradnorm",
  "timestamp": "2026-04-13T18:27:58.791847"
}