{
  "method": "dml_gradnorm",
  "func_type": "trig",
  "dim": 100,
  "n_samples": 8192,
  "noise_level": 0.1,
  "seed": 789,
  "lambda": 1.0,
  "test_value_mse": 135.6095733642578,
  "test_grad_mse": 10.793989181518555,
  "best_epoch": 77,
  "time_s": 14.972791194915771,
  "n_epochs_actual": 128,
  "key": "trig_d100_n8192_noise0.1_s789_dml_gradnorm",
  "timestamp": "2026-04-14T21:08:43.402754"
}