{
  "method": "dml_fixed",
  "func_type": "trig",
  "dim": 2,
  "n_samples": 4096,
  "noise_level": 0.0,
  "seed": 456,
  "lambda": 0.01,
  "test_value_mse": 2.4166880393750034e-05,
  "test_grad_mse": 0.0018612040439620614,
  "best_epoch": 996,
  "time_s": 38.173429012298584,
  "n_epochs_actual": 1000,
  "key": "trig_d2_n4096_noise0.0_s456_dml_fixed_lam0.01",
  "timestamp": "2026-04-13T17:30:54.114344"
}