{
  "method": "dml_gradnorm",
  "func_type": "trig",
  "dim": 1,
  "n_samples": 4096,
  "noise_level": 0.05,
  "seed": 1000,
  "lambda": 1.0,
  "test_value_mse": 2.8700540497084148e-05,
  "test_grad_mse": 2.9830014682374895e-05,
  "best_epoch": 40,
  "time_s": 9.649675369262695,
  "n_epochs_actual": 91,
  "key": "trig_d1_n4096_noise0.05_s1000_dml_gradnorm",
  "timestamp": "2026-04-13T06:31:40.952092"
}