{
  "method": "dml_relobralo",
  "func_type": "trig",
  "dim": 5,
  "n_samples": 8192,
  "noise_level": 0.1,
  "seed": 789,
  "lambda": 1.0,
  "test_value_mse": 0.018574200570583344,
  "test_grad_mse": 0.060963224619627,
  "best_epoch": 430,
  "time_s": 35.4712872505188,
  "n_epochs_actual": 481,
  "key": "trig_d5_n8192_noise0.1_s789_dml_relobralo",
  "timestamp": "2026-04-14T06:33:41.663234"
}