{
  "method": "dml_fixed",
  "func_type": "trig",
  "dim": 100,
  "n_samples": 8192,
  "noise_level": 0.5,
  "seed": 123,
  "lambda": 1.0,
  "test_value_mse": 88.2264175415039,
  "test_grad_mse": 7.818538665771484,
  "best_epoch": 17,
  "time_s": 10.758251428604126,
  "n_epochs_actual": 68,
  "key": "trig_d100_n8192_noise0.5_s123_dml_fixed",
  "timestamp": "2026-04-14T21:14:36.474943"
}