{
  "method": "dml_gradnorm",
  "func_type": "trig",
  "dim": 1,
  "n_samples": 4096,
  "noise_level": 0.05,
  "seed": 42,
  "lambda": 1.0,
  "test_value_mse": 0.0032827015966176987,
  "test_grad_mse": 0.008481821976602077,
  "best_epoch": 115,
  "time_s": 13.698715448379517,
  "n_epochs_actual": 166,
  "key": "trig_d1_n4096_noise0.05_s42_dml_gradnorm",
  "timestamp": "2026-04-13T06:03:01.571551"
}