{
  "method": "baseline_rf",
  "func_type": "trig",
  "dim": 1,
  "n_samples": 512,
  "noise_level": 0.5,
  "seed": 1000,
  "lambda": 1.0,
  "test_value_mse": 0.00046224428516132126,
  "test_grad_mse": 998.909624302713,
  "time_s": 0.21236944198608398,
  "key": "trig_d1_n512_noise0.5_s1000_baseline_rf",
  "timestamp": "2026-04-13T03:55:43.725048"
}