{
  "method": "dml_fixed",
  "func_type": "trig",
  "dim": 5,
  "n_samples": 8192,
  "noise_level": 0.5,
  "seed": 456,
  "lambda": 1.0,
  "test_value_mse": 0.3082426190376282,
  "test_grad_mse": 0.6434755325317383,
  "best_epoch": 130,
  "time_s": 14.134275913238525,
  "n_epochs_actual": 181,
  "key": "trig_d5_n8192_noise0.5_s456_dml_fixed",
  "timestamp": "2026-04-14T08:42:57.933028"
}