{
  "method": "dml_fixed",
  "func_type": "trig",
  "dim": 50,
  "n_samples": 1024,
  "noise_level": 0.0,
  "seed": 1000,
  "lambda": 0.001,
  "test_value_mse": 47.52531433105469,
  "test_grad_mse": 7.093893527984619,
  "best_epoch": 14,
  "time_s": 2.5832056999206543,
  "n_epochs_actual": 65,
  "key": "trig_d50_n1024_noise0.0_s1000_dml_fixed_lam0.001",
  "timestamp": "2026-04-14T20:35:11.573833"
}