{
  "method": "dml_fixed",
  "func_type": "trig",
  "dim": 1,
  "n_samples": 256,
  "noise_level": 0.5,
  "seed": 456,
  "lambda": 1.0,
  "test_value_mse": 0.264998197555542,
  "test_grad_mse": 0.5134689807891846,
  "best_epoch": 108,
  "time_s": 5.106742858886719,
  "n_epochs_actual": 159,
  "key": "trig_d1_n256_noise0.5_s456_dml_fixed",
  "timestamp": "2026-04-13T03:33:30.665950"
}