{
  "method": "baseline_rf",
  "func_type": "trig",
  "dim": 5,
  "n_samples": 8192,
  "noise_level": 0.1,
  "seed": 42,
  "lambda": 1.0,
  "test_value_mse": 0.6337898361282334,
  "test_grad_mse": 369.32971329597154,
  "time_s": 3.6674466133117676,
  "key": "trig_d5_n8192_noise0.1_s42_baseline_rf",
  "timestamp": "2026-04-14T05:55:54.438153"
}