{
  "method": "baseline_rf",
  "func_type": "trig",
  "dim": 1,
  "n_samples": 512,
  "noise_level": 0.1,
  "seed": 1000,
  "lambda": 1.0,
  "test_value_mse": 0.0004622442851613206,
  "test_grad_mse": 998.909624302748,
  "time_s": 0.6496474742889404,
  "key": "trig_d1_n512_noise0.1_s1000_baseline_rf",
  "timestamp": "2026-04-13T03:48:43.509482"
}