{
  "method": "baseline_gp",
  "func_type": "trig",
  "dim": 1,
  "n_samples": 512,
  "noise_level": 0.1,
  "seed": 789,
  "lambda": 1.0,
  "test_value_mse": 4.6148129852254173e-10,
  "test_grad_mse": 3.039415395914976e-06,
  "time_s": 0.9185705184936523,
  "key": "trig_d1_n512_noise0.1_s789_baseline_gp",
  "timestamp": "2026-04-13T03:48:10.276976"
}