{
  "method": "dml_relobralo",
  "func_type": "trig",
  "dim": 2,
  "n_samples": 8192,
  "noise_level": 0.05,
  "seed": 789,
  "lambda": 1.0,
  "test_value_mse": 0.0003510460373945534,
  "test_grad_mse": 0.002873750636354089,
  "best_epoch": 306,
  "time_s": 32.77935481071472,
  "n_epochs_actual": 357,
  "key": "trig_d2_n8192_noise0.05_s789_dml_relobralo",
  "timestamp": "2026-04-26T12:38:23.358540"
}