{
  "method": "dml_gradnorm",
  "func_type": "trig",
  "dim": 50,
  "n_samples": 8192,
  "noise_level": 0.2,
  "seed": 456,
  "lambda": 1.0,
  "test_value_mse": 50.19276809692383,
  "test_grad_mse": 8.196295738220215,
  "best_epoch": 73,
  "time_s": 21.664406061172485,
  "n_epochs_actual": 124,
  "key": "trig_d50_n8192_noise0.2_s456_dml_gradnorm",
  "timestamp": "2026-04-14T20:49:51.764865"
}