{
  "method": "dml_gradnorm",
  "func_type": "trig",
  "dim": 10,
  "n_samples": 8192,
  "noise_level": 0.1,
  "seed": 1000,
  "lambda": 1.0,
  "test_value_mse": 0.06307709962129593,
  "test_grad_mse": 0.045320749282836914,
  "best_epoch": 280,
  "time_s": 51.14062762260437,
  "n_epochs_actual": 331,
  "key": "trig_d10_n8192_noise0.1_s1000_dml_gradnorm",
  "timestamp": "2026-04-14T13:13:00.941950"
}