{
  "method": "baseline_rf",
  "func_type": "trig",
  "dim": 2,
  "n_samples": 8192,
  "noise_level": 0.5,
  "seed": 456,
  "lambda": 1.0,
  "test_value_mse": 0.019062280815635192,
  "test_grad_mse": 2426.9406642204835,
  "time_s": 1.9626538753509521,
  "key": "trig_d2_n8192_noise0.5_s456_baseline_rf",
  "timestamp": "2026-04-14T01:41:19.006966"
}