{
  "method": "dml_relobralo",
  "func_type": "trig",
  "dim": 5,
  "n_samples": 8192,
  "noise_level": 0.1,
  "seed": 123,
  "lambda": 1.0,
  "test_value_mse": 0.0037068016827106476,
  "test_grad_mse": 0.009892081841826439,
  "best_epoch": 279,
  "time_s": 22.219693422317505,
  "n_epochs_actual": 330,
  "key": "trig_d5_n8192_noise0.1_s123_dml_relobralo",
  "timestamp": "2026-04-14T05:57:42.312578"
}