{
  "method": "dml_gradnorm",
  "func_type": "trig",
  "dim": 100,
  "n_samples": 8192,
  "noise_level": 0.05,
  "seed": 789,
  "lambda": 1.0,
  "test_value_mse": 139.38510131835938,
  "test_grad_mse": 10.794418334960938,
  "best_epoch": 77,
  "time_s": 23.792248249053955,
  "n_epochs_actual": 128,
  "key": "trig_d100_n8192_noise0.05_s789_dml_gradnorm",
  "timestamp": "2026-04-14T21:04:57.961452"
}