{
  "method": "baseline_krr",
  "func_type": "trig",
  "dim": 1,
  "n_samples": 8192,
  "noise_level": 0.5,
  "seed": 1000,
  "lambda": 1.0,
  "test_value_mse": 4.486236321099568e-06,
  "test_grad_mse": 0.00029783307450089775,
  "time_s": 3.9345715045928955,
  "key": "trig_d1_n8192_noise0.5_s1000_baseline_krr",
  "timestamp": "2026-04-13T17:16:21.722846"
}