{
  "method": "dml_fixed",
  "func_type": "trig",
  "dim": 2,
  "n_samples": 4096,
  "noise_level": 0.0,
  "seed": 456,
  "lambda": 10.0,
  "test_value_mse": 1.151784908870468e-05,
  "test_grad_mse": 0.0004351947281975299,
  "best_epoch": 999,
  "time_s": 42.70080804824829,
  "n_epochs_actual": 1000,
  "key": "trig_d2_n4096_noise0.0_s456_dml_fixed_lam10.0",
  "timestamp": "2026-04-13T17:32:17.797095"
}