{
  "method": "vanilla",
  "func_type": "trig",
  "dim": 2,
  "n_samples": 8192,
  "noise_level": 0.5,
  "seed": 789,
  "lambda": 1.0,
  "test_value_mse": 0.0002833641192410141,
  "test_grad_mse": 0.024781012907624245,
  "best_epoch": 691,
  "time_s": 48.46238613128662,
  "n_epochs_actual": 742,
  "key": "trig_d2_n8192_noise0.5_s789_vanilla",
  "timestamp": "2026-04-14T01:42:07.496288"
}