{
  "method": "dml_relobralo",
  "func_type": "trig",
  "dim": 1,
  "n_samples": 1024,
  "noise_level": 0.2,
  "seed": 123,
  "lambda": 1.0,
  "test_value_mse": 0.00013424093776848167,
  "test_grad_mse": 0.00038554047932848334,
  "best_epoch": 181,
  "time_s": 6.849626064300537,
  "n_epochs_actual": 232,
  "key": "trig_d1_n1024_noise0.2_s123_dml_relobralo",
  "timestamp": "2026-04-26T12:06:41.051249"
}