{
  "method": "dml_fixed",
  "func_type": "trig",
  "dim": 10,
  "n_samples": 8192,
  "noise_level": 0.5,
  "seed": 123,
  "lambda": 1.0,
  "test_value_mse": 1.6267642974853516,
  "test_grad_mse": 1.3967796564102173,
  "best_epoch": 114,
  "time_s": 17.104639768600464,
  "n_epochs_actual": 165,
  "key": "trig_d10_n8192_noise0.5_s123_dml_fixed",
  "timestamp": "2026-04-14T14:43:33.652022"
}