{
  "method": "dml_fixed",
  "func_type": "trig",
  "dim": 100,
  "n_samples": 1024,
  "noise_level": 0.0,
  "seed": 1000,
  "lambda": 0.1,
  "test_value_mse": 101.67151641845703,
  "test_grad_mse": 7.454821586608887,
  "best_epoch": 33,
  "time_s": 3.132913827896118,
  "n_epochs_actual": 84,
  "key": "trig_d100_n1024_noise0.0_s1000_dml_fixed_lam0.1",
  "timestamp": "2026-04-14T20:56:13.169361"
}