{
  "method": "dml_fixed",
  "func_type": "trig",
  "dim": 1,
  "n_samples": 256,
  "noise_level": 0.05,
  "seed": 123,
  "lambda": 1.0,
  "test_value_mse": 1.3850756658939645e-05,
  "test_grad_mse": 0.00011100693518528715,
  "best_epoch": 166,
  "time_s": 5.886190176010132,
  "n_epochs_actual": 217,
  "key": "trig_d1_n256_noise0.05_s123_dml_fixed",
  "timestamp": "2026-04-13T03:26:00.757689"
}