{
  "method": "dml_gradnorm",
  "func_type": "trig",
  "dim": 1,
  "n_samples": 2048,
  "noise_level": 0.1,
  "seed": 1000,
  "lambda": 1.0,
  "test_value_mse": 7.30006513549597e-06,
  "test_grad_mse": 4.473105218494311e-05,
  "best_epoch": 186,
  "time_s": 12.562369108200073,
  "n_epochs_actual": 237,
  "key": "trig_d1_n2048_noise0.1_s1000_dml_gradnorm",
  "timestamp": "2026-04-13T05:01:01.188814"
}