{
  "method": "dml_fixed",
  "func_type": "trig",
  "dim": 1,
  "n_samples": 512,
  "noise_level": 0.5,
  "seed": 789,
  "lambda": 1.0,
  "test_value_mse": 0.027750900015234947,
  "test_grad_mse": 0.059010185301303864,
  "best_epoch": 77,
  "time_s": 6.293839931488037,
  "n_epochs_actual": 128,
  "key": "trig_d1_n512_noise0.5_s789_dml_fixed",
  "timestamp": "2026-04-13T03:55:13.734541"
}