{
  "method": "dml_fixed",
  "func_type": "trig",
  "dim": 10,
  "n_samples": 8192,
  "noise_level": 0.0,
  "seed": 42,
  "lambda": 1.0,
  "test_value_mse": 0.008246892131865025,
  "test_grad_mse": 0.0072870999574661255,
  "best_epoch": 995,
  "time_s": 77.81540560722351,
  "n_epochs_actual": 1000,
  "key": "trig_d10_n8192_noise0.0_s42_dml_fixed",
  "timestamp": "2026-04-14T09:43:23.979487"
}