{
  "method": "dml_gradnorm",
  "func_type": "trig",
  "dim": 5,
  "n_samples": 8192,
  "noise_level": 0.2,
  "seed": 42,
  "lambda": 1.0,
  "test_value_mse": 0.015647809952497482,
  "test_grad_mse": 0.027079660445451736,
  "best_epoch": 140,
  "time_s": 31.649531364440918,
  "n_epochs_actual": 191,
  "key": "trig_d5_n8192_noise0.2_s42_dml_gradnorm",
  "timestamp": "2026-04-14T07:08:22.543523"
}