{
  "method": "dml_gradnorm",
  "func_type": "trig",
  "dim": 1,
  "n_samples": 1024,
  "noise_level": 0.0,
  "seed": 789,
  "lambda": 1.0,
  "test_value_mse": 8.282315775431925e-07,
  "test_grad_mse": 0.00011061858094763011,
  "best_epoch": 999,
  "time_s": 23.457082509994507,
  "n_epochs_actual": 1000,
  "key": "trig_d1_n1024_noise0.0_s789_dml_gradnorm",
  "timestamp": "2026-04-13T04:02:28.266904"
}