{
  "method": "baseline_gp",
  "func_type": "trig",
  "dim": 10,
  "n_samples": 8192,
  "noise_level": 0.5,
  "seed": 456,
  "lambda": 1.0,
  "test_value_mse": 7.970876815266999,
  "test_grad_mse": 6.375651473727348,
  "time_s": 726.0195562839508,
  "key": "trig_d10_n8192_noise0.5_s456_baseline_gp",
  "timestamp": "2026-04-14T15:12:21.298490"
}