{
  "method": "vanilla",
  "func_type": "trig",
  "dim": 1,
  "n_samples": 8192,
  "noise_level": 0.2,
  "seed": 123,
  "lambda": 1.0,
  "test_value_mse": 1.2115685876779025e-06,
  "test_grad_mse": 0.0002023566048592329,
  "best_epoch": 241,
  "time_s": 20.148544311523438,
  "n_epochs_actual": 292,
  "key": "trig_d1_n8192_noise0.2_s123_vanilla",
  "timestamp": "2026-04-13T13:50:39.514774"
}