{
  "method": "dml_gradnorm",
  "func_type": "trig",
  "dim": 10,
  "n_samples": 8192,
  "noise_level": 0.2,
  "seed": 456,
  "lambda": 1.0,
  "test_value_mse": 1.4382438659667969,
  "test_grad_mse": 1.1140400171279907,
  "best_epoch": 254,
  "time_s": 48.71235537528992,
  "n_epochs_actual": 305,
  "key": "trig_d10_n8192_noise0.2_s456_dml_gradnorm",
  "timestamp": "2026-04-14T13:52:49.661299"
}