{
  "method": "dml_fixed",
  "func_type": "trig",
  "dim": 10,
  "n_samples": 4096,
  "noise_level": 0.0,
  "seed": 456,
  "lambda": 10.0,
  "test_value_mse": 7.311384201049805,
  "test_grad_mse": 4.110984802246094,
  "best_epoch": 81,
  "time_s": 8.102059364318848,
  "n_epochs_actual": 132,
  "key": "trig_d10_n4096_noise0.0_s456_dml_fixed_lam10.0",
  "timestamp": "2026-04-14T09:40:17.057977"
}