{
  "method": "dml_relobralo",
  "func_type": "trig",
  "dim": 10,
  "n_samples": 8192,
  "noise_level": 0.5,
  "seed": 123,
  "lambda": 1.0,
  "test_value_mse": 1.2319426536560059,
  "test_grad_mse": 1.6502937078475952,
  "best_epoch": 119,
  "time_s": 11.809270858764648,
  "n_epochs_actual": 170,
  "key": "trig_d10_n8192_noise0.5_s123_dml_relobralo",
  "timestamp": "2026-04-14T14:44:16.844497"
}