{
  "method": "baseline_gp",
  "func_type": "trig",
  "dim": 1,
  "n_samples": 4096,
  "noise_level": 0.0,
  "seed": 123,
  "lambda": 1.0,
  "test_value_mse": 1.7789050622323846e-10,
  "test_grad_mse": 5.585084727384155e-07,
  "time_s": 358.32194805145264,
  "key": "trig_d1_n4096_noise0.0_s123_baseline_gp",
  "timestamp": "2026-04-13T05:36:54.911112"
}