{
  "method": "baseline_krr",
  "func_type": "trig",
  "dim": 1,
  "n_samples": 8192,
  "noise_level": 0.05,
  "seed": 456,
  "lambda": 1.0,
  "test_value_mse": 0.010638375766575336,
  "test_grad_mse": 0.5387540931593525,
  "time_s": 1.098078727722168,
  "key": "trig_d1_n8192_noise0.05_s456_baseline_krr",
  "timestamp": "2026-04-13T10:58:25.001916"
}