{
  "method": "baseline_rf",
  "func_type": "trig",
  "dim": 1,
  "n_samples": 2048,
  "noise_level": 0.2,
  "seed": 456,
  "lambda": 1.0,
  "test_value_mse": 0.00020959645089527616,
  "test_grad_mse": 397.5280983378776,
  "time_s": 0.821530818939209,
  "key": "trig_d1_n2048_noise0.2_s456_baseline_rf",
  "timestamp": "2026-04-13T05:08:22.795836"
}