{
  "method": "baseline_gp",
  "func_type": "trig",
  "dim": 10,
  "n_samples": 8192,
  "noise_level": 0.1,
  "seed": 123,
  "lambda": 1.0,
  "test_value_mse": 3.1224329729816853,
  "test_grad_mse": 4.280563808862587,
  "time_s": 833.3513898849487,
  "key": "trig_d10_n8192_noise0.1_s123_baseline_gp",
  "timestamp": "2026-04-14T12:41:09.683811"
}