{
  "method": "dml_fixed",
  "func_type": "trig",
  "dim": 5,
  "n_samples": 8192,
  "noise_level": 0.1,
  "seed": 123,
  "lambda": 1.0,
  "test_value_mse": 0.003651260631158948,
  "test_grad_mse": 0.006531042978167534,
  "best_epoch": 419,
  "time_s": 31.0377140045166,
  "n_epochs_actual": 470,
  "key": "trig_d5_n8192_noise0.1_s123_dml_fixed",
  "timestamp": "2026-04-14T05:56:45.221226"
}