{
  "method": "dml_relobralo",
  "func_type": "trig",
  "dim": 10,
  "n_samples": 8192,
  "noise_level": 0.5,
  "seed": 456,
  "lambda": 1.0,
  "test_value_mse": 2.8752212524414062,
  "test_grad_mse": 3.4906179904937744,
  "best_epoch": 79,
  "time_s": 12.287578344345093,
  "n_epochs_actual": 130,
  "key": "trig_d10_n8192_noise0.5_s456_dml_relobralo",
  "timestamp": "2026-04-14T15:00:15.278384"
}