{
  "method": "baseline_gp",
  "func_type": "trig",
  "dim": 5,
  "n_samples": 8192,
  "noise_level": 0.0,
  "seed": 456,
  "lambda": 1.0,
  "test_value_mse": 1.1813683783629083,
  "test_grad_mse": 3.4605845351470097,
  "time_s": 954.4628355503082,
  "key": "trig_d5_n8192_noise0.0_s456_baseline_gp",
  "timestamp": "2026-04-14T03:19:15.949414"
}