{
  "method": "baseline_krr",
  "func_type": "trig",
  "dim": 1,
  "n_samples": 8192,
  "noise_level": 0.2,
  "seed": 123,
  "lambda": 1.0,
  "test_value_mse": 1.1099464245489798e-06,
  "test_grad_mse": 6.391835677149163e-05,
  "time_s": 2.2781636714935303,
  "key": "trig_d1_n8192_noise0.2_s123_baseline_krr",
  "timestamp": "2026-04-13T14:12:50.094518"
}