{
  "method": "dml_softmax_balance",
  "func_type": "trig",
  "dim": 100,
  "n_samples": 8192,
  "noise_level": 0.5,
  "seed": 123,
  "lambda": 1.0,
  "test_value_mse": 83.60738372802734,
  "test_grad_mse": 7.89044713973999,
  "best_epoch": 5,
  "time_s": 7.523047924041748,
  "n_epochs_actual": 56,
  "key": "trig_d100_n8192_noise0.5_s123_dml_softmax_balance",
  "timestamp": "2026-04-26T13:28:00.581576"
}