{
  "method": "dml_relobralo",
  "func_type": "trig",
  "dim": 1,
  "n_samples": 256,
  "noise_level": 0.0,
  "seed": 1000,
  "lambda": 1.0,
  "test_value_mse": 2.0680857915067463e-08,
  "test_grad_mse": 6.94080540597497e-07,
  "best_epoch": 453,
  "time_s": 8.521550178527832,
  "n_epochs_actual": 504,
  "key": "trig_d1_n256_noise0.0_s1000_dml_relobralo",
  "timestamp": "2026-04-26T11:58:27.734636"
}