{
  "method": "dml_gradnorm",
  "func_type": "trig",
  "dim": 1,
  "n_samples": 512,
  "noise_level": 0.0,
  "seed": 789,
  "lambda": 1.0,
  "test_value_mse": 1.8566019207355566e-05,
  "test_grad_mse": 0.00039030160405673087,
  "best_epoch": 265,
  "time_s": 10.575039625167847,
  "n_epochs_actual": 316,
  "key": "trig_d1_n512_noise0.0_s789_dml_gradnorm",
  "timestamp": "2026-04-13T03:38:48.848614"
}