{
  "method": "baseline_gp",
  "func_type": "trig",
  "dim": 1,
  "n_samples": 512,
  "noise_level": 0.5,
  "seed": 42,
  "lambda": 1.0,
  "test_value_mse": 4.425876797814004e-09,
  "test_grad_mse": 1.670240985908221e-05,
  "time_s": 0.5570030212402344,
  "key": "trig_d1_n512_noise0.5_s42_baseline_gp",
  "timestamp": "2026-04-13T03:53:37.537379"
}