{
  "method": "dml_softmax_balance",
  "func_type": "trig",
  "dim": 50,
  "n_samples": 8192,
  "noise_level": 0.05,
  "seed": 1000,
  "lambda": 1.0,
  "test_value_mse": 37.895233154296875,
  "test_grad_mse": 7.14168643951416,
  "best_epoch": 6,
  "time_s": 6.617342948913574,
  "n_epochs_actual": 57,
  "key": "trig_d50_n8192_noise0.05_s1000_dml_softmax_balance",
  "timestamp": "2026-04-26T13:23:35.220406"
}