{
  "method": "baseline_rf",
  "func_type": "trig",
  "dim": 1,
  "n_samples": 2048,
  "noise_level": 0.5,
  "seed": 1000,
  "lambda": 1.0,
  "test_value_mse": 2.0823043326036335e-05,
  "test_grad_mse": 16.542102876872455,
  "time_s": 0.7651424407958984,
  "key": "trig_d1_n2048_noise0.5_s1000_baseline_rf",
  "timestamp": "2026-04-13T05:22:39.391487"
}