{
  "method": "dml_fixed",
  "func_type": "trig",
  "dim": 1,
  "n_samples": 256,
  "noise_level": 0.1,
  "seed": 42,
  "lambda": 1.0,
  "test_value_mse": 0.01122327335178852,
  "test_grad_mse": 0.10456337034702301,
  "best_epoch": 152,
  "time_s": 6.509318590164185,
  "n_epochs_actual": 203,
  "key": "trig_d1_n256_noise0.1_s42_dml_fixed",
  "timestamp": "2026-04-13T03:27:45.271538"
}