{
  "method": "baseline_rf",
  "func_type": "trig",
  "dim": 5,
  "n_samples": 8192,
  "noise_level": 0.2,
  "seed": 1000,
  "lambda": 1.0,
  "test_value_mse": 0.6043849328043545,
  "test_grad_mse": 1130.7239836626786,
  "time_s": 3.6864492893218994,
  "key": "trig_d5_n8192_noise0.2_s1000_baseline_rf",
  "timestamp": "2026-04-14T08:18:05.257702"
}