{
  "method": "vanilla",
  "func_type": "trig",
  "dim": 5,
  "n_samples": 8192,
  "noise_level": 0.2,
  "seed": 123,
  "lambda": 1.0,
  "test_value_mse": 0.7441723346710205,
  "test_grad_mse": 2.5470738410949707,
  "best_epoch": 210,
  "time_s": 11.769878149032593,
  "n_epochs_actual": 261,
  "key": "trig_d5_n8192_noise0.2_s123_vanilla",
  "timestamp": "2026-04-14T07:18:02.656492"
}