{
  "method": "dml_gradnorm",
  "func_type": "trig",
  "dim": 20,
  "n_samples": 8192,
  "noise_level": 0.1,
  "seed": 456,
  "lambda": 1.0,
  "test_value_mse": 11.950836181640625,
  "test_grad_mse": 5.6102294921875,
  "best_epoch": 6,
  "time_s": 11.238429307937622,
  "n_epochs_actual": 57,
  "key": "trig_d20_n8192_noise0.1_s456_dml_gradnorm",
  "timestamp": "2026-04-14T18:04:19.018567"
}