{
  "method": "dml_gradnorm",
  "func_type": "trig",
  "dim": 1,
  "n_samples": 2048,
  "noise_level": 0.5,
  "seed": 123,
  "lambda": 1.0,
  "test_value_mse": 0.002906056120991707,
  "test_grad_mse": 0.005948962643742561,
  "best_epoch": 19,
  "time_s": 6.512700319290161,
  "n_epochs_actual": 70,
  "key": "trig_d1_n2048_noise0.5_s123_dml_gradnorm",
  "timestamp": "2026-04-13T05:13:48.810961"
}