{
  "method": "dml_gradnorm",
  "func_type": "trig",
  "dim": 20,
  "n_samples": 8192,
  "noise_level": 0.0,
  "seed": 1000,
  "lambda": 1.0,
  "test_value_mse": 13.29348373413086,
  "test_grad_mse": 4.618990898132324,
  "best_epoch": 132,
  "time_s": 31.178709983825684,
  "n_epochs_actual": 183,
  "key": "trig_d20_n8192_noise0.0_s1000_dml_gradnorm",
  "timestamp": "2026-04-14T16:25:53.932227"
}