{
  "method": "dml_fixed",
  "func_type": "trig",
  "dim": 5,
  "n_samples": 8192,
  "noise_level": 0.5,
  "seed": 1000,
  "lambda": 1.0,
  "test_value_mse": 0.059837497770786285,
  "test_grad_mse": 0.04873054847121239,
  "best_epoch": 99,
  "time_s": 13.004328489303589,
  "n_epochs_actual": 150,
  "key": "trig_d5_n8192_noise0.5_s1000_dml_fixed",
  "timestamp": "2026-04-14T09:14:11.188415"
}