{
  "method": "baseline_gp",
  "func_type": "trig",
  "dim": 20,
  "n_samples": 8192,
  "noise_level": 0.0,
  "seed": 42,
  "lambda": 1.0,
  "test_value_mse": 17.323883703483926,
  "test_grad_mse": 5.251193089158066,
  "time_s": 517.8116474151611,
  "key": "trig_d20_n8192_noise0.0_s42_baseline_gp",
  "timestamp": "2026-04-14T15:46:30.923956"
}