{
  "method": "dml_relobralo",
  "func_type": "trig",
  "dim": 50,
  "n_samples": 8192,
  "noise_level": 0.2,
  "seed": 456,
  "lambda": 1.0,
  "test_value_mse": 37.891868591308594,
  "test_grad_mse": 8.069574356079102,
  "best_epoch": 5,
  "time_s": 7.570652961730957,
  "n_epochs_actual": 56,
  "key": "trig_d50_n8192_noise0.2_s456_dml_relobralo",
  "timestamp": "2026-04-14T20:49:59.336058"
}