{
  "method": "baseline_krr",
  "func_type": "trig",
  "dim": 1,
  "n_samples": 4096,
  "noise_level": 0.05,
  "seed": 789,
  "lambda": 1.0,
  "test_value_mse": 9.79585965978913e-05,
  "test_grad_mse": 0.0017548806819592624,
  "time_s": 0.6789968013763428,
  "key": "trig_d1_n4096_noise0.05_s789_baseline_krr",
  "timestamp": "2026-04-13T06:31:12.589989"
}