{
  "method": "baseline_rf",
  "func_type": "trig",
  "dim": 1,
  "n_samples": 8192,
  "noise_level": 0.05,
  "seed": 42,
  "lambda": 1.0,
  "test_value_mse": 8.912179886287946e-06,
  "test_grad_mse": 771.6266371624106,
  "time_s": 1.3665530681610107,
  "key": "trig_d1_n8192_noise0.05_s42_baseline_rf",
  "timestamp": "2026-04-13T10:19:15.781691"
}