{
  "method": "dml_gradnorm",
  "func_type": "trig",
  "dim": 2,
  "n_samples": 8192,
  "noise_level": 0.1,
  "seed": 123,
  "lambda": 1.0,
  "test_value_mse": 1.799842902983073e-05,
  "test_grad_mse": 4.759068906423636e-05,
  "best_epoch": 119,
  "time_s": 25.98831057548523,
  "n_epochs_actual": 170,
  "key": "trig_d2_n8192_noise0.1_s123_dml_gradnorm",
  "timestamp": "2026-04-13T21:46:11.857725"
}