{
  "method": "dml_fixed",
  "func_type": "trig",
  "dim": 1,
  "n_samples": 4096,
  "noise_level": 0.2,
  "seed": 456,
  "lambda": 1.0,
  "test_value_mse": 0.00046011785161681473,
  "test_grad_mse": 0.007384404540061951,
  "best_epoch": 282,
  "time_s": 14.312010288238525,
  "n_epochs_actual": 333,
  "key": "trig_d1_n4096_noise0.2_s456_dml_fixed",
  "timestamp": "2026-04-13T07:24:53.942448"
}