{
  "method": "dml_relobralo",
  "func_type": "trig",
  "dim": 1,
  "n_samples": 2048,
  "noise_level": 0.05,
  "seed": 789,
  "lambda": 1.0,
  "test_value_mse": 1.9566450646379963e-05,
  "test_grad_mse": 0.0003835824318230152,
  "best_epoch": 259,
  "time_s": 13.449279308319092,
  "n_epochs_actual": 310,
  "key": "trig_d1_n2048_noise0.05_s789_dml_relobralo",
  "timestamp": "2026-04-26T12:10:38.358655"
}