{
  "method": "baseline_rf",
  "func_type": "trig",
  "dim": 20,
  "n_samples": 8192,
  "noise_level": 0.2,
  "seed": 789,
  "lambda": 1.0,
  "test_value_mse": 17.05313660263533,
  "test_grad_mse": 911.7038344866172,
  "time_s": 12.427696228027344,
  "key": "trig_d20_n8192_noise0.2_s789_baseline_rf",
  "timestamp": "2026-04-14T19:30:58.582461"
}