{
  "method": "vanilla",
  "func_type": "trig",
  "dim": 1,
  "n_samples": 256,
  "noise_level": 0.5,
  "seed": 1000,
  "lambda": 1.0,
  "test_value_mse": 0.00037843637983314693,
  "test_grad_mse": 0.005757743958383799,
  "best_epoch": 145,
  "time_s": 3.1651692390441895,
  "n_epochs_actual": 196,
  "key": "trig_d1_n256_noise0.5_s1000_vanilla",
  "timestamp": "2026-04-13T03:34:10.770854"
}