{
  "method": "dml_fixed",
  "func_type": "trig",
  "dim": 1,
  "n_samples": 512,
  "noise_level": 0.5,
  "seed": 42,
  "lambda": 1.0,
  "test_value_mse": 0.024022506549954414,
  "test_grad_mse": 0.14427880942821503,
  "best_epoch": 133,
  "time_s": 3.705284357070923,
  "n_epochs_actual": 184,
  "key": "trig_d1_n512_noise0.5_s42_dml_fixed",
  "timestamp": "2026-04-13T03:53:29.542743"
}