{
  "method": "dml_gradnorm",
  "func_type": "trig",
  "dim": 1,
  "n_samples": 2048,
  "noise_level": 0.1,
  "seed": 123,
  "lambda": 1.0,
  "test_value_mse": 2.792026316456031e-05,
  "test_grad_mse": 9.566405788064003e-05,
  "best_epoch": 102,
  "time_s": 10.862440824508667,
  "n_epochs_actual": 153,
  "key": "trig_d1_n2048_noise0.1_s123_dml_gradnorm",
  "timestamp": "2026-04-13T04:54:15.417749"
}