{
  "method": "dml_softmax_balance",
  "func_type": "trig",
  "dim": 10,
  "n_samples": 8192,
  "noise_level": 0.05,
  "seed": 1000,
  "lambda": 1.0,
  "test_value_mse": 0.050475362688302994,
  "test_grad_mse": 0.04903719946742058,
  "best_epoch": 743,
  "time_s": 69.49944019317627,
  "n_epochs_actual": 794,
  "key": "trig_d10_n8192_noise0.05_s1000_dml_softmax_balance",
  "timestamp": "2026-04-26T13:10:26.894371"
}