{
  "method": "baseline_gp",
  "func_type": "trig",
  "dim": 1,
  "n_samples": 256,
  "noise_level": 0.5,
  "seed": 123,
  "lambda": 1.0,
  "test_value_mse": 3.5346366990125325e-10,
  "test_grad_mse": 6.695086643158408e-07,
  "time_s": 0.8274147510528564,
  "key": "trig_d1_n256_noise0.5_s123_baseline_gp",
  "timestamp": "2026-04-13T03:33:21.078067"
}