{
  "method": "baseline_gp",
  "func_type": "trig",
  "dim": 1,
  "n_samples": 8192,
  "noise_level": 0.1,
  "seed": 123,
  "lambda": 1.0,
  "test_value_mse": 1.2391772666334484e-10,
  "test_grad_mse": 5.559131905192078e-07,
  "time_s": 1433.7543985843658,
  "key": "trig_d1_n8192_noise0.1_s123_baseline_gp",
  "timestamp": "2026-04-13T12:18:21.052395"
}