{
  "method": "baseline_krr",
  "func_type": "trig",
  "dim": 1,
  "n_samples": 4096,
  "noise_level": 0.1,
  "seed": 1000,
  "lambda": 1.0,
  "test_value_mse": 1.7326839952147566e-05,
  "test_grad_mse": 0.0007675850555724532,
  "time_s": 0.743962287902832,
  "key": "trig_d1_n4096_noise0.1_s1000_baseline_krr",
  "timestamp": "2026-04-13T07:12:48.750041"
}