{
  "method": "dml_gradnorm",
  "func_type": "trig",
  "dim": 1,
  "n_samples": 256,
  "noise_level": 0.5,
  "seed": 789,
  "lambda": 1.0,
  "test_value_mse": 0.012446761131286621,
  "test_grad_mse": 0.06534374505281448,
  "best_epoch": 67,
  "time_s": 3.826784610748291,
  "n_epochs_actual": 118,
  "key": "trig_d1_n256_noise0.5_s789_dml_gradnorm",
  "timestamp": "2026-04-13T03:34:04.674560"
}