{
  "method": "baseline_rf",
  "func_type": "trig",
  "dim": 1,
  "n_samples": 4096,
  "noise_level": 0.0,
  "seed": 789,
  "lambda": 1.0,
  "test_value_mse": 1.2112940161637586e-05,
  "test_grad_mse": 224.61486421300012,
  "time_s": 0.9967937469482422,
  "key": "trig_d1_n4096_noise0.0_s789_baseline_rf",
  "timestamp": "2026-04-13T05:54:51.451197"
}