{
  "method": "dml_gradnorm",
  "func_type": "trig",
  "dim": 1,
  "n_samples": 8192,
  "noise_level": 0.5,
  "seed": 789,
  "lambda": 1.0,
  "test_value_mse": 0.03348540887236595,
  "test_grad_mse": 0.08168522268533707,
  "best_epoch": 13,
  "time_s": 11.366336345672607,
  "n_epochs_actual": 64,
  "key": "trig_d1_n8192_noise0.5_s789_dml_gradnorm",
  "timestamp": "2026-04-13T16:31:01.672905"
}