{
  "method": "vanilla",
  "func_type": "trig",
  "dim": 1,
  "n_samples": 1024,
  "noise_level": 0.1,
  "seed": 789,
  "lambda": 1.0,
  "test_value_mse": 2.1743485376646277e-06,
  "test_grad_mse": 0.0007027686224319041,
  "best_epoch": 791,
  "time_s": 13.851867437362671,
  "n_epochs_actual": 842,
  "key": "trig_d1_n1024_noise0.1_s789_vanilla",
  "timestamp": "2026-04-13T04:14:03.984788"
}