{
  "method": "dml_fixed",
  "func_type": "trig",
  "dim": 1,
  "n_samples": 512,
  "noise_level": 0.1,
  "seed": 456,
  "lambda": 1.0,
  "test_value_mse": 0.0028517150785773993,
  "test_grad_mse": 0.011730741709470749,
  "best_epoch": 249,
  "time_s": 7.635040283203125,
  "n_epochs_actual": 300,
  "key": "trig_d1_n512_noise0.1_s456_dml_fixed",
  "timestamp": "2026-04-13T03:46:17.588064"
}