{
  "method": "dml_relobralo",
  "func_type": "trig",
  "dim": 1,
  "n_samples": 2048,
  "noise_level": 0.1,
  "seed": 123,
  "lambda": 1.0,
  "test_value_mse": 1.9541474102879874e-05,
  "test_grad_mse": 2.4328641302417964e-05,
  "best_epoch": 143,
  "time_s": 8.19948935508728,
  "n_epochs_actual": 194,
  "key": "trig_d1_n2048_noise0.1_s123_dml_relobralo",
  "timestamp": "2026-04-26T12:11:06.530253"
}