{
  "method": "baseline_rf",
  "func_type": "trig",
  "dim": 10,
  "n_samples": 8192,
  "noise_level": 0.1,
  "seed": 789,
  "lambda": 1.0,
  "test_value_mse": 6.7401985806909295,
  "test_grad_mse": 901.6635975035551,
  "time_s": 2.260415554046631,
  "key": "trig_d10_n8192_noise0.1_s789_baseline_rf",
  "timestamp": "2026-04-14T13:11:36.132609"
}