{
  "method": "baseline_krr",
  "func_type": "trig",
  "dim": 1,
  "n_samples": 8192,
  "noise_level": 0.2,
  "seed": 42,
  "lambda": 1.0,
  "test_value_mse": 0.001062707044184208,
  "test_grad_mse": 0.06647465562512882,
  "time_s": 2.0842230319976807,
  "key": "trig_d1_n8192_noise0.2_s42_baseline_krr",
  "timestamp": "2026-04-13T13:50:18.017365"
}