{
  "method": "vanilla",
  "func_type": "trig",
  "dim": 1,
  "n_samples": 512,
  "noise_level": 0.0,
  "seed": 42,
  "lambda": 1.0,
  "test_value_mse": 1.1192807505722158e-05,
  "test_grad_mse": 0.003956836182624102,
  "best_epoch": 999,
  "time_s": 29.378624439239502,
  "n_epochs_actual": 1000,
  "key": "trig_d1_n512_noise0.0_s42_vanilla",
  "timestamp": "2026-04-13T03:34:56.463931"
}