{
  "method": "baseline_krr",
  "func_type": "trig",
  "dim": 1,
  "n_samples": 512,
  "noise_level": 0.05,
  "seed": 123,
  "lambda": 1.0,
  "test_value_mse": 6.207504338817671e-05,
  "test_grad_mse": 0.0008054519207627581,
  "time_s": 0.006783008575439453,
  "key": "trig_d1_n512_noise0.05_s123_baseline_krr",
  "timestamp": "2026-04-13T03:42:20.337178"
}