{
  "method": "baseline_gp",
  "func_type": "trig",
  "dim": 1,
  "n_samples": 256,
  "noise_level": 0.1,
  "seed": 456,
  "lambda": 1.0,
  "test_value_mse": 1.4551772896505525e-08,
  "test_grad_mse": 1.2921856828516142e-05,
  "time_s": 2.440861225128174,
  "key": "trig_d1_n256_noise0.1_s456_baseline_gp",
  "timestamp": "2026-04-13T03:29:00.406465"
}