{
  "method": "dml_gradnorm",
  "func_type": "trig",
  "dim": 5,
  "n_samples": 8192,
  "noise_level": 0.5,
  "seed": 789,
  "lambda": 1.0,
  "test_value_mse": 0.9509289264678955,
  "test_grad_mse": 1.203395128250122,
  "best_epoch": 127,
  "time_s": 28.393922328948975,
  "n_epochs_actual": 178,
  "key": "trig_d5_n8192_noise0.5_s789_dml_gradnorm",
  "timestamp": "2026-04-14T08:56:25.888140"
}