{
  "method": "dml_gradnorm",
  "func_type": "trig",
  "dim": 1,
  "n_samples": 4096,
  "noise_level": 0.0,
  "seed": 123,
  "lambda": 1.0,
  "test_value_mse": 2.1423536278319943e-09,
  "test_grad_mse": 1.230310004984858e-07,
  "best_epoch": 991,
  "time_s": 72.45929050445557,
  "n_epochs_actual": 1000,
  "key": "trig_d1_n4096_noise0.0_s123_dml_gradnorm",
  "timestamp": "2026-04-13T05:30:26.407119"
}