{
  "method": "dml_fixed",
  "func_type": "trig",
  "dim": 100,
  "n_samples": 4096,
  "noise_level": 0.0,
  "seed": 1000,
  "lambda": 0.001,
  "test_value_mse": 86.92144775390625,
  "test_grad_mse": 7.466294288635254,
  "best_epoch": 18,
  "time_s": 4.492657661437988,
  "n_epochs_actual": 69,
  "key": "trig_d100_n4096_noise0.0_s1000_dml_fixed_lam0.001",
  "timestamp": "2026-04-14T20:58:00.261034"
}