{
  "method": "dml_fixed",
  "func_type": "trig",
  "dim": 20,
  "n_samples": 8192,
  "noise_level": 0.0,
  "seed": 123,
  "lambda": 1.0,
  "test_value_mse": 14.38555908203125,
  "test_grad_mse": 7.119349956512451,
  "best_epoch": 55,
  "time_s": 7.031402587890625,
  "n_epochs_actual": 106,
  "key": "trig_d20_n8192_noise0.0_s123_dml_fixed",
  "timestamp": "2026-04-14T15:47:07.826373"
}