{
  "method": "dml_relobralo",
  "func_type": "trig",
  "dim": 1,
  "n_samples": 256,
  "noise_level": 0.0,
  "seed": 789,
  "lambda": 1.0,
  "test_value_mse": 6.145571660454152e-07,
  "test_grad_mse": 4.961080048815347e-05,
  "best_epoch": 596,
  "time_s": 11.390548944473267,
  "n_epochs_actual": 647,
  "key": "trig_d1_n256_noise0.0_s789_dml_relobralo",
  "timestamp": "2026-04-26T11:58:19.203908"
}