{
  "method": "dml_relobralo",
  "func_type": "trig",
  "dim": 10,
  "n_samples": 8192,
  "noise_level": 0.0,
  "seed": 123,
  "lambda": 1.0,
  "test_value_mse": 0.6182590126991272,
  "test_grad_mse": 0.6792173981666565,
  "best_epoch": 338,
  "time_s": 31.334875345230103,
  "n_epochs_actual": 389,
  "key": "trig_d10_n8192_noise0.0_s123_dml_relobralo",
  "timestamp": "2026-04-14T10:01:47.963986"
}