{
  "method": "dml_fixed",
  "func_type": "trig",
  "dim": 2,
  "n_samples": 4096,
  "noise_level": 0.0,
  "seed": 1000,
  "lambda": 0.01,
  "test_value_mse": 1.0561334420344792e-05,
  "test_grad_mse": 0.0003520560567267239,
  "best_epoch": 985,
  "time_s": 45.02118992805481,
  "n_epochs_actual": 1000,
  "key": "trig_d2_n4096_noise0.0_s1000_dml_fixed_lam0.01",
  "timestamp": "2026-04-13T17:36:40.534212"
}