{
  "method": "vanilla",
  "func_type": "trig",
  "dim": 50,
  "n_samples": 8192,
  "noise_level": 0.0,
  "seed": 123,
  "lambda": 1.0,
  "test_value_mse": 38.424400329589844,
  "test_grad_mse": 6.661631107330322,
  "best_epoch": 5,
  "time_s": 6.996725797653198,
  "n_epochs_actual": 56,
  "key": "trig_d50_n8192_noise0.0_s123_vanilla",
  "timestamp": "2026-04-14T20:38:07.929048"
}