{
  "method": "dml_relobralo",
  "func_type": "trig",
  "dim": 5,
  "n_samples": 8192,
  "noise_level": 0.5,
  "seed": 456,
  "lambda": 1.0,
  "test_value_mse": 0.3227764070034027,
  "test_grad_mse": 0.6972265243530273,
  "best_epoch": 165,
  "time_s": 12.503074407577515,
  "n_epochs_actual": 216,
  "key": "trig_d5_n8192_noise0.5_s456_dml_relobralo",
  "timestamp": "2026-04-14T08:43:28.498154"
}