{
  "method": "dml_fixed",
  "func_type": "trig",
  "dim": 2,
  "n_samples": 8192,
  "noise_level": 0.1,
  "seed": 789,
  "lambda": 1.0,
  "test_value_mse": 0.00045739486813545227,
  "test_grad_mse": 0.004286350216716528,
  "best_epoch": 424,
  "time_s": 33.93775296211243,
  "n_epochs_actual": 475,
  "key": "trig_d2_n8192_noise0.1_s789_dml_fixed",
  "timestamp": "2026-04-13T22:25:54.636589"
}