{
  "method": "dml_fixed",
  "func_type": "trig",
  "dim": 1,
  "n_samples": 1024,
  "noise_level": 0.1,
  "seed": 1000,
  "lambda": 1.0,
  "test_value_mse": 4.82291761727538e-06,
  "test_grad_mse": 2.8009735615341924e-05,
  "best_epoch": 104,
  "time_s": 7.187963962554932,
  "n_epochs_actual": 155,
  "key": "trig_d1_n1024_noise0.1_s1000_dml_fixed",
  "timestamp": "2026-04-13T04:15:45.125966"
}