{
  "method": "baseline_gp",
  "func_type": "trig",
  "dim": 2,
  "n_samples": 8192,
  "noise_level": 0.2,
  "seed": 1000,
  "lambda": 1.0,
  "test_value_mse": 2.7477656766617865e-08,
  "test_grad_mse": 9.668108342771657e-06,
  "time_s": 796.9599306583405,
  "key": "trig_d2_n8192_noise0.2_s1000_baseline_gp",
  "timestamp": "2026-04-14T00:47:17.587389"
}