{
  "method": "dml_softmax_balance",
  "func_type": "trig",
  "dim": 2,
  "n_samples": 8192,
  "noise_level": 0.5,
  "seed": 789,
  "lambda": 1.0,
  "test_value_mse": 0.09440534561872482,
  "test_grad_mse": 0.11057150363922119,
  "best_epoch": 100,
  "time_s": 15.232702255249023,
  "n_epochs_actual": 151,
  "key": "trig_d2_n8192_noise0.5_s789_dml_softmax_balance",
  "timestamp": "2026-04-26T12:43:36.968814"
}