{
  "method": "baseline_gp",
  "func_type": "trig",
  "dim": 1,
  "n_samples": 1024,
  "noise_level": 0.5,
  "seed": 789,
  "lambda": 1.0,
  "test_value_mse": 3.36314929305993e-10,
  "test_grad_mse": 3.083197091210275e-06,
  "time_s": 12.926000118255615,
  "key": "trig_d1_n1024_noise0.5_s789_baseline_gp",
  "timestamp": "2026-04-13T04:25:55.618460"
}