{
  "method": "baseline_rf",
  "func_type": "trig",
  "dim": 1,
  "n_samples": 4096,
  "noise_level": 0.1,
  "seed": 42,
  "lambda": 1.0,
  "test_value_mse": 5.0675848670448795e-05,
  "test_grad_mse": 375.0002965684509,
  "time_s": 0.9554355144500732,
  "key": "trig_d1_n4096_noise0.1_s42_baseline_rf",
  "timestamp": "2026-04-13T06:42:24.601851"
}