{
  "method": "dml_fixed",
  "func_type": "trig",
  "dim": 20,
  "n_samples": 8192,
  "noise_level": 0.1,
  "seed": 123,
  "lambda": 1.0,
  "test_value_mse": 13.663683891296387,
  "test_grad_mse": 7.1156439781188965,
  "best_epoch": 55,
  "time_s": 11.344320058822632,
  "n_epochs_actual": 106,
  "key": "trig_d20_n8192_noise0.1_s123_dml_fixed",
  "timestamp": "2026-04-14T17:47:04.174885"
}