{
  "method": "dml_gradnorm",
  "func_type": "trig",
  "dim": 100,
  "n_samples": 8192,
  "noise_level": 0.05,
  "seed": 1000,
  "lambda": 1.0,
  "test_value_mse": 113.19037628173828,
  "test_grad_mse": 7.48136043548584,
  "best_epoch": 72,
  "time_s": 15.446483850479126,
  "n_epochs_actual": 123,
  "key": "trig_d100_n8192_noise0.05_s1000_dml_gradnorm",
  "timestamp": "2026-04-14T21:05:38.919621"
}