{
  "method": "dml_relobralo",
  "func_type": "trig",
  "dim": 5,
  "n_samples": 8192,
  "noise_level": 0.0,
  "seed": 456,
  "lambda": 1.0,
  "test_value_mse": 0.0017341342754662037,
  "test_grad_mse": 0.00835791788995266,
  "best_epoch": 893,
  "time_s": 68.50630283355713,
  "n_epochs_actual": 944,
  "key": "trig_d5_n8192_noise0.0_s456_dml_relobralo",
  "timestamp": "2026-04-14T03:03:21.486030"
}