{
  "method": "dml_fixed",
  "func_type": "trig",
  "dim": 2,
  "n_samples": 4096,
  "noise_level": 0.0,
  "seed": 456,
  "lambda": 0.001,
  "test_value_mse": 9.030254295794293e-05,
  "test_grad_mse": 0.006389697082340717,
  "best_epoch": 993,
  "time_s": 45.92082381248474,
  "n_epochs_actual": 1000,
  "key": "trig_d2_n4096_noise0.0_s456_dml_fixed_lam0.001",
  "timestamp": "2026-04-13T17:30:15.940335"
}