{
  "method": "baseline_rf",
  "func_type": "trig",
  "dim": 1,
  "n_samples": 512,
  "noise_level": 0.2,
  "seed": 123,
  "lambda": 1.0,
  "test_value_mse": 0.00013893844707722983,
  "test_grad_mse": 524.7569283247152,
  "time_s": 0.6598341464996338,
  "key": "trig_d1_n512_noise0.2_s123_baseline_rf",
  "timestamp": "2026-04-13T03:50:11.869031"
}