{
  "method": "dml_fixed",
  "func_type": "trig",
  "dim": 5,
  "n_samples": 8192,
  "noise_level": 0.0,
  "seed": 1000,
  "lambda": 1.0,
  "test_value_mse": 0.00016449473332613707,
  "test_grad_mse": 0.00042299687629565597,
  "best_epoch": 999,
  "time_s": 69.01718997955322,
  "n_epochs_actual": 1000,
  "key": "trig_d5_n8192_noise0.0_s1000_dml_fixed",
  "timestamp": "2026-04-14T03:44:00.773101"
}