{
  "method": "baseline_krr",
  "func_type": "trig",
  "dim": 1,
  "n_samples": 2048,
  "noise_level": 0.05,
  "seed": 456,
  "lambda": 1.0,
  "test_value_mse": 0.05555659160017967,
  "test_grad_mse": 1.9461149028459093,
  "time_s": 0.05396008491516113,
  "key": "trig_d1_n2048_noise0.05_s456_baseline_krr",
  "timestamp": "2026-04-13T04:46:51.208939"
}