{
  "method": "dml_fixed",
  "func_type": "trig",
  "dim": 1,
  "n_samples": 4096,
  "noise_level": 0.05,
  "seed": 42,
  "lambda": 1.0,
  "test_value_mse": 6.0134127124911174e-05,
  "test_grad_mse": 0.0005928322207182646,
  "best_epoch": 260,
  "time_s": 14.484862565994263,
  "n_epochs_actual": 311,
  "key": "trig_d1_n4096_noise0.05_s42_dml_fixed",
  "timestamp": "2026-04-13T06:02:47.872328"
}