{
  "method": "dml_relobralo",
  "func_type": "trig",
  "dim": 20,
  "n_samples": 8192,
  "noise_level": 0.0,
  "seed": 1000,
  "lambda": 1.0,
  "test_value_mse": 16.821256637573242,
  "test_grad_mse": 6.643558025360107,
  "best_epoch": 4,
  "time_s": 6.071723461151123,
  "n_epochs_actual": 55,
  "key": "trig_d20_n8192_noise0.0_s1000_dml_relobralo",
  "timestamp": "2026-04-14T16:26:00.005021"
}