{
  "method": "vanilla",
  "func_type": "trig",
  "dim": 10,
  "n_samples": 8192,
  "noise_level": 0.0,
  "seed": 42,
  "lambda": 1.0,
  "test_value_mse": 4.451694488525391,
  "test_grad_mse": 2.9545199871063232,
  "best_epoch": 61,
  "time_s": 10.060711860656738,
  "n_epochs_actual": 112,
  "key": "trig_d10_n8192_noise0.0_s42_vanilla",
  "timestamp": "2026-04-14T09:42:06.163566"
}