{
  "method": "baseline_rf",
  "func_type": "trig",
  "dim": 1,
  "n_samples": 2048,
  "noise_level": 0.1,
  "seed": 42,
  "lambda": 1.0,
  "test_value_mse": 0.0002643148535635384,
  "test_grad_mse": 826.7580530188137,
  "time_s": 0.23729634284973145,
  "key": "trig_d1_n2048_noise0.1_s42_baseline_rf",
  "timestamp": "2026-04-13T04:53:31.162032"
}