{
  "method": "baseline_krr",
  "func_type": "trig",
  "dim": 1,
  "n_samples": 8192,
  "noise_level": 0.05,
  "seed": 789,
  "lambda": 1.0,
  "test_value_mse": 2.5207516955561005e-05,
  "test_grad_mse": 0.000519785037958877,
  "time_s": 2.5462074279785156,
  "key": "trig_d1_n8192_noise0.05_s789_baseline_krr",
  "timestamp": "2026-04-13T11:15:34.310872"
}