{
  "method": "baseline_rf",
  "func_type": "trig",
  "dim": 1,
  "n_samples": 1024,
  "noise_level": 0.0,
  "seed": 1000,
  "lambda": 1.0,
  "test_value_mse": 8.151291027193572e-05,
  "test_grad_mse": 358.7359707055888,
  "time_s": 0.2310035228729248,
  "key": "trig_d1_n1024_noise0.0_s1000_baseline_rf",
  "timestamp": "2026-04-13T04:04:24.049424"
}