{
  "method": "baseline_rf",
  "func_type": "trig",
  "dim": 1,
  "n_samples": 256,
  "noise_level": 0.05,
  "seed": 456,
  "lambda": 1.0,
  "test_value_mse": 0.019239319862731117,
  "test_grad_mse": 8.86346490281445,
  "time_s": 0.6817288398742676,
  "key": "trig_d1_n256_noise0.05_s456_baseline_rf",
  "timestamp": "2026-04-13T03:26:45.279887"
}