{
  "method": "dml_gradnorm",
  "func_type": "trig",
  "dim": 1,
  "n_samples": 4096,
  "noise_level": 0.05,
  "seed": 123,
  "lambda": 1.0,
  "test_value_mse": 6.179829142638482e-06,
  "test_grad_mse": 1.4171322618494742e-05,
  "best_epoch": 167,
  "time_s": 17.34976315498352,
  "n_epochs_actual": 218,
  "key": "trig_d1_n4096_noise0.05_s123_dml_gradnorm",
  "timestamp": "2026-04-13T06:07:53.234903"
}