{
  "method": "vanilla",
  "func_type": "trig",
  "dim": 50,
  "n_samples": 8192,
  "noise_level": 0.5,
  "seed": 1000,
  "lambda": 1.0,
  "test_value_mse": 37.30946731567383,
  "test_grad_mse": 7.15673828125,
  "best_epoch": 8,
  "time_s": 4.482936143875122,
  "n_epochs_actual": 59,
  "key": "trig_d50_n8192_noise0.5_s1000_vanilla",
  "timestamp": "2026-04-14T20:54:12.102931"
}