{
  "method": "dml_gradnorm",
  "func_type": "trig",
  "dim": 5,
  "n_samples": 8192,
  "noise_level": 0.0,
  "seed": 123,
  "lambda": 1.0,
  "test_value_mse": 0.0003248451102990657,
  "test_grad_mse": 0.0012461658334359527,
  "best_epoch": 626,
  "time_s": 96.34199523925781,
  "n_epochs_actual": 677,
  "key": "trig_d5_n8192_noise0.0_s123_dml_gradnorm",
  "timestamp": "2026-04-14T02:39:19.191992"
}