{
  "method": "vanilla",
  "func_type": "trig",
  "dim": 1,
  "n_samples": 512,
  "noise_level": 0.2,
  "seed": 42,
  "lambda": 1.0,
  "test_value_mse": 1.1192807505722158e-05,
  "test_grad_mse": 0.003956836182624102,
  "best_epoch": 999,
  "time_s": 38.278666257858276,
  "n_epochs_actual": 1000,
  "key": "trig_d1_n512_noise0.2_s42_vanilla",
  "timestamp": "2026-04-13T03:49:21.799217"
}