{
  "method": "baseline_gp",
  "func_type": "trig",
  "dim": 1,
  "n_samples": 512,
  "noise_level": 0.1,
  "seed": 1000,
  "lambda": 1.0,
  "test_value_mse": 1.7929262333641367e-08,
  "test_grad_mse": 1.873041280328348e-06,
  "time_s": 5.815792083740234,
  "key": "trig_d1_n512_noise0.1_s1000_baseline_gp",
  "timestamp": "2026-04-13T03:48:42.853316"
}