{
  "method": "dml_fixed",
  "func_type": "trig",
  "dim": 1,
  "n_samples": 2048,
  "noise_level": 0.0,
  "seed": 123,
  "lambda": 1.0,
  "test_value_mse": 3.907566270555662e-09,
  "test_grad_mse": 2.4468414494549506e-07,
  "best_epoch": 870,
  "time_s": 25.604890823364258,
  "n_epochs_actual": 921,
  "key": "trig_d1_n2048_noise0.0_s123_dml_fixed",
  "timestamp": "2026-04-13T04:30:54.538092"
}