{
  "method": "baseline_rf",
  "func_type": "trig",
  "dim": 1,
  "n_samples": 2048,
  "noise_level": 0.5,
  "seed": 42,
  "lambda": 1.0,
  "test_value_mse": 0.0002643148535635384,
  "test_grad_mse": 826.7580530188251,
  "time_s": 0.2394566535949707,
  "key": "trig_d1_n2048_noise0.5_s42_baseline_rf",
  "timestamp": "2026-04-13T05:13:19.312578"
}