{
  "method": "baseline_rf",
  "func_type": "trig",
  "dim": 2,
  "n_samples": 8192,
  "noise_level": 0.05,
  "seed": 1000,
  "lambda": 1.0,
  "test_value_mse": 0.006938798258393086,
  "test_grad_mse": 2998.7515438633673,
  "time_s": 2.076171398162842,
  "key": "trig_d2_n8192_noise0.05_s1000_baseline_rf",
  "timestamp": "2026-04-13T21:25:09.710392"
}