{
  "method": "dml_relobralo",
  "func_type": "trig",
  "dim": 100,
  "n_samples": 8192,
  "noise_level": 0.0,
  "seed": 1000,
  "lambda": 1.0,
  "test_value_mse": 84.18572998046875,
  "test_grad_mse": 7.463441848754883,
  "best_epoch": 10,
  "time_s": 8.457054615020752,
  "n_epochs_actual": 61,
  "key": "trig_d100_n8192_noise0.0_s1000_dml_relobralo",
  "timestamp": "2026-04-14T21:02:04.761374"
}