{
  "method": "dml_fixed",
  "func_type": "trig",
  "dim": 10,
  "n_samples": 1024,
  "noise_level": 0.0,
  "seed": 123,
  "lambda": 0.01,
  "test_value_mse": 4.72554349899292,
  "test_grad_mse": 4.38286018371582,
  "best_epoch": 11,
  "time_s": 4.24176287651062,
  "n_epochs_actual": 62,
  "key": "trig_d10_n1024_noise0.0_s123_dml_fixed_lam0.01",
  "timestamp": "2026-04-14T09:36:33.045125"
}