{
  "method": "dml_softmax_balance",
  "func_type": "trig",
  "dim": 100,
  "n_samples": 8192,
  "noise_level": 0.2,
  "seed": 42,
  "lambda": 1.0,
  "test_value_mse": 80.5667495727539,
  "test_grad_mse": 7.445868492126465,
  "best_epoch": 11,
  "time_s": 6.7055909633636475,
  "n_epochs_actual": 62,
  "key": "trig_d100_n8192_noise0.2_s42_dml_softmax_balance",
  "timestamp": "2026-04-26T13:27:16.060602"
}