{
  "method": "baseline_gp",
  "func_type": "trig",
  "dim": 2,
  "n_samples": 8192,
  "noise_level": 0.1,
  "seed": 789,
  "lambda": 1.0,
  "test_value_mse": 2.591573567819101e-08,
  "test_grad_mse": 2.2865515670962944e-05,
  "time_s": 1535.1804921627045,
  "key": "trig_d2_n8192_noise0.1_s789_baseline_gp",
  "timestamp": "2026-04-13T22:52:04.546867"
}