{
  "method": "dml_fixed",
  "func_type": "trig",
  "dim": 2,
  "n_samples": 8192,
  "noise_level": 0.5,
  "seed": 42,
  "lambda": 1.0,
  "test_value_mse": 0.01095185149461031,
  "test_grad_mse": 0.04225900396704674,
  "best_epoch": 237,
  "time_s": 22.875346899032593,
  "n_epochs_actual": 288,
  "key": "trig_d2_n8192_noise0.5_s42_dml_fixed",
  "timestamp": "2026-04-14T00:48:42.957027"
}