{
  "method": "baseline_rf",
  "func_type": "trig",
  "dim": 2,
  "n_samples": 8192,
  "noise_level": 0.2,
  "seed": 123,
  "lambda": 1.0,
  "test_value_mse": 0.0007086711345753022,
  "test_grad_mse": 263.45896601172626,
  "time_s": 1.8076002597808838,
  "key": "trig_d2_n8192_noise0.2_s123_baseline_rf",
  "timestamp": "2026-04-13T23:51:38.086428"
}