{
  "method": "dml_fixed",
  "func_type": "trig",
  "dim": 10,
  "n_samples": 8192,
  "noise_level": 0.2,
  "seed": 123,
  "lambda": 1.0,
  "test_value_mse": 0.2586960196495056,
  "test_grad_mse": 0.22085542976856232,
  "best_epoch": 305,
  "time_s": 32.144700050354004,
  "n_epochs_actual": 356,
  "key": "trig_d10_n8192_noise0.2_s123_dml_fixed",
  "timestamp": "2026-04-14T13:35:28.608240"
}