{
  "method": "dml_fixed",
  "func_type": "trig",
  "dim": 2,
  "n_samples": 4096,
  "noise_level": 0.0,
  "seed": 42,
  "lambda": 10.0,
  "test_value_mse": 3.6077475670026615e-05,
  "test_grad_mse": 0.0009883011225610971,
  "best_epoch": 995,
  "time_s": 42.38661813735962,
  "n_epochs_actual": 1000,
  "key": "trig_d2_n4096_noise0.0_s42_dml_fixed_lam10.0",
  "timestamp": "2026-04-13T17:27:42.143019"
}