{
  "method": "dml_fixed",
  "func_type": "trig",
  "dim": 1,
  "n_samples": 256,
  "noise_level": 0.1,
  "seed": 123,
  "lambda": 1.0,
  "test_value_mse": 2.0866875274805352e-05,
  "test_grad_mse": 0.0002387580752838403,
  "best_epoch": 154,
  "time_s": 3.6919636726379395,
  "n_epochs_actual": 205,
  "key": "trig_d1_n256_noise0.1_s123_dml_fixed",
  "timestamp": "2026-04-13T03:28:27.240496"
}