{
  "method": "vanilla",
  "func_type": "trig",
  "dim": 1,
  "n_samples": 1024,
  "noise_level": 0.1,
  "seed": 456,
  "lambda": 1.0,
  "test_value_mse": 0.00019886733207385987,
  "test_grad_mse": 0.09373866766691208,
  "best_epoch": 999,
  "time_s": 12.905969142913818,
  "n_epochs_actual": 1000,
  "key": "trig_d1_n1024_noise0.1_s456_vanilla",
  "timestamp": "2026-04-13T04:12:46.576934"
}