{
  "method": "baseline_gp",
  "func_type": "trig",
  "dim": 1,
  "n_samples": 4096,
  "noise_level": 0.0,
  "seed": 456,
  "lambda": 1.0,
  "test_value_mse": 3.734264959468096e-10,
  "test_grad_mse": 1.6567974871205662e-05,
  "time_s": 458.61830592155457,
  "key": "trig_d1_n4096_noise0.0_s456_baseline_gp",
  "timestamp": "2026-04-13T05:46:38.221775"
}