{
  "method": "vanilla",
  "func_type": "trig",
  "dim": 100,
  "n_samples": 8192,
  "noise_level": 0.2,
  "seed": 456,
  "lambda": 1.0,
  "test_value_mse": 77.86672973632812,
  "test_grad_mse": 8.045238494873047,
  "best_epoch": 5,
  "time_s": 7.689624786376953,
  "n_epochs_actual": 56,
  "key": "trig_d100_n8192_noise0.2_s456_vanilla",
  "timestamp": "2026-04-14T21:11:25.359981"
}