{
  "method": "baseline_gp",
  "func_type": "trig",
  "dim": 1,
  "n_samples": 1024,
  "noise_level": 0.5,
  "seed": 1000,
  "lambda": 1.0,
  "test_value_mse": 1.0255775412676042e-08,
  "test_grad_mse": 1.8750802130929144e-06,
  "time_s": 32.99395132064819,
  "key": "trig_d1_n1024_noise0.5_s1000_baseline_gp",
  "timestamp": "2026-04-13T04:26:43.541002"
}