{
  "method": "dml_relobralo",
  "func_type": "trig",
  "dim": 1,
  "n_samples": 256,
  "noise_level": 0.0,
  "seed": 42,
  "lambda": 1.0,
  "test_value_mse": 1.4466084394371137e-05,
  "test_grad_mse": 0.0002741389034781605,
  "best_epoch": 999,
  "time_s": 18.06199812889099,
  "n_epochs_actual": 1000,
  "key": "trig_d1_n256_noise0.0_s42_dml_relobralo",
  "timestamp": "2026-04-26T11:57:32.777549"
}