{
  "method": "dml_softmax_balance",
  "func_type": "trig",
  "dim": 10,
  "n_samples": 8192,
  "noise_level": 0.2,
  "seed": 1000,
  "lambda": 1.0,
  "test_value_mse": 0.42086848616600037,
  "test_grad_mse": 0.26770520210266113,
  "best_epoch": 345,
  "time_s": 32.90742588043213,
  "n_epochs_actual": 396,
  "key": "trig_d10_n8192_noise0.2_s1000_dml_softmax_balance",
  "timestamp": "2026-04-26T13:16:44.566201"
}