{
  "method": "dml_gradnorm",
  "func_type": "trig",
  "dim": 50,
  "n_samples": 8192,
  "noise_level": 0.0,
  "seed": 789,
  "lambda": 1.0,
  "test_value_mse": 72.63106536865234,
  "test_grad_mse": 11.079712867736816,
  "best_epoch": 67,
  "time_s": 20.521179676055908,
  "n_epochs_actual": 118,
  "key": "trig_d50_n8192_noise0.0_s789_dml_gradnorm",
  "timestamp": "2026-04-14T20:40:00.185848"
}