{
  "method": "dml_gradnorm",
  "func_type": "trig",
  "dim": 5,
  "n_samples": 8192,
  "noise_level": 0.2,
  "seed": 789,
  "lambda": 1.0,
  "test_value_mse": 0.5457323789596558,
  "test_grad_mse": 0.19285848736763,
  "best_epoch": 255,
  "time_s": 37.3885395526886,
  "n_epochs_actual": 306,
  "key": "trig_d5_n8192_noise0.2_s789_dml_gradnorm",
  "timestamp": "2026-04-14T07:50:01.055594"
}