{
  "method": "dml_fixed",
  "func_type": "trig",
  "dim": 2,
  "n_samples": 1024,
  "noise_level": 0.0,
  "seed": 123,
  "lambda": 10.0,
  "test_value_mse": 6.323676302599779e-07,
  "test_grad_mse": 5.941194103797898e-06,
  "best_epoch": 496,
  "time_s": 23.427366256713867,
  "n_epochs_actual": 547,
  "key": "trig_d2_n1024_noise0.0_s123_dml_fixed_lam10.0",
  "timestamp": "2026-04-13T17:20:08.385725"
}