{
  "method": "baseline_gp",
  "func_type": "trig",
  "dim": 1,
  "n_samples": 8192,
  "noise_level": 0.5,
  "seed": 456,
  "lambda": 1.0,
  "test_value_mse": 7.125814014676776e-11,
  "test_grad_mse": 1.6393252542043193e-05,
  "time_s": 1553.4872765541077,
  "key": "trig_d1_n8192_noise0.5_s456_baseline_gp",
  "timestamp": "2026-04-13T16:29:34.635885"
}