{
  "method": "baseline_rf",
  "func_type": "trig",
  "dim": 1,
  "n_samples": 512,
  "noise_level": 0.5,
  "seed": 456,
  "lambda": 1.0,
  "test_value_mse": 0.003504261054604958,
  "test_grad_mse": 125.22131243949478,
  "time_s": 0.7357568740844727,
  "key": "trig_d1_n512_noise0.5_s456_baseline_rf",
  "timestamp": "2026-04-13T03:54:46.756263"
}