{
  "method": "dml_softmax_balance",
  "func_type": "trig",
  "dim": 20,
  "n_samples": 8192,
  "noise_level": 0.2,
  "seed": 42,
  "lambda": 1.0,
  "test_value_mse": 14.483147621154785,
  "test_grad_mse": 5.1132988929748535,
  "best_epoch": 44,
  "time_s": 10.030797004699707,
  "n_epochs_actual": 95,
  "key": "trig_d20_n8192_noise0.2_s42_dml_softmax_balance",
  "timestamp": "2026-04-26T13:20:55.924827"
}