{
  "method": "vanilla",
  "func_type": "trig",
  "dim": 100,
  "n_samples": 8192,
  "noise_level": 0.0,
  "seed": 456,
  "lambda": 1.0,
  "test_value_mse": 77.86672973632812,
  "test_grad_mse": 8.045238494873047,
  "best_epoch": 5,
  "time_s": 7.541457414627075,
  "n_epochs_actual": 56,
  "key": "trig_d100_n8192_noise0.0_s456_vanilla",
  "timestamp": "2026-04-14T20:59:54.956477"
}