{
  "method": "baseline_rf",
  "func_type": "trig",
  "dim": 1,
  "n_samples": 256,
  "noise_level": 0.0,
  "seed": 123,
  "lambda": 1.0,
  "test_value_mse": 0.0007010542782606133,
  "test_grad_mse": 0.3898485118211336,
  "time_s": 0.41739821434020996,
  "key": "trig_d1_n256_noise0.0_s123_baseline_rf",
  "timestamp": "2026-04-13T03:22:16.529339"
}