{
  "method": "dml_gradnorm",
  "func_type": "trig",
  "dim": 1,
  "n_samples": 1024,
  "noise_level": 0.1,
  "seed": 123,
  "lambda": 1.0,
  "test_value_mse": 1.593305387359578e-05,
  "test_grad_mse": 9.599949407856911e-05,
  "best_epoch": 163,
  "time_s": 8.04824686050415,
  "n_epochs_actual": 214,
  "key": "trig_d1_n1024_noise0.1_s123_dml_gradnorm",
  "timestamp": "2026-04-13T04:12:13.242638"
}