{
  "method": "dml_gradnorm",
  "func_type": "trig",
  "dim": 1,
  "n_samples": 1024,
  "noise_level": 0.05,
  "seed": 123,
  "lambda": 1.0,
  "test_value_mse": 4.075518063473282e-06,
  "test_grad_mse": 2.417217729089316e-05,
  "best_epoch": 247,
  "time_s": 8.46722936630249,
  "n_epochs_actual": 298,
  "key": "trig_d1_n1024_noise0.05_s123_dml_gradnorm",
  "timestamp": "2026-04-13T04:06:38.468580"
}