{
  "method": "dml_gradnorm",
  "func_type": "trig",
  "dim": 1,
  "n_samples": 1024,
  "noise_level": 0.5,
  "seed": 789,
  "lambda": 1.0,
  "test_value_mse": 0.030348263680934906,
  "test_grad_mse": 0.04847520962357521,
  "best_epoch": 80,
  "time_s": 8.633105516433716,
  "n_epochs_actual": 131,
  "key": "trig_d1_n1024_noise0.5_s789_dml_gradnorm",
  "timestamp": "2026-04-13T04:25:35.376935"
}