{
  "method": "dml_relobralo",
  "func_type": "trig",
  "dim": 1,
  "n_samples": 4096,
  "noise_level": 0.2,
  "seed": 456,
  "lambda": 1.0,
  "test_value_mse": 0.00032035395270213485,
  "test_grad_mse": 0.005311937071382999,
  "best_epoch": 741,
  "time_s": 42.780497789382935,
  "n_epochs_actual": 792,
  "key": "trig_d1_n4096_noise0.2_s456_dml_relobralo",
  "timestamp": "2026-04-26T12:19:03.924748"
}