{
  "method": "vanilla",
  "func_type": "trig",
  "dim": 1,
  "n_samples": 4096,
  "noise_level": 0.05,
  "seed": 123,
  "lambda": 1.0,
  "test_value_mse": 7.377082056336803e-07,
  "test_grad_mse": 0.00014455150812864304,
  "best_epoch": 999,
  "time_s": 31.478461265563965,
  "n_epochs_actual": 1000,
  "key": "trig_d1_n4096_noise0.05_s123_vanilla",
  "timestamp": "2026-04-13T06:07:24.723300"
}