{
  "method": "dml_gradnorm",
  "func_type": "trig",
  "dim": 50,
  "n_samples": 8192,
  "noise_level": 0.2,
  "seed": 123,
  "lambda": 1.0,
  "test_value_mse": 49.24013137817383,
  "test_grad_mse": 6.723781108856201,
  "best_epoch": 59,
  "time_s": 19.634166717529297,
  "n_epochs_actual": 110,
  "key": "trig_d50_n8192_noise0.2_s123_dml_gradnorm",
  "timestamp": "2026-04-14T20:49:08.578618"
}