{
  "method": "baseline_rf",
  "func_type": "trig",
  "dim": 5,
  "n_samples": 8192,
  "noise_level": 0.05,
  "seed": 42,
  "lambda": 1.0,
  "test_value_mse": 0.6337898361282334,
  "test_grad_mse": 369.32971329597353,
  "time_s": 3.34673810005188,
  "key": "trig_d5_n8192_noise0.05_s42_baseline_rf",
  "timestamp": "2026-04-14T04:23:19.282283"
}