{
  "method": "dml_fixed",
  "func_type": "trig",
  "dim": 50,
  "n_samples": 4096,
  "noise_level": 0.0,
  "seed": 123,
  "lambda": 10.0,
  "test_value_mse": 50.893611907958984,
  "test_grad_mse": 6.625609874725342,
  "best_epoch": 11,
  "time_s": 5.878056287765503,
  "n_epochs_actual": 62,
  "key": "trig_d50_n4096_noise0.0_s123_dml_fixed_lam10.0",
  "timestamp": "2026-04-14T20:36:07.322838"
}