{
  "method": "dml_fixed",
  "func_type": "trig",
  "dim": 100,
  "n_samples": 1024,
  "noise_level": 0.0,
  "seed": 789,
  "lambda": 0.01,
  "test_value_mse": 94.18354034423828,
  "test_grad_mse": 10.630948066711426,
  "best_epoch": 18,
  "time_s": 4.800889730453491,
  "n_epochs_actual": 69,
  "key": "trig_d100_n1024_noise0.0_s789_dml_fixed_lam0.01",
  "timestamp": "2026-04-14T20:55:52.603115"
}