{
  "method": "baseline_gp",
  "func_type": "trig",
  "dim": 1,
  "n_samples": 8192,
  "noise_level": 0.2,
  "seed": 789,
  "lambda": 1.0,
  "test_value_mse": 1.0444098735243808e-10,
  "test_grad_mse": 3.2420205256743266e-06,
  "time_s": 1170.2491414546967,
  "key": "trig_d1_n8192_noise0.2_s789_baseline_gp",
  "timestamp": "2026-04-13T15:01:38.905156"
}