{
  "method": "baseline_rf",
  "func_type": "trig",
  "dim": 1,
  "n_samples": 8192,
  "noise_level": 0.1,
  "seed": 123,
  "lambda": 1.0,
  "test_value_mse": 2.872300278420327e-07,
  "test_grad_mse": 8.666083125046883,
  "time_s": 1.2979528903961182,
  "key": "trig_d1_n8192_noise0.1_s123_baseline_rf",
  "timestamp": "2026-04-13T12:18:25.582016"
}