{
  "method": "dml_fixed",
  "func_type": "trig",
  "dim": 1,
  "n_samples": 2048,
  "noise_level": 0.1,
  "seed": 789,
  "lambda": 1.0,
  "test_value_mse": 6.659223436145112e-05,
  "test_grad_mse": 0.0012387303868308663,
  "best_epoch": 196,
  "time_s": 9.699459552764893,
  "n_epochs_actual": 247,
  "key": "trig_d1_n2048_noise0.1_s789_dml_fixed",
  "timestamp": "2026-04-13T04:59:18.360484"
}