{
  "method": "dml_fixed",
  "func_type": "trig",
  "dim": 5,
  "n_samples": 8192,
  "noise_level": 0.05,
  "seed": 42,
  "lambda": 1.0,
  "test_value_mse": 0.0009418154950253665,
  "test_grad_mse": 0.0028730081394314766,
  "best_epoch": 547,
  "time_s": 44.959402084350586,
  "n_epochs_actual": 598,
  "key": "trig_d5_n8192_noise0.05_s42_dml_fixed",
  "timestamp": "2026-04-14T04:10:23.584466"
}