{
  "method": "dml_fixed",
  "func_type": "trig",
  "dim": 100,
  "n_samples": 8192,
  "noise_level": 0.0,
  "seed": 42,
  "lambda": 1.0,
  "test_value_mse": 87.12886810302734,
  "test_grad_mse": 7.36939001083374,
  "best_epoch": 10,
  "time_s": 8.888976335525513,
  "n_epochs_actual": 61,
  "key": "trig_d100_n8192_noise0.0_s42_dml_fixed",
  "timestamp": "2026-04-14T20:58:30.303194"
}