{
  "method": "dml_fixed",
  "func_type": "trig",
  "dim": 1,
  "n_samples": 1024,
  "noise_level": 0.2,
  "seed": 456,
  "lambda": 1.0,
  "test_value_mse": 0.0025610770098865032,
  "test_grad_mse": 0.033005185425281525,
  "best_epoch": 207,
  "time_s": 5.425398349761963,
  "n_epochs_actual": 258,
  "key": "trig_d1_n1024_noise0.2_s456_dml_fixed",
  "timestamp": "2026-04-13T04:19:01.234400"
}