{
  "method": "dml_gradnorm",
  "func_type": "trig",
  "dim": 1,
  "n_samples": 2048,
  "noise_level": 0.05,
  "seed": 42,
  "lambda": 1.0,
  "test_value_mse": 0.0003521327453199774,
  "test_grad_mse": 0.0021315726917237043,
  "best_epoch": 171,
  "time_s": 14.858442544937134,
  "n_epochs_actual": 222,
  "key": "trig_d1_n2048_noise0.05_s42_dml_gradnorm",
  "timestamp": "2026-04-13T04:41:56.008107"
}