{
  "method": "dml_softmax_balance",
  "func_type": "trig",
  "dim": 10,
  "n_samples": 8192,
  "noise_level": 0.05,
  "seed": 456,
  "lambda": 1.0,
  "test_value_mse": 2.1130435466766357,
  "test_grad_mse": 2.0736217498779297,
  "best_epoch": 267,
  "time_s": 31.28550434112549,
  "n_epochs_actual": 318,
  "key": "trig_d10_n8192_noise0.05_s456_dml_softmax_balance",
  "timestamp": "2026-04-26T13:08:52.458356"
}