{
  "method": "dml_gradnorm",
  "func_type": "trig",
  "dim": 1,
  "n_samples": 512,
  "noise_level": 0.5,
  "seed": 42,
  "lambda": 1.0,
  "test_value_mse": 0.04946335405111313,
  "test_grad_mse": 0.38705337047576904,
  "best_epoch": 99,
  "time_s": 4.178168773651123,
  "n_epochs_actual": 150,
  "key": "trig_d1_n512_noise0.5_s42_dml_gradnorm",
  "timestamp": "2026-04-13T03:53:33.721277"
}