{
  "method": "baseline_krr",
  "func_type": "trig",
  "dim": 5,
  "n_samples": 8192,
  "noise_level": 0.0,
  "seed": 1000,
  "lambda": 1.0,
  "test_value_mse": 0.9848288893699646,
  "test_grad_mse": 1.9724194730832088,
  "time_s": 6.05844783782959,
  "key": "trig_d5_n8192_noise0.0_s1000_baseline_krr",
  "timestamp": "2026-04-14T04:09:12.118663"
}