{
  "method": "dml_gradnorm",
  "func_type": "trig",
  "dim": 1,
  "n_samples": 1024,
  "noise_level": 0.2,
  "seed": 1000,
  "lambda": 1.0,
  "test_value_mse": 0.00012676967890001833,
  "test_grad_mse": 0.00012368480383884162,
  "best_epoch": 84,
  "time_s": 6.358183860778809,
  "n_epochs_actual": 135,
  "key": "trig_d1_n1024_noise0.2_s1000_dml_gradnorm",
  "timestamp": "2026-04-13T04:20:24.225940"
}