{
  "method": "dml_fixed",
  "func_type": "trig",
  "dim": 50,
  "n_samples": 4096,
  "noise_level": 0.0,
  "seed": 42,
  "lambda": 0.1,
  "test_value_mse": 37.97520446777344,
  "test_grad_mse": 6.658915996551514,
  "best_epoch": 13,
  "time_s": 5.642263650894165,
  "n_epochs_actual": 64,
  "key": "trig_d50_n4096_noise0.0_s42_dml_fixed_lam0.1",
  "timestamp": "2026-04-14T20:35:38.082618"
}