{
  "method": "dml_fixed",
  "func_type": "trig",
  "dim": 10,
  "n_samples": 1024,
  "noise_level": 0.0,
  "seed": 123,
  "lambda": 0.001,
  "test_value_mse": 4.4810614585876465,
  "test_grad_mse": 4.392477512359619,
  "best_epoch": 15,
  "time_s": 4.91390585899353,
  "n_epochs_actual": 66,
  "key": "trig_d10_n1024_noise0.0_s123_dml_fixed_lam0.001",
  "timestamp": "2026-04-14T09:36:28.802817"
}