{
  "method": "dml_fixed",
  "func_type": "trig",
  "dim": 1,
  "n_samples": 1024,
  "noise_level": 0.5,
  "seed": 42,
  "lambda": 1.0,
  "test_value_mse": 0.013045086525380611,
  "test_grad_mse": 0.06682799011468887,
  "best_epoch": 148,
  "time_s": 5.770038366317749,
  "n_epochs_actual": 199,
  "key": "trig_d1_n1024_noise0.5_s42_dml_fixed",
  "timestamp": "2026-04-13T04:22:27.953749"
}