{
  "method": "baseline_krr",
  "func_type": "trig",
  "dim": 1,
  "n_samples": 256,
  "noise_level": 0.05,
  "seed": 1000,
  "lambda": 1.0,
  "test_value_mse": 0.0014624324394389987,
  "test_grad_mse": 0.007680195896985468,
  "time_s": 0.0024633407592773438,
  "key": "trig_d1_n256_noise0.05_s1000_baseline_krr",
  "timestamp": "2026-04-13T03:27:30.820548"
}