{
  "method": "baseline_gp",
  "func_type": "trig",
  "dim": 1,
  "n_samples": 2048,
  "noise_level": 0.5,
  "seed": 789,
  "lambda": 1.0,
  "test_value_mse": 3.735252983946581e-10,
  "test_grad_mse": 3.336687846776906e-06,
  "time_s": 75.97357439994812,
  "key": "trig_d1_n2048_noise0.5_s789_baseline_gp",
  "timestamp": "2026-04-13T05:19:33.174520"
}