{
  "method": "dml_gradnorm",
  "func_type": "trig",
  "dim": 10,
  "n_samples": 8192,
  "noise_level": 0.2,
  "seed": 123,
  "lambda": 1.0,
  "test_value_mse": 0.5787171125411987,
  "test_grad_mse": 0.42892560362815857,
  "best_epoch": 320,
  "time_s": 57.480639696121216,
  "n_epochs_actual": 371,
  "key": "trig_d10_n8192_noise0.2_s123_dml_gradnorm",
  "timestamp": "2026-04-14T13:36:26.089400"
}