{
  "method": "baseline_krr",
  "func_type": "trig",
  "dim": 5,
  "n_samples": 8192,
  "noise_level": 0.05,
  "seed": 789,
  "lambda": 1.0,
  "test_value_mse": 3.898860454559326,
  "test_grad_mse": 11.119292340203893,
  "time_s": 1.487511157989502,
  "key": "trig_d5_n8192_noise0.05_s789_baseline_krr",
  "timestamp": "2026-04-14T05:24:57.167880"
}