{
  "method": "vanilla",
  "func_type": "trig",
  "dim": 1,
  "n_samples": 2048,
  "noise_level": 0.0,
  "seed": 1000,
  "lambda": 1.0,
  "test_value_mse": 3.164067265970516e-06,
  "test_grad_mse": 0.0003005892795044929,
  "best_epoch": 851,
  "time_s": 19.835349082946777,
  "n_epochs_actual": 902,
  "key": "trig_d1_n2048_noise0.0_s1000_vanilla",
  "timestamp": "2026-04-13T04:38:51.514563"
}