{
  "method": "dml_relobralo",
  "func_type": "trig",
  "dim": 1,
  "n_samples": 256,
  "noise_level": 0.1,
  "seed": 456,
  "lambda": 1.0,
  "test_value_mse": 0.009684775955975056,
  "test_grad_mse": 0.024664582684636116,
  "best_epoch": 198,
  "time_s": 5.160449743270874,
  "n_epochs_actual": 249,
  "key": "trig_d1_n256_noise0.1_s456_dml_relobralo",
  "timestamp": "2026-04-26T11:59:10.806560"
}