{
  "method": "baseline_gp",
  "func_type": "trig",
  "dim": 1,
  "n_samples": 2048,
  "noise_level": 0.05,
  "seed": 123,
  "lambda": 1.0,
  "test_value_mse": 2.2808485017672975e-10,
  "test_grad_mse": 5.800854708139998e-07,
  "time_s": 56.00988459587097,
  "key": "trig_d1_n2048_noise0.05_s123_baseline_gp",
  "timestamp": "2026-04-13T04:44:15.118723"
}