{
  "method": "dml_gradnorm",
  "func_type": "trig",
  "dim": 1,
  "n_samples": 256,
  "noise_level": 0.05,
  "seed": 789,
  "lambda": 1.0,
  "test_value_mse": 0.0007362487958744168,
  "test_grad_mse": 0.0036507747136056423,
  "best_epoch": 120,
  "time_s": 4.526798248291016,
  "n_epochs_actual": 171,
  "key": "trig_d1_n256_noise0.05_s789_dml_gradnorm",
  "timestamp": "2026-04-13T03:27:03.904282"
}