{
  "method": "baseline_krr",
  "func_type": "trig",
  "dim": 20,
  "n_samples": 8192,
  "noise_level": 0.2,
  "seed": 456,
  "lambda": 1.0,
  "test_value_mse": 12.303536415100098,
  "test_grad_mse": 5.611413675052816,
  "time_s": 3.118699073791504,
  "key": "trig_d20_n8192_noise0.2_s456_baseline_krr",
  "timestamp": "2026-04-14T19:17:45.802888"
}