{
  "method": "vanilla",
  "func_type": "trig",
  "dim": 2,
  "n_samples": 8192,
  "noise_level": 0.05,
  "seed": 789,
  "lambda": 1.0,
  "test_value_mse": 0.0002833641192410141,
  "test_grad_mse": 0.024781012907624245,
  "best_epoch": 691,
  "time_s": 44.66276717185974,
  "n_epochs_actual": 742,
  "key": "trig_d2_n8192_noise0.05_s789_vanilla",
  "timestamp": "2026-04-13T20:37:44.000661"
}