{
  "method": "dml_softmax_balance",
  "func_type": "trig",
  "dim": 50,
  "n_samples": 8192,
  "noise_level": 0.05,
  "seed": 789,
  "lambda": 1.0,
  "test_value_mse": 50.56140899658203,
  "test_grad_mse": 10.939617156982422,
  "best_epoch": 6,
  "time_s": 6.279611349105835,
  "n_epochs_actual": 57,
  "key": "trig_d50_n8192_noise0.05_s789_dml_softmax_balance",
  "timestamp": "2026-04-26T13:23:28.577905"
}