{
  "method": "baseline_rf",
  "func_type": "trig",
  "dim": 1,
  "n_samples": 2048,
  "noise_level": 0.05,
  "seed": 123,
  "lambda": 1.0,
  "test_value_mse": 5.183146503247571e-06,
  "test_grad_mse": 8.281688952159788,
  "time_s": 0.23347783088684082,
  "key": "trig_d1_n2048_noise0.05_s123_baseline_rf",
  "timestamp": "2026-04-13T04:44:15.434733"
}