{
  "method": "dml_fixed",
  "func_type": "trig",
  "dim": 1,
  "n_samples": 2048,
  "noise_level": 0.2,
  "seed": 123,
  "lambda": 1.0,
  "test_value_mse": 0.00014874008775223047,
  "test_grad_mse": 0.0001846790692070499,
  "best_epoch": 120,
  "time_s": 6.228021860122681,
  "n_epochs_actual": 171,
  "key": "trig_d1_n2048_noise0.2_s123_dml_fixed",
  "timestamp": "2026-04-13T05:05:05.059560"
}