{
  "method": "baseline_rf",
  "func_type": "trig",
  "dim": 1,
  "n_samples": 1024,
  "noise_level": 0.1,
  "seed": 456,
  "lambda": 1.0,
  "test_value_mse": 0.0016486500615617854,
  "test_grad_mse": 9.472828905576751,
  "time_s": 0.6989619731903076,
  "key": "trig_d1_n1024_noise0.1_s456_baseline_rf",
  "timestamp": "2026-04-13T04:13:50.121676"
}