{
  "method": "dml_gradnorm",
  "func_type": "trig",
  "dim": 1,
  "n_samples": 512,
  "noise_level": 0.05,
  "seed": 789,
  "lambda": 1.0,
  "test_value_mse": 0.0006064909975975752,
  "test_grad_mse": 0.0021360127720981836,
  "best_epoch": 165,
  "time_s": 9.621357917785645,
  "n_epochs_actual": 216,
  "key": "trig_d1_n512_noise0.05_s789_dml_gradnorm",
  "timestamp": "2026-04-13T03:43:46.191552"
}