{
  "method": "dml_gradnorm",
  "func_type": "trig",
  "dim": 1,
  "n_samples": 8192,
  "noise_level": 0.2,
  "seed": 123,
  "lambda": 1.0,
  "test_value_mse": 0.0003990799596067518,
  "test_grad_mse": 0.00038037667400203645,
  "best_epoch": 42,
  "time_s": 12.919877290725708,
  "n_epochs_actual": 93,
  "key": "trig_d1_n8192_noise0.2_s123_dml_gradnorm",
  "timestamp": "2026-04-13T13:51:06.469706"
}