{
  "method": "dml_fixed",
  "func_type": "trig",
  "dim": 100,
  "n_samples": 1024,
  "noise_level": 0.0,
  "seed": 123,
  "lambda": 0.01,
  "test_value_mse": 105.88519287109375,
  "test_grad_mse": 7.955580234527588,
  "best_epoch": 6,
  "time_s": 4.347827196121216,
  "n_epochs_actual": 57,
  "key": "trig_d100_n1024_noise0.0_s123_dml_fixed_lam0.01",
  "timestamp": "2026-04-14T20:55:13.224932"
}