{
  "method": "dml_gradnorm",
  "func_type": "trig",
  "dim": 1,
  "n_samples": 2048,
  "noise_level": 0.2,
  "seed": 1000,
  "lambda": 1.0,
  "test_value_mse": 0.00012959564628545195,
  "test_grad_mse": 0.00019849349337164313,
  "best_epoch": 113,
  "time_s": 10.323771715164185,
  "n_epochs_actual": 164,
  "key": "trig_d1_n2048_noise0.2_s1000_dml_gradnorm",
  "timestamp": "2026-04-13T05:10:33.255637"
}