{
  "method": "dml_relobralo",
  "func_type": "trig",
  "dim": 20,
  "n_samples": 8192,
  "noise_level": 0.1,
  "seed": 123,
  "lambda": 1.0,
  "test_value_mse": 15.109352111816406,
  "test_grad_mse": 7.721019744873047,
  "best_epoch": 2,
  "time_s": 6.678497791290283,
  "n_epochs_actual": 53,
  "key": "trig_d20_n8192_noise0.1_s123_dml_relobralo",
  "timestamp": "2026-04-14T17:47:21.721586"
}