{
  "method": "dml_gradnorm",
  "func_type": "trig",
  "dim": 50,
  "n_samples": 8192,
  "noise_level": 0.2,
  "seed": 42,
  "lambda": 1.0,
  "test_value_mse": 54.850040435791016,
  "test_grad_mse": 6.639018535614014,
  "best_epoch": 77,
  "time_s": 22.461064100265503,
  "n_epochs_actual": 128,
  "key": "trig_d50_n8192_noise0.2_s42_dml_gradnorm",
  "timestamp": "2026-04-14T20:48:30.519661"
}