{
  "method": "baseline_krr",
  "func_type": "trig",
  "dim": 20,
  "n_samples": 8192,
  "noise_level": 0.5,
  "seed": 123,
  "lambda": 1.0,
  "test_value_mse": 14.866350173950195,
  "test_grad_mse": 7.699629895641533,
  "time_s": 3.1341755390167236,
  "key": "trig_d20_n8192_noise0.5_s123_baseline_krr",
  "timestamp": "2026-04-14T20:02:32.039157"
}