{
  "method": "dml_fixed",
  "func_type": "trig",
  "dim": 50,
  "n_samples": 1024,
  "noise_level": 0.0,
  "seed": 123,
  "lambda": 0.1,
  "test_value_mse": 42.61689376831055,
  "test_grad_mse": 6.6866936683654785,
  "best_epoch": 38,
  "time_s": 5.424010992050171,
  "n_epochs_actual": 89,
  "key": "trig_d50_n1024_noise0.0_s123_dml_fixed_lam0.1",
  "timestamp": "2026-04-14T20:34:28.427208"
}