{
  "method": "baseline_krr",
  "func_type": "trig",
  "dim": 2,
  "n_samples": 8192,
  "noise_level": 0.05,
  "seed": 456,
  "lambda": 1.0,
  "test_value_mse": 0.4150984287261963,
  "test_grad_mse": 4.894907058435221,
  "time_s": 3.9883508682250977,
  "key": "trig_d2_n8192_noise0.05_s456_baseline_krr",
  "timestamp": "2026-04-13T20:36:57.098233"
}