{
  "method": "dml_gradnorm",
  "func_type": "trig",
  "dim": 2,
  "n_samples": 8192,
  "noise_level": 0.5,
  "seed": 123,
  "lambda": 1.0,
  "test_value_mse": 0.0008431468741036952,
  "test_grad_mse": 0.0010631264885887504,
  "best_epoch": 29,
  "time_s": 14.293719053268433,
  "n_epochs_actual": 80,
  "key": "trig_d2_n8192_noise0.5_s123_dml_gradnorm",
  "timestamp": "2026-04-14T01:05:39.059257"
}