{
  "method": "baseline_rf",
  "func_type": "trig",
  "dim": 1,
  "n_samples": 2048,
  "noise_level": 0.0,
  "seed": 789,
  "lambda": 1.0,
  "test_value_mse": 0.00010734073370310931,
  "test_grad_mse": 2958.9883153323517,
  "time_s": 0.236083984375,
  "key": "trig_d1_n2048_noise0.0_s789_baseline_rf",
  "timestamp": "2026-04-13T04:38:31.670296"
}