{
  "method": "baseline_krr",
  "func_type": "trig",
  "dim": 2,
  "n_samples": 8192,
  "noise_level": 0.2,
  "seed": 456,
  "lambda": 1.0,
  "test_value_mse": 0.4150984287261963,
  "test_grad_mse": 4.894907058435221,
  "time_s": 13.7373206615448,
  "key": "trig_d2_n8192_noise0.2_s456_baseline_krr",
  "timestamp": "2026-04-14T00:07:36.702238"
}