{
  "method": "dml_gradnorm",
  "func_type": "trig",
  "dim": 1,
  "n_samples": 512,
  "noise_level": 0.2,
  "seed": 456,
  "lambda": 1.0,
  "test_value_mse": 0.003248463850468397,
  "test_grad_mse": 0.06150437891483307,
  "best_epoch": 154,
  "time_s": 8.054651975631714,
  "n_epochs_actual": 205,
  "key": "trig_d1_n512_noise0.2_s456_dml_gradnorm",
  "timestamp": "2026-04-13T03:50:47.144438"
}