{
  "method": "baseline_krr",
  "func_type": "trig",
  "dim": 1,
  "n_samples": 4096,
  "noise_level": 0.0,
  "seed": 123,
  "lambda": 1.0,
  "test_value_mse": 3.1947997740644496e-06,
  "test_grad_mse": 0.00013594546698838159,
  "time_s": 0.4544074535369873,
  "key": "trig_d1_n4096_noise0.0_s123_baseline_krr",
  "timestamp": "2026-04-13T05:36:55.365988"
}