{
  "method": "dml_fixed",
  "func_type": "trig",
  "dim": 1,
  "n_samples": 2048,
  "noise_level": 0.1,
  "seed": 42,
  "lambda": 1.0,
  "test_value_mse": 0.0009959973394870758,
  "test_grad_mse": 0.00388731830753386,
  "best_epoch": 196,
  "time_s": 9.474031448364258,
  "n_epochs_actual": 247,
  "key": "trig_d1_n2048_noise0.1_s42_dml_fixed",
  "timestamp": "2026-04-13T04:52:20.090504"
}