{
  "method": "dml_gradnorm",
  "func_type": "trig",
  "dim": 1,
  "n_samples": 256,
  "noise_level": 0.2,
  "seed": 1000,
  "lambda": 1.0,
  "test_value_mse": 0.0001288006460526958,
  "test_grad_mse": 0.000682177662383765,
  "best_epoch": 82,
  "time_s": 3.6181204319000244,
  "n_epochs_actual": 133,
  "key": "trig_d1_n256_noise0.2_s1000_dml_gradnorm",
  "timestamp": "2026-04-13T03:32:14.369882"
}