{
  "method": "vanilla",
  "func_type": "trig",
  "dim": 1,
  "n_samples": 256,
  "noise_level": 0.2,
  "seed": 789,
  "lambda": 1.0,
  "test_value_mse": 7.209464911284158e-06,
  "test_grad_mse": 0.0014379972126334906,
  "best_epoch": 670,
  "time_s": 15.198010206222534,
  "n_epochs_actual": 721,
  "key": "trig_d1_n256_noise0.2_s789_vanilla",
  "timestamp": "2026-04-13T03:31:41.212742"
}