{
  "method": "baseline_krr",
  "func_type": "trig",
  "dim": 1,
  "n_samples": 4096,
  "noise_level": 0.0,
  "seed": 456,
  "lambda": 1.0,
  "test_value_mse": 0.026078149676322937,
  "test_grad_mse": 1.20116458088739,
  "time_s": 0.4517531394958496,
  "key": "trig_d1_n4096_noise0.0_s456_baseline_krr",
  "timestamp": "2026-04-13T05:46:38.673987"
}