{
  "method": "dml_relobralo",
  "func_type": "trig",
  "dim": 5,
  "n_samples": 8192,
  "noise_level": 0.0,
  "seed": 1000,
  "lambda": 1.0,
  "test_value_mse": 0.16731169819831848,
  "test_grad_mse": 0.1676609069108963,
  "best_epoch": 77,
  "time_s": 10.781321048736572,
  "n_epochs_actual": 128,
  "key": "trig_d5_n8192_noise0.0_s1000_dml_relobralo",
  "timestamp": "2026-04-14T03:46:36.303082"
}