{
  "method": "dml_fixed",
  "func_type": "trig",
  "dim": 50,
  "n_samples": 8192,
  "noise_level": 0.5,
  "seed": 42,
  "lambda": 1.0,
  "test_value_mse": 49.411903381347656,
  "test_grad_mse": 6.5481438636779785,
  "best_epoch": 72,
  "time_s": 13.451927185058594,
  "n_epochs_actual": 123,
  "key": "trig_d50_n8192_noise0.5_s42_dml_fixed",
  "timestamp": "2026-04-14T20:51:40.672004"
}