{
  "method": "baseline_gp",
  "func_type": "trig",
  "dim": 20,
  "n_samples": 8192,
  "noise_level": 0.1,
  "seed": 123,
  "lambda": 1.0,
  "test_value_mse": 14.62596478534593,
  "test_grad_mse": 7.731296518346196,
  "time_s": 970.0010812282562,
  "key": "trig_d20_n8192_noise0.1_s123_baseline_gp",
  "timestamp": "2026-04-14T18:03:31.723185"
}