{
  "method": "baseline_rf",
  "func_type": "trig",
  "dim": 5,
  "n_samples": 8192,
  "noise_level": 0.05,
  "seed": 123,
  "lambda": 1.0,
  "test_value_mse": 0.4841479350544653,
  "test_grad_mse": 420.0762869751384,
  "time_s": 3.362027645111084,
  "key": "trig_d5_n8192_noise0.05_s123_baseline_rf",
  "timestamp": "2026-04-14T04:49:25.082139"
}