{
  "method": "baseline_gp",
  "func_type": "trig",
  "dim": 2,
  "n_samples": 8192,
  "noise_level": 0.05,
  "seed": 456,
  "lambda": 1.0,
  "test_value_mse": 0.6420912109282173,
  "test_grad_mse": 5.989840261308751,
  "time_s": 886.2524764537811,
  "key": "trig_d2_n8192_noise0.05_s456_baseline_gp",
  "timestamp": "2026-04-13T20:36:53.095693"
}