{
  "method": "dml_gradnorm",
  "func_type": "trig",
  "dim": 1,
  "n_samples": 4096,
  "noise_level": 0.1,
  "seed": 789,
  "lambda": 1.0,
  "test_value_mse": 0.006514229346066713,
  "test_grad_mse": 0.008156228810548782,
  "best_epoch": 35,
  "time_s": 9.250267028808594,
  "n_epochs_actual": 86,
  "key": "trig_d1_n4096_noise0.1_s789_dml_gradnorm",
  "timestamp": "2026-04-13T06:59:57.951048"
}