{
  "method": "baseline_rf",
  "func_type": "trig",
  "dim": 1,
  "n_samples": 4096,
  "noise_level": 0.05,
  "seed": 123,
  "lambda": 1.0,
  "test_value_mse": 1.1332769464009056e-06,
  "test_grad_mse": 47.475922800530405,
  "time_s": 0.5356740951538086,
  "key": "trig_d1_n4096_noise0.05_s123_baseline_rf",
  "timestamp": "2026-04-13T06:14:35.678079"
}