{
  "method": "dml_relobralo",
  "func_type": "trig",
  "dim": 50,
  "n_samples": 8192,
  "noise_level": 0.0,
  "seed": 123,
  "lambda": 1.0,
  "test_value_mse": 38.26679229736328,
  "test_grad_mse": 6.670383453369141,
  "best_epoch": 5,
  "time_s": 7.056235074996948,
  "n_epochs_actual": 56,
  "key": "trig_d50_n8192_noise0.0_s123_dml_relobralo",
  "timestamp": "2026-04-14T20:38:42.924948"
}