{
  "method": "baseline_rf",
  "func_type": "trig",
  "dim": 2,
  "n_samples": 8192,
  "noise_level": 0.5,
  "seed": 123,
  "lambda": 1.0,
  "test_value_mse": 0.0007086711345753023,
  "test_grad_mse": 263.4589660117219,
  "time_s": 1.9153835773468018,
  "key": "trig_d2_n8192_noise0.5_s123_baseline_rf",
  "timestamp": "2026-04-14T01:26:21.926301"
}