{
  "method": "baseline_gp",
  "func_type": "trig",
  "dim": 1,
  "n_samples": 256,
  "noise_level": 0.5,
  "seed": 789,
  "lambda": 1.0,
  "test_value_mse": 8.122430791667041e-10,
  "test_grad_mse": 3.7924145411081115e-06,
  "time_s": 0.2979569435119629,
  "key": "trig_d1_n256_noise0.5_s789_baseline_gp",
  "timestamp": "2026-04-13T03:34:07.378366"
}