{
  "method": "vanilla",
  "func_type": "trig",
  "dim": 10,
  "n_samples": 8192,
  "noise_level": 0.0,
  "seed": 789,
  "lambda": 1.0,
  "test_value_mse": 10.289482116699219,
  "test_grad_mse": 13.45264720916748,
  "best_epoch": 22,
  "time_s": 6.676107168197632,
  "n_epochs_actual": 73,
  "key": "trig_d10_n8192_noise0.0_s789_vanilla",
  "timestamp": "2026-04-14T10:32:37.833268"
}