{
  "method": "dml_gradnorm",
  "func_type": "trig",
  "dim": 1,
  "n_samples": 1024,
  "noise_level": 0.05,
  "seed": 42,
  "lambda": 1.0,
  "test_value_mse": 0.0004707314365077764,
  "test_grad_mse": 0.0309901162981987,
  "best_epoch": 204,
  "time_s": 11.211219072341919,
  "n_epochs_actual": 255,
  "key": "trig_d1_n1024_noise0.05_s42_dml_gradnorm",
  "timestamp": "2026-04-13T04:05:20.840751"
}