{
  "method": "dml_fixed",
  "func_type": "trig",
  "dim": 5,
  "n_samples": 8192,
  "noise_level": 0.5,
  "seed": 789,
  "lambda": 1.0,
  "test_value_mse": 0.6728121042251587,
  "test_grad_mse": 1.0312169790267944,
  "best_epoch": 161,
  "time_s": 17.66476345062256,
  "n_epochs_actual": 212,
  "key": "trig_d5_n8192_noise0.5_s789_dml_fixed",
  "timestamp": "2026-04-14T08:55:57.493665"
}