{
  "method": "dml_fixed",
  "func_type": "trig",
  "dim": 20,
  "n_samples": 8192,
  "noise_level": 0.05,
  "seed": 1000,
  "lambda": 1.0,
  "test_value_mse": 12.493820190429688,
  "test_grad_mse": 4.981383800506592,
  "best_epoch": 83,
  "time_s": 11.901809453964233,
  "n_epochs_actual": 134,
  "key": "trig_d20_n8192_noise0.05_s1000_dml_fixed",
  "timestamp": "2026-04-14T17:26:02.058440"
}