{
  "method": "dml_fixed",
  "func_type": "trig",
  "dim": 1,
  "n_samples": 2048,
  "noise_level": 0.0,
  "seed": 789,
  "lambda": 1.0,
  "test_value_mse": 2.1225361024335143e-07,
  "test_grad_mse": 0.00010308915079804137,
  "best_epoch": 984,
  "time_s": 26.510409593582153,
  "n_epochs_actual": 1000,
  "key": "trig_d1_n2048_noise0.0_s789_dml_fixed",
  "timestamp": "2026-04-13T04:37:04.408651"
}