{
  "method": "dml_gradnorm",
  "func_type": "trig",
  "dim": 50,
  "n_samples": 8192,
  "noise_level": 0.05,
  "seed": 1000,
  "lambda": 1.0,
  "test_value_mse": 51.00648880004883,
  "test_grad_mse": 7.131414890289307,
  "best_epoch": 74,
  "time_s": 23.550337553024292,
  "n_epochs_actual": 125,
  "key": "trig_d50_n8192_noise0.05_s1000_dml_gradnorm",
  "timestamp": "2026-04-14T20:44:02.798464"
}