{
  "method": "dml_relobralo",
  "func_type": "trig",
  "dim": 1,
  "n_samples": 256,
  "noise_level": 0.05,
  "seed": 123,
  "lambda": 1.0,
  "test_value_mse": 6.742974073858932e-05,
  "test_grad_mse": 7.740183355053887e-05,
  "best_epoch": 151,
  "time_s": 4.107272624969482,
  "n_epochs_actual": 202,
  "key": "trig_d1_n256_noise0.05_s123_dml_relobralo",
  "timestamp": "2026-04-26T11:58:42.244590"
}