{
  "method": "dml_fixed",
  "func_type": "trig",
  "dim": 1,
  "n_samples": 256,
  "noise_level": 0.1,
  "seed": 456,
  "lambda": 1.0,
  "test_value_mse": 0.0043710945174098015,
  "test_grad_mse": 0.01251467689871788,
  "best_epoch": 200,
  "time_s": 7.249289274215698,
  "n_epochs_actual": 251,
  "key": "trig_d1_n256_noise0.1_s456_dml_fixed",
  "timestamp": "2026-04-13T03:28:45.549956"
}