{
  "method": "dml_fixed",
  "func_type": "trig",
  "dim": 5,
  "n_samples": 8192,
  "noise_level": 0.2,
  "seed": 789,
  "lambda": 1.0,
  "test_value_mse": 0.13241444528102875,
  "test_grad_mse": 0.20288768410682678,
  "best_epoch": 303,
  "time_s": 21.279199838638306,
  "n_epochs_actual": 354,
  "key": "trig_d5_n8192_noise0.2_s789_dml_fixed",
  "timestamp": "2026-04-14T07:49:23.666414"
}