{
  "method": "baseline_gp",
  "func_type": "trig",
  "dim": 10,
  "n_samples": 8192,
  "noise_level": 0.0,
  "seed": 42,
  "lambda": 1.0,
  "test_value_mse": 5.862457525163038,
  "test_grad_mse": 3.380823474624461,
  "time_s": 644.1145241260529,
  "key": "trig_d10_n8192_noise0.0_s42_baseline_gp",
  "timestamp": "2026-04-14T09:57:31.985689"
}