{
  "method": "baseline_gp",
  "func_type": "trig",
  "dim": 1,
  "n_samples": 1024,
  "noise_level": 0.0,
  "seed": 456,
  "lambda": 1.0,
  "test_value_mse": 3.860101669563827e-09,
  "test_grad_mse": 2.199264321263401e-05,
  "time_s": 6.79729437828064,
  "key": "trig_d1_n1024_noise0.0_s456_baseline_gp",
  "timestamp": "2026-04-13T04:01:22.333381"
}