{
  "method": "dml_softmax_balance",
  "func_type": "trig",
  "dim": 5,
  "n_samples": 8192,
  "noise_level": 0.0,
  "seed": 456,
  "lambda": 1.0,
  "test_value_mse": 0.0013625075807794929,
  "test_grad_mse": 0.006723317783325911,
  "best_epoch": 823,
  "time_s": 81.177738904953,
  "n_epochs_actual": 874,
  "key": "trig_d5_n8192_noise0.0_s456_dml_softmax_balance",
  "timestamp": "2026-04-26T12:47:17.264448"
}