{
  "method": "dml_fixed",
  "func_type": "trig",
  "dim": 1,
  "n_samples": 4096,
  "noise_level": 0.05,
  "seed": 123,
  "lambda": 1.0,
  "test_value_mse": 9.597843018127605e-07,
  "test_grad_mse": 8.197924216801766e-06,
  "best_epoch": 176,
  "time_s": 11.160829305648804,
  "n_epochs_actual": 227,
  "key": "trig_d1_n4096_noise0.05_s123_dml_fixed",
  "timestamp": "2026-04-13T06:07:35.884644"
}