{
  "method": "dml_relobralo",
  "func_type": "trig",
  "dim": 1,
  "n_samples": 4096,
  "noise_level": 0.05,
  "seed": 42,
  "lambda": 1.0,
  "test_value_mse": 9.601758210919797e-05,
  "test_grad_mse": 0.0009611525456421077,
  "best_epoch": 230,
  "time_s": 15.39192008972168,
  "n_epochs_actual": 281,
  "key": "trig_d1_n4096_noise0.05_s42_dml_relobralo",
  "timestamp": "2026-04-26T12:15:53.522636"
}