{
  "method": "dml_fixed",
  "func_type": "trig",
  "dim": 50,
  "n_samples": 4096,
  "noise_level": 0.0,
  "seed": 456,
  "lambda": 0.01,
  "test_value_mse": 37.811424255371094,
  "test_grad_mse": 8.096112251281738,
  "best_epoch": 10,
  "time_s": 6.082135915756226,
  "n_epochs_actual": 61,
  "key": "trig_d50_n4096_noise0.0_s456_dml_fixed_lam0.01",
  "timestamp": "2026-04-14T20:36:18.575326"
}