{
  "method": "dml_gradnorm",
  "func_type": "trig",
  "dim": 1,
  "n_samples": 8192,
  "noise_level": 0.0,
  "seed": 789,
  "lambda": 1.0,
  "test_value_mse": 1.943049632302518e-08,
  "test_grad_mse": 3.032878339581657e-06,
  "best_epoch": 355,
  "time_s": 57.257657527923584,
  "n_epochs_actual": 406,
  "key": "trig_d1_n8192_noise0.0_s789_dml_gradnorm",
  "timestamp": "2026-04-13T09:22:15.412546"
}