{
  "method": "baseline_rf",
  "func_type": "trig",
  "dim": 5,
  "n_samples": 8192,
  "noise_level": 0.2,
  "seed": 42,
  "lambda": 1.0,
  "test_value_mse": 0.6337898361282334,
  "test_grad_mse": 369.3297132959668,
  "time_s": 1.1747658252716064,
  "key": "trig_d5_n8192_noise0.2_s42_baseline_rf",
  "timestamp": "2026-04-14T07:17:50.874900"
}