{
  "method": "dml_fixed",
  "func_type": "trig",
  "dim": 100,
  "n_samples": 8192,
  "noise_level": 0.5,
  "seed": 456,
  "lambda": 1.0,
  "test_value_mse": 80.95704650878906,
  "test_grad_mse": 7.971729755401611,
  "best_epoch": 9,
  "time_s": 9.115120887756348,
  "n_epochs_actual": 60,
  "key": "trig_d100_n8192_noise0.5_s456_dml_fixed",
  "timestamp": "2026-04-14T21:15:26.739653"
}