{
  "method": "dml_relobralo",
  "func_type": "trig",
  "dim": 1,
  "n_samples": 4096,
  "noise_level": 0.1,
  "seed": 123,
  "lambda": 1.0,
  "test_value_mse": 1.888892802526243e-05,
  "test_grad_mse": 3.443474633968435e-05,
  "best_epoch": 148,
  "time_s": 9.444521188735962,
  "n_epochs_actual": 199,
  "key": "trig_d1_n4096_noise0.1_s123_dml_relobralo",
  "timestamp": "2026-04-26T12:17:05.005691"
}