{
  "method": "baseline_gp",
  "func_type": "trig",
  "dim": 1,
  "n_samples": 8192,
  "noise_level": 0.5,
  "seed": 42,
  "lambda": 1.0,
  "test_value_mse": 4.325157118466371e-11,
  "test_grad_mse": 1.464150626575472e-05,
  "time_s": 765.6747329235077,
  "key": "trig_d1_n8192_noise0.5_s42_baseline_gp",
  "timestamp": "2026-04-13T15:39:39.226787"
}