{
  "method": "dml_softmax_balance",
  "func_type": "trig",
  "dim": 5,
  "n_samples": 8192,
  "noise_level": 0.5,
  "seed": 42,
  "lambda": 1.0,
  "test_value_mse": 0.11768368631601334,
  "test_grad_mse": 0.15005801618099213,
  "best_epoch": 188,
  "time_s": 23.957971572875977,
  "n_epochs_actual": 239,
  "key": "trig_d5_n8192_noise0.5_s42_dml_softmax_balance",
  "timestamp": "2026-04-26T13:00:21.808171"
}