{
  "method": "baseline_krr",
  "func_type": "trig",
  "dim": 20,
  "n_samples": 8192,
  "noise_level": 0.05,
  "seed": 789,
  "lambda": 1.0,
  "test_value_mse": 24.515634536743164,
  "test_grad_mse": 14.673924257612038,
  "time_s": 12.44870138168335,
  "key": "trig_d20_n8192_noise0.05_s789_baseline_krr",
  "timestamp": "2026-04-14T17:25:31.670500"
}