{
  "method": "dml_fixed",
  "func_type": "trig",
  "dim": 5,
  "n_samples": 8192,
  "noise_level": 0.5,
  "seed": 123,
  "lambda": 1.0,
  "test_value_mse": 0.10225562751293182,
  "test_grad_mse": 0.11319615691900253,
  "best_epoch": 114,
  "time_s": 15.321360349655151,
  "n_epochs_actual": 165,
  "key": "trig_d5_n8192_noise0.5_s123_dml_fixed",
  "timestamp": "2026-04-14T08:27:23.940272"
}