{
  "method": "dml_gradnorm",
  "func_type": "trig",
  "dim": 2,
  "n_samples": 8192,
  "noise_level": 0.0,
  "seed": 1000,
  "lambda": 1.0,
  "test_value_mse": 1.5391500483019627e-06,
  "test_grad_mse": 6.0366393881849945e-05,
  "best_epoch": 808,
  "time_s": 113.57595491409302,
  "n_epochs_actual": 859,
  "key": "trig_d2_n8192_noise0.0_s1000_dml_gradnorm",
  "timestamp": "2026-04-13T19:14:21.039771"
}