{
  "method": "baseline_rf",
  "func_type": "trig",
  "dim": 1,
  "n_samples": 4096,
  "noise_level": 0.0,
  "seed": 42,
  "lambda": 1.0,
  "test_value_mse": 5.0675848670448795e-05,
  "test_grad_mse": 375.00029656844293,
  "time_s": 0.9960150718688965,
  "key": "trig_d1_n4096_noise0.0_s42_baseline_rf",
  "timestamp": "2026-04-13T05:28:00.034437"
}