{
  "method": "baseline_rf",
  "func_type": "trig",
  "dim": 1,
  "n_samples": 2048,
  "noise_level": 0.5,
  "seed": 789,
  "lambda": 1.0,
  "test_value_mse": 0.00010734073370310925,
  "test_grad_mse": 2958.9883153323826,
  "time_s": 0.8111457824707031,
  "key": "trig_d1_n2048_noise0.5_s789_baseline_rf",
  "timestamp": "2026-04-13T05:19:34.229501"
}