{
  "method": "baseline_krr",
  "func_type": "trig",
  "dim": 1,
  "n_samples": 256,
  "noise_level": 0.0,
  "seed": 123,
  "lambda": 1.0,
  "test_value_mse": 0.00014526737504638731,
  "test_grad_mse": 0.0007400869092903351,
  "time_s": 0.01909494400024414,
  "key": "trig_d1_n256_noise0.0_s123_baseline_krr",
  "timestamp": "2026-04-13T03:22:16.111748"
}