{
  "method": "dml_gradnorm",
  "func_type": "trig",
  "dim": 1,
  "n_samples": 1024,
  "noise_level": 0.0,
  "seed": 123,
  "lambda": 1.0,
  "test_value_mse": 4.099088712905541e-08,
  "test_grad_mse": 1.920442173286574e-06,
  "best_epoch": 400,
  "time_s": 12.623285293579102,
  "n_epochs_actual": 451,
  "key": "trig_d1_n1024_noise0.0_s123_dml_gradnorm",
  "timestamp": "2026-04-13T03:59:48.079596"
}