{
  "method": "dml_fixed",
  "func_type": "trig",
  "dim": 2,
  "n_samples": 1024,
  "noise_level": 0.0,
  "seed": 789,
  "lambda": 0.01,
  "test_value_mse": 0.0036854115314781666,
  "test_grad_mse": 0.10909286141395569,
  "best_epoch": 990,
  "time_s": 35.33893179893494,
  "n_epochs_actual": 1000,
  "key": "trig_d2_n1024_noise0.0_s789_dml_fixed_lam0.01",
  "timestamp": "2026-04-13T17:22:37.487090"
}