{
  "method": "dml_fixed",
  "func_type": "trig",
  "dim": 20,
  "n_samples": 8192,
  "noise_level": 0.1,
  "seed": 456,
  "lambda": 1.0,
  "test_value_mse": 14.372702598571777,
  "test_grad_mse": 4.920538902282715,
  "best_epoch": 87,
  "time_s": 13.709269762039185,
  "n_epochs_actual": 138,
  "key": "trig_d20_n8192_noise0.1_s456_dml_fixed",
  "timestamp": "2026-04-14T18:04:07.779620"
}