{
  "method": "dml_relobralo",
  "func_type": "trig",
  "dim": 1,
  "n_samples": 1024,
  "noise_level": 0.05,
  "seed": 789,
  "lambda": 1.0,
  "test_value_mse": 8.104329754132777e-05,
  "test_grad_mse": 0.0006250691949389875,
  "best_epoch": 262,
  "time_s": 8.63460373878479,
  "n_epochs_actual": 313,
  "key": "trig_d1_n1024_noise0.05_s789_dml_relobralo",
  "timestamp": "2026-04-26T12:05:49.846807"
}