{
  "method": "baseline_gp",
  "func_type": "trig",
  "dim": 1,
  "n_samples": 4096,
  "noise_level": 0.2,
  "seed": 456,
  "lambda": 1.0,
  "test_value_mse": 3.734264959468096e-10,
  "test_grad_mse": 1.6567974871205662e-05,
  "time_s": 394.5468180179596,
  "key": "trig_d1_n4096_noise0.2_s456_baseline_gp",
  "timestamp": "2026-04-13T07:31:46.802495"
}