{
  "method": "dml_fixed",
  "func_type": "trig",
  "dim": 100,
  "n_samples": 4096,
  "noise_level": 0.0,
  "seed": 123,
  "lambda": 0.1,
  "test_value_mse": 80.66899108886719,
  "test_grad_mse": 7.900299549102783,
  "best_epoch": 15,
  "time_s": 6.168668270111084,
  "n_epochs_actual": 66,
  "key": "trig_d100_n4096_noise0.0_s123_dml_fixed_lam0.1",
  "timestamp": "2026-04-14T20:56:59.302391"
}