{
  "method": "dml_relobralo",
  "func_type": "trig",
  "dim": 100,
  "n_samples": 8192,
  "noise_level": 0.1,
  "seed": 456,
  "lambda": 1.0,
  "test_value_mse": 78.99388885498047,
  "test_grad_mse": 8.044499397277832,
  "best_epoch": 8,
  "time_s": 8.894957542419434,
  "n_epochs_actual": 59,
  "key": "trig_d100_n8192_noise0.1_s456_dml_relobralo",
  "timestamp": "2026-04-14T21:08:09.980738"
}