{
  "method": "dml_relobralo",
  "func_type": "trig",
  "dim": 50,
  "n_samples": 8192,
  "noise_level": 0.2,
  "seed": 1000,
  "lambda": 1.0,
  "test_value_mse": 37.22455978393555,
  "test_grad_mse": 7.155855655670166,
  "best_epoch": 7,
  "time_s": 7.731574773788452,
  "n_epochs_actual": 58,
  "key": "trig_d50_n8192_noise0.2_s1000_dml_relobralo",
  "timestamp": "2026-04-14T20:51:20.216582"
}