{
  "method": "baseline_rf",
  "func_type": "trig",
  "dim": 1,
  "n_samples": 512,
  "noise_level": 0.05,
  "seed": 789,
  "lambda": 1.0,
  "test_value_mse": 0.0023024037008067444,
  "test_grad_mse": 5.9408782576310495,
  "time_s": 0.6484677791595459,
  "key": "trig_d1_n512_noise0.05_s789_baseline_rf",
  "timestamp": "2026-04-13T03:44:07.768213"
}