{
  "method": "dml_fixed",
  "func_type": "trig",
  "dim": 50,
  "n_samples": 4096,
  "noise_level": 0.0,
  "seed": 789,
  "lambda": 0.01,
  "test_value_mse": 51.06836700439453,
  "test_grad_mse": 10.93881893157959,
  "best_epoch": 18,
  "time_s": 6.404833555221558,
  "n_epochs_actual": 69,
  "key": "trig_d50_n4096_noise0.0_s789_dml_fixed_lam0.01",
  "timestamp": "2026-04-14T20:36:43.591142"
}