{
  "method": "baseline_krr",
  "func_type": "trig",
  "dim": 5,
  "n_samples": 8192,
  "noise_level": 0.5,
  "seed": 1000,
  "lambda": 1.0,
  "test_value_mse": 0.9848288893699646,
  "test_grad_mse": 1.9724194730832088,
  "time_s": 5.1175761222839355,
  "key": "trig_d5_n8192_noise0.5_s1000_baseline_krr",
  "timestamp": "2026-04-14T09:35:55.592004"
}