{
  "method": "baseline_rf",
  "func_type": "trig",
  "dim": 5,
  "n_samples": 8192,
  "noise_level": 0.1,
  "seed": 1000,
  "lambda": 1.0,
  "test_value_mse": 0.6043849328043542,
  "test_grad_mse": 1130.7239836626954,
  "time_s": 3.511936902999878,
  "key": "trig_d5_n8192_noise0.1_s1000_baseline_rf",
  "timestamp": "2026-04-14T07:07:14.086307"
}