{
  "method": "dml_fixed",
  "func_type": "trig",
  "dim": 1,
  "n_samples": 2048,
  "noise_level": 0.2,
  "seed": 42,
  "lambda": 1.0,
  "test_value_mse": 0.001804289990104735,
  "test_grad_mse": 0.014653868041932583,
  "best_epoch": 122,
  "time_s": 5.44038462638855,
  "n_epochs_actual": 173,
  "key": "trig_d1_n2048_noise0.2_s42_dml_fixed",
  "timestamp": "2026-04-13T05:02:56.326538"
}