{
  "method": "dml_fixed",
  "func_type": "trig",
  "dim": 10,
  "n_samples": 1024,
  "noise_level": 0.0,
  "seed": 123,
  "lambda": 0.1,
  "test_value_mse": 3.9216959476470947,
  "test_grad_mse": 4.218509674072266,
  "best_epoch": 92,
  "time_s": 5.602290153503418,
  "n_epochs_actual": 143,
  "key": "trig_d10_n1024_noise0.0_s123_dml_fixed_lam0.1",
  "timestamp": "2026-04-14T09:36:38.647984"
}