{
  "method": "baseline_rf",
  "func_type": "trig",
  "dim": 20,
  "n_samples": 8192,
  "noise_level": 0.5,
  "seed": 123,
  "lambda": 1.0,
  "test_value_mse": 10.712169169325353,
  "test_grad_mse": 536.0494639302758,
  "time_s": 3.7940993309020996,
  "key": "trig_d20_n8192_noise0.5_s123_baseline_rf",
  "timestamp": "2026-04-14T20:02:35.833551"
}