{
  "method": "vanilla",
  "func_type": "trig",
  "dim": 5,
  "n_samples": 8192,
  "noise_level": 0.05,
  "seed": 42,
  "lambda": 1.0,
  "test_value_mse": 0.22049309313297272,
  "test_grad_mse": 0.6974245309829712,
  "best_epoch": 323,
  "time_s": 22.792054176330566,
  "n_epochs_actual": 374,
  "key": "trig_d5_n8192_noise0.05_s42_vanilla",
  "timestamp": "2026-04-14T04:09:38.624511"
}