{
  "method": "baseline_rf",
  "func_type": "trig",
  "dim": 1,
  "n_samples": 8192,
  "noise_level": 0.0,
  "seed": 1000,
  "lambda": 1.0,
  "test_value_mse": 7.318969348210651e-07,
  "test_grad_mse": 11.51725449745457,
  "time_s": 0.31978321075439453,
  "key": "trig_d1_n8192_noise0.0_s1000_baseline_rf",
  "timestamp": "2026-04-13T10:06:56.033467"
}