{
  "method": "baseline_gp",
  "func_type": "trig",
  "dim": 1,
  "n_samples": 256,
  "noise_level": 0.5,
  "seed": 1000,
  "lambda": 1.0,
  "test_value_mse": 2.223057109776728e-08,
  "test_grad_mse": 2.0773708769835023e-06,
  "time_s": 3.8516640663146973,
  "key": "trig_d1_n256_noise0.5_s1000_baseline_gp",
  "timestamp": "2026-04-13T03:34:26.321107"
}