{
  "method": "dml_gradnorm",
  "func_type": "trig",
  "dim": 5,
  "n_samples": 8192,
  "noise_level": 0.1,
  "seed": 456,
  "lambda": 1.0,
  "test_value_mse": 0.02175343781709671,
  "test_grad_mse": 0.024948595091700554,
  "best_epoch": 349,
  "time_s": 56.9651517868042,
  "n_epochs_actual": 400,
  "key": "trig_d5_n8192_noise0.1_s456_dml_gradnorm",
  "timestamp": "2026-04-14T06:18:17.698747"
}