{
  "method": "dml_fixed",
  "func_type": "trig",
  "dim": 1,
  "n_samples": 1024,
  "noise_level": 0.05,
  "seed": 123,
  "lambda": 1.0,
  "test_value_mse": 9.93778849078808e-06,
  "test_grad_mse": 3.876535265590064e-05,
  "best_epoch": 142,
  "time_s": 4.383490800857544,
  "n_epochs_actual": 193,
  "key": "trig_d1_n1024_noise0.05_s123_dml_fixed",
  "timestamp": "2026-04-13T04:06:30.000944"
}