{
  "method": "dml_fixed",
  "func_type": "trig",
  "dim": 1,
  "n_samples": 1024,
  "noise_level": 0.1,
  "seed": 789,
  "lambda": 1.0,
  "test_value_mse": 6.134034629212692e-05,
  "test_grad_mse": 0.0013535014586523175,
  "best_epoch": 254,
  "time_s": 5.910407781600952,
  "n_epochs_actual": 305,
  "key": "trig_d1_n1024_noise0.1_s789_dml_fixed",
  "timestamp": "2026-04-13T04:14:09.895592"
}