{
  "method": "dml_gradnorm",
  "func_type": "trig",
  "dim": 1,
  "n_samples": 4096,
  "noise_level": 0.2,
  "seed": 789,
  "lambda": 1.0,
  "test_value_mse": 0.007160654291510582,
  "test_grad_mse": 0.015724478289484978,
  "best_epoch": 24,
  "time_s": 8.489763498306274,
  "n_epochs_actual": 75,
  "key": "trig_d1_n4096_noise0.2_s789_dml_gradnorm",
  "timestamp": "2026-04-13T07:32:35.903600"
}