{
  "method": "dml_fixed",
  "func_type": "trig",
  "dim": 1,
  "n_samples": 4096,
  "noise_level": 0.1,
  "seed": 123,
  "lambda": 1.0,
  "test_value_mse": 1.0300481335434597e-05,
  "test_grad_mse": 2.557264997449238e-05,
  "best_epoch": 178,
  "time_s": 11.4035062789917,
  "n_epochs_actual": 229,
  "key": "trig_d1_n4096_noise0.1_s123_dml_fixed",
  "timestamp": "2026-04-13T06:43:14.259447"
}