{
  "method": "dml_fixed",
  "func_type": "trig",
  "dim": 50,
  "n_samples": 8192,
  "noise_level": 0.5,
  "seed": 789,
  "lambda": 1.0,
  "test_value_mse": 54.094268798828125,
  "test_grad_mse": 10.850408554077148,
  "best_epoch": 13,
  "time_s": 8.159900665283203,
  "n_epochs_actual": 64,
  "key": "trig_d50_n8192_noise0.5_s789_dml_fixed",
  "timestamp": "2026-04-14T20:53:43.039496"
}