{
  "method": "baseline_gp",
  "func_type": "trig",
  "dim": 20,
  "n_samples": 8192,
  "noise_level": 0.5,
  "seed": 1000,
  "lambda": 1.0,
  "test_value_mse": 19.80621717992915,
  "test_grad_mse": 6.600585860753794,
  "time_s": 413.35911750793457,
  "key": "trig_d20_n8192_noise0.5_s1000_baseline_gp",
  "timestamp": "2026-04-14T20:33:32.054850"
}