{
  "method": "baseline_rf",
  "func_type": "trig",
  "dim": 1,
  "n_samples": 512,
  "noise_level": 0.0,
  "seed": 123,
  "lambda": 1.0,
  "test_value_mse": 0.00013893844707722967,
  "test_grad_mse": 524.7569283247143,
  "time_s": 0.5846891403198242,
  "key": "trig_d1_n512_noise0.0_s123_baseline_rf",
  "timestamp": "2026-04-13T03:36:39.144187"
}