{
  "method": "dml_fixed",
  "func_type": "trig",
  "dim": 2,
  "n_samples": 1024,
  "noise_level": 0.0,
  "seed": 42,
  "lambda": 0.1,
  "test_value_mse": 0.0004526584525592625,
  "test_grad_mse": 0.0062757679261267185,
  "best_epoch": 999,
  "time_s": 24.033626079559326,
  "n_epochs_actual": 1000,
  "key": "trig_d2_n1024_noise0.0_s42_dml_fixed_lam0.1",
  "timestamp": "2026-04-13T17:17:46.771867"
}