{
  "method": "dml_gradnorm",
  "func_type": "trig",
  "dim": 1,
  "n_samples": 4096,
  "noise_level": 0.2,
  "seed": 1000,
  "lambda": 1.0,
  "test_value_mse": 0.00117206119466573,
  "test_grad_mse": 0.0005622170283459127,
  "best_epoch": 29,
  "time_s": 7.892221927642822,
  "n_epochs_actual": 80,
  "key": "trig_d1_n4096_noise0.2_s1000_dml_gradnorm",
  "timestamp": "2026-04-13T07:38:17.003195"
}