{
  "method": "baseline_rf",
  "func_type": "trig",
  "dim": 1,
  "n_samples": 4096,
  "noise_level": 0.1,
  "seed": 456,
  "lambda": 1.0,
  "test_value_mse": 5.410942952063912e-05,
  "test_grad_mse": 424.56314835977554,
  "time_s": 0.9912385940551758,
  "key": "trig_d1_n4096_noise0.1_s456_baseline_rf",
  "timestamp": "2026-04-13T06:59:07.397741"
}