{
  "method": "dml_gradnorm",
  "func_type": "trig",
  "dim": 1,
  "n_samples": 2048,
  "noise_level": 0.0,
  "seed": 123,
  "lambda": 1.0,
  "test_value_mse": 7.556178793777235e-09,
  "test_grad_mse": 1.6023034277168335e-07,
  "best_epoch": 983,
  "time_s": 46.51603436470032,
  "n_epochs_actual": 1000,
  "key": "trig_d1_n2048_noise0.0_s123_dml_gradnorm",
  "timestamp": "2026-04-13T04:31:41.054534"
}