{
  "method": "dml_gradnorm",
  "func_type": "trig",
  "dim": 10,
  "n_samples": 8192,
  "noise_level": 0.05,
  "seed": 42,
  "lambda": 1.0,
  "test_value_mse": 0.02119327522814274,
  "test_grad_mse": 0.016892364248633385,
  "best_epoch": 938,
  "time_s": 141.56008076667786,
  "n_epochs_actual": 989,
  "key": "trig_d10_n8192_noise0.05_s42_dml_gradnorm",
  "timestamp": "2026-04-14T11:03:28.148296"
}