{
  "method": "dml_gradnorm",
  "func_type": "trig",
  "dim": 100,
  "n_samples": 8192,
  "noise_level": 0.2,
  "seed": 789,
  "lambda": 1.0,
  "test_value_mse": 141.4912109375,
  "test_grad_mse": 10.8355073928833,
  "best_epoch": 81,
  "time_s": 22.062466144561768,
  "n_epochs_actual": 132,
  "key": "trig_d100_n8192_noise0.2_s789_dml_gradnorm",
  "timestamp": "2026-04-14T21:12:36.271870"
}