{
  "method": "dml_gradnorm",
  "func_type": "trig",
  "dim": 10,
  "n_samples": 8192,
  "noise_level": 0.0,
  "seed": 123,
  "lambda": 1.0,
  "test_value_mse": 0.021797947585582733,
  "test_grad_mse": 0.02803969755768776,
  "best_epoch": 793,
  "time_s": 120.88945174217224,
  "n_epochs_actual": 844,
  "key": "trig_d10_n8192_noise0.0_s123_dml_gradnorm",
  "timestamp": "2026-04-14T10:01:16.628583"
}