{
  "method": "dml_relobralo",
  "func_type": "trig",
  "dim": 5,
  "n_samples": 8192,
  "noise_level": 0.1,
  "seed": 1000,
  "lambda": 1.0,
  "test_value_mse": 0.003109758021309972,
  "test_grad_mse": 0.006611273158341646,
  "best_epoch": 201,
  "time_s": 20.01111674308777,
  "n_epochs_actual": 252,
  "key": "trig_d5_n8192_noise0.1_s1000_dml_relobralo",
  "timestamp": "2026-04-14T06:50:30.368095"
}