{
  "method": "dml_gradnorm",
  "func_type": "trig",
  "dim": 5,
  "n_samples": 8192,
  "noise_level": 0.1,
  "seed": 1000,
  "lambda": 1.0,
  "test_value_mse": 0.006014740560203791,
  "test_grad_mse": 0.005093539133667946,
  "best_epoch": 159,
  "time_s": 32.92473530769348,
  "n_epochs_actual": 210,
  "key": "trig_d5_n8192_noise0.1_s1000_dml_gradnorm",
  "timestamp": "2026-04-14T06:50:10.356453"
}