{
  "method": "baseline_gp",
  "func_type": "trig",
  "dim": 20,
  "n_samples": 8192,
  "noise_level": 0.0,
  "seed": 456,
  "lambda": 1.0,
  "test_value_mse": 11.949696153724691,
  "test_grad_mse": 5.623756445745859,
  "time_s": 630.6385593414307,
  "key": "trig_d20_n8192_noise0.0_s456_baseline_gp",
  "timestamp": "2026-04-14T16:12:02.156247"
}