{
  "method": "dml_fixed",
  "func_type": "trig",
  "dim": 10,
  "n_samples": 4096,
  "noise_level": 0.0,
  "seed": 789,
  "lambda": 0.001,
  "test_value_mse": 10.916866302490234,
  "test_grad_mse": 13.809202194213867,
  "best_epoch": 42,
  "time_s": 6.346745491027832,
  "n_epochs_actual": 93,
  "key": "trig_d10_n4096_noise0.0_s789_dml_fixed_lam0.001",
  "timestamp": "2026-04-14T09:40:23.420887"
}