{
  "method": "dml_gradnorm",
  "func_type": "trig",
  "dim": 1,
  "n_samples": 256,
  "noise_level": 0.0,
  "seed": 123,
  "lambda": 1.0,
  "test_value_mse": 2.3067583398983516e-08,
  "test_grad_mse": 1.8827230974238773e-07,
  "best_epoch": 792,
  "time_s": 16.324326038360596,
  "n_epochs_actual": 843,
  "key": "trig_d1_n256_noise0.0_s123_dml_gradnorm",
  "timestamp": "2026-04-13T03:21:59.386643"
}