{
  "method": "baseline_krr",
  "func_type": "trig",
  "dim": 20,
  "n_samples": 8192,
  "noise_level": 0.0,
  "seed": 42,
  "lambda": 1.0,
  "test_value_mse": 14.564270973205566,
  "test_grad_mse": 5.2351387457313185,
  "time_s": 14.506111860275269,
  "key": "trig_d20_n8192_noise0.0_s42_baseline_krr",
  "timestamp": "2026-04-14T15:46:45.430546"
}