{
  "method": "dml_gradnorm",
  "func_type": "trig",
  "dim": 50,
  "n_samples": 8192,
  "noise_level": 0.05,
  "seed": 456,
  "lambda": 1.0,
  "test_value_mse": 54.05936813354492,
  "test_grad_mse": 8.215179443359375,
  "best_epoch": 79,
  "time_s": 22.852548122406006,
  "n_epochs_actual": 130,
  "key": "trig_d50_n8192_noise0.05_s456_dml_gradnorm",
  "timestamp": "2026-04-14T20:42:41.020193"
}