{
  "method": "dml_relobralo",
  "func_type": "trig",
  "dim": 1,
  "n_samples": 1024,
  "noise_level": 0.0,
  "seed": 123,
  "lambda": 1.0,
  "test_value_mse": 4.308532197683235e-09,
  "test_grad_mse": 4.4630837692238856e-07,
  "best_epoch": 999,
  "time_s": 25.008440732955933,
  "n_epochs_actual": 1000,
  "key": "trig_d1_n1024_noise0.0_s123_dml_relobralo",
  "timestamp": "2026-04-26T12:04:01.297733"
}