{
  "method": "dml_fixed",
  "func_type": "trig",
  "dim": 50,
  "n_samples": 8192,
  "noise_level": 0.2,
  "seed": 1000,
  "lambda": 1.0,
  "test_value_mse": 42.621238708496094,
  "test_grad_mse": 7.056016445159912,
  "best_epoch": 10,
  "time_s": 6.396608829498291,
  "n_epochs_actual": 61,
  "key": "trig_d50_n8192_noise0.2_s1000_dml_fixed",
  "timestamp": "2026-04-14T20:50:50.307381"
}