{
  "method": "dml_fixed",
  "func_type": "trig",
  "dim": 100,
  "n_samples": 8192,
  "noise_level": 0.0,
  "seed": 456,
  "lambda": 1.0,
  "test_value_mse": 81.09550476074219,
  "test_grad_mse": 7.970716953277588,
  "best_epoch": 9,
  "time_s": 9.452590465545654,
  "n_epochs_actual": 60,
  "key": "trig_d100_n8192_noise0.0_s456_dml_fixed",
  "timestamp": "2026-04-14T21:00:04.409637"
}