{
  "method": "dml_gradnorm",
  "func_type": "trig",
  "dim": 50,
  "n_samples": 8192,
  "noise_level": 0.1,
  "seed": 123,
  "lambda": 1.0,
  "test_value_mse": 57.187137603759766,
  "test_grad_mse": 6.789132118225098,
  "best_epoch": 71,
  "time_s": 19.836291074752808,
  "n_epochs_actual": 122,
  "key": "trig_d50_n8192_noise0.1_s123_dml_gradnorm",
  "timestamp": "2026-04-14T20:45:32.667929"
}