{
  "method": "dml_fixed",
  "func_type": "trig",
  "dim": 50,
  "n_samples": 8192,
  "noise_level": 0.1,
  "seed": 456,
  "lambda": 1.0,
  "test_value_mse": 38.913570404052734,
  "test_grad_mse": 8.017669677734375,
  "best_epoch": 13,
  "time_s": 8.139226198196411,
  "n_epochs_actual": 64,
  "key": "trig_d50_n8192_noise0.1_s456_dml_fixed",
  "timestamp": "2026-04-14T20:45:55.983224"
}