{
  "method": "baseline_rf",
  "func_type": "trig",
  "dim": 1,
  "n_samples": 8192,
  "noise_level": 0.0,
  "seed": 123,
  "lambda": 1.0,
  "test_value_mse": 2.872300278420329e-07,
  "test_grad_mse": 8.666083125046779,
  "time_s": 1.3251612186431885,
  "key": "trig_d1_n8192_noise0.0_s123_baseline_rf",
  "timestamp": "2026-04-13T08:52:48.616186"
}