{
  "method": "dml_gradnorm",
  "func_type": "trig",
  "dim": 20,
  "n_samples": 8192,
  "noise_level": 0.0,
  "seed": 456,
  "lambda": 1.0,
  "test_value_mse": 11.97180461883545,
  "test_grad_mse": 5.6111297607421875,
  "best_epoch": 6,
  "time_s": 7.228874921798706,
  "n_epochs_actual": 57,
  "key": "trig_d20_n8192_noise0.0_s456_dml_gradnorm",
  "timestamp": "2026-04-14T16:01:26.986035"
}