{
  "method": "dml_fixed",
  "func_type": "trig",
  "dim": 1,
  "n_samples": 512,
  "noise_level": 0.1,
  "seed": 1000,
  "lambda": 1.0,
  "test_value_mse": 9.476474951952696e-05,
  "test_grad_mse": 0.000263265217654407,
  "best_epoch": 98,
  "time_s": 4.321046829223633,
  "n_epochs_actual": 149,
  "key": "trig_d1_n512_noise0.1_s1000_dml_fixed",
  "timestamp": "2026-04-13T03:48:25.331264"
}