{
  "method": "vanilla",
  "func_type": "trig",
  "dim": 2,
  "n_samples": 8192,
  "noise_level": 0.0,
  "seed": 456,
  "lambda": 1.0,
  "test_value_mse": 0.00018230953719466925,
  "test_grad_mse": 0.021271657198667526,
  "best_epoch": 984,
  "time_s": 66.08259844779968,
  "n_epochs_actual": 1000,
  "key": "trig_d2_n8192_noise0.0_s456_vanilla",
  "timestamp": "2026-04-13T18:26:09.872829"
}