{
  "method": "dml_fixed",
  "func_type": "trig",
  "dim": 1,
  "n_samples": 512,
  "noise_level": 0.2,
  "seed": 456,
  "lambda": 1.0,
  "test_value_mse": 0.021909993141889572,
  "test_grad_mse": 0.08322994410991669,
  "best_epoch": 141,
  "time_s": 5.9428441524505615,
  "n_epochs_actual": 192,
  "key": "trig_d1_n512_noise0.2_s456_dml_fixed",
  "timestamp": "2026-04-13T03:50:39.089236"
}