{
  "method": "dml_fixed",
  "func_type": "trig",
  "dim": 2,
  "n_samples": 1024,
  "noise_level": 0.0,
  "seed": 789,
  "lambda": 0.1,
  "test_value_mse": 0.00027760674129240215,
  "test_grad_mse": 0.009280147030949593,
  "best_epoch": 999,
  "time_s": 27.69828701019287,
  "n_epochs_actual": 1000,
  "key": "trig_d2_n1024_noise0.0_s789_dml_fixed_lam0.1",
  "timestamp": "2026-04-13T17:23:05.185956"
}