{
  "method": "dml_fixed",
  "func_type": "trig",
  "dim": 100,
  "n_samples": 8192,
  "noise_level": 0.2,
  "seed": 123,
  "lambda": 1.0,
  "test_value_mse": 88.17252349853516,
  "test_grad_mse": 7.818151473999023,
  "best_epoch": 17,
  "time_s": 9.632678031921387,
  "n_epochs_actual": 68,
  "key": "trig_d100_n8192_noise0.2_s123_dml_fixed",
  "timestamp": "2026-04-14T21:10:43.313200"
}