{
  "method": "dml_softmax_balance",
  "func_type": "trig",
  "dim": 20,
  "n_samples": 8192,
  "noise_level": 0.5,
  "seed": 1000,
  "lambda": 1.0,
  "test_value_mse": 16.069255828857422,
  "test_grad_mse": 6.274441719055176,
  "best_epoch": 64,
  "time_s": 12.565346479415894,
  "n_epochs_actual": 115,
  "key": "trig_d20_n8192_noise0.5_s1000_dml_softmax_balance",
  "timestamp": "2026-04-26T13:22:23.222753"
}