{
  "method": "dml_gradnorm",
  "func_type": "trig",
  "dim": 1,
  "n_samples": 1024,
  "noise_level": 0.0,
  "seed": 1000,
  "lambda": 1.0,
  "test_value_mse": 7.076446763676358e-06,
  "test_grad_mse": 2.1833302525919862e-05,
  "best_epoch": 121,
  "time_s": 7.991389274597168,
  "n_epochs_actual": 172,
  "key": "trig_d1_n1024_noise0.0_s1000_dml_gradnorm",
  "timestamp": "2026-04-13T04:04:03.421290"
}