{
  "method": "dml_gradnorm",
  "func_type": "trig",
  "dim": 10,
  "n_samples": 8192,
  "noise_level": 0.0,
  "seed": 456,
  "lambda": 1.0,
  "test_value_mse": 0.6725281476974487,
  "test_grad_mse": 0.45105329155921936,
  "best_epoch": 455,
  "time_s": 81.74602770805359,
  "n_epochs_actual": 506,
  "key": "trig_d10_n8192_noise0.0_s456_dml_gradnorm",
  "timestamp": "2026-04-14T10:18:55.139818"
}