{
  "method": "baseline_rf",
  "func_type": "trig",
  "dim": 1,
  "n_samples": 2048,
  "noise_level": 0.1,
  "seed": 789,
  "lambda": 1.0,
  "test_value_mse": 0.00010734073370310925,
  "test_grad_mse": 2958.9883153323576,
  "time_s": 0.25455641746520996,
  "key": "trig_d1_n2048_noise0.1_s789_baseline_rf",
  "timestamp": "2026-04-13T05:00:26.079273"
}