{
  "method": "dml_fixed",
  "func_type": "trig",
  "dim": 100,
  "n_samples": 4096,
  "noise_level": 0.0,
  "seed": 1000,
  "lambda": 0.01,
  "test_value_mse": 85.70269775390625,
  "test_grad_mse": 7.457087516784668,
  "best_epoch": 10,
  "time_s": 4.087203025817871,
  "n_epochs_actual": 61,
  "key": "trig_d100_n4096_noise0.0_s1000_dml_fixed_lam0.01",
  "timestamp": "2026-04-14T20:58:04.348745"
}