{
  "method": "vanilla",
  "func_type": "trig",
  "dim": 1,
  "n_samples": 2048,
  "noise_level": 0.05,
  "seed": 123,
  "lambda": 1.0,
  "test_value_mse": 6.440633910642646e-07,
  "test_grad_mse": 0.00015564114437438548,
  "best_epoch": 988,
  "time_s": 25.342490196228027,
  "n_epochs_actual": 1000,
  "key": "trig_d1_n2048_noise0.05_s123_vanilla",
  "timestamp": "2026-04-13T04:42:49.688786"
}