{
  "method": "dml_relobralo",
  "func_type": "trig",
  "dim": 1,
  "n_samples": 2048,
  "noise_level": 0.2,
  "seed": 1000,
  "lambda": 1.0,
  "test_value_mse": 5.588235580944456e-05,
  "test_grad_mse": 0.00023859470093157142,
  "best_epoch": 95,
  "time_s": 7.089975595474243,
  "n_epochs_actual": 146,
  "key": "trig_d1_n2048_noise0.2_s1000_dml_relobralo",
  "timestamp": "2026-04-26T12:12:44.443783"
}