{
  "method": "baseline_rf",
  "func_type": "trig",
  "dim": 1,
  "n_samples": 256,
  "noise_level": 0.2,
  "seed": 123,
  "lambda": 1.0,
  "test_value_mse": 0.0007010542782606137,
  "test_grad_mse": 0.3898485118206988,
  "time_s": 0.6174666881561279,
  "key": "trig_d1_n256_noise0.2_s123_baseline_rf",
  "timestamp": "2026-04-13T03:30:57.175484"
}