{
  "method": "dml_fixed",
  "func_type": "trig",
  "dim": 2,
  "n_samples": 1024,
  "noise_level": 0.0,
  "seed": 42,
  "lambda": 10.0,
  "test_value_mse": 0.00019136648916173726,
  "test_grad_mse": 0.0029959771782159805,
  "best_epoch": 999,
  "time_s": 19.356359004974365,
  "n_epochs_actual": 1000,
  "key": "trig_d2_n1024_noise0.0_s42_dml_fixed_lam10.0",
  "timestamp": "2026-04-13T17:18:06.128812"
}