{
  "method": "dml_gradnorm",
  "func_type": "trig",
  "dim": 5,
  "n_samples": 8192,
  "noise_level": 0.1,
  "seed": 42,
  "lambda": 1.0,
  "test_value_mse": 0.008271648548543453,
  "test_grad_mse": 0.012077965773642063,
  "best_epoch": 170,
  "time_s": 30.666037797927856,
  "n_epochs_actual": 221,
  "key": "trig_d5_n8192_noise0.1_s42_dml_gradnorm",
  "timestamp": "2026-04-14T05:46:33.979931"
}