{
  "method": "dml_fixed",
  "func_type": "trig",
  "dim": 50,
  "n_samples": 8192,
  "noise_level": 0.2,
  "seed": 456,
  "lambda": 1.0,
  "test_value_mse": 38.93996810913086,
  "test_grad_mse": 8.017724990844727,
  "best_epoch": 13,
  "time_s": 7.102370023727417,
  "n_epochs_actual": 64,
  "key": "trig_d50_n8192_noise0.2_s456_dml_fixed",
  "timestamp": "2026-04-14T20:49:30.099918"
}