{
  "method": "dml_fixed",
  "func_type": "trig",
  "dim": 1,
  "n_samples": 4096,
  "noise_level": 0.05,
  "seed": 1000,
  "lambda": 1.0,
  "test_value_mse": 7.890631422924343e-06,
  "test_grad_mse": 1.0626677067193668e-05,
  "best_epoch": 145,
  "time_s": 10.104862213134766,
  "n_epochs_actual": 196,
  "key": "trig_d1_n4096_noise0.05_s1000_dml_fixed",
  "timestamp": "2026-04-13T06:31:31.301897"
}