{
  "method": "baseline_krr",
  "func_type": "trig",
  "dim": 1,
  "n_samples": 512,
  "noise_level": 0.2,
  "seed": 456,
  "lambda": 1.0,
  "test_value_mse": 0.20759285986423492,
  "test_grad_mse": 3.3570377840152203,
  "time_s": 0.00439000129699707,
  "key": "trig_d1_n512_noise0.2_s456_baseline_krr",
  "timestamp": "2026-04-13T03:50:53.751785"
}