{
  "method": "dml_gradnorm",
  "func_type": "trig",
  "dim": 50,
  "n_samples": 8192,
  "noise_level": 0.5,
  "seed": 42,
  "lambda": 1.0,
  "test_value_mse": 66.51969909667969,
  "test_grad_mse": 6.727675437927246,
  "best_epoch": 74,
  "time_s": 21.20032286643982,
  "n_epochs_actual": 125,
  "key": "trig_d50_n8192_noise0.5_s42_dml_gradnorm",
  "timestamp": "2026-04-14T20:52:01.872846"
}