{
  "method": "dml_gradnorm",
  "func_type": "trig",
  "dim": 1,
  "n_samples": 4096,
  "noise_level": 0.05,
  "seed": 789,
  "lambda": 1.0,
  "test_value_mse": 0.00034711865009739995,
  "test_grad_mse": 0.0018744999542832375,
  "best_epoch": 87,
  "time_s": 12.3623046875,
  "n_epochs_actual": 138,
  "key": "trig_d1_n4096_noise0.05_s789_dml_gradnorm",
  "timestamp": "2026-04-13T06:24:58.213829"
}