{
  "method": "dml_gradnorm",
  "func_type": "trig",
  "dim": 50,
  "n_samples": 8192,
  "noise_level": 0.1,
  "seed": 1000,
  "lambda": 1.0,
  "test_value_mse": 54.29267883300781,
  "test_grad_mse": 7.147782325744629,
  "best_epoch": 85,
  "time_s": 24.208582878112793,
  "n_epochs_actual": 136,
  "key": "trig_d50_n8192_noise0.1_s1000_dml_gradnorm",
  "timestamp": "2026-04-14T20:47:42.258912"
}