{
  "method": "dml_gradnorm",
  "func_type": "trig",
  "dim": 5,
  "n_samples": 8192,
  "noise_level": 0.05,
  "seed": 42,
  "lambda": 1.0,
  "test_value_mse": 0.0018317302456125617,
  "test_grad_mse": 0.0046964120119810104,
  "best_epoch": 258,
  "time_s": 47.998382806777954,
  "n_epochs_actual": 309,
  "key": "trig_d5_n8192_noise0.05_s42_dml_gradnorm",
  "timestamp": "2026-04-14T04:11:11.583408"
}