{
  "method": "dml_relobralo",
  "func_type": "trig",
  "dim": 20,
  "n_samples": 8192,
  "noise_level": 0.5,
  "seed": 42,
  "lambda": 1.0,
  "test_value_mse": 14.452112197875977,
  "test_grad_mse": 5.310358047485352,
  "best_epoch": 6,
  "time_s": 7.2707624435424805,
  "n_epochs_actual": 57,
  "key": "trig_d20_n8192_noise0.5_s42_dml_relobralo",
  "timestamp": "2026-04-14T19:39:36.987085"
}