{
  "method": "dml_fixed",
  "func_type": "trig",
  "dim": 100,
  "n_samples": 8192,
  "noise_level": 0.1,
  "seed": 42,
  "lambda": 1.0,
  "test_value_mse": 87.1586685180664,
  "test_grad_mse": 7.369283199310303,
  "best_epoch": 10,
  "time_s": 9.689267635345459,
  "n_epochs_actual": 61,
  "key": "trig_d100_n8192_noise0.1_s42_dml_fixed",
  "timestamp": "2026-04-14T21:06:05.038923"
}