{
  "method": "dml_softmax_balance",
  "func_type": "trig",
  "dim": 50,
  "n_samples": 8192,
  "noise_level": 0.5,
  "seed": 456,
  "lambda": 1.0,
  "test_value_mse": 36.10466003417969,
  "test_grad_mse": 8.065430641174316,
  "best_epoch": 5,
  "time_s": 7.256293773651123,
  "n_epochs_actual": 56,
  "key": "trig_d50_n8192_noise0.5_s456_dml_softmax_balance",
  "timestamp": "2026-04-26T13:25:09.024648"
}