{
  "method": "dml_softmax_balance",
  "func_type": "trig",
  "dim": 5,
  "n_samples": 8192,
  "noise_level": 0.1,
  "seed": 123,
  "lambda": 1.0,
  "test_value_mse": 0.00470277713611722,
  "test_grad_mse": 0.012074949219822884,
  "best_epoch": 205,
  "time_s": 22.684083461761475,
  "n_epochs_actual": 256,
  "key": "trig_d5_n8192_noise0.1_s123_dml_softmax_balance",
  "timestamp": "2026-04-26T12:55:19.184880"
}