{
  "method": "dml_relobralo",
  "func_type": "trig",
  "dim": 1,
  "n_samples": 4096,
  "noise_level": 0.05,
  "seed": 123,
  "lambda": 1.0,
  "test_value_mse": 5.999530458211666e-06,
  "test_grad_mse": 1.4504868886433542e-05,
  "best_epoch": 136,
  "time_s": 10.11715054512024,
  "n_epochs_actual": 187,
  "key": "trig_d1_n4096_noise0.05_s123_dml_relobralo",
  "timestamp": "2026-04-26T12:16:03.649951"
}