{
  "method": "baseline_gp",
  "func_type": "trig",
  "dim": 20,
  "n_samples": 8192,
  "noise_level": 0.0,
  "seed": 123,
  "lambda": 1.0,
  "test_value_mse": 14.62596478534593,
  "test_grad_mse": 7.731296518346196,
  "time_s": 786.5842878818512,
  "key": "trig_d20_n8192_noise0.0_s123_baseline_gp",
  "timestamp": "2026-04-14T16:00:29.604642"
}