{
  "method": "dml_fixed",
  "func_type": "trig",
  "dim": 50,
  "n_samples": 4096,
  "noise_level": 0.0,
  "seed": 1000,
  "lambda": 10.0,
  "test_value_mse": 60.53335189819336,
  "test_grad_mse": 6.993973255157471,
  "best_epoch": 19,
  "time_s": 6.398111820220947,
  "n_epochs_actual": 70,
  "key": "trig_d50_n4096_noise0.0_s1000_dml_fixed_lam10.0",
  "timestamp": "2026-04-14T20:37:12.334652"
}