{
  "method": "dml_fixed",
  "func_type": "trig",
  "dim": 2,
  "n_samples": 4096,
  "noise_level": 0.0,
  "seed": 123,
  "lambda": 0.01,
  "test_value_mse": 3.031377218576381e-06,
  "test_grad_mse": 8.148158667609096e-05,
  "best_epoch": 998,
  "time_s": 37.84505271911621,
  "n_epochs_actual": 1000,
  "key": "trig_d2_n4096_noise0.0_s123_dml_fixed_lam0.01",
  "timestamp": "2026-04-13T17:28:29.820367"
}