{
  "method": "baseline_krr",
  "func_type": "trig",
  "dim": 1,
  "n_samples": 8192,
  "noise_level": 0.05,
  "seed": 123,
  "lambda": 1.0,
  "test_value_mse": 1.1099464245489798e-06,
  "test_grad_mse": 6.391835677149163e-05,
  "time_s": 7.182450532913208,
  "key": "trig_d1_n8192_noise0.05_s123_baseline_krr",
  "timestamp": "2026-04-13T10:37:13.978722"
}