{
  "method": "dml_relobralo",
  "func_type": "trig",
  "dim": 1,
  "n_samples": 1024,
  "noise_level": 0.0,
  "seed": 1000,
  "lambda": 1.0,
  "test_value_mse": 1.925898551746741e-08,
  "test_grad_mse": 6.920739679117105e-07,
  "best_epoch": 999,
  "time_s": 23.259537935256958,
  "n_epochs_actual": 1000,
  "key": "trig_d1_n1024_noise0.0_s1000_dml_relobralo",
  "timestamp": "2026-04-26T12:05:12.728755"
}