{
  "method": "dml_relobralo",
  "func_type": "trig",
  "dim": 50,
  "n_samples": 8192,
  "noise_level": 0.5,
  "seed": 42,
  "lambda": 1.0,
  "test_value_mse": 41.37753677368164,
  "test_grad_mse": 6.662693023681641,
  "best_epoch": 6,
  "time_s": 7.095312595367432,
  "n_epochs_actual": 57,
  "key": "trig_d50_n8192_noise0.5_s42_dml_relobralo",
  "timestamp": "2026-04-14T20:52:08.968673"
}