{
  "method": "baseline_gp",
  "func_type": "trig",
  "dim": 1,
  "n_samples": 2048,
  "noise_level": 0.5,
  "seed": 456,
  "lambda": 1.0,
  "test_value_mse": 1.245529227285127e-09,
  "test_grad_mse": 1.7477315460770647e-05,
  "time_s": 110.49761080741882,
  "key": "trig_d1_n2048_noise0.5_s456_baseline_gp",
  "timestamp": "2026-04-13T05:17:24.328595"
}