{
  "method": "dml_fixed",
  "func_type": "trig",
  "dim": 5,
  "n_samples": 8192,
  "noise_level": 0.1,
  "seed": 42,
  "lambda": 1.0,
  "test_value_mse": 0.003176792524755001,
  "test_grad_mse": 0.007210819981992245,
  "best_epoch": 432,
  "time_s": 34.907827377319336,
  "n_epochs_actual": 483,
  "key": "trig_d5_n8192_noise0.1_s42_dml_fixed",
  "timestamp": "2026-04-14T05:46:03.313365"
}