{
  "method": "vanilla",
  "func_type": "trig",
  "dim": 1,
  "n_samples": 2048,
  "noise_level": 0.5,
  "seed": 789,
  "lambda": 1.0,
  "test_value_mse": 2.567159526734031e-06,
  "test_grad_mse": 0.0008570785284973681,
  "best_epoch": 999,
  "time_s": 31.070370197296143,
  "n_epochs_actual": 1000,
  "key": "trig_d1_n2048_noise0.5_s789_vanilla",
  "timestamp": "2026-04-13T05:17:56.265510"
}