{
  "method": "dml_relobralo",
  "func_type": "trig",
  "dim": 100,
  "n_samples": 8192,
  "noise_level": 0.2,
  "seed": 1000,
  "lambda": 1.0,
  "test_value_mse": 84.18312072753906,
  "test_grad_mse": 7.46336555480957,
  "best_epoch": 10,
  "time_s": 8.666432619094849,
  "n_epochs_actual": 61,
  "key": "trig_d100_n8192_noise0.2_s1000_dml_relobralo",
  "timestamp": "2026-04-14T21:13:36.489742"
}