{
  "method": "dml_gradnorm",
  "func_type": "trig",
  "dim": 1,
  "n_samples": 4096,
  "noise_level": 0.5,
  "seed": 456,
  "lambda": 1.0,
  "test_value_mse": 0.19593758881092072,
  "test_grad_mse": 0.7149108052253723,
  "best_epoch": 34,
  "time_s": 9.482135534286499,
  "n_epochs_actual": 85,
  "key": "trig_d1_n4096_noise0.5_s456_dml_gradnorm",
  "timestamp": "2026-04-13T07:55:25.134162"
}