{
  "method": "dml_fixed",
  "func_type": "trig",
  "dim": 50,
  "n_samples": 1024,
  "noise_level": 0.0,
  "seed": 123,
  "lambda": 10.0,
  "test_value_mse": 53.54042434692383,
  "test_grad_mse": 6.6253132820129395,
  "best_epoch": 29,
  "time_s": 4.784613132476807,
  "n_epochs_actual": 80,
  "key": "trig_d50_n1024_noise0.0_s123_dml_fixed_lam10.0",
  "timestamp": "2026-04-14T20:34:33.212370"
}