{
  "method": "dml_fixed",
  "func_type": "trig",
  "dim": 5,
  "n_samples": 8192,
  "noise_level": 0.05,
  "seed": 1000,
  "lambda": 1.0,
  "test_value_mse": 0.0007850133115425706,
  "test_grad_mse": 0.00147149374242872,
  "best_epoch": 445,
  "time_s": 37.27642202377319,
  "n_epochs_actual": 496,
  "key": "trig_d5_n8192_noise0.05_s1000_dml_fixed",
  "timestamp": "2026-04-14T05:26:22.791948"
}