{
  "method": "dml_fixed",
  "func_type": "trig",
  "dim": 1,
  "n_samples": 4096,
  "noise_level": 0.0,
  "seed": 42,
  "lambda": 1.0,
  "test_value_mse": 5.506020102075126e-07,
  "test_grad_mse": 3.6254026781534776e-05,
  "best_epoch": 997,
  "time_s": 40.64598107337952,
  "n_epochs_actual": 1000,
  "key": "trig_d1_n4096_noise0.0_s42_dml_fixed",
  "timestamp": "2026-04-13T05:23:46.680035"
}