{
  "method": "vanilla",
  "func_type": "trig",
  "dim": 1,
  "n_samples": 8192,
  "noise_level": 0.05,
  "seed": 42,
  "lambda": 1.0,
  "test_value_mse": 2.4804464828775963e-06,
  "test_grad_mse": 0.0014346467796713114,
  "best_epoch": 992,
  "time_s": 54.732951402664185,
  "n_epochs_actual": 1000,
  "key": "trig_d1_n8192_noise0.05_s42_vanilla",
  "timestamp": "2026-04-13T10:07:50.783555"
}