{
  "method": "dml_fixed",
  "func_type": "trig",
  "dim": 100,
  "n_samples": 4096,
  "noise_level": 0.0,
  "seed": 42,
  "lambda": 10.0,
  "test_value_mse": 105.76347351074219,
  "test_grad_mse": 7.323002338409424,
  "best_epoch": 15,
  "time_s": 5.661241292953491,
  "n_epochs_actual": 66,
  "key": "trig_d100_n4096_noise0.0_s42_dml_fixed_lam10.0",
  "timestamp": "2026-04-14T20:56:39.833344"
}