{
  "method": "dml_softmax_balance",
  "func_type": "trig",
  "dim": 100,
  "n_samples": 8192,
  "noise_level": 0.1,
  "seed": 789,
  "lambda": 1.0,
  "test_value_mse": 99.69720458984375,
  "test_grad_mse": 10.627121925354004,
  "best_epoch": 3,
  "time_s": 6.21128249168396,
  "n_epochs_actual": 54,
  "key": "trig_d100_n8192_noise0.1_s789_dml_softmax_balance",
  "timestamp": "2026-04-26T13:27:02.067617"
}