{
  "method": "dml_softmax_balance",
  "func_type": "trig",
  "dim": 50,
  "n_samples": 8192,
  "noise_level": 0.2,
  "seed": 1000,
  "lambda": 1.0,
  "test_value_mse": 38.23521041870117,
  "test_grad_mse": 7.155334949493408,
  "best_epoch": 15,
  "time_s": 7.773006439208984,
  "n_epochs_actual": 66,
  "key": "trig_d50_n8192_noise0.2_s1000_dml_softmax_balance",
  "timestamp": "2026-04-26T13:24:46.461884"
}