{
  "method": "baseline_gp",
  "func_type": "trig",
  "dim": 2,
  "n_samples": 8192,
  "noise_level": 0.1,
  "seed": 456,
  "lambda": 1.0,
  "test_value_mse": 0.6420912109282173,
  "test_grad_mse": 5.989840261308751,
  "time_s": 794.7632801532745,
  "key": "trig_d2_n8192_noise0.1_s456_baseline_gp",
  "timestamp": "2026-04-13T22:24:36.911957"
}