{
  "method": "dml_gradnorm",
  "func_type": "trig",
  "dim": 1,
  "n_samples": 8192,
  "noise_level": 0.2,
  "seed": 42,
  "lambda": 1.0,
  "test_value_mse": 0.01649259775876999,
  "test_grad_mse": 0.082362100481987,
  "best_epoch": 29,
  "time_s": 13.570693254470825,
  "n_epochs_actual": 80,
  "key": "trig_d1_n8192_noise0.2_s42_dml_gradnorm",
  "timestamp": "2026-04-13T13:37:20.338753"
}