{
  "method": "dml_gradnorm",
  "func_type": "trig",
  "dim": 50,
  "n_samples": 8192,
  "noise_level": 0.0,
  "seed": 456,
  "lambda": 1.0,
  "test_value_mse": 53.72842788696289,
  "test_grad_mse": 8.227402687072754,
  "best_epoch": 76,
  "time_s": 20.27236795425415,
  "n_epochs_actual": 127,
  "key": "trig_d50_n8192_noise0.0_s456_dml_gradnorm",
  "timestamp": "2026-04-14T20:39:18.638769"
}