{
  "method": "dml_fixed",
  "func_type": "trig",
  "dim": 10,
  "n_samples": 1024,
  "noise_level": 0.0,
  "seed": 1000,
  "lambda": 0.01,
  "test_value_mse": 8.288580894470215,
  "test_grad_mse": 4.569633960723877,
  "best_epoch": 22,
  "time_s": 4.488585710525513,
  "n_epochs_actual": 73,
  "key": "trig_d10_n1024_noise0.0_s1000_dml_fixed_lam0.01",
  "timestamp": "2026-04-14T09:37:28.027468"
}