{
  "method": "dml_gradnorm",
  "func_type": "trig",
  "dim": 1,
  "n_samples": 1024,
  "noise_level": 0.2,
  "seed": 789,
  "lambda": 1.0,
  "test_value_mse": 0.0040101283229887486,
  "test_grad_mse": 0.012525765225291252,
  "best_epoch": 138,
  "time_s": 7.2900354862213135,
  "n_epochs_actual": 189,
  "key": "trig_d1_n1024_noise0.2_s789_dml_gradnorm",
  "timestamp": "2026-04-13T04:19:53.138471"
}