{
  "method": "baseline_rf",
  "func_type": "trig",
  "dim": 1,
  "n_samples": 256,
  "noise_level": 0.0,
  "seed": 789,
  "lambda": 1.0,
  "test_value_mse": 0.005685959737096479,
  "test_grad_mse": 2.380138438147138,
  "time_s": 0.561964750289917,
  "key": "trig_d1_n256_noise0.0_s789_baseline_rf",
  "timestamp": "2026-04-13T03:24:43.281126"
}