{
  "method": "dml_relobralo",
  "func_type": "trig",
  "dim": 100,
  "n_samples": 8192,
  "noise_level": 0.1,
  "seed": 123,
  "lambda": 1.0,
  "test_value_mse": 83.80542755126953,
  "test_grad_mse": 7.89271354675293,
  "best_epoch": 7,
  "time_s": 6.407646894454956,
  "n_epochs_actual": 58,
  "key": "trig_d100_n8192_noise0.1_s123_dml_relobralo",
  "timestamp": "2026-04-14T21:07:22.471044"
}