{
  "method": "dml_relobralo",
  "func_type": "trig",
  "dim": 1,
  "n_samples": 8192,
  "noise_level": 0.2,
  "seed": 123,
  "lambda": 1.0,
  "test_value_mse": 1.7613036106922664e-05,
  "test_grad_mse": 4.203635762678459e-05,
  "best_epoch": 196,
  "time_s": 24.70774221420288,
  "n_epochs_actual": 247,
  "key": "trig_d1_n8192_noise0.2_s123_dml_relobralo",
  "timestamp": "2026-04-26T12:28:46.749177"
}