{
  "method": "baseline_rf",
  "func_type": "trig",
  "dim": 1,
  "n_samples": 1024,
  "noise_level": 0.2,
  "seed": 789,
  "lambda": 1.0,
  "test_value_mse": 0.00024735825751223076,
  "test_grad_mse": 159.49813276217486,
  "time_s": 0.2073075771331787,
  "key": "trig_d1_n1024_noise0.2_s789_baseline_rf",
  "timestamp": "2026-04-13T04:20:04.711851"
}