{
  "method": "vanilla",
  "func_type": "trig",
  "dim": 1,
  "n_samples": 2048,
  "noise_level": 0.5,
  "seed": 42,
  "lambda": 1.0,
  "test_value_mse": 8.679067832417786e-06,
  "test_grad_mse": 0.0031542400829494,
  "best_epoch": 995,
  "time_s": 27.16712522506714,
  "n_epochs_actual": 1000,
  "key": "trig_d1_n2048_noise0.5_s42_vanilla",
  "timestamp": "2026-04-13T05:11:56.161186"
}