{
  "method": "dml_relobralo",
  "func_type": "trig",
  "dim": 1,
  "n_samples": 4096,
  "noise_level": 0.0,
  "seed": 456,
  "lambda": 1.0,
  "test_value_mse": 7.74783543988633e-08,
  "test_grad_mse": 2.5941913918359205e-05,
  "best_epoch": 487,
  "time_s": 26.16434669494629,
  "n_epochs_actual": 538,
  "key": "trig_d1_n4096_noise0.0_s456_dml_relobralo",
  "timestamp": "2026-04-26T12:14:48.984015"
}