{
  "method": "dml_fixed",
  "func_type": "trig",
  "dim": 1,
  "n_samples": 512,
  "noise_level": 0.0,
  "seed": 456,
  "lambda": 1.0,
  "test_value_mse": 5.416296744442661e-07,
  "test_grad_mse": 7.497445767512545e-05,
  "best_epoch": 988,
  "time_s": 18.353421449661255,
  "n_epochs_actual": 1000,
  "key": "trig_d1_n512_noise0.0_s456_dml_fixed",
  "timestamp": "2026-04-13T03:37:15.496801"
}