{
  "method": "dml_fixed",
  "func_type": "trig",
  "dim": 100,
  "n_samples": 1024,
  "noise_level": 0.0,
  "seed": 42,
  "lambda": 0.01,
  "test_value_mse": 94.09651184082031,
  "test_grad_mse": 7.413875102996826,
  "best_epoch": 13,
  "time_s": 4.553555250167847,
  "n_epochs_actual": 64,
  "key": "trig_d100_n1024_noise0.0_s42_dml_fixed_lam0.01",
  "timestamp": "2026-04-14T20:54:53.848312"
}