{
  "method": "dml_relobralo",
  "func_type": "trig",
  "dim": 1,
  "n_samples": 4096,
  "noise_level": 0.5,
  "seed": 1000,
  "lambda": 1.0,
  "test_value_mse": 0.0014139051781967282,
  "test_grad_mse": 0.001061843242496252,
  "best_epoch": 39,
  "time_s": 5.2516090869903564,
  "n_epochs_actual": 90,
  "key": "trig_d1_n4096_noise0.5_s1000_dml_relobralo",
  "timestamp": "2026-04-26T12:19:58.583157"
}