{
  "method": "vanilla",
  "func_type": "trig",
  "dim": 1,
  "n_samples": 512,
  "noise_level": 0.2,
  "seed": 1000,
  "lambda": 1.0,
  "test_value_mse": 6.824252523074392e-06,
  "test_grad_mse": 0.0004164051788393408,
  "best_epoch": 999,
  "time_s": 30.45631742477417,
  "n_epochs_actual": 1000,
  "key": "trig_d1_n512_noise0.2_s1000_vanilla",
  "timestamp": "2026-04-13T03:52:15.066584"
}