{
  "method": "baseline_rf",
  "func_type": "trig",
  "dim": 1,
  "n_samples": 512,
  "noise_level": 0.1,
  "seed": 789,
  "lambda": 1.0,
  "test_value_mse": 0.0023024037008067444,
  "test_grad_mse": 5.940878257631026,
  "time_s": 0.20291638374328613,
  "key": "trig_d1_n512_noise0.1_s789_baseline_rf",
  "timestamp": "2026-04-13T03:48:10.484708"
}