{
  "method": "dml_relobralo",
  "func_type": "trig",
  "dim": 20,
  "n_samples": 8192,
  "noise_level": 0.0,
  "seed": 456,
  "lambda": 1.0,
  "test_value_mse": 12.710819244384766,
  "test_grad_mse": 5.620189189910889,
  "best_epoch": 4,
  "time_s": 4.530730485916138,
  "n_epochs_actual": 55,
  "key": "trig_d20_n8192_noise0.0_s456_dml_relobralo",
  "timestamp": "2026-04-14T16:01:31.517238"
}