{
  "method": "dml_relobralo",
  "func_type": "trig",
  "dim": 1,
  "n_samples": 8192,
  "noise_level": 0.1,
  "seed": 456,
  "lambda": 1.0,
  "test_value_mse": 0.00010829203529283404,
  "test_grad_mse": 0.0013732253573834896,
  "best_epoch": 366,
  "time_s": 41.076818227767944,
  "n_epochs_actual": 417,
  "key": "trig_d1_n8192_noise0.1_s456_dml_relobralo",
  "timestamp": "2026-04-26T12:27:38.800830"
}