{
  "method": "vanilla",
  "func_type": "trig",
  "dim": 5,
  "n_samples": 8192,
  "noise_level": 0.0,
  "seed": 456,
  "lambda": 1.0,
  "test_value_mse": 0.6865204572677612,
  "test_grad_mse": 2.7519381046295166,
  "best_epoch": 238,
  "time_s": 18.433854579925537,
  "n_epochs_actual": 289,
  "key": "trig_d5_n8192_noise0.0_s456_vanilla",
  "timestamp": "2026-04-14T02:59:46.936271"
}