{
  "method": "dml_relobralo",
  "func_type": "trig",
  "dim": 1,
  "n_samples": 512,
  "noise_level": 0.2,
  "seed": 456,
  "lambda": 1.0,
  "test_value_mse": 0.0024673352017998695,
  "test_grad_mse": 0.027025574818253517,
  "best_epoch": 191,
  "time_s": 5.719496965408325,
  "n_epochs_actual": 242,
  "key": "trig_d1_n512_noise0.2_s456_dml_relobralo",
  "timestamp": "2026-04-26T12:02:42.527023"
}