{
  "method": "dml_relobralo",
  "func_type": "trig",
  "dim": 1,
  "n_samples": 4096,
  "noise_level": 0.2,
  "seed": 789,
  "lambda": 1.0,
  "test_value_mse": 0.00030225576483644545,
  "test_grad_mse": 0.0016983377281576395,
  "best_epoch": 131,
  "time_s": 10.590002059936523,
  "n_epochs_actual": 182,
  "key": "trig_d1_n4096_noise0.2_s789_dml_relobralo",
  "timestamp": "2026-04-26T12:19:14.524493"
}