{
  "method": "baseline_gp",
  "func_type": "trig",
  "dim": 1,
  "n_samples": 8192,
  "noise_level": 0.1,
  "seed": 1000,
  "lambda": 1.0,
  "test_value_mse": 4.1090854422934835e-10,
  "test_grad_mse": 1.11551249633141e-06,
  "time_s": 1403.4805648326874,
  "key": "trig_d1_n8192_noise0.1_s1000_baseline_gp",
  "timestamp": "2026-04-13T13:35:32.644641"
}