{
  "method": "dml_relobralo",
  "func_type": "trig",
  "dim": 5,
  "n_samples": 8192,
  "noise_level": 0.0,
  "seed": 42,
  "lambda": 1.0,
  "test_value_mse": 0.00035412574652582407,
  "test_grad_mse": 0.0016082973452284932,
  "best_epoch": 771,
  "time_s": 54.68750047683716,
  "n_epochs_actual": 822,
  "key": "trig_d5_n8192_noise0.0_s42_dml_relobralo",
  "timestamp": "2026-04-14T02:26:29.619680"
}