{
  "method": "dml_fixed",
  "func_type": "trig",
  "dim": 1,
  "n_samples": 8192,
  "noise_level": 0.0,
  "seed": 1000,
  "lambda": 1.0,
  "test_value_mse": 2.3322266340386477e-09,
  "test_grad_mse": 1.470503292466674e-07,
  "best_epoch": 966,
  "time_s": 70.38430190086365,
  "n_epochs_actual": 1000,
  "key": "trig_d1_n8192_noise0.0_s1000_dml_fixed",
  "timestamp": "2026-04-13T09:44:00.918340"
}