{
  "method": "dml_fixed",
  "func_type": "trig",
  "dim": 50,
  "n_samples": 8192,
  "noise_level": 0.0,
  "seed": 1000,
  "lambda": 1.0,
  "test_value_mse": 42.60407638549805,
  "test_grad_mse": 7.056222438812256,
  "best_epoch": 10,
  "time_s": 5.786805868148804,
  "n_epochs_actual": 61,
  "key": "trig_d50_n8192_noise0.0_s1000_dml_fixed",
  "timestamp": "2026-04-14T20:40:20.544361"
}