{
  "method": "dml_fixed",
  "func_type": "trig",
  "dim": 100,
  "n_samples": 8192,
  "noise_level": 0.0,
  "seed": 123,
  "lambda": 1.0,
  "test_value_mse": 88.20210266113281,
  "test_grad_mse": 7.817995548248291,
  "best_epoch": 17,
  "time_s": 8.617764949798584,
  "n_epochs_actual": 68,
  "key": "trig_d100_n8192_noise0.0_s123_dml_fixed",
  "timestamp": "2026-04-14T20:59:16.615007"
}