{
  "method": "dml_fixed",
  "func_type": "trig",
  "dim": 1,
  "n_samples": 2048,
  "noise_level": 0.1,
  "seed": 456,
  "lambda": 1.0,
  "test_value_mse": 0.0006691043963655829,
  "test_grad_mse": 0.0042358022183179855,
  "best_epoch": 249,
  "time_s": 7.882370233535767,
  "n_epochs_actual": 300,
  "key": "trig_d1_n2048_noise0.1_s456_dml_fixed",
  "timestamp": "2026-04-13T04:55:57.968313"
}