{
  "method": "baseline_gp",
  "func_type": "trig",
  "dim": 1,
  "n_samples": 2048,
  "noise_level": 0.05,
  "seed": 42,
  "lambda": 1.0,
  "test_value_mse": 9.016086768318043e-10,
  "test_grad_mse": 1.5342012696004096e-05,
  "time_s": 20.650785446166992,
  "key": "trig_d1_n2048_noise0.05_s42_baseline_gp",
  "timestamp": "2026-04-13T04:42:24.025305"
}