{
  "method": "baseline_gp",
  "func_type": "trig",
  "dim": 2,
  "n_samples": 8192,
  "noise_level": 0.05,
  "seed": 42,
  "lambda": 1.0,
  "test_value_mse": 1.6163102494271108e-08,
  "test_grad_mse": 1.1459793944020909e-05,
  "time_s": 1266.3479599952698,
  "key": "trig_d2_n8192_noise0.05_s42_baseline_gp",
  "timestamp": "2026-04-13T19:51:42.131597"
}