{
  "method": "dml_gradnorm",
  "func_type": "trig",
  "dim": 1,
  "n_samples": 8192,
  "noise_level": 0.1,
  "seed": 123,
  "lambda": 1.0,
  "test_value_mse": 9.095657878788188e-05,
  "test_grad_mse": 0.0001349693484371528,
  "best_epoch": 73,
  "time_s": 19.285027742385864,
  "n_epochs_actual": 124,
  "key": "trig_d1_n8192_noise0.1_s123_dml_gradnorm",
  "timestamp": "2026-04-13T11:54:17.969014"
}