{
  "method": "baseline_gp",
  "func_type": "trig",
  "dim": 5,
  "n_samples": 8192,
  "noise_level": 0.5,
  "seed": 1000,
  "lambda": 1.0,
  "test_value_mse": 0.07807829019620022,
  "test_grad_mse": 0.17774350347915338,
  "time_s": 1273.297107219696,
  "key": "trig_d5_n8192_noise0.5_s1000_baseline_gp",
  "timestamp": "2026-04-14T09:35:50.473943"
}