{
  "method": "dml_softmax_balance",
  "func_type": "trig",
  "dim": 50,
  "n_samples": 8192,
  "noise_level": 0.2,
  "seed": 42,
  "lambda": 1.0,
  "test_value_mse": 40.590030670166016,
  "test_grad_mse": 6.662015914916992,
  "best_epoch": 8,
  "time_s": 7.349518537521362,
  "n_epochs_actual": 59,
  "key": "trig_d50_n8192_noise0.2_s42_dml_softmax_balance",
  "timestamp": "2026-04-26T13:24:17.303330"
}