{
  "method": "dml_fixed",
  "func_type": "trig",
  "dim": 2,
  "n_samples": 4096,
  "noise_level": 0.0,
  "seed": 123,
  "lambda": 10.0,
  "test_value_mse": 7.485425612685503e-08,
  "test_grad_mse": 9.328559826826677e-07,
  "best_epoch": 996,
  "time_s": 44.16737771034241,
  "n_epochs_actual": 1000,
  "key": "trig_d2_n4096_noise0.0_s123_dml_fixed_lam10.0",
  "timestamp": "2026-04-13T17:29:30.005261"
}