{
  "method": "dml_fixed",
  "func_type": "trig",
  "dim": 2,
  "n_samples": 8192,
  "noise_level": 0.05,
  "seed": 42,
  "lambda": 1.0,
  "test_value_mse": 7.497791375499219e-05,
  "test_grad_mse": 0.0016023427015170455,
  "best_epoch": 456,
  "time_s": 36.47660946846008,
  "n_epochs_actual": 507,
  "key": "trig_d2_n8192_noise0.05_s42_dml_fixed",
  "timestamp": "2026-04-13T19:29:53.782373"
}