{
  "method": "baseline_krr",
  "func_type": "trig",
  "dim": 1,
  "n_samples": 1024,
  "noise_level": 0.0,
  "seed": 456,
  "lambda": 1.0,
  "test_value_mse": 0.1087011769413948,
  "test_grad_mse": 3.1285663529555956,
  "time_s": 0.011659383773803711,
  "key": "trig_d1_n1024_noise0.0_s456_baseline_krr",
  "timestamp": "2026-04-13T04:01:22.345320"
}