{
  "method": "dml_softmax_balance",
  "func_type": "trig",
  "dim": 20,
  "n_samples": 8192,
  "noise_level": 0.2,
  "seed": 456,
  "lambda": 1.0,
  "test_value_mse": 11.84194564819336,
  "test_grad_mse": 5.505551338195801,
  "best_epoch": 30,
  "time_s": 8.356621742248535,
  "n_epochs_actual": 81,
  "key": "trig_d20_n8192_noise0.2_s456_dml_softmax_balance",
  "timestamp": "2026-04-26T13:21:14.725894"
}