{
  "method": "baseline_rf",
  "func_type": "trig",
  "dim": 20,
  "n_samples": 8192,
  "noise_level": 0.5,
  "seed": 1000,
  "lambda": 1.0,
  "test_value_mse": 12.017394274224626,
  "test_grad_mse": 287.31938474727224,
  "time_s": 11.496562480926514,
  "key": "trig_d20_n8192_noise0.5_s1000_baseline_rf",
  "timestamp": "2026-04-14T20:33:51.668028"
}