{
  "method": "baseline_rf",
  "func_type": "trig",
  "dim": 1,
  "n_samples": 2048,
  "noise_level": 0.05,
  "seed": 456,
  "lambda": 1.0,
  "test_value_mse": 0.0002095964508952763,
  "test_grad_mse": 397.52809833788024,
  "time_s": 0.26387476921081543,
  "key": "trig_d1_n2048_noise0.05_s456_baseline_rf",
  "timestamp": "2026-04-13T04:46:51.473185"
}