{
  "method": "dml_gradnorm",
  "func_type": "trig",
  "dim": 20,
  "n_samples": 8192,
  "noise_level": 0.05,
  "seed": 42,
  "lambda": 1.0,
  "test_value_mse": 13.673564910888672,
  "test_grad_mse": 3.3761301040649414,
  "best_epoch": 126,
  "time_s": 29.53550124168396,
  "n_epochs_actual": 177,
  "key": "trig_d20_n8192_noise0.05_s42_dml_gradnorm",
  "timestamp": "2026-04-14T16:34:04.847778"
}