{
  "method": "baseline_krr",
  "func_type": "trig",
  "dim": 5,
  "n_samples": 8192,
  "noise_level": 0.2,
  "seed": 42,
  "lambda": 1.0,
  "test_value_mse": 0.8522412180900574,
  "test_grad_mse": 2.4615316469514394,
  "time_s": 6.896375894546509,
  "key": "trig_d5_n8192_noise0.2_s42_baseline_krr",
  "timestamp": "2026-04-14T07:17:49.699724"
}