{
  "method": "dml_relobralo",
  "func_type": "trig",
  "dim": 1,
  "n_samples": 2048,
  "noise_level": 0.5,
  "seed": 42,
  "lambda": 1.0,
  "test_value_mse": 0.040734484791755676,
  "test_grad_mse": 0.17703957855701447,
  "best_epoch": 119,
  "time_s": 7.717830419540405,
  "n_epochs_actual": 170,
  "key": "trig_d1_n2048_noise0.5_s42_dml_relobralo",
  "timestamp": "2026-04-26T12:12:52.173267"
}