{
  "n_monitor": 2,
  "summary": {
    "vanilla": {
      "n_seeds": 5,
      "value_mse_mean": 0.6154820356570733,
      "value_mse_std": 0.3240873568815649,
      "grad_mse_mean": 0.007641112828814382,
      "grad_mse_std": 0.004493812206483823
    },
    "dml_fixed": {
      "n_seeds": 5,
      "value_mse_mean": 0.1437764903874076,
      "value_mse_std": 0.12577827625122273,
      "grad_mse_mean": 0.00026448438926090855,
      "grad_mse_std": 0.0001302344843255317
    },
    "dml_warmup": {
      "n_seeds": 5,
      "value_mse_mean": 0.12256480600022575,
      "value_mse_std": 0.08766033143569821,
      "grad_mse_mean": 0.0006037183675095541,
      "grad_mse_std": 0.000624113446938214
    },
    "dml_lrm_fixed": {
      "n_seeds": 5,
      "value_mse_mean": 1.579977710067905,
      "value_mse_std": 1.1776210082768224,
      "grad_mse_mean": 0.0048104927917099975,
      "grad_mse_std": 0.002954212692590331
    },
    "dml_lrm_warmup": {
      "n_seeds": 5,
      "value_mse_mean": 0.1801554499790129,
      "value_mse_std": 0.14366642842322372,
      "grad_mse_mean": 0.0023288600449354957,
      "grad_mse_std": 0.0028551102591014366
    },
    "dml_fuzzy_fixed": {
      "n_seeds": 5,
      "value_mse_mean": 0.1444163096008016,
      "value_mse_std": 0.15932311621796516,
      "grad_mse_mean": 0.00023382895629313886,
      "grad_mse_std": 0.00010551577230834708
    },
    "dml_fuzzy_warmup": {
      "n_seeds": 5,
      "value_mse_mean": 0.11196924629642949,
      "value_mse_std": 0.08260941654673915,
      "grad_mse_mean": 0.0002880043337982737,
      "grad_mse_std": 6.17692731099668e-05
    }
  },
  "polynomial": {
    "1": {
      "val_mse": 33.38322632348481,
      "delta_mse": 0.15645186496387037
    },
    "2": {
      "val_mse": 0.5236358737114162,
      "delta_mse": 0.01245301994747893
    },
    "3": {
      "val_mse": 0.4634796722130183,
      "delta_mse": 0.011543496001243554
    },
    "4": {
      "val_mse": 0.024389624313482655,
      "delta_mse": 0.0015273247024233162
    },
    "5": {
      "val_mse": 0.015362009797805252,
      "delta_mse": 0.0010372349941767912
    },
    "6": {
      "val_mse": 0.0032644217109388963,
      "delta_mse": 0.00024103442349679058
    }
  }
}