{
  "method": "dml_fuzzy_fixed",
  "seed": 456,
  "n_monitor": 2,
  "test_value_mse": 0.4259184855372534,
  "test_grad_mse": 0.00034715100382853094,
  "best_epoch": 81,
  "time_s": 14.01,
  "data_gen_s": 0.0
}