{
  "method": "dml_warmup",
  "seed": 42,
  "n_monitor": 2,
  "test_value_mse": 0.022439472826300513,
  "test_grad_mse": 0.0005005158626388573,
  "best_epoch": 254,
  "time_s": 10.74,
  "data_gen_s": 0.0
}