{
  "method": "dml_warmup",
  "seed": 123,
  "n_monitor": 2,
  "test_value_mse": 0.13079274761838314,
  "test_grad_mse": 0.00013848486070184752,
  "best_epoch": 317,
  "time_s": 14.68,
  "data_gen_s": 0.0
}