{
  "method": "dml_lrm_multistep_fixed",
  "n_steps": 32,
  "delta_t": 0.010416666666666666,
  "seed": 789,
  "lrm_var_mean": 3.252360484253268,
  "test_value_mse": 0.0001248026967926506,
  "test_grad_mse": 0.008404162138758721,
  "best_epoch": 67,
  "time_s": 5.27,
  "data_gen_s": 0.07,
  "hparams": {
    "n_epochs": 500,
    "batch_size": 256,
    "n_layers": 4,
    "hidden_size": 256,
    "activation": "softplus",
    "lr": 0.005,
    "lambda_": 1.0,
    "max_grad_norm": 1.0,
    "scheduler_patience": 20,
    "scheduler_factor": 0.5,
    "early_stopping_patience": 50
  },
  "heston_params": {
    "strike": 1.0,
    "barrier": 0.85,
    "v0": 0.04,
    "kappa": 1.0,
    "theta": 0.04,
    "sigma_v": 0.15,
    "rho": -0.7,
    "r": 0.0,
    "T1": 0.3333333333333333,
    "T2": 0.6666666666666666,
    "n_substeps_to_T1": 32,
    "n_substeps_T1_to_T2": 32
  },
  "key": "cg_variance_dml_lrm_multistep_fixed_nsteps32_s789",
  "timestamp": "2026-05-06T05:18:42.604483"
}