{
  "method": "dml_lrm_fixed",
  "n_steps": 64,
  "delta_t": 0.005208333333333333,
  "seed": 456,
  "lrm_var_mean": 183.94628928801836,
  "test_value_mse": 0.0012927342567229233,
  "test_grad_mse": 0.01892399918126957,
  "best_epoch": 6,
  "time_s": 2.71,
  "data_gen_s": 0.09,
  "hparams": {
    "n_epochs": 500,
    "batch_size": 256,
    "n_layers": 4,
    "hidden_size": 256,
    "activation": "softplus",
    "lr": 0.005,
    "lambda_": 1.0,
    "max_grad_norm": 1.0,
    "scheduler_patience": 20,
    "scheduler_factor": 0.5,
    "early_stopping_patience": 50
  },
  "heston_params": {
    "strike": 1.0,
    "barrier": 0.85,
    "v0": 0.04,
    "kappa": 1.0,
    "theta": 0.04,
    "sigma_v": 0.15,
    "rho": -0.7,
    "r": 0.0,
    "T1": 0.3333333333333333,
    "T2": 0.6666666666666666,
    "n_substeps_to_T1": 64,
    "n_substeps_T1_to_T2": 64
  },
  "key": "cg_variance_dml_lrm_fixed_nsteps64_s456",
  "timestamp": "2026-05-06T05:18:58.837230"
}