{
  "method": "dml_lrm_multistep_fixed",
  "n_steps": 128,
  "delta_t": 0.0026041666666666665,
  "seed": 42,
  "lrm_var_mean": 3.1284857010040374,
  "test_value_mse": 4.7724091627499986e-05,
  "test_grad_mse": 0.00312181697649748,
  "best_epoch": 63,
  "time_s": 4.64,
  "data_gen_s": 0.19,
  "hparams": {
    "n_epochs": 500,
    "batch_size": 256,
    "n_layers": 4,
    "hidden_size": 256,
    "activation": "softplus",
    "lr": 0.005,
    "lambda_": 1.0,
    "max_grad_norm": 1.0,
    "scheduler_patience": 20,
    "scheduler_factor": 0.5,
    "early_stopping_patience": 50
  },
  "heston_params": {
    "strike": 1.0,
    "barrier": 0.85,
    "v0": 0.04,
    "kappa": 1.0,
    "theta": 0.04,
    "sigma_v": 0.15,
    "rho": -0.7,
    "r": 0.0,
    "T1": 0.3333333333333333,
    "T2": 0.6666666666666666,
    "n_substeps_to_T1": 128,
    "n_substeps_T1_to_T2": 128
  },
  "key": "cg_variance_dml_lrm_multistep_fixed_nsteps128_s42",
  "timestamp": "2026-05-06T05:19:56.480012"
}