{
  "method": "dml_lrm_fixed",
  "n_steps": 256,
  "delta_t": 0.0013020833333333333,
  "seed": 1337,
  "lrm_var_mean": 736.4290690492867,
  "test_value_mse": 0.008392630026186206,
  "test_grad_mse": 0.22480557587058453,
  "best_epoch": 35,
  "time_s": 4.73,
  "data_gen_s": 0.28,
  "hparams": {
    "n_epochs": 500,
    "batch_size": 256,
    "n_layers": 4,
    "hidden_size": 256,
    "activation": "softplus",
    "lr": 0.005,
    "lambda_": 1.0,
    "max_grad_norm": 1.0,
    "scheduler_patience": 20,
    "scheduler_factor": 0.5,
    "early_stopping_patience": 50
  },
  "heston_params": {
    "strike": 1.0,
    "barrier": 0.85,
    "v0": 0.04,
    "kappa": 1.0,
    "theta": 0.04,
    "sigma_v": 0.15,
    "rho": -0.7,
    "r": 0.0,
    "T1": 0.3333333333333333,
    "T2": 0.6666666666666666,
    "n_substeps_to_T1": 256,
    "n_substeps_T1_to_T2": 256
  },
  "key": "cg_variance_dml_lrm_fixed_nsteps256_s1337",
  "timestamp": "2026-05-06T05:20:32.243084"
}