model,region,sigma_star,status,mean_log_ratio_sigma0,std_log_ratio_sigma0,mean_log_ratio_max_sigma,n_seeds
fourier_linear,all,0.5177872666094303,observed,-0.9855504940194428,0.6868285324887156,2.906053410657743,5
fourier_linear,far_extrap,0.5176132329692315,observed,-0.9851400694059688,0.6863173513329102,2.9067974712723004,5
fourier_linear,interpolation,0.5177872764139136,observed,-0.9855505258485182,0.6868284996081223,2.906053400793036,5
fourier_linear,near_extrap,0.5183038136186942,observed,-0.9867662377480313,0.6883532840348883,2.9038389146277823,5
snake,all,0.0,left_censored,1.0010400669940769,1.0192446784407876,2.913780546734986,5
snake,far_extrap,0.0,left_censored,1.063749099518987,1.0119647147893043,2.930651155364898,5
snake,interpolation,0.7604688133421706,observed,-1.1931038569270869,0.9782777344394605,2.0089845218896114,5
snake,near_extrap,0.0,left_censored,0.8632739727872029,1.5536819694706911,3.364199128014858,5
