{
  "method": "dml_lrm_fixed",
  "seed": 123,
  "n_monitor": 8,
  "test_value_mse": 2.2940316673330723,
  "test_grad_mse": 0.006805855142505149,
  "best_epoch": 23,
  "time_s": 11.64,
  "data_gen_s": 0.0
}