{
  "method": "dml_fuzzy_warmup",
  "seed": 456,
  "n_monitor": 8,
  "test_value_mse": 0.9912322696240858,
  "test_grad_mse": 0.0030936650803983588,
  "best_epoch": 265,
  "time_s": 7.79,
  "data_gen_s": 0.0
}