{
  "method": "dml_fixed",
  "seed": 42,
  "n_monitor": 8,
  "test_value_mse": 1.7625904678327762,
  "test_grad_mse": 0.004766390209985042,
  "best_epoch": 127,
  "time_s": 15.56,
  "data_gen_s": 0.0
}