{
  "method": "vanilla",
  "seed": 789,
  "n_monitor": 8,
  "test_value_mse": 0.6526644924440035,
  "test_grad_mse": 0.015502085659703289,
  "best_epoch": 77,
  "time_s": 8.65,
  "data_gen_s": 0.0
}