{
  "method": "dml_fuzzy_warmup",
  "seed": 1337,
  "n_monitor": 8,
  "test_value_mse": 0.6785758708357906,
  "test_grad_mse": 0.002126564378080264,
  "best_epoch": 275,
  "time_s": 13.19,
  "data_gen_s": 0.01
}