{
  "method": "dml_fuzzy_fixed",
  "seed": 1337,
  "n_monitor": 8,
  "test_value_mse": 0.18008227362225637,
  "test_grad_mse": 0.0024376951239012535,
  "best_epoch": 91,
  "time_s": 14.37,
  "data_gen_s": 0.01
}