tau,n_splits,force_mae_mean_mev,force_mae_std_mev,energy_mae_mean_mev,energy_mae_std_mev,time_mean_s
0.1,5,74.09387375551701,21.11587100442438,24.349475932272078,9.41866405642702,13678.02
0.25,5,467.9582260944271,346.31804277778355,107.927718745569,71.300253295789,3838.9600000000005
0.5,5,713.1799047997857,46.14172163473166,157.80603074326513,9.32515277608665,1562.7040000000002
