{
  "method": "dml_warmup",
  "sigma": 1.0,
  "seed": 123,
  "test_value_mse": 2.6327610609546172e-05,
  "test_grad_mse": 0.0026079341583510785,
  "best_epoch": 336,
  "time_s": 12.97,
  "data_gen_s": 0.09,
  "spot_range": [
    0.5,
    1.5
  ]
}