{
  "method": "dml_fixed",
  "func_type": "bachelier",
  "dim": 20,
  "n_samples": 1024,
  "n_train": 655,
  "n_val": 164,
  "n_test": 205,
  "noise_level": 0.0,
  "seed": 789,
  "lambda": 1.0,
  "split_train_frac": 0.64,
  "test_value_mse": 6.475361394462222e-08,
  "test_grad_mse": 1.8020278005870408e-07,
  "time_s": 27.306389808654785,
  "best_epoch": 498,
  "early_stopped": false
}