{
  "method": "baseline_krr",
  "func_type": "bachelier",
  "dim": 5,
  "n_samples": 1024,
  "n_train": 655,
  "n_val": 164,
  "n_test": 205,
  "noise_level": 0.0,
  "seed": 789,
  "lambda": null,
  "split_train_frac": 0.64,
  "test_value_mse": 0.00019079021763146952,
  "test_grad_mse": 0.0013434543162931347,
  "time_s": 2.401139974594116,
  "baseline_fit_time_s": null
}