{
  "method": "baseline_rf",
  "func_type": "bachelier",
  "dim": 20,
  "n_samples": 4096,
  "n_train": 2620,
  "n_val": 656,
  "n_test": 820,
  "noise_level": 0.0,
  "seed": 1024,
  "lambda": null,
  "split_train_frac": 0.64,
  "test_value_mse": 0.0003726639123925429,
  "test_grad_mse": 0.030245413291051456,
  "time_s": 5.077974796295166,
  "baseline_fit_time_s": null
}