{
  "method": "dml_fixed",
  "func_type": "bachelier",
  "dim": 5,
  "n_samples": 1024,
  "n_train": 655,
  "n_val": 164,
  "n_test": 205,
  "noise_level": 0.0,
  "seed": 789,
  "lambda": 1.0,
  "split_train_frac": 0.64,
  "test_value_mse": 7.655525482949581e-09,
  "test_grad_mse": 2.2671675771107929e-07,
  "time_s": 22.237203359603882,
  "best_epoch": 494,
  "early_stopped": false
}