{
  "method": "baseline_krr",
  "func_type": "bachelier",
  "dim": 10,
  "n_samples": 256,
  "n_train": 163,
  "n_val": 41,
  "n_test": 52,
  "noise_level": 0.0,
  "seed": 1024,
  "lambda": null,
  "split_train_frac": 0.64,
  "test_value_mse": 0.0005329678334318141,
  "test_grad_mse": 0.0007962787156045393,
  "time_s": 0.17250728607177734,
  "baseline_fit_time_s": null
}