{
  "method": "dml_fixed",
  "func_type": "bachelier",
  "dim": 5,
  "n_samples": 1024,
  "n_train": 655,
  "n_val": 164,
  "n_test": 205,
  "noise_level": 0.0,
  "seed": 1024,
  "lambda": 1.0,
  "split_train_frac": 0.64,
  "test_value_mse": 9.87182423258434e-09,
  "test_grad_mse": 2.4109693996162393e-07,
  "time_s": 31.903431177139282,
  "best_epoch": 497,
  "early_stopped": false
}