{
  "method": "baseline_rf",
  "func_type": "bachelier",
  "dim": 50,
  "n_samples": 1024,
  "n_train": 655,
  "n_val": 164,
  "n_test": 205,
  "noise_level": 0.0,
  "seed": 789,
  "lambda": null,
  "split_train_frac": 0.64,
  "test_value_mse": 0.0002463210372359675,
  "test_grad_mse": 0.018995658188552166,
  "time_s": 6.587723731994629,
  "baseline_fit_time_s": null
}