{
  "method": "baseline_rf",
  "func_type": "bachelier",
  "dim": 100,
  "n_samples": 1024,
  "n_train": 655,
  "n_val": 164,
  "n_test": 205,
  "noise_level": 0.0,
  "seed": 123,
  "lambda": null,
  "split_train_frac": 0.64,
  "test_value_mse": 0.00014902213102054257,
  "test_grad_mse": 0.006371218220441921,
  "time_s": 11.35506558418274,
  "baseline_fit_time_s": null
}