{
  "method": "dml_fixed",
  "func_type": "bachelier",
  "dim": 50,
  "n_samples": 4096,
  "n_train": 2620,
  "n_val": 656,
  "n_test": 820,
  "noise_level": 0.0,
  "seed": 1024,
  "lambda": 1.0,
  "split_train_frac": 0.64,
  "test_value_mse": 6.424101329651252e-09,
  "test_grad_mse": 6.986223439540091e-09,
  "time_s": 67.55117321014404,
  "best_epoch": 499,
  "early_stopped": false
}