{
  "method": "baseline_krr",
  "func_type": "bachelier",
  "dim": 100,
  "n_samples": 4096,
  "n_train": 2620,
  "n_val": 656,
  "n_test": 820,
  "noise_level": 0.0,
  "seed": 1024,
  "lambda": null,
  "split_train_frac": 0.64,
  "test_value_mse": 1.268057583674673e-05,
  "test_grad_mse": 1.9089025730837584e-06,
  "time_s": 81.63564133644104,
  "baseline_fit_time_s": null
}