{
  "method": "baseline_krr",
  "func_type": "bachelier",
  "dim": 20,
  "n_samples": 4096,
  "n_train": 2620,
  "n_val": 656,
  "n_test": 820,
  "noise_level": 0.0,
  "seed": 456,
  "lambda": null,
  "split_train_frac": 0.64,
  "test_value_mse": 2.8148601987873018e-05,
  "test_grad_mse": 4.0369392012897945e-05,
  "time_s": 27.619649171829224,
  "baseline_fit_time_s": null
}