{
  "method": "dml_fixed",
  "func_type": "bachelier",
  "dim": 50,
  "n_samples": 4096,
  "n_train": 2620,
  "n_val": 656,
  "n_test": 820,
  "noise_level": 0.0,
  "seed": 123,
  "lambda": 1.0,
  "split_train_frac": 0.64,
  "test_value_mse": 4.139599332664503e-09,
  "test_grad_mse": 4.430473348003474e-09,
  "time_s": 57.56195545196533,
  "best_epoch": 495,
  "early_stopped": false
}