{
  "method": "baseline_rf",
  "func_type": "bachelier",
  "dim": 50,
  "n_samples": 4096,
  "n_train": 2620,
  "n_val": 656,
  "n_test": 820,
  "noise_level": 0.0,
  "seed": 1024,
  "lambda": null,
  "split_train_frac": 0.64,
  "test_value_mse": 0.000242693879265503,
  "test_grad_mse": 0.015720792624376707,
  "time_s": 7.716610670089722,
  "baseline_fit_time_s": null
}