{
  "method": "baseline_gp",
  "func_type": "bachelier",
  "dim": 10,
  "n_samples": 1024,
  "n_train": 655,
  "n_val": 164,
  "n_test": 205,
  "noise_level": 0.0,
  "seed": 1024,
  "lambda": null,
  "split_train_frac": 0.64,
  "test_value_mse": 3.0419319430543406e-07,
  "test_grad_mse": 1.3347386099172358e-06,
  "time_s": 341.51474118232727,
  "baseline_fit_time_s": null
}