{
  "method": "dml_fixed",
  "func_type": "bachelier",
  "dim": 100,
  "n_samples": 4096,
  "n_train": 2620,
  "n_val": 656,
  "n_test": 820,
  "noise_level": 0.0,
  "seed": 1024,
  "lambda": 1.0,
  "split_train_frac": 0.64,
  "test_value_mse": 2.9281909500506755e-09,
  "test_grad_mse": 1.3404794393877003e-09,
  "time_s": 68.18218946456909,
  "best_epoch": 483,
  "early_stopped": false
}