{
  "method": "baseline_rf",
  "func_type": "bachelier",
  "dim": 50,
  "n_samples": 4096,
  "n_train": 2620,
  "n_val": 656,
  "n_test": 820,
  "noise_level": 0.0,
  "seed": 456,
  "lambda": null,
  "split_train_frac": 0.64,
  "test_value_mse": 0.0002504309202985236,
  "test_grad_mse": 0.020363684822033098,
  "time_s": 9.791636228561401,
  "baseline_fit_time_s": null
}