{
  "method": "dml_fixed",
  "func_type": "bachelier",
  "dim": 10,
  "n_samples": 1024,
  "n_train": 655,
  "n_val": 164,
  "n_test": 205,
  "noise_level": 0.0,
  "seed": 789,
  "lambda": 1.0,
  "split_train_frac": 0.64,
  "test_value_mse": 3.446582587932408e-08,
  "test_grad_mse": 3.2713098634661517e-07,
  "time_s": 21.854510068893433,
  "best_epoch": 499,
  "early_stopped": false
}