{
  "method": "vanilla",
  "func_type": "bachelier",
  "dim": 20,
  "n_samples": 4096,
  "n_train": 2620,
  "n_val": 656,
  "n_test": 820,
  "noise_level": 0.0,
  "seed": 1024,
  "lambda": null,
  "split_train_frac": 0.64,
  "test_value_mse": 1.0965972140637155e-07,
  "test_grad_mse": 3.6049333475750383e-07,
  "time_s": 52.04229235649109,
  "best_epoch": 466,
  "early_stopped": false
}