{
  "method": "dml_fixed",
  "func_type": "bachelier",
  "dim": 10,
  "n_samples": 4096,
  "n_train": 2620,
  "n_val": 656,
  "n_test": 820,
  "noise_level": 0.0,
  "seed": 1024,
  "lambda": 1.0,
  "split_train_frac": 0.64,
  "test_value_mse": 9.325531244095695e-09,
  "test_grad_mse": 7.118632754968303e-08,
  "time_s": 48.11728858947754,
  "best_epoch": 492,
  "early_stopped": false
}