{
  "method": "dml_fixed",
  "func_type": "bachelier",
  "dim": 20,
  "n_samples": 4096,
  "n_train": 2620,
  "n_val": 656,
  "n_test": 820,
  "noise_level": 0.0,
  "seed": 123,
  "lambda": 1.0,
  "split_train_frac": 0.64,
  "test_value_mse": 9.141677250830233e-09,
  "test_grad_mse": 2.740799982855196e-08,
  "time_s": 46.19833517074585,
  "best_epoch": 496,
  "early_stopped": false
}