{
  "method": "baseline_rf",
  "func_type": "bachelier",
  "dim": 100,
  "n_samples": 4096,
  "n_train": 2620,
  "n_val": 656,
  "n_test": 820,
  "noise_level": 0.0,
  "seed": 123,
  "lambda": null,
  "split_train_frac": 0.64,
  "test_value_mse": 0.0001547533722745732,
  "test_grad_mse": 0.005882126709264159,
  "time_s": 20.996482610702515,
  "baseline_fit_time_s": null
}