{
  "method": "baseline_krr",
  "func_type": "bachelier",
  "dim": 10,
  "n_samples": 1024,
  "n_train": 655,
  "n_val": 164,
  "n_test": 205,
  "noise_level": 0.0,
  "seed": 123,
  "lambda": null,
  "split_train_frac": 0.64,
  "test_value_mse": 0.00010824190679598967,
  "test_grad_mse": 0.0003249939321013463,
  "time_s": 3.253309965133667,
  "baseline_fit_time_s": null
}