{
  "method": "dml_fixed",
  "func_type": "bachelier",
  "dim": 50,
  "n_samples": 256,
  "n_train": 163,
  "n_val": 41,
  "n_test": 52,
  "noise_level": 0.0,
  "seed": 1024,
  "lambda": 1.0,
  "split_train_frac": 0.64,
  "test_value_mse": 2.6788993770321875e-07,
  "test_grad_mse": 1.7442424638358193e-07,
  "time_s": 12.38704800605774,
  "best_epoch": 499,
  "early_stopped": false
}