{
  "method": "dml_fixed",
  "func_type": "bachelier",
  "dim": 10,
  "n_samples": 4096,
  "n_train": 2620,
  "n_val": 656,
  "n_test": 820,
  "noise_level": 0.0,
  "seed": 789,
  "lambda": 1.0,
  "split_train_frac": 0.64,
  "test_value_mse": 6.708662930577746e-09,
  "test_grad_mse": 5.310928024423862e-08,
  "time_s": 129.48201274871826,
  "best_epoch": 491,
  "early_stopped": false
}