{
  "method": "vanilla",
  "func_type": "bachelier",
  "dim": 100,
  "n_samples": 4096,
  "n_train": 2620,
  "n_val": 656,
  "n_test": 820,
  "noise_level": 0.0,
  "seed": 1024,
  "lambda": null,
  "split_train_frac": 0.64,
  "test_value_mse": 3.049600281247415e-07,
  "test_grad_mse": 1.0058464779235105e-07,
  "time_s": 24.992766857147217,
  "best_epoch": 208,
  "early_stopped": true
}