{
  "method": "baseline_krr",
  "func_type": "bachelier",
  "dim": 5,
  "n_samples": 1024,
  "n_train": 655,
  "n_val": 164,
  "n_test": 205,
  "noise_level": 0.0,
  "seed": 123,
  "lambda": null,
  "split_train_frac": 0.64,
  "test_value_mse": 0.00017602670612609507,
  "test_grad_mse": 0.0010059297654813266,
  "time_s": 2.18782639503479,
  "baseline_fit_time_s": null
}