{
  "method": "baseline_rf",
  "func_type": "bachelier",
  "dim": 50,
  "n_samples": 4096,
  "n_train": 2620,
  "n_val": 656,
  "n_test": 820,
  "noise_level": 0.0,
  "seed": 123,
  "lambda": null,
  "split_train_frac": 0.64,
  "test_value_mse": 0.00023580940074513642,
  "test_grad_mse": 0.030928513160869708,
  "time_s": 7.822368621826172,
  "baseline_fit_time_s": null
}