{
  "method": "baseline_krr",
  "func_type": "bachelier",
  "dim": 20,
  "n_samples": 256,
  "n_train": 163,
  "n_val": 41,
  "n_test": 52,
  "noise_level": 0.0,
  "seed": 789,
  "lambda": null,
  "split_train_frac": 0.64,
  "test_value_mse": 0.00029005427935467084,
  "test_grad_mse": 0.0002077515298366229,
  "time_s": 0.0954432487487793,
  "baseline_fit_time_s": null
}