{
  "method": "dml_fixed",
  "func_type": "bachelier",
  "dim": 5,
  "n_samples": 4096,
  "n_train": 2620,
  "n_val": 656,
  "n_test": 820,
  "noise_level": 0.0,
  "seed": 42,
  "lambda": 1.0,
  "split_train_frac": 0.64,
  "test_value_mse": 1.3106190826530619e-09,
  "test_grad_mse": 5.167229940064469e-08,
  "time_s": 53.42865586280823,
  "best_epoch": 496,
  "early_stopped": false
}