{
  "method": "vanilla",
  "func_type": "poly_trig",
  "dim": 10,
  "n_samples": 1024,
  "n_train": 655,
  "n_val": 164,
  "n_test": 205,
  "noise_level": 0.0,
  "seed": 789,
  "lambda": null,
  "split_train_frac": 0.64,
  "test_value_mse": 0.08315740525722504,
  "test_grad_mse": 0.19499696791172028,
  "time_s": 12.049315214157104,
  "best_epoch": 314,
  "early_stopped": true
}