{
  "method": "dml_fixed",
  "func_type": "poly_trig",
  "dim": 10,
  "n_samples": 4096,
  "n_train": 2620,
  "n_val": 656,
  "n_test": 820,
  "noise_level": 0.0,
  "seed": 42,
  "lambda": 1.0,
  "split_train_frac": 0.64,
  "test_value_mse": 0.00014993110380601138,
  "test_grad_mse": 0.0005645625060424209,
  "time_s": 47.23847556114197,
  "best_epoch": 495,
  "early_stopped": false
}