{
  "method": "dml_fixed",
  "func_type": "poly_trig",
  "dim": 50,
  "n_samples": 1024,
  "n_train": 655,
  "n_val": 164,
  "n_test": 205,
  "noise_level": 0.0,
  "seed": 1024,
  "lambda": 1.0,
  "split_train_frac": 0.64,
  "test_value_mse": 0.6672456860542297,
  "test_grad_mse": 0.17554917931556702,
  "time_s": 13.555612564086914,
  "best_epoch": 304,
  "early_stopped": true
}