{
  "method": "dml_fixed",
  "func_type": "poly_trig",
  "dim": 20,
  "n_samples": 1024,
  "n_train": 655,
  "n_val": 164,
  "n_test": 205,
  "noise_level": 0.0,
  "seed": 789,
  "lambda": 1.0,
  "split_train_frac": 0.64,
  "test_value_mse": 0.015733400359749794,
  "test_grad_mse": 0.01836411841213703,
  "time_s": 29.7405743598938,
  "best_epoch": 479,
  "early_stopped": false
}