{
  "method": "vanilla",
  "func_type": "poly_trig",
  "dim": 10,
  "n_samples": 4096,
  "n_train": 2620,
  "n_val": 656,
  "n_test": 820,
  "noise_level": 0.0,
  "seed": 123,
  "lambda": null,
  "split_train_frac": 0.64,
  "test_value_mse": 0.009702580980956554,
  "test_grad_mse": 0.0493105873465538,
  "time_s": 52.73310875892639,
  "best_epoch": 361,
  "early_stopped": true
}