{
  "method": "dml_fixed",
  "func_type": "poly_trig",
  "dim": 5,
  "n_samples": 256,
  "n_train": 163,
  "n_val": 41,
  "n_test": 52,
  "noise_level": 0.0,
  "seed": 42,
  "lambda": 1.0,
  "split_train_frac": 0.64,
  "test_value_mse": 0.0004179709358140826,
  "test_grad_mse": 0.005308658350259066,
  "time_s": 17.511932849884033,
  "best_epoch": 499,
  "early_stopped": false
}