{
  "method": "dml_fixed",
  "func_type": "poly_trig",
  "dim": 20,
  "n_samples": 4096,
  "n_train": 2620,
  "n_val": 656,
  "n_test": 820,
  "noise_level": 0.0,
  "seed": 456,
  "lambda": 1.0,
  "split_train_frac": 0.64,
  "test_value_mse": 0.001462543848901987,
  "test_grad_mse": 0.0019817776046693325,
  "time_s": 51.660452365875244,
  "best_epoch": 485,
  "early_stopped": false
}