{
  "method": "dml_fixed",
  "func_type": "poly_trig",
  "dim": 50,
  "n_samples": 4096,
  "n_train": 2620,
  "n_val": 656,
  "n_test": 820,
  "noise_level": 0.0,
  "seed": 42,
  "lambda": 1.0,
  "split_train_frac": 0.64,
  "test_value_mse": 0.05735138803720474,
  "test_grad_mse": 0.01845395937561989,
  "time_s": 204.29290103912354,
  "best_epoch": 489,
  "early_stopped": false
}