{
  "method": "dml_fixed",
  "func_type": "poly_trig",
  "dim": 10,
  "n_samples": 1024,
  "n_train": 655,
  "n_val": 164,
  "n_test": 205,
  "noise_level": 0.0,
  "seed": 789,
  "lambda": 1.0,
  "split_train_frac": 0.64,
  "test_value_mse": 0.001039220835082233,
  "test_grad_mse": 0.0032958006486296654,
  "time_s": 28.195691108703613,
  "best_epoch": 498,
  "early_stopped": false
}