{
  "method": "dml_fixed",
  "func_type": "poly_trig",
  "dim": 50,
  "n_samples": 4096,
  "n_train": 2620,
  "n_val": 656,
  "n_test": 820,
  "noise_level": 0.0,
  "seed": 789,
  "lambda": 1.0,
  "split_train_frac": 0.64,
  "test_value_mse": 0.05718133971095085,
  "test_grad_mse": 0.018193501979112625,
  "time_s": 114.80947780609131,
  "best_epoch": 498,
  "early_stopped": false
}