{
  "method": "dml_fixed",
  "func_type": "poly_trig",
  "dim": 50,
  "n_samples": 1024,
  "n_train": 655,
  "n_val": 164,
  "n_test": 205,
  "noise_level": 0.0,
  "seed": 456,
  "lambda": 1.0,
  "split_train_frac": 0.64,
  "test_value_mse": 0.5260992050170898,
  "test_grad_mse": 0.14410239458084106,
  "time_s": 34.74091720581055,
  "best_epoch": 496,
  "early_stopped": false
}