{
  "method": "dml_fixed",
  "func_type": "poly_trig",
  "dim": 20,
  "n_samples": 1024,
  "n_train": 655,
  "n_val": 164,
  "n_test": 205,
  "noise_level": 0.0,
  "seed": 1024,
  "lambda": 1.0,
  "split_train_frac": 0.64,
  "test_value_mse": 0.011625301092863083,
  "test_grad_mse": 0.012453236617147923,
  "time_s": 18.341315746307373,
  "best_epoch": 495,
  "early_stopped": false
}