{
  "method": "baseline_krr",
  "func_type": "poly_trig",
  "dim": 5,
  "n_samples": 4096,
  "n_train": 2620,
  "n_val": 656,
  "n_test": 820,
  "noise_level": 0.0,
  "seed": 1024,
  "lambda": null,
  "split_train_frac": 0.64,
  "test_value_mse": 0.013295672833919525,
  "test_grad_mse": 0.09642194803323266,
  "time_s": 17.555025815963745,
  "baseline_fit_time_s": null
}