{
  "method": "dml_fixed",
  "func_type": "poly_trig",
  "dim": 20,
  "n_samples": 1024,
  "n_train": 655,
  "n_val": 164,
  "n_test": 205,
  "noise_level": 0.0,
  "seed": 42,
  "lambda": 1.0,
  "split_train_frac": 0.64,
  "test_value_mse": 0.015994884073734283,
  "test_grad_mse": 0.015375686809420586,
  "time_s": 18.84750247001648,
  "best_epoch": 499,
  "early_stopped": false
}