{
  "method": "dml_fixed",
  "func_type": "poly_trig",
  "dim": 10,
  "n_samples": 4096,
  "n_train": 2620,
  "n_val": 656,
  "n_test": 820,
  "noise_level": 0.0,
  "seed": 789,
  "lambda": 1.0,
  "split_train_frac": 0.64,
  "test_value_mse": 0.00011376113252481446,
  "test_grad_mse": 0.0004229291807860136,
  "time_s": 44.69406533241272,
  "best_epoch": 496,
  "early_stopped": false
}