{
  "method": "dml_fixed",
  "func_type": "poly_trig",
  "dim": 10,
  "n_samples": 4096,
  "n_train": 2620,
  "n_val": 656,
  "n_test": 820,
  "noise_level": 0.0,
  "seed": 456,
  "lambda": 1.0,
  "split_train_frac": 0.64,
  "test_value_mse": 8.679003803990781e-05,
  "test_grad_mse": 0.00036117678973823786,
  "time_s": 89.51884770393372,
  "best_epoch": 497,
  "early_stopped": false
}