{
  "method": "dml_fixed",
  "func_type": "trig",
  "dim": 20,
  "n_samples": 4096,
  "n_train": 2620,
  "n_val": 656,
  "n_test": 820,
  "noise_level": 0.0,
  "seed": 456,
  "lambda": 1.0,
  "split_train_frac": 0.64,
  "test_value_mse": 12.616413116455078,
  "test_grad_mse": 5.3845953941345215,
  "time_s": 11.005041360855103,
  "best_epoch": 21,
  "early_stopped": true
}