{
  "method": "baseline_rf",
  "func_type": "trig",
  "dim": 20,
  "n_samples": 4096,
  "n_train": 2620,
  "n_val": 656,
  "n_test": 820,
  "noise_level": 0.0,
  "seed": 1024,
  "lambda": null,
  "split_train_frac": 0.64,
  "test_value_mse": 10.535814534589594,
  "test_grad_mse": 273.29167526813177,
  "time_s": 3.7059271335601807,
  "baseline_fit_time_s": null
}