{
  "method": "dml_fixed",
  "func_type": "trig",
  "dim": 5,
  "n_samples": 4096,
  "n_train": 2620,
  "n_val": 656,
  "n_test": 820,
  "noise_level": 0.0,
  "seed": 123,
  "lambda": 1.0,
  "split_train_frac": 0.64,
  "test_value_mse": 0.0008873386541381478,
  "test_grad_mse": 0.0022663180716335773,
  "time_s": 126.56406164169312,
  "best_epoch": 496,
  "early_stopped": false
}