{
  "method": "vanilla",
  "func_type": "trig",
  "dim": 10,
  "n_samples": 4096,
  "n_train": 2620,
  "n_val": 656,
  "n_test": 820,
  "noise_level": 0.0,
  "seed": 789,
  "lambda": null,
  "split_train_frac": 0.64,
  "test_value_mse": 10.998357772827148,
  "test_grad_mse": 13.845464706420898,
  "time_s": 7.8370866775512695,
  "best_epoch": 26,
  "early_stopped": true
}