{
  "method": "dml_fixed",
  "func_type": "trig",
  "dim": 10,
  "n_samples": 4096,
  "n_train": 2620,
  "n_val": 656,
  "n_test": 820,
  "noise_level": 0.0,
  "seed": 123,
  "lambda": 1.0,
  "split_train_frac": 0.64,
  "test_value_mse": 1.820251226425171,
  "test_grad_mse": 1.6765069961547852,
  "time_s": 22.495530605316162,
  "best_epoch": 77,
  "early_stopped": true
}