{
  "method": "dml_fixed",
  "func_type": "trig",
  "dim": 50,
  "n_samples": 1024,
  "n_train": 655,
  "n_val": 164,
  "n_test": 205,
  "noise_level": 0.0,
  "seed": 1024,
  "lambda": 1.0,
  "split_train_frac": 0.64,
  "test_value_mse": 36.417659759521484,
  "test_grad_mse": 9.627899169921875,
  "time_s": 8.652329444885254,
  "best_epoch": 11,
  "early_stopped": true
}