{
  "method": "dml_fixed",
  "func_type": "trig",
  "dim": 5,
  "n_samples": 1024,
  "n_train": 655,
  "n_val": 164,
  "n_test": 205,
  "noise_level": 0.0,
  "seed": 1024,
  "lambda": 1.0,
  "split_train_frac": 0.64,
  "test_value_mse": 2.395354986190796,
  "test_grad_mse": 3.1539628505706787,
  "time_s": 43.082088470458984,
  "best_epoch": 194,
  "early_stopped": true
}