{
  "method": "dml_fixed",
  "func_type": "trig",
  "dim": 100,
  "n_samples": 1024,
  "n_train": 655,
  "n_val": 164,
  "n_test": 205,
  "noise_level": 0.0,
  "seed": 789,
  "lambda": 1.0,
  "split_train_frac": 0.64,
  "test_value_mse": 98.57707977294922,
  "test_grad_mse": 10.562331199645996,
  "time_s": 26.99040699005127,
  "best_epoch": 17,
  "early_stopped": true
}