{
  "method": "baseline_rf",
  "func_type": "bachelier",
  "dim": 20,
  "n_samples": 1024,
  "noise_level": 0.0,
  "seed": 3000,
  "lambda": 1.0,
  "test_value_mse": 0.00043969574168769605,
  "test_grad_mse": 0.03497633929077167,
  "time_s": 7.98724627494812,
  "key": "bachelier_d20_n1024_noise0.0_s3000_baseline_rf",
  "timestamp": "2026-04-14T21:41:02.464098"
}