{
  "method": "baseline_rf",
  "func_type": "bachelier",
  "dim": 20,
  "n_samples": 1024,
  "noise_level": 0.0,
  "seed": 4000,
  "lambda": 1.0,
  "test_value_mse": 0.000538442477379132,
  "test_grad_mse": 0.04033006759041253,
  "time_s": 1.2458670139312744,
  "key": "bachelier_d20_n1024_noise0.0_s4000_baseline_rf",
  "timestamp": "2026-04-14T21:41:53.189069"
}