{
  "method": "baseline_rf",
  "func_type": "bachelier",
  "dim": 20,
  "n_samples": 1024,
  "noise_level": 0.0,
  "seed": 5000,
  "lambda": 1.0,
  "test_value_mse": 0.0005280595214497029,
  "test_grad_mse": 0.016388088810253033,
  "time_s": 9.631951808929443,
  "key": "bachelier_d20_n1024_noise0.0_s5000_baseline_rf",
  "timestamp": "2026-04-14T21:43:19.804060"
}