{
  "method": "baseline_krr",
  "func_type": "bachelier",
  "dim": 2,
  "n_samples": 1024,
  "noise_level": 0.0,
  "seed": 2000,
  "lambda": 1.0,
  "test_value_mse": 0.00015039209329901517,
  "test_grad_mse": 0.004245870527453697,
  "time_s": 0.06810379028320312,
  "key": "bachelier_d2_n1024_noise0.0_s2000_baseline_krr",
  "timestamp": "2026-04-14T21:23:25.030421"
}