{
  "method": "baseline_krr",
  "func_type": "bachelier",
  "dim": 5,
  "n_samples": 1024,
  "noise_level": 0.0,
  "seed": 2000,
  "lambda": 1.0,
  "test_value_mse": 0.00020696829517039065,
  "test_grad_mse": 0.0013076389360361196,
  "time_s": 0.15624046325683594,
  "key": "bachelier_d5_n1024_noise0.0_s2000_baseline_krr",
  "timestamp": "2026-04-14T21:28:21.311594"
}