{
  "method": "baseline_rf",
  "func_type": "bachelier",
  "dim": 2,
  "n_samples": 1024,
  "noise_level": 0.0,
  "seed": 3000,
  "lambda": 1.0,
  "test_value_mse": 5.9938480265166735e-05,
  "test_grad_mse": 4.31971643055334,
  "time_s": 0.290241003036499,
  "key": "bachelier_d2_n1024_noise0.0_s3000_baseline_rf",
  "timestamp": "2026-04-14T21:24:00.582353"
}