{
  "method": "baseline_rf",
  "func_type": "bachelier",
  "dim": 2,
  "n_samples": 1024,
  "noise_level": 0.0,
  "seed": 5000,
  "lambda": 1.0,
  "test_value_mse": 5.234104231141147e-05,
  "test_grad_mse": 37.616527145225064,
  "time_s": 1.3567569255828857,
  "key": "bachelier_d2_n1024_noise0.0_s5000_baseline_rf",
  "timestamp": "2026-04-14T21:26:22.722939"
}