{
  "method": "baseline_krr",
  "func_type": "bachelier",
  "dim": 10,
  "n_samples": 1024,
  "noise_level": 0.0,
  "seed": 6000,
  "lambda": 1.0,
  "test_value_mse": 8.705251060246299e-05,
  "test_grad_mse": 0.00026408510826922063,
  "time_s": 0.15804171562194824,
  "key": "bachelier_d10_n1024_noise0.0_s6000_baseline_krr",
  "timestamp": "2026-04-14T21:38:34.381536"
}