{
  "method": "baseline_gp",
  "func_type": "bachelier",
  "dim": 10,
  "n_samples": 1024,
  "noise_level": 0.0,
  "seed": 6000,
  "lambda": 1.0,
  "test_value_mse": 5.1189654806622533e-08,
  "test_grad_mse": 2.95473345027917e-07,
  "time_s": 8.979980945587158,
  "key": "bachelier_d10_n1024_noise0.0_s6000_baseline_gp",
  "timestamp": "2026-04-14T21:38:34.223119"
}