{
  "method": "baseline_gp",
  "func_type": "bachelier",
  "dim": 1,
  "n_samples": 1024,
  "noise_level": 0.0,
  "seed": 2000,
  "lambda": 1.0,
  "test_value_mse": 3.322956460614233e-10,
  "test_grad_mse": 3.830629801058197e-07,
  "time_s": 12.464730262756348,
  "key": "bachelier_d1_n1024_noise0.0_s2000_baseline_gp",
  "timestamp": "2026-04-14T21:18:30.818357"
}