{
  "method": "baseline_krr",
  "func_type": "bachelier",
  "dim": 2,
  "n_samples": 1024,
  "noise_level": 0.0,
  "seed": 3000,
  "lambda": 1.0,
  "test_value_mse": 0.00012109517437948693,
  "test_grad_mse": 0.0034474268592801682,
  "time_s": 0.019420385360717773,
  "key": "bachelier_d2_n1024_noise0.0_s3000_baseline_krr",
  "timestamp": "2026-04-14T21:24:00.291909"
}