{
  "method": "baseline_rf",
  "func_type": "bachelier",
  "dim": 5,
  "n_samples": 1024,
  "noise_level": 0.0,
  "seed": 4000,
  "lambda": 1.0,
  "test_value_mse": 0.0005467740302377649,
  "test_grad_mse": 4.221297582081278,
  "time_s": 2.5623865127563477,
  "key": "bachelier_d5_n1024_noise0.0_s4000_baseline_rf",
  "timestamp": "2026-04-14T21:30:32.410495"
}