{
  "method": "baseline_krr",
  "func_type": "bachelier",
  "dim": 5,
  "n_samples": 1024,
  "noise_level": 0.0,
  "seed": 3000,
  "lambda": 1.0,
  "test_value_mse": 0.00022190004431984963,
  "test_grad_mse": 0.001195611370506259,
  "time_s": 0.028481721878051758,
  "key": "bachelier_d5_n1024_noise0.0_s3000_baseline_krr",
  "timestamp": "2026-04-14T21:29:22.479377"
}