{
  "method": "baseline_gp",
  "func_type": "black_scholes",
  "dim": 1,
  "n_samples": 1024,
  "noise_level": 0.0,
  "seed": 3000,
  "lambda": 1.0,
  "test_value_mse": 1.4741533040315094e-05,
  "test_grad_mse": 2.311004538015431e-06,
  "time_s": 9.498103380203247,
  "key": "black_scholes_d1_n1024_noise0.0_s3000_baseline_gp",
  "timestamp": "2026-04-14T21:51:21.426115"
}