{
  "method": "baseline_gp",
  "func_type": "black_scholes",
  "dim": 1,
  "n_samples": 1024,
  "noise_level": 0.0,
  "seed": 6000,
  "lambda": 1.0,
  "test_value_mse": 1.1334759528180057e-05,
  "test_grad_mse": 1.361830511313603e-06,
  "time_s": 15.317680358886719,
  "key": "black_scholes_d1_n1024_noise0.0_s6000_baseline_gp",
  "timestamp": "2026-04-14T21:54:11.486915"
}