{
  "method": "baseline_gp",
  "func_type": "black_scholes",
  "dim": 1,
  "n_samples": 1024,
  "noise_level": 0.0,
  "seed": 5000,
  "lambda": 1.0,
  "test_value_mse": 1.518898014506191e-05,
  "test_grad_mse": 1.0513412776806766e-06,
  "time_s": 12.191291332244873,
  "key": "black_scholes_d1_n1024_noise0.0_s5000_baseline_gp",
  "timestamp": "2026-04-14T21:53:21.375163"
}