{
  "method": "baseline_gp",
  "func_type": "heston",
  "dim": 1,
  "n_samples": 1024,
  "noise_level": 0.0,
  "seed": 2000,
  "lambda": 1.0,
  "test_value_mse": 0.23379133824460013,
  "test_grad_mse": 492506.6330313916,
  "time_s": 13.600797653198242,
  "key": "heston_d1_n1024_noise0.0_s2000_baseline_gp",
  "timestamp": "2026-04-14T21:55:11.867330"
}