{
  "method": "baseline_krr",
  "func_type": "heston",
  "dim": 1,
  "n_samples": 1024,
  "noise_level": 0.0,
  "seed": 2000,
  "lambda": 1.0,
  "test_value_mse": 1.103380286355896,
  "test_grad_mse": 493860.40062054805,
  "time_s": 0.08253931999206543,
  "key": "heston_d1_n1024_noise0.0_s2000_baseline_krr",
  "timestamp": "2026-04-14T21:55:11.950589"
}