{
  "method": "baseline_gp",
  "func_type": "heston",
  "dim": 1,
  "n_samples": 1024,
  "noise_level": 0.0,
  "seed": 3000,
  "lambda": 1.0,
  "test_value_mse": 0.17118864745292645,
  "test_grad_mse": 282994.1145358805,
  "time_s": 12.964242219924927,
  "key": "heston_d1_n1024_noise0.0_s3000_baseline_gp",
  "timestamp": "2026-04-14T21:55:59.112159"
}