{
  "method": "baseline_rf",
  "func_type": "heston",
  "dim": 1,
  "n_samples": 1024,
  "noise_level": 0.0,
  "seed": 6000,
  "lambda": 1.0,
  "test_value_mse": 0.20303715226323374,
  "test_grad_mse": 342200.61228901474,
  "time_s": 0.2996244430541992,
  "key": "heston_d1_n1024_noise0.0_s6000_baseline_rf",
  "timestamp": "2026-04-14T21:58:37.769924"
}