{
  "method": "baseline_gp",
  "func_type": "poly_trig",
  "dim": 20,
  "n_samples": 4096,
  "noise_level": 0.0,
  "seed": 4000,
  "lambda": 1.0,
  "test_value_mse": 0.001630197678277563,
  "test_grad_mse": 0.00326961134957712,
  "time_s": 206.2861089706421,
  "key": "poly_trig_d20_n4096_noise0.0_s4000_baseline_gp",
  "timestamp": "2026-04-15T00:36:21.768660"
}