{
  "method": "baseline_gp",
  "func_type": "poly_trig",
  "dim": 10,
  "n_samples": 4096,
  "noise_level": 0.0,
  "seed": 2000,
  "lambda": 1.0,
  "test_value_mse": 0.0002881006400215261,
  "test_grad_mse": 0.003908182828254388,
  "time_s": 282.7722065448761,
  "key": "poly_trig_d10_n4096_noise0.0_s2000_baseline_gp",
  "timestamp": "2026-04-14T23:26:31.439148"
}