{
  "method": "baseline_rf",
  "func_type": "poly_trig",
  "dim": 2,
  "n_samples": 4096,
  "noise_level": 0.0,
  "seed": 4000,
  "lambda": 1.0,
  "test_value_mse": 0.0005977079364445475,
  "test_grad_mse": 51.553850297327386,
  "time_s": 0.38803791999816895,
  "key": "poly_trig_d2_n4096_noise0.0_s4000_baseline_rf",
  "timestamp": "2026-04-14T22:19:59.083292"
}