{
  "method": "baseline_krr",
  "func_type": "poly_trig",
  "dim": 2,
  "n_samples": 1024,
  "noise_level": 0.0,
  "seed": 5000,
  "lambda": 1.0,
  "test_value_mse": 0.0057387384586036205,
  "test_grad_mse": 0.1738883629509981,
  "time_s": 0.07046198844909668,
  "key": "poly_trig_d2_n1024_noise0.0_s5000_baseline_krr",
  "timestamp": "2026-04-14T22:06:28.128406"
}