{
  "method": "baseline_krr",
  "func_type": "poly_trig",
  "dim": 10,
  "n_samples": 256,
  "noise_level": 0.0,
  "seed": 5000,
  "lambda": 1.0,
  "test_value_mse": 0.5194313526153564,
  "test_grad_mse": 0.9243075177841041,
  "time_s": 0.011120319366455078,
  "key": "poly_trig_d10_n256_noise0.0_s5000_baseline_krr",
  "timestamp": "2026-04-14T23:09:30.273647"
}