{
  "method": "baseline_krr",
  "func_type": "poly_trig",
  "dim": 10,
  "n_samples": 4096,
  "noise_level": 0.0,
  "seed": 5000,
  "lambda": 1.0,
  "test_value_mse": 0.1506691575050354,
  "test_grad_mse": 0.5873323615065844,
  "time_s": 0.45541858673095703,
  "key": "poly_trig_d10_n4096_noise0.0_s5000_baseline_krr",
  "timestamp": "2026-04-14T23:57:11.941911"
}