{
  "method": "baseline_krr",
  "func_type": "poly_trig",
  "dim": 2,
  "n_samples": 4096,
  "noise_level": 0.0,
  "seed": 3000,
  "lambda": 1.0,
  "test_value_mse": 0.001605698256753385,
  "test_grad_mse": 0.063729810542145,
  "time_s": 0.8826355934143066,
  "key": "poly_trig_d2_n4096_noise0.0_s3000_baseline_krr",
  "timestamp": "2026-04-14T22:15:39.074143"
}