{
  "method": "baseline_rf",
  "func_type": "poly_trig",
  "dim": 2,
  "n_samples": 1024,
  "noise_level": 0.0,
  "seed": 2000,
  "lambda": 1.0,
  "test_value_mse": 0.0027632000898317826,
  "test_grad_mse": 66.92861979494073,
  "time_s": 0.3019421100616455,
  "key": "poly_trig_d2_n1024_noise0.0_s2000_baseline_rf",
  "timestamp": "2026-04-14T22:02:47.495832"
}