{
  "method": "baseline_gp",
  "func_type": "poly_trig",
  "dim": 20,
  "n_samples": 256,
  "noise_level": 0.0,
  "seed": 4000,
  "lambda": 1.0,
  "test_value_mse": 0.6726674467824154,
  "test_grad_mse": 0.5575678696147892,
  "time_s": 2.553762912750244,
  "key": "poly_trig_d20_n256_noise0.0_s4000_baseline_gp",
  "timestamp": "2026-04-15T00:08:08.777886"
}