{
  "method": "baseline_rf",
  "func_type": "poly_trig",
  "dim": 10,
  "n_samples": 256,
  "noise_level": 0.0,
  "seed": 2000,
  "lambda": 1.0,
  "test_value_mse": 0.3669610233398469,
  "test_grad_mse": 54.69998636177675,
  "time_s": 4.416351079940796,
  "key": "poly_trig_d10_n256_noise0.0_s2000_baseline_rf",
  "timestamp": "2026-04-14T23:07:17.976048"
}