{
  "method": "baseline_gp",
  "func_type": "poly_trig",
  "dim": 10,
  "n_samples": 256,
  "noise_level": 0.0,
  "seed": 5000,
  "lambda": 1.0,
  "test_value_mse": 0.2138381869830613,
  "test_grad_mse": 0.5895527726027617,
  "time_s": 19.253764629364014,
  "key": "poly_trig_d10_n256_noise0.0_s5000_baseline_gp",
  "timestamp": "2026-04-14T23:09:30.261963"
}