{
  "method": "baseline_gp",
  "func_type": "poly_trig",
  "dim": 20,
  "n_samples": 1024,
  "noise_level": 0.0,
  "seed": 2000,
  "lambda": 1.0,
  "test_value_mse": 0.24237844808533565,
  "test_grad_mse": 0.420126976841475,
  "time_s": 30.9181125164032,
  "key": "poly_trig_d20_n1024_noise0.0_s2000_baseline_gp",
  "timestamp": "2026-04-15T00:11:01.792143"
}