{
  "method": "baseline_gp",
  "func_type": "poly_trig",
  "dim": 5,
  "n_samples": 256,
  "noise_level": 0.0,
  "seed": 2000,
  "lambda": 1.0,
  "test_value_mse": 0.0002206000782185706,
  "test_grad_mse": 0.003226075971366103,
  "time_s": 3.2880566120147705,
  "key": "poly_trig_d5_n256_noise0.0_s2000_baseline_gp",
  "timestamp": "2026-04-14T22:30:16.902046"
}