{
  "method": "baseline_gp",
  "func_type": "poly_trig",
  "dim": 10,
  "n_samples": 4096,
  "noise_level": 0.0,
  "seed": 5000,
  "lambda": 1.0,
  "test_value_mse": 0.00027686169722100385,
  "test_grad_mse": 0.005073295572888817,
  "time_s": 518.2743353843689,
  "key": "poly_trig_d10_n4096_noise0.0_s5000_baseline_gp",
  "timestamp": "2026-04-14T23:57:11.486153"
}