{
  "method": "baseline_krr",
  "func_type": "poly_trig",
  "dim": 5,
  "n_samples": 256,
  "noise_level": 0.0,
  "seed": 2000,
  "lambda": 1.0,
  "test_value_mse": 0.14453470706939697,
  "test_grad_mse": 0.6190489856145501,
  "time_s": 0.007063150405883789,
  "key": "poly_trig_d5_n256_noise0.0_s2000_baseline_krr",
  "timestamp": "2026-04-14T22:30:16.909669"
}