{
  "method": "baseline_rf",
  "func_type": "poly_trig",
  "dim": 20,
  "n_samples": 4096,
  "noise_level": 0.0,
  "seed": 6000,
  "lambda": 1.0,
  "test_value_mse": 1.0245745654902336,
  "test_grad_mse": 39.12516785758909,
  "time_s": 10.499766826629639,
  "key": "poly_trig_d20_n4096_noise0.0_s6000_baseline_rf",
  "timestamp": "2026-04-15T00:49:46.282187"
}