{
  "method": "baseline_krr",
  "func_type": "poly_trig",
  "dim": 20,
  "n_samples": 256,
  "noise_level": 0.0,
  "seed": 4000,
  "lambda": 1.0,
  "test_value_mse": 1.228266716003418,
  "test_grad_mse": 0.720702675328747,
  "time_s": 0.0353851318359375,
  "key": "poly_trig_d20_n256_noise0.0_s4000_baseline_krr",
  "timestamp": "2026-04-15T00:08:08.813551"
}