{
  "method": "baseline_krr",
  "func_type": "poly_trig",
  "dim": 20,
  "n_samples": 1024,
  "noise_level": 0.0,
  "seed": 6000,
  "lambda": 1.0,
  "test_value_mse": 0.6614733934402466,
  "test_grad_mse": 0.6799736269013461,
  "time_s": 0.43142151832580566,
  "key": "poly_trig_d20_n1024_noise0.0_s6000_baseline_krr",
  "timestamp": "2026-04-15T00:16:33.725975"
}