{
  "method": "baseline_krr",
  "func_type": "poly_trig",
  "dim": 20,
  "n_samples": 256,
  "noise_level": 0.0,
  "seed": 6000,
  "lambda": 1.0,
  "test_value_mse": 1.3143713474273682,
  "test_grad_mse": 0.7432491454633583,
  "time_s": 0.05634760856628418,
  "key": "poly_trig_d20_n256_noise0.0_s6000_baseline_krr",
  "timestamp": "2026-04-15T00:09:14.633410"
}