{
  "method": "baseline_krr",
  "func_type": "poly_trig",
  "dim": 10,
  "n_samples": 1024,
  "noise_level": 0.0,
  "seed": 6000,
  "lambda": 1.0,
  "test_value_mse": 0.1558883786201477,
  "test_grad_mse": 0.5729261115192015,
  "time_s": 1.335787296295166,
  "key": "poly_trig_d10_n1024_noise0.0_s6000_baseline_krr",
  "timestamp": "2026-04-14T23:19:27.515061"
}