{
  "method": "baseline_rf",
  "func_type": "poly_trig",
  "dim": 10,
  "n_samples": 4096,
  "noise_level": 0.0,
  "seed": 3000,
  "lambda": 1.0,
  "test_value_mse": 0.41467440829176494,
  "test_grad_mse": 280.95639234527584,
  "time_s": 5.87353515625,
  "key": "poly_trig_d10_n4096_noise0.0_s3000_baseline_rf",
  "timestamp": "2026-04-14T23:36:20.916207"
}