{
  "method": "baseline_rf",
  "func_type": "poly_trig",
  "dim": 5,
  "n_samples": 256,
  "noise_level": 0.0,
  "seed": 2000,
  "lambda": 1.0,
  "test_value_mse": 0.13142421519293437,
  "test_grad_mse": 0.9623386851735481,
  "time_s": 2.754470109939575,
  "key": "poly_trig_d5_n256_noise0.0_s2000_baseline_rf",
  "timestamp": "2026-04-14T22:30:19.664543"
}