{
  "method": "baseline_krr",
  "func_type": "poly_trig",
  "dim": 10,
  "n_samples": 4096,
  "noise_level": 0.0,
  "seed": 6000,
  "lambda": 1.0,
  "test_value_mse": 0.124317966401577,
  "test_grad_mse": 0.4873879168511171,
  "time_s": 2.207881450653076,
  "key": "poly_trig_d10_n4096_noise0.0_s6000_baseline_krr",
  "timestamp": "2026-04-15T00:06:27.029162"
}