{
  "method": "baseline_rf",
  "func_type": "poly_trig",
  "dim": 5,
  "n_samples": 1024,
  "noise_level": 0.0,
  "seed": 2000,
  "lambda": 1.0,
  "test_value_mse": 0.04232069547844317,
  "test_grad_mse": 101.01668137310658,
  "time_s": 0.4589831829071045,
  "key": "poly_trig_d5_n1024_noise0.0_s2000_baseline_rf",
  "timestamp": "2026-04-14T22:33:53.367083"
}