{
  "method": "baseline_gp",
  "func_type": "poly_trig",
  "dim": 2,
  "n_samples": 256,
  "noise_level": 0.0,
  "seed": 4000,
  "lambda": 1.0,
  "test_value_mse": 5.041737920391106e-08,
  "test_grad_mse": 3.7759213415041984e-06,
  "time_s": 0.7651011943817139,
  "key": "poly_trig_d2_n256_noise0.0_s4000_baseline_gp",
  "timestamp": "2026-04-14T22:00:22.742623"
}