{
  "method": "baseline_gp",
  "func_type": "poly_trig",
  "dim": 2,
  "n_samples": 1024,
  "noise_level": 0.0,
  "seed": 3000,
  "lambda": 1.0,
  "test_value_mse": 9.079903342433781e-09,
  "test_grad_mse": 2.296789180808218e-06,
  "time_s": 15.915709495544434,
  "key": "poly_trig_d2_n1024_noise0.0_s3000_baseline_gp",
  "timestamp": "2026-04-14T22:03:58.927480"
}