{
  "method": "baseline_gp",
  "func_type": "poly_trig",
  "dim": 5,
  "n_samples": 4096,
  "noise_level": 0.0,
  "seed": 6000,
  "lambda": 1.0,
  "test_value_mse": 1.83964339914762e-07,
  "test_grad_mse": 4.8937512383783035e-06,
  "time_s": 237.77324533462524,
  "key": "poly_trig_d5_n4096_noise0.0_s6000_baseline_gp",
  "timestamp": "2026-04-14T23:06:31.894000"
}