{
  "method": "baseline_rf",
  "func_type": "poly_trig",
  "dim": 20,
  "n_samples": 256,
  "noise_level": 0.0,
  "seed": 3000,
  "lambda": 1.0,
  "test_value_mse": 3.5848988528859325,
  "test_grad_mse": 1.4281950794041118,
  "time_s": 8.802731037139893,
  "key": "poly_trig_d20_n256_noise0.0_s3000_baseline_rf",
  "timestamp": "2026-04-15T00:07:34.932573"
}