{
  "method": "baseline_gp",
  "func_type": "step",
  "dim": 2,
  "n_samples": 1024,
  "noise_level": 0.0,
  "seed": 6000,
  "lambda": 1.0,
  "test_value_mse": 0.1029595083010689,
  "test_grad_mse": 0.0,
  "time_s": 15.400043249130249,
  "key": "step_d2_n1024_noise0.0_s6000_baseline_gp",
  "timestamp": "2026-04-15T01:26:51.612425"
}