{
  "method": "baseline_krr",
  "func_type": "step",
  "dim": 2,
  "n_samples": 1024,
  "noise_level": 0.0,
  "seed": 2000,
  "lambda": 1.0,
  "test_value_mse": 0.0738292957703874,
  "test_grad_mse": 0.5019107782814167,
  "time_s": 0.13602757453918457,
  "key": "step_d2_n1024_noise0.0_s2000_baseline_krr",
  "timestamp": "2026-04-15T01:23:16.827242"
}