{
  "method": "baseline_krr",
  "func_type": "step",
  "dim": 2,
  "n_samples": 1024,
  "noise_level": 0.0,
  "seed": 3000,
  "lambda": 1.0,
  "test_value_mse": 0.0761693464826622,
  "test_grad_mse": 0.760885102961206,
  "time_s": 1.1542019844055176,
  "key": "step_d2_n1024_noise0.0_s3000_baseline_krr",
  "timestamp": "2026-04-15T01:24:14.513670"
}