{
  "method": "baseline_krr",
  "func_type": "step",
  "dim": 10,
  "n_samples": 1024,
  "noise_level": 0.0,
  "seed": 4000,
  "lambda": 1.0,
  "test_value_mse": 0.40266470165931073,
  "test_grad_mse": 0.5178295240541502,
  "time_s": 3.0974769592285156,
  "key": "step_d10_n1024_noise0.0_s4000_baseline_krr",
  "timestamp": "2026-04-15T01:29:02.535932"
}