{
  "method": "baseline_rf",
  "func_type": "step",
  "dim": 2,
  "n_samples": 1024,
  "noise_level": 0.0,
  "seed": 6000,
  "lambda": 1.0,
  "test_value_mse": 0.0019194697362768798,
  "test_grad_mse": 3.0552974898119185,
  "time_s": 1.5212500095367432,
  "key": "step_d2_n1024_noise0.0_s6000_baseline_rf",
  "timestamp": "2026-04-15T01:26:53.193592"
}