{
  "method": "baseline_rf",
  "func_type": "step",
  "dim": 2,
  "n_samples": 1024,
  "noise_level": 0.0,
  "seed": 4000,
  "lambda": 1.0,
  "test_value_mse": 0.00042620218286234027,
  "test_grad_mse": 1.1895941624522315,
  "time_s": 0.29581499099731445,
  "key": "step_d2_n1024_noise0.0_s4000_baseline_rf",
  "timestamp": "2026-04-15T01:25:06.454023"
}