{
  "method": "baseline_gp",
  "func_type": "trig",
  "dim": 10,
  "n_samples": 1024,
  "noise_level": 0.0,
  "seed": 2000,
  "lambda": 1.0,
  "test_value_mse": 7.568019546038354,
  "test_grad_mse": 6.7860644284364975,
  "time_s": 8.292420864105225,
  "key": "trig_d10_n1024_noise0.0_s2000_baseline_gp",
  "timestamp": "2026-04-15T01:48:15.312437"
}