{
  "method": "baseline_krr",
  "func_type": "trig",
  "dim": 5,
  "n_samples": 1024,
  "noise_level": 0.0,
  "seed": 4000,
  "lambda": 1.0,
  "test_value_mse": 2.58256459236145,
  "test_grad_mse": 3.9891102835226504,
  "time_s": 0.7924160957336426,
  "key": "trig_d5_n1024_noise0.0_s4000_baseline_krr",
  "timestamp": "2026-04-15T01:45:52.935168"
}