{
  "method": "baseline_rf",
  "func_type": "trig",
  "dim": 5,
  "n_samples": 1024,
  "noise_level": 0.0,
  "seed": 4000,
  "lambda": 1.0,
  "test_value_mse": 0.850049100713693,
  "test_grad_mse": 4.292330144797515,
  "time_s": 2.825223684310913,
  "key": "trig_d5_n1024_noise0.0_s4000_baseline_rf",
  "timestamp": "2026-04-15T01:45:55.760825"
}