{
  "method": "baseline_rf",
  "func_type": "trig",
  "dim": 20,
  "n_samples": 1024,
  "noise_level": 0.0,
  "seed": 5000,
  "lambda": 1.0,
  "test_value_mse": 11.869746277245847,
  "test_grad_mse": 6.119459088269408,
  "time_s": 1.2257449626922607,
  "key": "trig_d20_n1024_noise0.0_s5000_baseline_rf",
  "timestamp": "2026-04-15T01:53:31.765999"
}