{
  "method": "baseline_rf",
  "func_type": "trig",
  "dim": 10,
  "n_samples": 1024,
  "noise_level": 0.0,
  "seed": 6000,
  "lambda": 1.0,
  "test_value_mse": 5.653600210652735,
  "test_grad_mse": 7.340971009703853,
  "time_s": 0.7189939022064209,
  "key": "trig_d10_n1024_noise0.0_s6000_baseline_rf",
  "timestamp": "2026-04-15T01:51:10.348802"
}