{
  "method": "baseline_gp",
  "func_type": "trig",
  "dim": 5,
  "n_samples": 1024,
  "noise_level": 0.0,
  "seed": 3000,
  "lambda": 1.0,
  "test_value_mse": 1.93087511567369,
  "test_grad_mse": 4.023373493545723,
  "time_s": 10.497059106826782,
  "key": "trig_d5_n1024_noise0.0_s3000_baseline_gp",
  "timestamp": "2026-04-15T01:44:59.107061"
}