{
  "method": "baseline_rf",
  "func_type": "trig",
  "dim": 20,
  "n_samples": 1024,
  "noise_level": 0.0,
  "seed": 3000,
  "lambda": 1.0,
  "test_value_mse": 9.70995836377282,
  "test_grad_mse": 5.768070115638615,
  "time_s": 9.76707148551941,
  "key": "trig_d20_n1024_noise0.0_s3000_baseline_rf",
  "timestamp": "2026-04-15T01:52:27.750661"
}