{
  "method": "baseline_gp",
  "func_type": "trig",
  "dim": 2,
  "n_samples": 1024,
  "noise_level": 0.0,
  "seed": 6000,
  "lambda": 1.0,
  "test_value_mse": 1.3030243402683366,
  "test_grad_mse": 12.164807809422342,
  "time_s": 18.04631805419922,
  "key": "trig_d2_n1024_noise0.0_s6000_baseline_gp",
  "timestamp": "2026-04-15T01:42:38.871364"
}