{
  "method": "baseline_gp",
  "func_type": "trig",
  "dim": 20,
  "n_samples": 1024,
  "noise_level": 0.0,
  "seed": 2000,
  "lambda": 1.0,
  "test_value_mse": 20.748021445956738,
  "test_grad_mse": 12.030325050647786,
  "time_s": 14.627899646759033,
  "key": "trig_d20_n1024_noise0.0_s2000_baseline_gp",
  "timestamp": "2026-04-15T01:51:36.988290"
}