{
  "method": "baseline_krr",
  "func_type": "trig",
  "dim": 2,
  "n_samples": 1024,
  "noise_level": 0.0,
  "seed": 4000,
  "lambda": 1.0,
  "test_value_mse": 0.25699010491371155,
  "test_grad_mse": 2.4252730893523493,
  "time_s": 3.1639773845672607,
  "key": "trig_d2_n1024_noise0.0_s4000_baseline_krr",
  "timestamp": "2026-04-15T01:40:18.458958"
}