{
  "method": "baseline_gp",
  "func_type": "trig",
  "dim": 5,
  "n_samples": 1024,
  "noise_level": 0.0,
  "seed": 4000,
  "lambda": 1.0,
  "test_value_mse": 2.463089656293958,
  "test_grad_mse": 4.049801676084264,
  "time_s": 22.509665489196777,
  "key": "trig_d5_n1024_noise0.0_s4000_baseline_gp",
  "timestamp": "2026-04-15T01:45:52.142310"
}