{
  "method": "baseline_rf",
  "func_type": "trig",
  "dim": 5,
  "n_samples": 1024,
  "noise_level": 0.0,
  "seed": 2000,
  "lambda": 1.0,
  "test_value_mse": 1.838459787834616,
  "test_grad_mse": 4.732043186293049,
  "time_s": 2.746990919113159,
  "key": "trig_d5_n1024_noise0.0_s2000_baseline_rf",
  "timestamp": "2026-04-15T01:43:59.107572"
}