model,region,sigma_star,status,mean_log_ratio_sigma0,std_log_ratio_sigma0,mean_log_ratio_max_sigma,n_seeds
siren,all,1.0134692556804332,observed,-0.09984812856423012,0.11067062090940544,0.13443301746038616,5
siren,far_extrap,0.007105945878949879,observed,-0.027456601402998694,0.1138875054973352,0.0449686618724696,5
siren,interpolation,0.7090593199648565,observed,-0.3511484263693554,0.2592345076214242,0.7212505904104761,5
siren,near_extrap,1.1570253291623462,observed,-0.20311564052726788,0.15882196156201658,-0.008202555995934401,5
softplus,all,0.0,left_censored,0.3605296400740769,1.6707386935462065,2.431375169400691,5
softplus,far_extrap,0.0,left_censored,0.3642508611576756,1.6712701978263085,2.434748528095767,5
softplus,interpolation,0.9753270659204946,observed,-0.34363946272076307,0.5032838405624244,1.0545153176391,5
softplus,near_extrap,0.0,left_censored,0.17098531306208234,1.7532937226527603,2.2815392559865844,5
