{
  "key": "painn_md17_benzene_split1_dml_fixed_half",
  "method": "dml_fixed_half",
  "model": "PaiNN_schnetpack_v2.2.0",
  "dataset": "md17_benzene",
  "molecule": "benzene",
  "seed": 1,
  "split_id": 1,
  "test_value_mse": 0.00020376143887720303,
  "test_grad_mse": 0.03257601687151479,
  "test_energy_mae_kcal": 0.009562070481479168,
  "test_force_mae_kcal": 0.10524706542491913,
  "test_energy_mae_mev": 0.4146505805659108,
  "test_force_mae_mev": 4.563944269792736,
  "loss_weight_energy": null,
  "loss_weight_forces": null,
  "n_epochs_actual": 1000,
  "time_s": 1208.17,
  "hparams": {
    "cutoff": 5.0,
    "n_atom_basis": 128,
    "n_interactions": 3,
    "n_rbf": 20,
    "lr": 0.001,
    "n_epochs": 1000,
    "batch_size": 128,
    "num_train": 950,
    "num_val": 50,
    "num_test": 1000,
    "loss_weight_energy_native": 0.01,
    "loss_weight_forces_native": 0.99,
    "es_patience": 200,
    "scheduler_factor": 0.5,
    "scheduler_patience": 75,
    "scheduler_min_lr": 0.0,
    "scheduler_cooldown": 10,
    "scheduler_threshold": 0.0,
    "warmup_lr_drop": 10.0
  },
  "all_metrics": {
    "test_loss": 0.016389889642596245,
    "test_energy_mae": 0.009562070481479168,
    "test_energy_rmse": 0.014274503104388714,
    "test_forces_mae": 0.10524706542491913,
    "test_forces_rmse": 0.18048827350139618
  },
  "timestamp": "2026-04-19T03:08:30.647204",
  "source": "schnetpack 2.2.0; canonical rMD17 + PaiNN config; arXiv:2102.03150"
}