{
  "key": "painn_md17_toluene_split4_dml_fixed",
  "method": "dml_fixed",
  "model": "PaiNN_schnetpack_v2.2.0",
  "dataset": "md17_toluene",
  "molecule": "toluene",
  "seed": 4,
  "split_id": 4,
  "test_value_mse": 0.015206436474045404,
  "test_grad_mse": 0.41559419546643994,
  "test_energy_mae_kcal": 0.09127624332904816,
  "test_force_mae_kcal": 0.4276994466781616,
  "test_energy_mae_mev": 3.9581121433451774,
  "test_force_mae_mev": 18.546801575696467,
  "loss_weight_energy": 0.5,
  "loss_weight_forces": 0.5,
  "n_epochs_actual": 1000,
  "time_s": 923.18,
  "hparams": {
    "cutoff": 5.0,
    "n_atom_basis": 128,
    "n_interactions": 3,
    "n_rbf": 20,
    "lr": 0.001,
    "n_epochs": 1000,
    "batch_size": 128,
    "num_train": 950,
    "num_val": 50,
    "num_test": 1000,
    "loss_weight_energy_native": 0.01,
    "loss_weight_forces_native": 0.99,
    "es_patience": 200,
    "scheduler_factor": 0.5,
    "scheduler_patience": 75,
    "scheduler_min_lr": 0.0,
    "scheduler_cooldown": 10,
    "scheduler_threshold": 0.0,
    "warmup_lr_drop": 10.0
  },
  "all_metrics": {
    "test_loss": 0.21540029346942902,
    "test_energy_mae": 0.09127624332904816,
    "test_energy_rmse": 0.12331438064575195,
    "test_forces_mae": 0.4276994466781616,
    "test_forces_rmse": 0.6446659564971924
  },
  "timestamp": "2026-04-19T09:50:47.328432",
  "source": "schnetpack 2.2.0; canonical rMD17 + PaiNN config; arXiv:2102.03150"
}