{
  "key": "painn_md17_ethanol_split2_dml_fixed",
  "method": "dml_fixed",
  "model": "PaiNN_schnetpack_v2.2.0",
  "dataset": "md17_ethanol",
  "molecule": "ethanol",
  "seed": 2,
  "split_id": 2,
  "test_value_mse": 0.013463220283365607,
  "test_grad_mse": 0.6148378546203368,
  "test_energy_mae_kcal": 0.08286508172750473,
  "test_force_mae_kcal": 0.42145708203315735,
  "test_energy_mae_mev": 3.593369690539688,
  "test_force_mae_mev": 18.27610705099404,
  "loss_weight_energy": 0.5,
  "loss_weight_forces": 0.5,
  "n_epochs_actual": 1000,
  "time_s": 1201.54,
  "hparams": {
    "cutoff": 5.0,
    "n_atom_basis": 128,
    "n_interactions": 3,
    "n_rbf": 20,
    "lr": 0.001,
    "n_epochs": 1000,
    "batch_size": 128,
    "num_train": 950,
    "num_val": 50,
    "num_test": 1000,
    "loss_weight_energy_native": 0.01,
    "loss_weight_forces_native": 0.99,
    "es_patience": 200,
    "scheduler_factor": 0.5,
    "scheduler_patience": 75,
    "scheduler_min_lr": 0.0,
    "scheduler_cooldown": 10,
    "scheduler_threshold": 0.0,
    "warmup_lr_drop": 10.0
  },
  "all_metrics": {
    "test_loss": 0.31415051221847534,
    "test_energy_mae": 0.08286508172750473,
    "test_energy_rmse": 0.11603111773729324,
    "test_forces_mae": 0.42145708203315735,
    "test_forces_rmse": 0.7841159701347351
  },
  "timestamp": "2026-04-19T11:33:31.086887",
  "source": "schnetpack 2.2.0; canonical rMD17 + PaiNN config; arXiv:2102.03150"
}