{
  "key": "painn_md17_salicylic_split2_native_EF",
  "method": "native_EF",
  "model": "PaiNN_schnetpack_v2.2.0",
  "dataset": "md17_salicylic",
  "molecule": "salicylic",
  "seed": 2,
  "split_id": 2,
  "test_value_mse": 0.005974945167650569,
  "test_grad_mse": 0.1037019247563018,
  "test_energy_mae_kcal": 0.04190076142549515,
  "test_force_mae_kcal": 0.17181703448295593,
  "test_energy_mae_mev": 1.8169888085313142,
  "test_force_mae_mev": 7.450691065022349,
  "loss_weight_energy": 0.01,
  "loss_weight_forces": 0.99,
  "n_epochs_actual": 1000,
  "time_s": 3952.27,
  "hparams": {
    "cutoff": 5.0,
    "n_atom_basis": 128,
    "n_interactions": 3,
    "n_rbf": 20,
    "lr": 0.001,
    "n_epochs": 1000,
    "batch_size": 10,
    "num_train": 950,
    "num_val": 50,
    "num_test": 1000,
    "loss_weight_energy_native": 0.01,
    "loss_weight_forces_native": 0.99,
    "es_patience": 200,
    "scheduler_factor": 0.5,
    "scheduler_patience": 75,
    "scheduler_min_lr": 0.0,
    "scheduler_cooldown": 10,
    "scheduler_threshold": 0.0,
    "warmup_lr_drop": 10.0
  },
  "all_metrics": {
    "test_loss": 0.10272467881441116,
    "test_energy_mae": 0.04190076142549515,
    "test_energy_rmse": 0.07729776948690414,
    "test_forces_mae": 0.17181703448295593,
    "test_forces_rmse": 0.3220278322696686
  },
  "timestamp": "2026-05-03T10:03:00.043271",
  "source": "schnetpack 2.2.0; canonical rMD17 + PaiNN config; arXiv:2102.03150"
}