{
  "key": "painn_md17_ethanol_split3_native_EF",
  "method": "native_EF",
  "model": "PaiNN_schnetpack_v2.2.0",
  "dataset": "md17_ethanol",
  "molecule": "ethanol",
  "seed": 3,
  "split_id": 3,
  "test_value_mse": 0.009461475507503758,
  "test_grad_mse": 0.23480132311541357,
  "test_energy_mae_kcal": 0.0801607295870781,
  "test_force_mae_kcal": 0.3117404878139496,
  "test_energy_mae_mev": 3.476097893887013,
  "test_force_mae_mev": 13.518345687612891,
  "loss_weight_energy": 0.01,
  "loss_weight_forces": 0.99,
  "n_epochs_actual": 1000,
  "time_s": 1216.82,
  "hparams": {
    "cutoff": 5.0,
    "n_atom_basis": 128,
    "n_interactions": 3,
    "n_rbf": 20,
    "lr": 0.001,
    "n_epochs": 1000,
    "batch_size": 128,
    "num_train": 950,
    "num_val": 50,
    "num_test": 1000,
    "loss_weight_energy_native": 0.01,
    "loss_weight_forces_native": 0.99,
    "es_patience": 200,
    "scheduler_factor": 0.5,
    "scheduler_patience": 75,
    "scheduler_min_lr": 0.0,
    "scheduler_cooldown": 10,
    "scheduler_threshold": 0.0,
    "warmup_lr_drop": 10.0
  },
  "all_metrics": {
    "test_loss": 0.23254787921905518,
    "test_energy_mae": 0.0801607295870781,
    "test_energy_rmse": 0.09727011620998383,
    "test_forces_mae": 0.3117404878139496,
    "test_forces_rmse": 0.48456302285194397
  },
  "timestamp": "2026-04-19T13:46:17.311917",
  "source": "schnetpack 2.2.0; canonical rMD17 + PaiNN config; arXiv:2102.03150"
}