{
  "key": "painn_md17_uracil_split5_native_EF",
  "method": "native_EF",
  "model": "PaiNN_schnetpack_v2.2.0",
  "dataset": "md17_uracil",
  "molecule": "uracil",
  "seed": 5,
  "split_id": 5,
  "test_value_mse": 0.007827389926434114,
  "test_grad_mse": 0.24899637300638133,
  "test_energy_mae_kcal": 0.06515535712242126,
  "test_force_mae_kcal": 0.32499226927757263,
  "test_energy_mae_mev": 2.825403421792388,
  "test_force_mae_mev": 14.092997264179587,
  "loss_weight_energy": 0.01,
  "loss_weight_forces": 0.99,
  "n_epochs_actual": 1000,
  "time_s": 1262.8,
  "hparams": {
    "cutoff": 5.0,
    "n_atom_basis": 128,
    "n_interactions": 3,
    "n_rbf": 20,
    "lr": 0.001,
    "n_epochs": 1000,
    "batch_size": 128,
    "num_train": 950,
    "num_val": 50,
    "num_test": 1000,
    "loss_weight_energy_native": 0.01,
    "loss_weight_forces_native": 0.99,
    "es_patience": 200,
    "scheduler_factor": 0.5,
    "scheduler_patience": 75,
    "scheduler_min_lr": 0.0,
    "scheduler_cooldown": 10,
    "scheduler_threshold": 0.0,
    "warmup_lr_drop": 10.0
  },
  "all_metrics": {
    "test_loss": 0.2465846985578537,
    "test_energy_mae": 0.06515535712242126,
    "test_energy_rmse": 0.08847253769636154,
    "test_forces_mae": 0.32499226927757263,
    "test_forces_rmse": 0.4989953637123108
  },
  "timestamp": "2026-04-19T19:59:49.641760",
  "source": "schnetpack 2.2.0; canonical rMD17 + PaiNN config; arXiv:2102.03150"
}