{
  "key": "painn_md17_toluene_split4_native_EF",
  "method": "native_EF",
  "model": "PaiNN_schnetpack_v2.2.0",
  "dataset": "md17_toluene",
  "molecule": "toluene",
  "seed": 4,
  "split_id": 4,
  "test_value_mse": 0.008527214985190545,
  "test_grad_mse": 0.10337930782498006,
  "test_energy_mae_kcal": 0.07701050490140915,
  "test_force_mae_kcal": 0.21721391379833221,
  "test_energy_mae_mev": 3.3394912355951964,
  "test_force_mae_mev": 9.419285879342258,
  "loss_weight_energy": 0.01,
  "loss_weight_forces": 0.99,
  "n_epochs_actual": 1000,
  "time_s": 1262.35,
  "hparams": {
    "cutoff": 5.0,
    "n_atom_basis": 128,
    "n_interactions": 3,
    "n_rbf": 20,
    "lr": 0.001,
    "n_epochs": 1000,
    "batch_size": 128,
    "num_train": 950,
    "num_val": 50,
    "num_test": 1000,
    "loss_weight_energy_native": 0.01,
    "loss_weight_forces_native": 0.99,
    "es_patience": 200,
    "scheduler_factor": 0.5,
    "scheduler_patience": 75,
    "scheduler_min_lr": 0.0,
    "scheduler_cooldown": 10,
    "scheduler_threshold": 0.0,
    "warmup_lr_drop": 10.0
  },
  "all_metrics": {
    "test_loss": 0.1024307906627655,
    "test_energy_mae": 0.07701050490140915,
    "test_energy_rmse": 0.09234292060136795,
    "test_forces_mae": 0.21721391379833221,
    "test_forces_rmse": 0.32152652740478516
  },
  "timestamp": "2026-04-19T10:26:09.552719",
  "source": "schnetpack 2.2.0; canonical rMD17 + PaiNN config; arXiv:2102.03150"
}