{
  "key": "painn_md17_salicylic_split1_native_EF",
  "method": "native_EF",
  "model": "PaiNN_schnetpack_v2.2.0",
  "dataset": "md17_salicylic",
  "molecule": "salicylic",
  "seed": 1,
  "split_id": 1,
  "test_value_mse": 0.008878706669466274,
  "test_grad_mse": 0.08559476055438608,
  "test_energy_mae_kcal": 0.08330391347408295,
  "test_force_mae_kcal": 0.17202571034431458,
  "test_energy_mae_mev": 3.6123992342814804,
  "test_force_mae_mev": 7.459740105941892,
  "loss_weight_energy": 0.01,
  "loss_weight_forces": 0.99,
  "n_epochs_actual": 1000,
  "time_s": 4021.59,
  "hparams": {
    "cutoff": 5.0,
    "n_atom_basis": 128,
    "n_interactions": 3,
    "n_rbf": 20,
    "lr": 0.001,
    "n_epochs": 1000,
    "batch_size": 10,
    "num_train": 950,
    "num_val": 50,
    "num_test": 1000,
    "loss_weight_energy_native": 0.01,
    "loss_weight_forces_native": 0.99,
    "es_patience": 200,
    "scheduler_factor": 0.5,
    "scheduler_patience": 75,
    "scheduler_min_lr": 0.0,
    "scheduler_cooldown": 10,
    "scheduler_threshold": 0.0,
    "warmup_lr_drop": 10.0
  },
  "all_metrics": {
    "test_loss": 0.08482760936021805,
    "test_energy_mae": 0.08330391347408295,
    "test_energy_rmse": 0.0942268893122673,
    "test_forces_mae": 0.17202571034431458,
    "test_forces_rmse": 0.29256582260131836
  },
  "timestamp": "2026-05-03T04:39:57.739340",
  "source": "schnetpack 2.2.0; canonical rMD17 + PaiNN config; arXiv:2102.03150"
}