{
  "function_type": "poly_trig",
  "n_dim": 10,
  "n_samples": 1024,
  "order": 0,
  "seed": 123,
  "test_value_mse": 0.054313719272613525,
  "test_grad_mse": 0.1879289448261261,
  "test_hessian_mse": 0.0,
  "best_epoch": 453,
  "train_time_s": 6.183347463607788,
  "loss_history": [
    0.0009030851942952722,
    0.0009107003279495984,
    0.0009986021468648687,
    0.0008574165403842926,
    0.0009011318907141685,
    0.000934478550334461,
    0.0009656000474933535,
    0.0008619918953627348,
    0.00088611246610526,
    0.0008895281935110688
  ]
}