{
  "function_type": "poly_trig",
  "n_dim": 5,
  "n_samples": 1024,
  "order": 0,
  "seed": 789,
  "test_value_mse": 0.0004196914960630238,
  "test_grad_mse": 0.008022901602089405,
  "test_hessian_mse": 0.0,
  "best_epoch": 477,
  "train_time_s": 10.326647996902466,
  "loss_history": [
    0.0002887919545173645,
    0.00024246282919193618,
    0.000283765111817047,
    0.0002792037521430757,
    0.00026706659264164045,
    0.00030479464476229623,
    0.00034606446570251137,
    0.0003388806799193844,
    0.00034592876181704924,
    0.00035699181171366945
  ]
}