{
  "function_type": "poly_trig",
  "n_dim": 10,
  "n_samples": 1024,
  "order": 2,
  "seed": 456,
  "test_value_mse": 0.004742284305393696,
  "test_grad_mse": 0.014726054854691029,
  "test_hessian_mse": 0.034146182239055634,
  "best_epoch": 498,
  "train_time_s": 68.67168259620667,
  "loss_history": [
    0.002514101448468864,
    0.0024092450039461255,
    0.0024350826861336827,
    0.002493829990271479,
    0.002611362375319004,
    0.0025448210653848946,
    0.002287580748088658,
    0.0023406986729241908,
    0.002334029763005674,
    0.00230717018712312
  ]
}