{
  "function_type": "poly_trig",
  "n_dim": 5,
  "n_samples": 1024,
  "order": 0,
  "seed": 42,
  "test_value_mse": 0.0010701521532610059,
  "test_grad_mse": 0.01768171414732933,
  "test_hessian_mse": 0.0,
  "best_epoch": 499,
  "train_time_s": 6.578589916229248,
  "loss_history": [
    0.00023433453316101804,
    0.00022063949654693715,
    0.0002392688584222924,
    0.0002548490956542082,
    0.00023815322128939442,
    0.00023123628852772526,
    0.00023430407964042388,
    0.00021416930030682124,
    0.00022421100220526569,
    0.00022752022414351813
  ]
}