{
  "function_type": "poly_trig",
  "n_dim": 10,
  "n_samples": 1024,
  "order": 2,
  "seed": 42,
  "test_value_mse": 0.004275508224964142,
  "test_grad_mse": 0.013617726974189281,
  "test_hessian_mse": 0.05665433034300804,
  "best_epoch": 494,
  "train_time_s": 67.85687303543091,
  "loss_history": [
    0.0017713115084916353,
    0.001643112424062565,
    0.0017494007479399443,
    0.0017197160050272942,
    0.0016757801349740475,
    0.0016884702199604362,
    0.0017311528790742159,
    0.0016808635264169425,
    0.001683920098003,
    0.0017400054493919015
  ]
}