{
  "function_type": "poly_trig",
  "n_dim": 5,
  "n_samples": 1024,
  "order": 2,
  "seed": 123,
  "test_value_mse": 3.2317806471837685e-05,
  "test_grad_mse": 0.0003100054163951427,
  "test_hessian_mse": 0.00327172689139843,
  "best_epoch": 498,
  "train_time_s": 39.34342098236084,
  "loss_history": [
    0.00018663321316125803,
    0.00018121696484740824,
    0.00018592534615891054,
    0.00017888552247313783,
    0.00018514487237553112,
    0.0001877466893347446,
    0.00018222383005195297,
    0.000189781523658894,
    0.00018589315004646778,
    0.00018418874242343009
  ]
}