{
  "function_type": "poly_trig",
  "n_dim": 2,
  "n_samples": 1024,
  "order": 2,
  "seed": 123,
  "test_value_mse": 1.930495230340057e-08,
  "test_grad_mse": 8.424749466939829e-07,
  "test_hessian_mse": 5.131583020556718e-05,
  "best_epoch": 327,
  "train_time_s": 18.532228708267212,
  "loss_history": [
    1.5132558246477856e-05,
    1.5409090110551915e-05,
    1.723698687783326e-05,
    1.4657222209280008e-05,
    1.5688077837694436e-05,
    1.5569127981507336e-05,
    1.4416047633858398e-05,
    1.6359538676624652e-05,
    1.3432680816549691e-05,
    1.4017699413670925e-05
  ]
}