{
  "function_type": "poly_trig",
  "n_dim": 2,
  "n_samples": 1024,
  "order": 0,
  "seed": 42,
  "test_value_mse": 3.346987068653107e-05,
  "test_grad_mse": 0.003605122910812497,
  "test_hessian_mse": 0.0,
  "best_epoch": 492,
  "train_time_s": 6.4542624950408936,
  "loss_history": [
    4.18903628087719e-05,
    3.6432957131182775e-05,
    3.1421936455444666e-05,
    3.070284401474055e-05,
    4.91179853270296e-05,
    4.018881236333982e-05,
    3.6473334603215335e-05,
    5.0048111006617546e-05,
    7.379596081591444e-05,
    5.6350841077801306e-05
  ]
}