{
  "function_type": "poly_trig",
  "n_dim": 5,
  "n_samples": 1024,
  "order": 0,
  "seed": 1000,
  "test_value_mse": 0.0005401497473940253,
  "test_grad_mse": 0.01261698268353939,
  "test_hessian_mse": 0.0,
  "best_epoch": 492,
  "train_time_s": 6.246749401092529,
  "loss_history": [
    0.00030103023163974285,
    0.0003033653920283541,
    0.0002922936255345121,
    0.00032195833773585036,
    0.0003120721667073667,
    0.0002992947702296078,
    0.0003260688536101952,
    0.00029248852661112323,
    0.0003192189469700679,
    0.00032171414932236075
  ]
}