{
  "function_type": "poly_trig",
  "n_dim": 2,
  "n_samples": 1024,
  "order": 1,
  "seed": 123,
  "test_value_mse": 2.2381021835826687e-07,
  "test_grad_mse": 1.2537790098576806e-05,
  "test_hessian_mse": 0.0,
  "best_epoch": 469,
  "train_time_s": 21.335469007492065,
  "loss_history": [
    8.370734690288373e-06,
    6.7664537937162095e-06,
    8.112032219287357e-06,
    8.072332548181294e-06,
    7.064652322696929e-06,
    8.843258683555177e-06,
    6.756935022167454e-06,
    7.048063594083942e-06,
    8.528402190677298e-06,
    6.710483944516454e-06
  ]
}