{
  "function_type": "poly_trig",
  "n_dim": 2,
  "n_samples": 1024,
  "order": 2,
  "seed": 789,
  "test_value_mse": 3.866575681854556e-08,
  "test_grad_mse": 1.818708597056684e-06,
  "test_hessian_mse": 0.00016137889178935438,
  "best_epoch": 233,
  "train_time_s": 14.115328788757324,
  "loss_history": [
    3.622188614826882e-05,
    3.461635515122907e-05,
    3.0999124646768905e-05,
    3.439205511313048e-05,
    3.711182125698542e-05,
    3.948198673242587e-05,
    3.217345374650904e-05,
    3.1161393053480424e-05,
    2.9959267521917354e-05,
    4.141166846238775e-05
  ]
}