{
  "function_type": "poly_trig",
  "n_dim": 5,
  "n_samples": 1024,
  "order": 2,
  "seed": 1000,
  "test_value_mse": 3.946813376387581e-05,
  "test_grad_mse": 0.0004822082701139152,
  "test_hessian_mse": 0.006130513735115528,
  "best_epoch": 497,
  "train_time_s": 39.73062300682068,
  "loss_history": [
    0.00034607507404871285,
    0.00035800738987745717,
    0.0003287407016614452,
    0.0003354446598677896,
    0.0003371003331267275,
    0.0003267007414251566,
    0.00033381291723344475,
    0.0003319425813970156,
    0.0003460314910626039,
    0.00034223857801407576
  ]
}