{
  "function_type": "poly_trig",
  "n_dim": 2,
  "n_samples": 1024,
  "order": 0,
  "seed": 456,
  "test_value_mse": 6.296664196270285e-06,
  "test_grad_mse": 0.0006971587426960468,
  "test_hessian_mse": 0.0,
  "best_epoch": 499,
  "train_time_s": 6.126137733459473,
  "loss_history": [
    6.474905603681691e-06,
    6.976385407142516e-06,
    7.75341504777316e-06,
    6.185370580169547e-06,
    7.2454504334018566e-06,
    6.646656402153894e-06,
    6.519337375721079e-06,
    6.415043344532023e-06,
    6.216080691956449e-06,
    6.891597081448708e-06
  ]
}