{
  "function_type": "poly_trig",
  "n_dim": 5,
  "n_samples": 1024,
  "order": 1,
  "seed": 456,
  "test_value_mse": 0.00011293747957097366,
  "test_grad_mse": 0.0014216708950698376,
  "test_hessian_mse": 0.0,
  "best_epoch": 496,
  "train_time_s": 18.86478018760681,
  "loss_history": [
    0.0002476929766999092,
    0.0002783922027447261,
    0.00025468700187047943,
    0.0002528643817640841,
    0.0002477092311892193,
    0.000246940635406645,
    0.00025355540128657594,
    0.0002595370024209842,
    0.0002672051778063178,
    0.0002483110292814672
  ]
}