{
  "function_type": "poly_trig",
  "n_dim": 10,
  "n_samples": 1024,
  "order": 2,
  "seed": 789,
  "test_value_mse": 0.003869023872539401,
  "test_grad_mse": 0.012352010235190392,
  "test_hessian_mse": 0.040798723697662354,
  "best_epoch": 497,
  "train_time_s": 67.14743566513062,
  "loss_history": [
    0.0018631507700774819,
    0.00235788052668795,
    0.0019158531504217535,
    0.0018255228933412582,
    0.0017947837186511606,
    0.0017565595335327089,
    0.001828837936045602,
    0.0017395736649632454,
    0.00166987010743469,
    0.0017154688539449126
  ]
}