{
  "function_type": "trig",
  "n_dim": 5,
  "n_samples": 1024,
  "order": 2,
  "seed": 789,
  "test_value_mse": 3.5163309574127197,
  "test_grad_mse": 11.523244857788086,
  "test_hessian_mse": 32.57368850708008,
  "best_epoch": 9,
  "train_time_s": 5.038707494735718,
  "loss_history": [
    5.93275785446167,
    6.124190807342529,
    5.976919889450073,
    5.882837295532227,
    5.697991967201233,
    5.839531183242798,
    5.689896583557129,
    5.540377497673035,
    5.692339897155762,
    5.652597665786743
  ]
}