{
  "function_type": "trig",
  "n_dim": 2,
  "n_samples": 1024,
  "order": 2,
  "seed": 456,
  "test_value_mse": 2.1383195417001843e-05,
  "test_grad_mse": 0.0005230093956924975,
  "test_hessian_mse": 0.04362470284104347,
  "best_epoch": 401,
  "train_time_s": 22.98969078063965,
  "loss_history": [
    0.004884793772362173,
    0.004508628975600004,
    0.004809854435734451,
    0.004740956472232938,
    0.00455808371771127,
    0.004630122799426317,
    0.004585110116750002,
    0.004391098162159324,
    0.004599390900693834,
    0.0047638502437621355
  ]
}