{
  "function_type": "trig",
  "n_dim": 5,
  "n_samples": 1024,
  "order": 2,
  "seed": 1000,
  "test_value_mse": 0.024340467527508736,
  "test_grad_mse": 0.04197940230369568,
  "test_hessian_mse": 0.12208057194948196,
  "best_epoch": 489,
  "train_time_s": 39.1867401599884,
  "loss_history": [
    0.0068108426639810205,
    0.007002611644566059,
    0.006930642644874752,
    0.006937771919183433,
    0.006593088270165026,
    0.006414042902179062,
    0.0063605933682993054,
    0.006726899649947882,
    0.006586440489627421,
    0.007058904157020152
  ]
}