{
  "function_type": "trig",
  "n_dim": 10,
  "n_samples": 1024,
  "order": 2,
  "seed": 789,
  "test_value_mse": 13.446161270141602,
  "test_grad_mse": 13.5415678024292,
  "test_hessian_mse": 23.308645248413086,
  "best_epoch": 4,
  "train_time_s": 7.3069376945495605,
  "loss_history": [
    2.449522912502289,
    2.41536021232605,
    2.2771739959716797,
    2.136569321155548,
    2.122712016105652,
    1.993717223405838,
    1.9679517149925232,
    1.9769628643989563,
    1.9555317163467407,
    1.9369783699512482
  ]
}