{
  "function_type": "trig",
  "n_dim": 2,
  "n_samples": 1024,
  "order": 1,
  "seed": 42,
  "test_value_mse": 0.0001220621052198112,
  "test_grad_mse": 0.0036657857708632946,
  "test_hessian_mse": 0.0,
  "best_epoch": 393,
  "train_time_s": 17.63156795501709,
  "loss_history": [
    0.0014919253590051085,
    0.0015410178166348487,
    0.0016042170173022896,
    0.001609422906767577,
    0.0016020040202420205,
    0.0014933531929273158,
    0.001579663367010653,
    0.0015937071875669062,
    0.0014806739054620266,
    0.0015825607988517731
  ]
}