{
  "function_type": "trig",
  "n_dim": 5,
  "n_samples": 1024,
  "order": 1,
  "seed": 42,
  "test_value_mse": 1.0160444974899292,
  "test_grad_mse": 2.5880675315856934,
  "test_hessian_mse": 0.0,
  "best_epoch": 45,
  "train_time_s": 3.8904380798339844,
  "loss_history": [
    0.7707375437021255,
    0.7691899836063385,
    0.7743751406669617,
    0.7645067572593689,
    0.7831717133522034,
    0.7316155582666397,
    0.7500973492860794,
    0.7177847325801849,
    0.7158296257257462,
    0.6997381001710892
  ]
}