{
  "function_type": "trig",
  "n_dim": 2,
  "n_samples": 1024,
  "order": 0,
  "seed": 789,
  "test_value_mse": 0.003882867516949773,
  "test_grad_mse": 0.17766134440898895,
  "test_hessian_mse": 0.0,
  "best_epoch": 490,
  "train_time_s": 6.086841821670532,
  "loss_history": [
    0.0014866911515127867,
    0.0014062053814996034,
    0.0012524583435151726,
    0.00130841598729603,
    0.0013266938040032983,
    0.001110088312998414,
    0.001426145259756595,
    0.001378312474116683,
    0.0011602327867876738,
    0.0011147794430144131
  ]
}