{
  "function_type": "trig",
  "n_dim": 10,
  "n_samples": 1024,
  "order": 0,
  "seed": 456,
  "test_value_mse": 6.715260982513428,
  "test_grad_mse": 6.545246601104736,
  "test_hessian_mse": 0.0,
  "best_epoch": 5,
  "train_time_s": 0.7004373073577881,
  "loss_history": [
    0.39410652965307236,
    0.3766757920384407,
    0.3457183316349983,
    0.2573642283678055,
    0.24776199460029602,
    0.22116686403751373,
    0.18826041743159294,
    0.2037290669977665,
    0.14841202646493912,
    0.17640278860926628
  ]
}