{
  "function_type": "trig",
  "n_dim": 10,
  "n_samples": 1024,
  "order": 2,
  "seed": 123,
  "test_value_mse": 4.408039569854736,
  "test_grad_mse": 4.271048069000244,
  "test_hessian_mse": 7.439958095550537,
  "best_epoch": 18,
  "train_time_s": 9.309688568115234,
  "loss_history": [
    0.599261537194252,
    0.5718143731355667,
    0.5827682614326477,
    0.5717754811048508,
    0.5784847438335419,
    0.5572871267795563,
    0.5669387429952621,
    0.5568226128816605,
    0.5398833453655243,
    0.5565822273492813
  ]
}