{
  "function_type": "trig",
  "n_dim": 2,
  "n_samples": 1024,
  "order": 1,
  "seed": 123,
  "test_value_mse": 2.1927066882199142e-06,
  "test_grad_mse": 3.6575347621692345e-05,
  "test_hessian_mse": 0.0,
  "best_epoch": 478,
  "train_time_s": 19.906814336776733,
  "loss_history": [
    2.6659262857720023e-05,
    2.892812381105614e-05,
    2.9793324756610673e-05,
    2.9415481549222022e-05,
    2.494059572200058e-05,
    2.878065515687922e-05,
    2.77150611509569e-05,
    2.5979695237765554e-05,
    2.877363294828683e-05,
    2.712386049097404e-05
  ]
}