{
  "function_type": "trig",
  "n_dim": 5,
  "n_samples": 1024,
  "order": 0,
  "seed": 789,
  "test_value_mse": 3.519153118133545,
  "test_grad_mse": 11.524020195007324,
  "test_hessian_mse": 0.0,
  "best_epoch": 10,
  "train_time_s": 0.7375054359436035,
  "loss_history": [
    2.8036510944366455,
    2.862199902534485,
    2.767051041126251,
    2.480990707874298,
    2.6289263367652893,
    2.5092565417289734,
    2.3821397721767426,
    2.58417809009552,
    2.5200008749961853,
    2.4045689404010773
  ]
}