{
  "function_type": "trig",
  "n_dim": 2,
  "n_samples": 1024,
  "order": 0,
  "seed": 456,
  "test_value_mse": 0.0013031444977968931,
  "test_grad_mse": 0.07134732604026794,
  "test_hessian_mse": 0.0,
  "best_epoch": 490,
  "train_time_s": 6.207428455352783,
  "loss_history": [
    0.0005146344119566493,
    0.0005544753657886758,
    0.0005372158193495125,
    0.0005215361234149896,
    0.0005079240072518587,
    0.0004962610255461186,
    0.0005075603112345561,
    0.00042889466567430645,
    0.0004665505257435143,
    0.0005063875287305564
  ]
}