{
  "function_type": "trig",
  "n_dim": 10,
  "n_samples": 1024,
  "order": 2,
  "seed": 1000,
  "test_value_mse": 7.713229656219482,
  "test_grad_mse": 4.558974742889404,
  "test_hessian_mse": 4.192895889282227,
  "best_epoch": 11,
  "train_time_s": 8.419883489608765,
  "loss_history": [
    0.7301746606826782,
    0.6969116479158401,
    0.6625970304012299,
    0.6335258632898331,
    0.6442943811416626,
    0.6424669325351715,
    0.6066751033067703,
    0.6163711547851562,
    0.6098096817731857,
    0.6038446873426437
  ]
}