region,sigma_star_dml_train,sigma_star_dml_da,delta_sigma_star,mean_log_ratio_sigma0_dml_train,mean_log_ratio_sigma0_dml_da,delta_mean_log_ratio_sigma0,std_log_ratio_sigma0_dml_train,std_log_ratio_sigma0_dml_da
interpolation,0.7090593199648565,0.7804448036520137,0.07138548368715725,-0.3511484263693553,-0.3363018087409712,0.014846617628384073,0.2592345076214241,0.1720190692054656
near_extrap,1.1570253291623462,3.0,1.8429746708376538,-0.2031156405272678,-0.6747629845623668,-0.471647344035099,0.1588219615620166,0.3798892889320003
far_extrap,0.0071059458789498,0.9805451806029156,0.9734392347239659,-0.0274566014029986,-0.0689477358566002,-0.0414911344536016,0.1138875054973352,0.0864515833541305
all,1.0134692556804332,1.1403700268740082,0.126900771193575,-0.0998481285642301,-0.2121055735739811,-0.112257445009751,0.1106706209094054,0.1028181678147001
