model,region,arm,sigma_star,status,mean_log_ratio_sigma0,std_log_ratio_sigma0,mean_log_ratio_max_sigma,n_seeds
siren,all,dml_da,1.1403700268740082,observed,-0.2121055735739811,0.10281816781470014,0.14418354470891853,5
siren,all,dml_train,1.0134692556804332,observed,-0.09984812856423012,0.11067062090940544,0.13443301746038616,5
siren,far_extrap,dml_da,0.9805451806029157,observed,-0.06894773585660029,0.08645158335413057,0.07420552286171538,5
siren,far_extrap,dml_train,0.007105945878949879,observed,-0.027456601402998698,0.1138875054973352,0.0449686618724696,5
siren,interpolation,dml_da,0.7804448036520137,observed,-0.33630180874097126,0.1720190692054656,0.7729441330201308,5
siren,interpolation,dml_train,0.7090593199648565,observed,-0.35114842636935534,0.25923450762142414,0.7212505904104761,5
siren,near_extrap,dml_da,3.0,right_censored,-0.6747629845623668,0.3798892889320003,-0.09318921010507739,5
siren,near_extrap,dml_train,1.1570253291623462,observed,-0.20311564052726788,0.1588219615620166,-0.008202555995934401,5
