{
  "method": "vanilla",
  "func_type": "poly_trig",
  "dim": 100,
  "n_samples": 4096,
  "noise_level": 0.0,
  "seed": 1024,
  "lambda": 1.0,
  "test_value_mse": 3.5947039127349854,
  "test_grad_mse": 1.4169731140136719,
  "best_epoch": 10,
  "n_epochs_actual": 0,
  "time_s": 3.8529880046844482
}