{
  "method": "dml_fixed",
  "func_type": "poly_trig",
  "dim": 50,
  "n_samples": 4096,
  "noise_level": 0.0,
  "seed": 456,
  "lambda": 1.0,
  "test_value_mse": 0.05756353959441185,
  "test_grad_mse": 0.01730983331799507,
  "best_epoch": 497,
  "n_epochs_actual": 0,
  "time_s": 58.524861097335815
}