{
  "method": "vanilla",
  "func_type": "poly_trig",
  "dim": 50,
  "n_samples": 4096,
  "noise_level": 0.0,
  "seed": 123,
  "lambda": 1.0,
  "test_value_mse": 1.5911811590194702,
  "test_grad_mse": 1.400103211402893,
  "best_epoch": 20,
  "n_epochs_actual": 0,
  "time_s": 9.555635213851929
}