{
  "method": "dml_fixed",
  "func_type": "poly_trig",
  "dim": 100,
  "n_samples": 4096,
  "noise_level": 0.0,
  "seed": 789,
  "lambda": 1.0,
  "test_value_mse": 0.6051600575447083,
  "test_grad_mse": 0.08635587245225906,
  "best_epoch": 493,
  "n_epochs_actual": 0,
  "time_s": 43.110480308532715
}