{
  "method": "dml_fixed",
  "func_type": "poly_trig",
  "dim": 50,
  "n_samples": 4096,
  "noise_level": 0.0,
  "seed": 42,
  "lambda": 1.0,
  "test_value_mse": 0.06141016259789467,
  "test_grad_mse": 0.021841831505298615,
  "best_epoch": 499,
  "n_epochs_actual": 0,
  "time_s": 62.98651838302612
}