{
  "method": "baseline_krr",
  "func_type": "poly_trig",
  "dim": 50,
  "n_samples": 1024,
  "noise_level": 0.0,
  "seed": 789,
  "lambda": 1.0,
  "test_value_mse": 2.03094220161438,
  "test_grad_mse": 0.7005138376735239,
  "time_s": 17.79484272003174
}