{
  "method": "baseline_rf",
  "func_type": "poly_trig",
  "dim": 100,
  "n_samples": 4096,
  "noise_level": 0.0,
  "seed": 789,
  "lambda": 1.0,
  "test_value_mse": 18.042723522032556,
  "test_grad_mse": 236.68492965907762,
  "time_s": 79.88789558410645
}