{
  "method": "baseline_krr",
  "func_type": "poly_trig",
  "dim": 100,
  "n_samples": 4096,
  "noise_level": 0.0,
  "seed": 42,
  "lambda": 1.0,
  "test_value_mse": 3.4989709854125977,
  "test_grad_mse": 1.5068183363987733,
  "time_s": 156.72592949867249
}