{
  "method": "baseline_krr",
  "func_type": "poly_trig",
  "dim": 50,
  "n_samples": 1024,
  "noise_level": 0.0,
  "seed": 1024,
  "lambda": 1.0,
  "test_value_mse": 2.2495217323303223,
  "test_grad_mse": 0.6496490603366963,
  "time_s": 7.481353998184204
}