{
  "method": "baseline_krr",
  "func_type": "poly_trig",
  "dim": 50,
  "n_samples": 1024,
  "noise_level": 0.0,
  "seed": 123,
  "lambda": 1.0,
  "test_value_mse": 2.4439549446105957,
  "test_grad_mse": 0.8409457673305916,
  "time_s": 16.092376470565796
}