{
  "method": "vanilla",
  "func_type": "poly_trig",
  "dim": 50,
  "n_samples": 1024,
  "noise_level": 0.0,
  "seed": 456,
  "lambda": 1.0,
  "test_value_mse": 1.6864250898361206,
  "test_grad_mse": 1.1626207828521729,
  "best_epoch": 29,
  "n_epochs_actual": 0,
  "time_s": 6.576997518539429
}