{
  "method": "dml_fixed",
  "func_type": "poly_trig",
  "dim": 50,
  "n_samples": 1024,
  "noise_level": 0.0,
  "seed": 42,
  "lambda": 1.0,
  "test_value_mse": 0.8598665595054626,
  "test_grad_mse": 0.25373387336730957,
  "best_epoch": 371,
  "n_epochs_actual": 0,
  "time_s": 36.048707485198975
}