{
  "method": "baseline_krr",
  "func_type": "poly_trig",
  "dim": 100,
  "n_samples": 4096,
  "noise_level": 0.0,
  "seed": 456,
  "lambda": 1.0,
  "test_value_mse": 2.844952344894409,
  "test_grad_mse": 1.1965411943990434,
  "time_s": 274.9302384853363
}