{
  "method": "baseline_rf",
  "func_type": "poly_trig",
  "dim": 100,
  "n_samples": 1024,
  "noise_level": 0.0,
  "seed": 1024,
  "lambda": 1.0,
  "test_value_mse": 25.06661733240387,
  "test_grad_mse": 568.775851267841,
  "time_s": 179.66830968856812
}