{
  "method": "vanilla",
  "func_type": "poly_trig",
  "dim": 100,
  "n_samples": 1024,
  "noise_level": 0.0,
  "seed": 42,
  "lambda": 1.0,
  "test_value_mse": 4.209453582763672,
  "test_grad_mse": 1.3191434144973755,
  "best_epoch": 23,
  "n_epochs_actual": 0,
  "time_s": 6.381211280822754
}