{
  "method": "vanilla",
  "func_type": "poly_trig",
  "dim": 50,
  "n_samples": 4096,
  "noise_level": 0.0,
  "seed": 1024,
  "lambda": 1.0,
  "test_value_mse": 1.345871925354004,
  "test_grad_mse": 1.3710063695907593,
  "best_epoch": 29,
  "n_epochs_actual": 0,
  "time_s": 7.602856874465942
}