{
  "method": "baseline_rf",
  "func_type": "poly_trig",
  "dim": 50,
  "n_samples": 4096,
  "noise_level": 0.0,
  "seed": 456,
  "lambda": 1.0,
  "test_value_mse": 6.029744526292101,
  "test_grad_mse": 948.1323340515987,
  "time_s": 62.85941290855408
}