{
  "method": "baseline_krr",
  "func_type": "poly_trig",
  "dim": 100,
  "n_samples": 1024,
  "noise_level": 0.0,
  "seed": 456,
  "lambda": 1.0,
  "test_value_mse": 4.924925804138184,
  "test_grad_mse": 0.7152531808218288,
  "time_s": 27.70700764656067
}