{
  "method": "baseline_rf",
  "func_type": "poly_trig",
  "dim": 50,
  "n_samples": 1024,
  "noise_level": 0.0,
  "seed": 789,
  "lambda": 1.0,
  "test_value_mse": 8.333644439424733,
  "test_grad_mse": 1.3081242632560308,
  "time_s": 80.59307289123535
}