{
  "method": "baseline_krr",
  "func_type": "trig",
  "dim": 100,
  "n_samples": 1024,
  "noise_level": 0.0,
  "seed": 1024,
  "lambda": 1.0,
  "test_value_mse": 81.15865325927734,
  "test_grad_mse": 8.628951150940482,
  "time_s": 11.601765394210815
}