{
  "method": "baseline_krr",
  "func_type": "trig",
  "dim": 50,
  "n_samples": 1024,
  "noise_level": 0.0,
  "seed": 789,
  "lambda": 1.0,
  "test_value_mse": 53.77830505371094,
  "test_grad_mse": 10.844290205720194,
  "time_s": 20.9934298992157
}