{
  "method": "vanilla",
  "func_type": "trig",
  "dim": 50,
  "n_samples": 1024,
  "noise_level": 0.0,
  "seed": 42,
  "lambda": 1.0,
  "test_value_mse": 41.61952209472656,
  "test_grad_mse": 6.7381134033203125,
  "best_epoch": 12,
  "n_epochs_actual": 0,
  "time_s": 2.3511626720428467
}