{
  "method": "baseline_rf",
  "func_type": "trig",
  "dim": 50,
  "n_samples": 1024,
  "noise_level": 0.0,
  "seed": 789,
  "lambda": 1.0,
  "test_value_mse": 50.17189259918537,
  "test_grad_mse": 15.877808196956162,
  "time_s": 85.77439713478088
}