{
  "method": "baseline_krr",
  "func_type": "trig",
  "dim": 100,
  "n_samples": 1024,
  "noise_level": 0.0,
  "seed": 123,
  "lambda": 1.0,
  "test_value_mse": 96.0310287475586,
  "test_grad_mse": 7.9520331164275175,
  "time_s": 12.487723350524902
}