{
  "method": "vanilla",
  "func_type": "trig",
  "dim": 50,
  "n_samples": 1024,
  "noise_level": 0.0,
  "seed": 1024,
  "lambda": 1.0,
  "test_value_mse": 35.93158721923828,
  "test_grad_mse": 9.663986206054688,
  "best_epoch": 8,
  "n_epochs_actual": 0,
  "time_s": 4.663047790527344
}