{
  "method": "baseline_krr",
  "func_type": "trig",
  "dim": 50,
  "n_samples": 4096,
  "noise_level": 0.0,
  "seed": 42,
  "lambda": 1.0,
  "test_value_mse": 40.02322006225586,
  "test_grad_mse": 6.634310953362565,
  "time_s": 72.22499394416809
}