{
  "method": "vanilla",
  "func_type": "trig",
  "dim": 50,
  "n_samples": 4096,
  "noise_level": 0.0,
  "seed": 42,
  "lambda": 1.0,
  "test_value_mse": 38.21540451049805,
  "test_grad_mse": 6.636438846588135,
  "best_epoch": 5,
  "n_epochs_actual": 0,
  "time_s": 8.69262957572937
}