{
  "method": "dml_fixed",
  "func_type": "trig",
  "dim": 100,
  "n_samples": 4096,
  "noise_level": 0.0,
  "seed": 1024,
  "lambda": 1.0,
  "test_value_mse": 85.20362091064453,
  "test_grad_mse": 8.463361740112305,
  "best_epoch": 6,
  "n_epochs_actual": 0,
  "time_s": 8.224164009094238
}