{
  "method": "vanilla",
  "func_type": "trig",
  "dim": 50,
  "n_samples": 4096,
  "noise_level": 0.0,
  "seed": 789,
  "lambda": 1.0,
  "test_value_mse": 50.69847869873047,
  "test_grad_mse": 10.898436546325684,
  "best_epoch": 5,
  "n_epochs_actual": 0,
  "time_s": 3.578085422515869
}