{
  "method": "baseline_krr",
  "func_type": "trig",
  "dim": 50,
  "n_samples": 4096,
  "noise_level": 0.0,
  "seed": 789,
  "lambda": 1.0,
  "test_value_mse": 54.02421569824219,
  "test_grad_mse": 10.89727553459359,
  "time_s": 240.49426770210266
}