{
  "method": "dml_fixed",
  "func_type": "trig",
  "dim": 100,
  "n_samples": 1024,
  "noise_level": 0.0,
  "seed": 123,
  "lambda": 1.0,
  "test_value_mse": 88.1863784790039,
  "test_grad_mse": 7.916043281555176,
  "best_epoch": 13,
  "n_epochs_actual": 0,
  "time_s": 2.062770366668701
}