{
  "method": "baseline_krr",
  "func_type": "trig",
  "dim": 100,
  "n_samples": 1024,
  "noise_level": 0.0,
  "seed": 42,
  "lambda": 1.0,
  "test_value_mse": 91.96148681640625,
  "test_grad_mse": 7.396063980069178,
  "time_s": 13.864480018615723
}