{
  "method": "baseline_rf",
  "func_type": "trig",
  "dim": 100,
  "n_samples": 1024,
  "noise_level": 0.0,
  "seed": 456,
  "lambda": 1.0,
  "test_value_mse": 87.89705429159565,
  "test_grad_mse": 1974.2852347647138,
  "time_s": 6.748695611953735
}