{
  "method": "dml_fixed",
  "func_type": "trig",
  "dim": 100,
  "n_samples": 4096,
  "noise_level": 0.0,
  "seed": 123,
  "lambda": 1.0,
  "test_value_mse": 87.98871612548828,
  "test_grad_mse": 7.841228008270264,
  "best_epoch": 6,
  "n_epochs_actual": 0,
  "time_s": 4.0394675731658936
}