{
  "method": "vanilla",
  "func_type": "trig",
  "dim": 50,
  "n_samples": 4096,
  "noise_level": 0.0,
  "seed": 123,
  "lambda": 1.0,
  "test_value_mse": 36.892982482910156,
  "test_grad_mse": 6.696926116943359,
  "best_epoch": 5,
  "n_epochs_actual": 0,
  "time_s": 7.552193641662598
}