{
  "method": "baseline_rf",
  "func_type": "trig",
  "dim": 100,
  "n_samples": 4096,
  "noise_level": 0.0,
  "seed": 42,
  "lambda": 1.0,
  "test_value_mse": 79.89792713595314,
  "test_grad_mse": 190.61581098343186,
  "time_s": 25.05604076385498
}