{
  "method": "vanilla",
  "func_type": "trig",
  "dim": 100,
  "n_samples": 4096,
  "noise_level": 0.0,
  "seed": 1024,
  "lambda": 1.0,
  "test_value_mse": 77.99122619628906,
  "test_grad_mse": 8.521576881408691,
  "best_epoch": 2,
  "n_epochs_actual": 0,
  "time_s": 5.6134161949157715
}