{
  "method": "vanilla",
  "func_type": "trig",
  "dim": 100,
  "n_samples": 1024,
  "noise_level": 0.0,
  "seed": 789,
  "lambda": 1.0,
  "test_value_mse": 94.21644592285156,
  "test_grad_mse": 10.623201370239258,
  "best_epoch": 7,
  "n_epochs_actual": 0,
  "time_s": 1.767549753189087
}