{
  "method": "baseline_rf",
  "func_type": "trig",
  "dim": 50,
  "n_samples": 1024,
  "noise_level": 0.0,
  "seed": 123,
  "lambda": 1.0,
  "test_value_mse": 41.646253860155554,
  "test_grad_mse": 1907.5688436882,
  "time_s": 4.927472829818726
}