{
  "method": "vanilla",
  "func_type": "trig",
  "dim": 100,
  "n_samples": 4096,
  "noise_level": 0.0,
  "seed": 42,
  "lambda": 1.0,
  "test_value_mse": 85.28551483154297,
  "test_grad_mse": 7.403952598571777,
  "best_epoch": 3,
  "n_epochs_actual": 0,
  "time_s": 3.4083251953125
}