{
  "method": "baseline_rf",
  "func_type": "trig",
  "dim": 100,
  "n_samples": 4096,
  "noise_level": 0.0,
  "seed": 123,
  "lambda": 1.0,
  "test_value_mse": 83.2231986305196,
  "test_grad_mse": 5022.373786239236,
  "time_s": 36.448169231414795
}