{
  "method": "dml_fixed",
  "func_type": "trig",
  "dim": 50,
  "n_samples": 4096,
  "noise_level": 0.0,
  "seed": 789,
  "lambda": 1.0,
  "test_value_mse": 53.81185531616211,
  "test_grad_mse": 10.827762603759766,
  "best_epoch": 8,
  "n_epochs_actual": 0,
  "time_s": 4.329221963882446
}