{
  "n_monitor": 16,
  "summary": {
    "vanilla": {
      "n_seeds": 5,
      "value_mse_mean": 1.659941896026012,
      "value_mse_std": 1.3095331754363368,
      "grad_mse_mean": 0.016900931849190816,
      "grad_mse_std": 0.0088718766370124
    },
    "dml_fixed": {
      "n_seeds": 5,
      "value_mse_mean": 9.989765271934965,
      "value_mse_std": 2.152267849152183,
      "grad_mse_mean": 0.017988648193736193,
      "grad_mse_std": 0.001964292803961008
    },
    "dml_warmup": {
      "n_seeds": 5,
      "value_mse_mean": 8.896396444590733,
      "value_mse_std": 3.8940233885192534,
      "grad_mse_mean": 0.01935126035387028,
      "grad_mse_std": 0.005326979768868101
    },
    "dml_lrm_fixed": {
      "n_seeds": 5,
      "value_mse_mean": 2.8694740443998095,
      "value_mse_std": 1.911314205421015,
      "grad_mse_mean": 0.015322573738858838,
      "grad_mse_std": 0.008608218548553054
    },
    "dml_lrm_warmup": {
      "n_seeds": 5,
      "value_mse_mean": 2.153182097927135,
      "value_mse_std": 0.7104720485100502,
      "grad_mse_mean": 0.015480037808037181,
      "grad_mse_std": 0.005285613470187238
    },
    "dml_fuzzy_fixed": {
      "n_seeds": 5,
      "value_mse_mean": 1.779827573056752,
      "value_mse_std": 1.4414999750554567,
      "grad_mse_mean": 0.006082987668381655,
      "grad_mse_std": 0.0005405420376837501
    },
    "dml_fuzzy_warmup": {
      "n_seeds": 5,
      "value_mse_mean": 0.31625548223957917,
      "value_mse_std": 0.15803743154895128,
      "grad_mse_mean": 0.0073833238643488145,
      "grad_mse_std": 0.0018352499142546047
    }
  },
  "polynomial": {
    "1": {
      "val_mse": 16.811109407950696,
      "delta_mse": 0.10976432593223269
    },
    "2": {
      "val_mse": 1.526596411452832,
      "delta_mse": 0.02309356759583754
    },
    "3": {
      "val_mse": 0.15965538194993031,
      "delta_mse": 0.010584930682288274
    },
    "4": {
      "val_mse": 0.15806079686616742,
      "delta_mse": 0.010786800316844203
    },
    "5": {
      "val_mse": 0.05339701360484838,
      "delta_mse": 0.007129509130038204
    },
    "6": {
      "val_mse": 0.024182789060697808,
      "delta_mse": 0.005757711177623752
    }
  }
}