{
  "method": "dml_fuzzy_warmup",
  "seed": 456,
  "n_monitor": 16,
  "test_value_mse": 0.4898511845377729,
  "test_grad_mse": 0.007863010318022891,
  "best_epoch": 250,
  "time_s": 8.46,
  "data_gen_s": 0.01
}