{
  "method": "dml_fuzzy_fixed",
  "seed": 123,
  "n_monitor": 16,
  "test_value_mse": 0.48800950955067507,
  "test_grad_mse": 0.005349170648047089,
  "best_epoch": 46,
  "time_s": 13.36,
  "data_gen_s": 0.02
}