{
  "method": "dml_lrm_fixed",
  "seed": 456,
  "n_monitor": 16,
  "test_value_mse": 1.127574118389732,
  "test_grad_mse": 0.011099245758211338,
  "best_epoch": 32,
  "time_s": 10.91,
  "data_gen_s": 0.01
}