{
  "method": "dml_fixed",
  "seed": 1337,
  "n_monitor": 16,
  "test_value_mse": 8.283595384507178,
  "test_grad_mse": 0.016664198291806556,
  "best_epoch": 19,
  "time_s": 11.08,
  "data_gen_s": 0.01
}