{
  "method": "dml_fuzzy_warmup",
  "seed": 123,
  "n_monitor": 16,
  "test_value_mse": 0.13560449070577188,
  "test_grad_mse": 0.005113004260514409,
  "best_epoch": 318,
  "time_s": 15.52,
  "data_gen_s": 0.01
}