{
  "method": "dml_relobralo",
  "func_type": "poly_trig",
  "dim": 100,
  "n_samples": 4096,
  "noise_level": 0.0,
  "seed": 42,
  "lambda": 1.0,
  "test_value_mse": 3.534869909286499,
  "test_grad_mse": 0.7277153134346008,
  "best_epoch": 11,
  "time_s": 6.94597053527832,
  "n_epochs_actual": 62,
  "key": "poly_trig_d100_n4096_noise0.0_s42_dml_relobralo",
  "timestamp": "2026-04-26T08:03:25.440931"
}