{
  "method": "baseline_gp",
  "func_type": "poly_trig",
  "dim": 20,
  "n_samples": 256,
  "noise_level": 0.0,
  "seed": 789,
  "lambda": 1.0,
  "test_value_mse": 0.5142062712199335,
  "test_grad_mse": 0.7184504325301682,
  "time_s": 1.4404990673065186,
  "key": "poly_trig_d20_n256_noise0.0_s789_baseline_gp",
  "timestamp": "2026-04-06T03:44:15.206127"
}