{
  "method": "vanilla",
  "func_type": "poly_trig",
  "dim": 10,
  "n_samples": 1024,
  "noise_level": 0.0,
  "seed": 1000,
  "lambda": 1.0,
  "test_value_mse": 0.08976776152849197,
  "test_grad_mse": 0.20888549089431763,
  "best_epoch": 300,
  "time_s": 7.196686267852783,
  "n_epochs_actual": 351,
  "key": "poly_trig_d10_n1024_noise0.0_s1000_vanilla",
  "timestamp": "2026-04-06T03:01:56.512227"
}