{
  "method": "dml_gradnorm",
  "func_type": "poly_trig",
  "dim": 100,
  "n_samples": 1024,
  "noise_level": 0.0,
  "seed": 1000,
  "lambda": 1.0,
  "test_value_mse": 3.946767807006836,
  "test_grad_mse": 0.41042324900627136,
  "best_epoch": 499,
  "time_s": 31.57070779800415,
  "n_epochs_actual": 500,
  "key": "poly_trig_d100_n1024_noise0.0_s1000_dml_gradnorm",
  "timestamp": "2026-04-06T04:52:59.328323"
}