{
  "method": "dml_gradnorm",
  "func_type": "poly_trig",
  "dim": 50,
  "n_samples": 256,
  "noise_level": 0.0,
  "seed": 789,
  "lambda": 1.0,
  "test_value_mse": 1.087401270866394,
  "test_grad_mse": 0.3821184039115906,
  "best_epoch": 487,
  "time_s": 12.600686073303223,
  "n_epochs_actual": 500,
  "key": "poly_trig_d50_n256_noise0.0_s789_dml_gradnorm",
  "timestamp": "2026-04-06T04:30:51.732410"
}