{
  "method": "baseline_rf",
  "func_type": "poly_trig",
  "dim": 5,
  "n_samples": 1024,
  "noise_level": 0.0,
  "seed": 1000,
  "lambda": 1.0,
  "test_value_mse": 0.09861643847436431,
  "test_grad_mse": 37.28123740188929,
  "time_s": 2.274681329727173,
  "key": "poly_trig_d5_n1024_noise0.0_s1000_baseline_rf",
  "timestamp": "2026-04-06T02:17:47.985643"
}