{
  "method": "baseline_rf",
  "func_type": "poly_trig",
  "dim": 2,
  "n_samples": 4096,
  "noise_level": 0.0,
  "seed": 456,
  "lambda": 1.0,
  "test_value_mse": 0.0001041147351525815,
  "test_grad_mse": 113.07803483702634,
  "time_s": 1.4346513748168945,
  "key": "poly_trig_d2_n4096_noise0.0_s456_baseline_rf",
  "timestamp": "2026-04-06T01:46:49.017013"
}