{
  "method": "baseline_rf",
  "func_type": "poly_trig",
  "dim": 2,
  "n_samples": 1024,
  "noise_level": 0.0,
  "seed": 123,
  "lambda": 1.0,
  "test_value_mse": 0.0021454444525397473,
  "test_grad_mse": 290.05149229258296,
  "time_s": 1.1816084384918213,
  "key": "poly_trig_d2_n1024_noise0.0_s123_baseline_rf",
  "timestamp": "2026-04-06T01:22:10.754209"
}