{
  "method": "dml_fixed",
  "func_type": "poly_trig",
  "dim": 20,
  "n_samples": 256,
  "noise_level": 0.0,
  "seed": 456,
  "lambda": 1.0,
  "test_value_mse": 0.25833824276924133,
  "test_grad_mse": 0.09962815791368484,
  "best_epoch": 499,
  "time_s": 13.74776315689087,
  "n_epochs_actual": 500,
  "key": "poly_trig_d20_n256_noise0.0_s456_dml_fixed",
  "timestamp": "2026-04-06T03:43:23.230969"
}