{
  "method": "dml_relobralo",
  "func_type": "poly_trig",
  "dim": 2,
  "n_samples": 4096,
  "noise_level": 0.0,
  "seed": 123,
  "lambda": 1.0,
  "test_value_mse": 6.93212314217817e-08,
  "test_grad_mse": 4.619865194399608e-06,
  "best_epoch": 368,
  "time_s": 27.662176370620728,
  "n_epochs_actual": 419,
  "key": "poly_trig_d2_n4096_noise0.0_s123_dml_relobralo",
  "timestamp": "2026-04-26T07:40:29.241077"
}