{
  "method": "vanilla",
  "func_type": "poly_trig",
  "dim": 50,
  "n_samples": 4096,
  "noise_level": 0.0,
  "seed": 123,
  "lambda": 1.0,
  "test_value_mse": 1.6914869546890259,
  "test_grad_mse": 0.7080435156822205,
  "best_epoch": 25,
  "time_s": 5.299843788146973,
  "n_epochs_actual": 76,
  "key": "poly_trig_d50_n4096_noise0.0_s123_vanilla",
  "timestamp": "2026-04-06T04:37:55.802118"
}