{
  "method": "vanilla",
  "func_type": "poly_trig",
  "dim": 50,
  "n_samples": 1024,
  "noise_level": 0.0,
  "seed": 123,
  "lambda": 1.0,
  "test_value_mse": 2.1280088424682617,
  "test_grad_mse": 0.8267926573753357,
  "best_epoch": 32,
  "time_s": 3.382833242416382,
  "n_epochs_actual": 83,
  "key": "poly_trig_d50_n1024_noise0.0_s123_vanilla",
  "timestamp": "2026-04-06T04:32:14.101597"
}