{
  "method": "dml_relobralo",
  "func_type": "poly_trig",
  "dim": 100,
  "n_samples": 256,
  "noise_level": 0.0,
  "seed": 456,
  "lambda": 1.0,
  "test_value_mse": 4.630147933959961,
  "test_grad_mse": 0.6599496603012085,
  "best_epoch": 201,
  "time_s": 4.6155102252960205,
  "n_epochs_actual": 252,
  "key": "poly_trig_d100_n256_noise0.0_s456_dml_relobralo",
  "timestamp": "2026-04-26T08:02:15.711665"
}