{
  "method": "vanilla",
  "func_type": "poly_trig",
  "dim": 50,
  "n_samples": 256,
  "noise_level": 0.0,
  "seed": 42,
  "lambda": 1.0,
  "test_value_mse": 2.5675241947174072,
  "test_grad_mse": 0.8008355498313904,
  "best_epoch": 53,
  "time_s": 2.4114062786102295,
  "n_epochs_actual": 104,
  "key": "poly_trig_d50_n256_noise0.0_s42_vanilla",
  "timestamp": "2026-04-06T04:29:08.276804"
}