{
  "method": "dml_gradnorm",
  "func_type": "poly_trig",
  "dim": 2,
  "n_samples": 256,
  "noise_level": 0.0,
  "seed": 456,
  "lambda": 1.0,
  "test_value_mse": 9.672289706941228e-07,
  "test_grad_mse": 0.0001437009050277993,
  "best_epoch": 499,
  "time_s": 19.766135692596436,
  "n_epochs_actual": 500,
  "key": "poly_trig_d2_n256_noise0.0_s456_dml_gradnorm",
  "timestamp": "2026-04-06T01:17:03.169517"
}