{
  "method": "baseline_rf",
  "func_type": "poly_trig",
  "dim": 5,
  "n_samples": 4096,
  "noise_level": 0.0,
  "seed": 42,
  "lambda": 1.0,
  "test_value_mse": 0.03521824402342018,
  "test_grad_mse": 45.55677842170291,
  "time_s": 2.8997020721435547,
  "key": "poly_trig_d5_n4096_noise0.0_s42_baseline_rf",
  "timestamp": "2026-04-06T02:22:47.909576"
}