{
  "method": "vanilla",
  "func_type": "poly_trig",
  "dim": 100,
  "n_samples": 256,
  "noise_level": 0.0,
  "seed": 789,
  "lambda": 1.0,
  "test_value_mse": 6.455741882324219,
  "test_grad_mse": 0.700385332107544,
  "best_epoch": 38,
  "time_s": 3.525209426879883,
  "n_epochs_actual": 89,
  "key": "poly_trig_d100_n256_noise0.0_s789_vanilla",
  "timestamp": "2026-04-06T04:47:25.094802"
}