{
  "method": "dml_fixed",
  "func_type": "poly_trig",
  "dim": 10,
  "n_samples": 4096,
  "noise_level": 0.0,
  "seed": 123,
  "lambda": 1.0,
  "test_value_mse": 0.00029643598827533424,
  "test_grad_mse": 0.0010178479133173823,
  "best_epoch": 488,
  "time_s": 29.38554096221924,
  "n_epochs_actual": 500,
  "key": "poly_trig_d10_n4096_noise0.0_s123_dml_fixed",
  "timestamp": "2026-04-06T03:10:14.828474"
}