{
  "method": "dml_relobralo",
  "func_type": "poly_trig",
  "dim": 2,
  "n_samples": 1024,
  "noise_level": 0.0,
  "seed": 1000,
  "lambda": 1.0,
  "test_value_mse": 2.1397121940935904e-07,
  "test_grad_mse": 1.5726142009953037e-05,
  "best_epoch": 498,
  "time_s": 14.668687105178833,
  "n_epochs_actual": 500,
  "key": "poly_trig_d2_n1024_noise0.0_s1000_dml_relobralo",
  "timestamp": "2026-04-26T07:39:52.437783"
}