{
  "method": "dml_gradnorm",
  "func_type": "poly_trig",
  "dim": 50,
  "n_samples": 4096,
  "noise_level": 0.0,
  "seed": 42,
  "lambda": 1.0,
  "test_value_mse": 0.10511237382888794,
  "test_grad_mse": 0.027743062004446983,
  "best_epoch": 492,
  "time_s": 73.99211096763611,
  "n_epochs_actual": 500,
  "key": "poly_trig_d50_n4096_noise0.0_s42_dml_gradnorm",
  "timestamp": "2026-04-06T04:37:42.184559"
}