{
  "method": "dml_gradnorm",
  "func_type": "poly_trig",
  "dim": 20,
  "n_samples": 1024,
  "noise_level": 0.0,
  "seed": 1000,
  "lambda": 1.0,
  "test_value_mse": 0.02936364896595478,
  "test_grad_mse": 0.025706522166728973,
  "best_epoch": 492,
  "time_s": 28.64192509651184,
  "n_epochs_actual": 500,
  "key": "poly_trig_d20_n1024_noise0.0_s1000_dml_gradnorm",
  "timestamp": "2026-04-06T03:51:51.835705"
}