{
  "method": "dml_fixed",
  "func_type": "poly_trig",
  "dim": 50,
  "n_samples": 4096,
  "noise_level": 0.0,
  "seed": 42,
  "lambda": 1.0,
  "test_value_mse": 0.13215965032577515,
  "test_grad_mse": 0.03943730518221855,
  "best_epoch": 492,
  "time_s": 34.52952027320862,
  "n_epochs_actual": 500,
  "key": "poly_trig_d50_n4096_noise0.0_s42_dml_fixed",
  "timestamp": "2026-04-06T04:36:28.191914"
}