{
  "method": "baseline_gp",
  "func_type": "poly_trig",
  "dim": 20,
  "n_samples": 4096,
  "noise_level": 0.0,
  "seed": 42,
  "lambda": 1.0,
  "test_value_mse": 0.0016792890422979263,
  "test_grad_mse": 0.003181048254825046,
  "time_s": 215.01349306106567,
  "key": "poly_trig_d20_n4096_noise0.0_s42_baseline_gp",
  "timestamp": "2026-04-06T03:58:30.966552"
}