{
  "method": "baseline_rf",
  "func_type": "poly_trig",
  "dim": 20,
  "n_samples": 4096,
  "noise_level": 0.0,
  "seed": 456,
  "lambda": 1.0,
  "test_value_mse": 1.372932342785453,
  "test_grad_mse": 593.3531678274977,
  "time_s": 8.36880874633789,
  "key": "poly_trig_d20_n4096_noise0.0_s456_baseline_rf",
  "timestamp": "2026-04-06T04:15:23.253738"
}