{
  "method": "dml_fixed",
  "func_type": "poly_trig",
  "dim": 2,
  "n_samples": 4096,
  "noise_level": 0.0,
  "seed": 1000,
  "lambda": 1.0,
  "test_value_mse": 4.9167688587203884e-08,
  "test_grad_mse": 4.279135282558855e-06,
  "best_epoch": 490,
  "time_s": 26.565526485443115,
  "n_epochs_actual": 500,
  "key": "poly_trig_d2_n4096_noise0.0_s1000_dml_fixed",
  "timestamp": "2026-04-06T01:53:56.999207"
}