{
  "method": "baseline_gp",
  "func_type": "poly_trig",
  "dim": 10,
  "n_samples": 1024,
  "noise_level": 0.0,
  "seed": 123,
  "lambda": 1.0,
  "test_value_mse": 0.0008264470727851976,
  "test_grad_mse": 0.003778378927091948,
  "time_s": 75.03899192810059,
  "key": "poly_trig_d10_n1024_noise0.0_s123_baseline_gp",
  "timestamp": "2026-04-06T02:54:53.887360"
}