{
  "method": "dml_relobralo",
  "func_type": "poly_trig",
  "dim": 100,
  "n_samples": 256,
  "noise_level": 0.0,
  "seed": 42,
  "lambda": 1.0,
  "test_value_mse": 7.573566913604736,
  "test_grad_mse": 0.7626029253005981,
  "best_epoch": 130,
  "time_s": 3.7153730392456055,
  "n_epochs_actual": 181,
  "key": "poly_trig_d100_n256_noise0.0_s42_dml_relobralo",
  "timestamp": "2026-04-26T08:01:55.112802"
}