{
  "method": "dml_relobralo",
  "func_type": "poly_trig",
  "dim": 100,
  "n_samples": 4096,
  "noise_level": 0.0,
  "seed": 1000,
  "lambda": 1.0,
  "test_value_mse": 4.9190354347229,
  "test_grad_mse": 0.7173445820808411,
  "best_epoch": 34,
  "time_s": 6.2335569858551025,
  "n_epochs_actual": 85,
  "key": "poly_trig_d100_n4096_noise0.0_s1000_dml_relobralo",
  "timestamp": "2026-04-26T08:04:02.141038"
}