{
  "method": "baseline_krr",
  "func_type": "poly_trig",
  "dim": 20,
  "n_samples": 1024,
  "noise_level": 0.0,
  "seed": 789,
  "lambda": 1.0,
  "test_value_mse": 0.6927568912506104,
  "test_grad_mse": 0.7648060752330652,
  "time_s": 1.1356675624847412,
  "key": "poly_trig_d20_n1024_noise0.0_s789_baseline_krr",
  "timestamp": "2026-04-06T03:50:57.493969"
}