{
  "method": "dml_fixed",
  "func_type": "poly_trig",
  "dim": 20,
  "n_samples": 4096,
  "noise_level": 0.0,
  "seed": 456,
  "lambda": 1.0,
  "test_value_mse": 0.002420816570520401,
  "test_grad_mse": 0.003098718822002411,
  "best_epoch": 499,
  "time_s": 27.043346881866455,
  "n_epochs_actual": 500,
  "key": "poly_trig_d20_n4096_noise0.0_s456_dml_fixed",
  "timestamp": "2026-04-06T04:08:15.142480"
}