{
  "method": "vanilla",
  "func_type": "poly_trig",
  "dim": 50,
  "n_samples": 4096,
  "noise_level": 0.0,
  "seed": 789,
  "lambda": 1.0,
  "test_value_mse": 1.231939435005188,
  "test_grad_mse": 0.49830272793769836,
  "best_epoch": 49,
  "time_s": 6.788286209106445,
  "n_epochs_actual": 100,
  "key": "poly_trig_d50_n4096_noise0.0_s789_vanilla",
  "timestamp": "2026-04-06T04:41:44.546734"
}