{
  "method": "dml_fixed",
  "func_type": "poly_trig",
  "dim": 5,
  "n_samples": 256,
  "noise_level": 0.0,
  "seed": 456,
  "lambda": 1.0,
  "test_value_mse": 0.0002809775760397315,
  "test_grad_mse": 0.0023670957889407873,
  "best_epoch": 499,
  "time_s": 8.35168194770813,
  "n_epochs_actual": 500,
  "key": "poly_trig_d5_n256_noise0.0_s456_dml_fixed",
  "timestamp": "2026-04-06T02:07:23.085133"
}