{
  "method": "vanilla",
  "func_type": "poly_trig",
  "dim": 100,
  "n_samples": 256,
  "noise_level": 0.0,
  "seed": 456,
  "lambda": 1.0,
  "test_value_mse": 9.531576156616211,
  "test_grad_mse": 0.7912586331367493,
  "best_epoch": 67,
  "time_s": 3.8760862350463867,
  "n_epochs_actual": 118,
  "key": "poly_trig_d100_n256_noise0.0_s456_vanilla",
  "timestamp": "2026-04-06T04:46:50.936647"
}