{
  "method": "dml_fixed",
  "func_type": "poly_trig",
  "dim": 2,
  "n_samples": 4096,
  "noise_level": 0.0,
  "seed": 456,
  "lambda": 1.0,
  "test_value_mse": 5.6602797116056536e-08,
  "test_grad_mse": 3.789102720475057e-06,
  "best_epoch": 492,
  "time_s": 33.4229040145874,
  "n_epochs_actual": 500,
  "key": "poly_trig_d2_n4096_noise0.0_s456_dml_fixed",
  "timestamp": "2026-04-06T01:41:41.051624"
}