{
  "method": "dml_gradnorm",
  "func_type": "poly_trig",
  "dim": 10,
  "n_samples": 1024,
  "noise_level": 0.0,
  "seed": 123,
  "lambda": 1.0,
  "test_value_mse": 0.002796819666400552,
  "test_grad_mse": 0.009059764444828033,
  "best_epoch": 496,
  "time_s": 28.038931369781494,
  "n_epochs_actual": 500,
  "key": "poly_trig_d10_n1024_noise0.0_s123_dml_gradnorm",
  "timestamp": "2026-04-06T02:53:22.894209"
}