{
  "method": "dml_gradnorm",
  "func_type": "poly_trig",
  "dim": 20,
  "n_samples": 4096,
  "noise_level": 0.0,
  "seed": 123,
  "lambda": 1.0,
  "test_value_mse": 0.003268722677603364,
  "test_grad_mse": 0.003888682695105672,
  "best_epoch": 499,
  "time_s": 66.38550019264221,
  "n_epochs_actual": 500,
  "key": "poly_trig_d20_n4096_noise0.0_s123_dml_gradnorm",
  "timestamp": "2026-04-06T04:00:26.989286"
}