{
  "method": "dml_fixed",
  "func_type": "poly_trig",
  "dim": 5,
  "n_samples": 4096,
  "noise_level": 0.0,
  "seed": 789,
  "lambda": 1.0,
  "test_value_mse": 6.990635483816732e-06,
  "test_grad_mse": 9.217899787472561e-05,
  "best_epoch": 496,
  "time_s": 27.66251277923584,
  "n_epochs_actual": 500,
  "key": "poly_trig_d5_n4096_noise0.0_s789_dml_fixed",
  "timestamp": "2026-04-06T02:36:35.632342"
}