{
  "method": "dml_fixed",
  "func_type": "poly_trig",
  "dim": 10,
  "n_samples": 256,
  "noise_level": 0.0,
  "seed": 789,
  "lambda": 1.0,
  "test_value_mse": 0.009134287014603615,
  "test_grad_mse": 0.024785129353404045,
  "best_epoch": 199,
  "time_s": 4.309114456176758,
  "n_epochs_actual": 250,
  "key": "poly_trig_d10_n256_noise0.0_s789_dml_fixed",
  "timestamp": "2026-04-06T02:49:53.379890"
}