{
  "method": "dml_fixed",
  "func_type": "poly_trig",
  "dim": 20,
  "n_samples": 1024,
  "noise_level": 0.0,
  "seed": 789,
  "lambda": 1.0,
  "test_value_mse": 0.026007158681750298,
  "test_grad_mse": 0.023632289841771126,
  "best_epoch": 497,
  "time_s": 11.942341566085815,
  "n_epochs_actual": 500,
  "key": "poly_trig_d20_n1024_noise0.0_s789_dml_fixed",
  "timestamp": "2026-04-06T03:50:02.114499"
}