{
  "method": "baseline_gp",
  "func_type": "poly_trig",
  "dim": 20,
  "n_samples": 256,
  "noise_level": 0.0,
  "seed": 456,
  "lambda": 1.0,
  "test_value_mse": 0.6172821462126291,
  "test_grad_mse": 0.6658894014749427,
  "time_s": 2.0339853763580322,
  "key": "poly_trig_d20_n256_noise0.0_s456_baseline_gp",
  "timestamp": "2026-04-06T03:43:49.707006"
}