{
  "method": "dml_gradnorm",
  "func_type": "poly_trig",
  "dim": 20,
  "n_samples": 1024,
  "noise_level": 0.0,
  "seed": 42,
  "lambda": 1.0,
  "test_value_mse": 0.04975922778248787,
  "test_grad_mse": 0.04956470802426338,
  "best_epoch": 497,
  "time_s": 27.46152377128601,
  "n_epochs_actual": 500,
  "key": "poly_trig_d20_n1024_noise0.0_s42_dml_gradnorm",
  "timestamp": "2026-04-06T03:45:52.348258"
}