{
  "method": "vanilla",
  "func_type": "poly_trig",
  "dim": 100,
  "n_samples": 256,
  "noise_level": 0.0,
  "seed": 42,
  "lambda": 1.0,
  "test_value_mse": 10.875200271606445,
  "test_grad_mse": 0.8797367215156555,
  "best_epoch": 70,
  "time_s": 3.147914409637451,
  "n_epochs_actual": 121,
  "key": "poly_trig_d100_n256_noise0.0_s42_vanilla",
  "timestamp": "2026-04-06T04:45:55.151938"
}