{
  "method": "dml_relobralo",
  "func_type": "poly_trig",
  "dim": 20,
  "n_samples": 4096,
  "noise_level": 0.0,
  "seed": 42,
  "lambda": 1.0,
  "test_value_mse": 0.009577274322509766,
  "test_grad_mse": 0.01296060997992754,
  "best_epoch": 498,
  "time_s": 82.4224145412445,
  "n_epochs_actual": 500,
  "key": "poly_trig_d20_n4096_noise0.0_s42_dml_relobralo",
  "timestamp": "2026-04-26T07:56:59.195829"
}