{
  "method": "baseline_krr",
  "func_type": "poly_trig",
  "dim": 2,
  "n_samples": 1024,
  "noise_level": 0.0,
  "seed": 42,
  "lambda": 1.0,
  "test_value_mse": 0.007941165938973427,
  "test_grad_mse": 0.1987031505612911,
  "time_s": 2.803107738494873,
  "key": "poly_trig_d2_n1024_noise0.0_s42_baseline_krr",
  "timestamp": "2026-04-06T01:20:38.418707"
}