{
  "method": "dml_relobralo",
  "func_type": "poly_trig",
  "dim": 5,
  "n_samples": 4096,
  "noise_level": 0.0,
  "seed": 42,
  "lambda": 1.0,
  "test_value_mse": 1.16365145004238e-05,
  "test_grad_mse": 0.00022400595480576158,
  "best_epoch": 489,
  "time_s": 29.980703830718994,
  "n_epochs_actual": 500,
  "key": "poly_trig_d5_n4096_noise0.0_s42_dml_relobralo",
  "timestamp": "2026-04-26T07:44:21.407182"
}