{
  "method": "dml_fixed",
  "func_type": "poly_trig",
  "dim": 2,
  "n_samples": 4096,
  "noise_level": 0.0,
  "seed": 42,
  "lambda": 1.0,
  "test_value_mse": 4.453329793818739e-08,
  "test_grad_mse": 3.888094397552777e-06,
  "best_epoch": 499,
  "time_s": 27.939127206802368,
  "n_epochs_actual": 500,
  "key": "poly_trig_d2_n4096_noise0.0_s42_dml_fixed",
  "timestamp": "2026-04-06T01:27:46.935250"
}