{
  "method": "baseline_krr",
  "func_type": "poly_trig",
  "dim": 20,
  "n_samples": 1024,
  "noise_level": 0.0,
  "seed": 1000,
  "lambda": 1.0,
  "test_value_mse": 0.6759539842605591,
  "test_grad_mse": 0.6698592100535532,
  "time_s": 2.0762276649475098,
  "key": "poly_trig_d20_n1024_noise0.0_s1000_baseline_krr",
  "timestamp": "2026-04-06T03:52:25.875073"
}