{
  "method": "dml_gradnorm",
  "func_type": "poly_trig",
  "dim": 50,
  "n_samples": 4096,
  "noise_level": 0.0,
  "seed": 456,
  "lambda": 1.0,
  "test_value_mse": 0.1177913174033165,
  "test_grad_mse": 0.02976921573281288,
  "best_epoch": 385,
  "time_s": 62.06297302246094,
  "n_epochs_actual": 436,
  "key": "poly_trig_d50_n4096_noise0.0_s456_dml_gradnorm",
  "timestamp": "2026-04-06T04:41:21.974746"
}