{
  "method": "dml_relobralo",
  "func_type": "poly_trig",
  "dim": 10,
  "n_samples": 1024,
  "noise_level": 0.0,
  "seed": 789,
  "lambda": 1.0,
  "test_value_mse": 0.0032502352260053158,
  "test_grad_mse": 0.01076849177479744,
  "best_epoch": 495,
  "time_s": 12.293269395828247,
  "n_epochs_actual": 500,
  "key": "poly_trig_d10_n1024_noise0.0_s789_dml_relobralo",
  "timestamp": "2026-04-26T07:48:11.788397"
}