{
  "method": "baseline_krr",
  "func_type": "poly_trig",
  "dim": 10,
  "n_samples": 4096,
  "noise_level": 0.0,
  "seed": 42,
  "lambda": 1.0,
  "test_value_mse": 0.19581931829452515,
  "test_grad_mse": 0.7232663716583382,
  "time_s": 3.748382568359375,
  "key": "poly_trig_d10_n4096_noise0.0_s42_baseline_krr",
  "timestamp": "2026-04-06T03:09:19.990005"
}