{
  "method": "dml_fixed",
  "func_type": "poly_trig",
  "dim": 2,
  "n_samples": 4096,
  "noise_level": 0.0,
  "seed": 123,
  "lambda": 1.0,
  "test_value_mse": 5.957620530239183e-08,
  "test_grad_mse": 4.919343609799398e-06,
  "best_epoch": 493,
  "time_s": 26.514111042022705,
  "n_epochs_actual": 500,
  "key": "poly_trig_d2_n4096_noise0.0_s123_dml_fixed",
  "timestamp": "2026-04-06T01:33:20.518242"
}