{
  "method": "baseline_rf",
  "func_type": "poly_trig",
  "dim": 10,
  "n_samples": 1024,
  "noise_level": 0.0,
  "seed": 456,
  "lambda": 1.0,
  "test_value_mse": 0.33487026381405394,
  "test_grad_mse": 128.00908172021124,
  "time_s": 3.7482199668884277,
  "key": "poly_trig_d10_n1024_noise0.0_s456_baseline_rf",
  "timestamp": "2026-04-06T02:58:42.975960"
}