{
  "method": "dml_relobralo",
  "func_type": "poly_trig",
  "dim": 50,
  "n_samples": 1024,
  "noise_level": 0.0,
  "seed": 42,
  "lambda": 1.0,
  "test_value_mse": 2.0823490619659424,
  "test_grad_mse": 0.753695547580719,
  "best_epoch": 37,
  "time_s": 2.815910816192627,
  "n_epochs_actual": 88,
  "key": "poly_trig_d50_n1024_noise0.0_s42_dml_relobralo",
  "timestamp": "2026-04-26T08:00:08.170899"
}