{
  "method": "vanilla",
  "func_type": "poly_trig",
  "dim": 100,
  "n_samples": 4096,
  "noise_level": 0.0,
  "seed": 123,
  "lambda": 1.0,
  "test_value_mse": 3.9023592472076416,
  "test_grad_mse": 0.7400835752487183,
  "best_epoch": 16,
  "time_s": 4.8493828773498535,
  "n_epochs_actual": 67,
  "key": "poly_trig_d100_n4096_noise0.0_s123_vanilla",
  "timestamp": "2026-04-06T04:55:13.862117"
}