{
  "method": "baseline_krr",
  "func_type": "poly_trig",
  "dim": 10,
  "n_samples": 4096,
  "noise_level": 0.0,
  "seed": 789,
  "lambda": 1.0,
  "test_value_mse": 0.12641187012195587,
  "test_grad_mse": 0.4678545058934128,
  "time_s": 2.859332799911499,
  "key": "poly_trig_d10_n4096_noise0.0_s789_baseline_krr",
  "timestamp": "2026-04-06T03:35:32.754040"
}