{
  "method": "baseline_gp",
  "func_type": "poly_trig",
  "dim": 5,
  "n_samples": 4096,
  "noise_level": 0.0,
  "seed": 1000,
  "lambda": 1.0,
  "test_value_mse": 3.3101439727070973e-07,
  "test_grad_mse": 8.513825674324377e-06,
  "time_s": 174.09562468528748,
  "key": "poly_trig_d5_n4096_noise0.0_s1000_baseline_gp",
  "timestamp": "2026-04-06T02:46:48.667441"
}