{
  "method": "baseline_rf",
  "func_type": "poly_trig",
  "dim": 2,
  "n_samples": 256,
  "noise_level": 0.0,
  "seed": 1000,
  "lambda": 1.0,
  "test_value_mse": 0.007180945447493508,
  "test_grad_mse": 1.0747155484986215,
  "time_s": 0.9014616012573242,
  "key": "poly_trig_d2_n256_noise0.0_s1000_baseline_rf",
  "timestamp": "2026-04-06T01:18:50.051799"
}