{
  "method": "baseline_gp",
  "func_type": "poly_trig",
  "dim": 10,
  "n_samples": 256,
  "noise_level": 0.0,
  "seed": 1000,
  "lambda": 1.0,
  "test_value_mse": 0.22231752522899956,
  "test_grad_mse": 0.4740452175800415,
  "time_s": 6.270179271697998,
  "key": "poly_trig_d10_n256_noise0.0_s1000_baseline_gp",
  "timestamp": "2026-04-06T02:50:58.849984"
}