{
  "method": "dml_relobralo",
  "func_type": "poly_trig",
  "dim": 2,
  "n_samples": 4096,
  "noise_level": 0.0,
  "seed": 789,
  "lambda": 1.0,
  "test_value_mse": 2.7778492395214016e-08,
  "test_grad_mse": 3.5890100207325304e-06,
  "best_epoch": 498,
  "time_s": 39.03937888145447,
  "n_epochs_actual": 500,
  "key": "poly_trig_d2_n4096_noise0.0_s789_dml_relobralo",
  "timestamp": "2026-04-26T07:41:44.989024"
}