{
  "method": "dml_gradnorm",
  "func_type": "poly_trig",
  "dim": 50,
  "n_samples": 1024,
  "noise_level": 0.0,
  "seed": 42,
  "lambda": 1.0,
  "test_value_mse": 1.2842375040054321,
  "test_grad_mse": 0.3685392439365387,
  "best_epoch": 497,
  "time_s": 27.121175050735474,
  "n_epochs_actual": 500,
  "key": "poly_trig_d50_n1024_noise0.0_s42_dml_gradnorm",
  "timestamp": "2026-04-06T04:32:05.154299"
}