{
  "method": "dml_fixed",
  "func_type": "poly_trig",
  "dim": 5,
  "n_samples": 1024,
  "noise_level": 0.0,
  "seed": 456,
  "lambda": 1.0,
  "test_value_mse": 7.637774979230016e-05,
  "test_grad_mse": 0.0009316588402725756,
  "best_epoch": 493,
  "time_s": 12.061011791229248,
  "n_epochs_actual": 500,
  "key": "poly_trig_d5_n1024_noise0.0_s456_dml_fixed",
  "timestamp": "2026-04-06T02:14:30.522432"
}