{
  "method": "baseline_rf",
  "func_type": "poly_trig",
  "dim": 2,
  "n_samples": 256,
  "noise_level": 0.0,
  "seed": 42,
  "lambda": 1.0,
  "test_value_mse": 0.024121245117201765,
  "test_grad_mse": 1.4649993828722108,
  "time_s": 1.1034526824951172,
  "key": "poly_trig_d2_n256_noise0.0_s42_baseline_rf",
  "timestamp": "2026-04-06T01:15:48.360057"
}