{
  "method": "dml_gradnorm",
  "func_type": "poly_trig",
  "dim": 5,
  "n_samples": 4096,
  "noise_level": 0.0,
  "seed": 456,
  "lambda": 1.0,
  "test_value_mse": 7.391708550130716e-06,
  "test_grad_mse": 0.00010857915185624734,
  "best_epoch": 496,
  "time_s": 64.22243237495422,
  "n_epochs_actual": 500,
  "key": "poly_trig_d5_n4096_noise0.0_s456_dml_gradnorm",
  "timestamp": "2026-04-06T02:31:41.901231"
}