{
  "method": "dml_relobralo",
  "func_type": "poly_trig",
  "dim": 50,
  "n_samples": 4096,
  "noise_level": 0.0,
  "seed": 456,
  "lambda": 1.0,
  "test_value_mse": 0.9084059000015259,
  "test_grad_mse": 0.4337306022644043,
  "best_epoch": 61,
  "time_s": 9.672324419021606,
  "n_epochs_actual": 112,
  "key": "poly_trig_d50_n4096_noise0.0_s456_dml_relobralo",
  "timestamp": "2026-04-26T08:01:15.268089"
}