{
  "method": "dml_fixed",
  "func_type": "poly_trig",
  "dim": 2,
  "n_samples": 256,
  "noise_level": 0.0,
  "seed": 456,
  "lambda": 1.0,
  "test_value_mse": 4.486377747525694e-06,
  "test_grad_mse": 0.00018763943808153272,
  "best_epoch": 196,
  "time_s": 9.6876699924469,
  "n_epochs_actual": 247,
  "key": "poly_trig_d2_n256_noise0.0_s456_dml_fixed",
  "timestamp": "2026-04-06T01:16:43.402904"
}