{
  "method": "dml_gradnorm",
  "func_type": "poly_trig",
  "dim": 5,
  "n_samples": 1024,
  "noise_level": 0.0,
  "seed": 456,
  "lambda": 1.0,
  "test_value_mse": 4.340234590927139e-05,
  "test_grad_mse": 0.0006750990869477391,
  "best_epoch": 497,
  "time_s": 19.879446744918823,
  "n_epochs_actual": 500,
  "key": "poly_trig_d5_n1024_noise0.0_s456_dml_gradnorm",
  "timestamp": "2026-04-06T02:14:50.402357"
}