{
  "method": "dml_relobralo",
  "func_type": "poly_trig",
  "dim": 10,
  "n_samples": 4096,
  "noise_level": 0.0,
  "seed": 789,
  "lambda": 1.0,
  "test_value_mse": 0.0004896006430499256,
  "test_grad_mse": 0.0021085182670503855,
  "best_epoch": 495,
  "time_s": 35.28784441947937,
  "n_epochs_actual": 500,
  "key": "poly_trig_d10_n4096_noise0.0_s789_dml_relobralo",
  "timestamp": "2026-04-26T07:50:30.502483"
}