{
  "method": "dml_fixed",
  "func_type": "poly_trig",
  "dim": 20,
  "n_samples": 4096,
  "noise_level": 0.0,
  "seed": 123,
  "lambda": 1.0,
  "test_value_mse": 0.004026633687317371,
  "test_grad_mse": 0.004740998614579439,
  "best_epoch": 499,
  "time_s": 28.983290433883667,
  "n_epochs_actual": 500,
  "key": "poly_trig_d20_n4096_noise0.0_s123_dml_fixed",
  "timestamp": "2026-04-06T03:59:20.603328"
}