{
  "method": "dml_fixed",
  "func_type": "poly_trig",
  "dim": 5,
  "n_samples": 256,
  "noise_level": 0.0,
  "seed": 789,
  "lambda": 1.0,
  "test_value_mse": 0.0005103342700749636,
  "test_grad_mse": 0.003561705816537142,
  "best_epoch": 232,
  "time_s": 9.640846967697144,
  "n_epochs_actual": 283,
  "key": "poly_trig_d5_n256_noise0.0_s789_dml_fixed",
  "timestamp": "2026-04-06T02:08:21.466527"
}