{
  "method": "dml_gradnorm",
  "func_type": "poly_trig",
  "dim": 5,
  "n_samples": 256,
  "noise_level": 0.0,
  "seed": 42,
  "lambda": 1.0,
  "test_value_mse": 0.002078603021800518,
  "test_grad_mse": 0.014818904921412468,
  "best_epoch": 213,
  "time_s": 7.971490383148193,
  "n_epochs_actual": 264,
  "key": "poly_trig_d5_n256_noise0.0_s42_dml_gradnorm",
  "timestamp": "2026-04-06T02:05:53.069567"
}