{
  "method": "baseline_rf",
  "func_type": "poly_trig",
  "dim": 2,
  "n_samples": 4096,
  "noise_level": 0.0,
  "seed": 42,
  "lambda": 1.0,
  "test_value_mse": 0.0007789889970396828,
  "test_grad_mse": 132.7805191024519,
  "time_s": 1.5402650833129883,
  "key": "poly_trig_d2_n4096_noise0.0_s42_baseline_rf",
  "timestamp": "2026-04-06T01:32:32.906658"
}