{
  "method": "dml_fixed",
  "func_type": "poly_trig",
  "dim": 100,
  "n_samples": 256,
  "noise_level": 0.0,
  "seed": 123,
  "lambda": 1.0,
  "test_value_mse": 5.4870500564575195,
  "test_grad_mse": 0.6078845858573914,
  "best_epoch": 144,
  "time_s": 4.495478868484497,
  "n_epochs_actual": 195,
  "key": "poly_trig_d100_n256_noise0.0_s123_dml_fixed",
  "timestamp": "2026-04-06T04:46:21.069114"
}