{
  "method": "dml_gradnorm",
  "func_type": "poly_trig",
  "dim": 10,
  "n_samples": 4096,
  "noise_level": 0.0,
  "seed": 789,
  "lambda": 1.0,
  "test_value_mse": 0.0002472875639796257,
  "test_grad_mse": 0.0009198529878631234,
  "best_epoch": 497,
  "time_s": 62.318927526474,
  "n_epochs_actual": 500,
  "key": "poly_trig_d10_n4096_noise0.0_s789_dml_gradnorm",
  "timestamp": "2026-04-06T03:29:19.777164"
}