{
  "method": "vanilla",
  "func_type": "poly_trig",
  "dim": 2,
  "n_samples": 4096,
  "noise_level": 0.0,
  "seed": 456,
  "lambda": 1.0,
  "test_value_mse": 9.80727918431512e-07,
  "test_grad_mse": 0.0001702595764072612,
  "best_epoch": 489,
  "time_s": 21.214218616485596,
  "n_epochs_actual": 500,
  "key": "poly_trig_d2_n4096_noise0.0_s456_vanilla",
  "timestamp": "2026-04-06T01:41:07.628240"
}