{
  "method": "baseline_gp",
  "func_type": "poly_trig",
  "dim": 5,
  "n_samples": 1024,
  "noise_level": 0.0,
  "seed": 123,
  "lambda": 1.0,
  "test_value_mse": 1.5672386975691143e-06,
  "test_grad_mse": 3.085113712817552e-05,
  "time_s": 17.985461950302124,
  "key": "poly_trig_d5_n1024_noise0.0_s123_baseline_gp",
  "timestamp": "2026-04-06T02:14:04.997579"
}