{
  "method": "baseline_rf",
  "func_type": "poly_trig",
  "dim": 5,
  "n_samples": 256,
  "noise_level": 0.0,
  "seed": 123,
  "lambda": 1.0,
  "test_value_mse": 0.034264486321436416,
  "test_grad_mse": 0.6802499844270148,
  "time_s": 2.0592310428619385,
  "key": "poly_trig_d5_n256_noise0.0_s123_baseline_rf",
  "timestamp": "2026-04-06T02:07:11.228308"
}