{
  "method": "dml_fixed",
  "func_type": "poly_trig",
  "dim": 100,
  "n_samples": 256,
  "noise_level": 0.0,
  "seed": 42,
  "lambda": 1.0,
  "test_value_mse": 6.115785598754883,
  "test_grad_mse": 0.5525394082069397,
  "best_epoch": 155,
  "time_s": 3.9915692806243896,
  "n_epochs_actual": 206,
  "key": "poly_trig_d100_n256_noise0.0_s42_dml_fixed",
  "timestamp": "2026-04-06T04:45:59.144039"
}