{
  "method": "vanilla",
  "func_type": "poly_trig",
  "dim": 50,
  "n_samples": 1024,
  "noise_level": 0.0,
  "seed": 42,
  "lambda": 1.0,
  "test_value_mse": 1.994260311126709,
  "test_grad_mse": 0.7585108876228333,
  "best_epoch": 28,
  "time_s": 3.272325277328491,
  "n_epochs_actual": 79,
  "key": "poly_trig_d50_n1024_noise0.0_s42_vanilla",
  "timestamp": "2026-04-06T04:31:25.988110"
}