{
  "method": "baseline_krr",
  "func_type": "poly_trig",
  "dim": 5,
  "n_samples": 1024,
  "noise_level": 0.0,
  "seed": 42,
  "lambda": 1.0,
  "test_value_mse": 0.08142227679491043,
  "test_grad_mse": 0.5334073416480914,
  "time_s": 0.4357309341430664,
  "key": "poly_trig_d5_n1024_noise0.0_s42_baseline_krr",
  "timestamp": "2026-04-06T02:12:42.070017"
}