{
  "method": "baseline_gp",
  "func_type": "poly_trig",
  "dim": 10,
  "n_samples": 4096,
  "noise_level": 0.0,
  "seed": 456,
  "lambda": 1.0,
  "test_value_mse": 0.00026425544736238463,
  "test_grad_mse": 0.004338701821432618,
  "time_s": 400.25903153419495,
  "key": "poly_trig_d10_n4096_noise0.0_s456_baseline_gp",
  "timestamp": "2026-04-06T03:27:27.832389"
}