{
  "method": "baseline_gp",
  "func_type": "poly_trig",
  "dim": 10,
  "n_samples": 1024,
  "noise_level": 0.0,
  "seed": 42,
  "lambda": 1.0,
  "test_value_mse": 0.0007343674909192155,
  "test_grad_mse": 0.004051033981947216,
  "time_s": 28.970454216003418,
  "key": "poly_trig_d10_n1024_noise0.0_s42_baseline_gp",
  "timestamp": "2026-04-06T02:52:32.007088"
}