{
  "method": "baseline_krr",
  "func_type": "poly_trig",
  "dim": 10,
  "n_samples": 4096,
  "noise_level": 0.0,
  "seed": 1000,
  "lambda": 1.0,
  "test_value_mse": 0.1324426680803299,
  "test_grad_mse": 0.5666738672782085,
  "time_s": 3.4557833671569824,
  "key": "poly_trig_d10_n4096_noise0.0_s1000_baseline_krr",
  "timestamp": "2026-04-06T03:41:59.150022"
}