{
  "method": "dml_relobralo",
  "func_type": "poly_trig",
  "dim": 5,
  "n_samples": 1024,
  "noise_level": 0.0,
  "seed": 123,
  "lambda": 1.0,
  "test_value_mse": 3.729211675818078e-05,
  "test_grad_mse": 0.0006423589657060802,
  "best_epoch": 483,
  "time_s": 12.747931003570557,
  "n_epochs_actual": 500,
  "key": "poly_trig_d5_n1024_noise0.0_s123_dml_relobralo",
  "timestamp": "2026-04-26T07:43:13.874997"
}