{
  "method": "dml_fixed",
  "func_type": "poly_trig",
  "dim": 5,
  "n_samples": 256,
  "noise_level": 0.0,
  "seed": 42,
  "lambda": 1.0,
  "test_value_mse": 0.0006139730685390532,
  "test_grad_mse": 0.005813246127218008,
  "best_epoch": 499,
  "time_s": 13.71668004989624,
  "n_epochs_actual": 500,
  "key": "poly_trig_d5_n256_noise0.0_s42_dml_fixed",
  "timestamp": "2026-04-06T02:05:45.097576"
}