{
  "method": "vanilla",
  "func_type": "poly_trig",
  "dim": 50,
  "n_samples": 4096,
  "noise_level": 0.0,
  "seed": 42,
  "lambda": 1.0,
  "test_value_mse": 1.3822546005249023,
  "test_grad_mse": 0.7011983394622803,
  "best_epoch": 20,
  "time_s": 6.819205045700073,
  "n_epochs_actual": 71,
  "key": "poly_trig_d50_n4096_noise0.0_s42_vanilla",
  "timestamp": "2026-04-06T04:35:53.661818"
}