{
  "method": "dml_fixed",
  "func_type": "poly_trig",
  "dim": 5,
  "n_samples": 1024,
  "noise_level": 0.0,
  "seed": 42,
  "lambda": 1.0,
  "test_value_mse": 6.513098924187943e-05,
  "test_grad_mse": 0.0005923184216953814,
  "best_epoch": 498,
  "time_s": 11.64581561088562,
  "n_epochs_actual": 500,
  "key": "poly_trig_d5_n1024_noise0.0_s42_dml_fixed",
  "timestamp": "2026-04-06T02:10:20.577098"
}