{
  "method": "baseline_rf",
  "func_type": "poly_trig",
  "dim": 5,
  "n_samples": 4096,
  "noise_level": 0.0,
  "seed": 456,
  "lambda": 1.0,
  "test_value_mse": 0.0434515075695795,
  "test_grad_mse": 158.54080864333463,
  "time_s": 3.0294597148895264,
  "key": "poly_trig_d5_n4096_noise0.0_s456_baseline_rf",
  "timestamp": "2026-04-06T02:35:46.383830"
}