{
  "method": "dml_relobralo",
  "func_type": "poly_trig",
  "dim": 20,
  "n_samples": 256,
  "noise_level": 0.0,
  "seed": 456,
  "lambda": 1.0,
  "test_value_mse": 0.22305217385292053,
  "test_grad_mse": 0.18172051012516022,
  "best_epoch": 484,
  "time_s": 18.79988145828247,
  "n_epochs_actual": 500,
  "key": "poly_trig_d20_n256_noise0.0_s456_dml_relobralo",
  "timestamp": "2026-04-26T07:52:33.433172"
}