{
  "method": "baseline_rf",
  "func_type": "poly_trig",
  "dim": 5,
  "n_samples": 4096,
  "noise_level": 0.0,
  "seed": 123,
  "lambda": 1.0,
  "test_value_mse": 0.0184239632352253,
  "test_grad_mse": 27.023935899699737,
  "time_s": 2.695484161376953,
  "key": "poly_trig_d5_n4096_noise0.0_s123_baseline_rf",
  "timestamp": "2026-04-06T02:29:51.782039"
}