{
  "method": "dml_relobralo",
  "func_type": "poly_trig",
  "dim": 5,
  "n_samples": 4096,
  "noise_level": 0.0,
  "seed": 123,
  "lambda": 1.0,
  "test_value_mse": 9.51096535573015e-06,
  "test_grad_mse": 0.00013916962780058384,
  "best_epoch": 493,
  "time_s": 38.37004351615906,
  "n_epochs_actual": 500,
  "key": "poly_trig_d5_n4096_noise0.0_s123_dml_relobralo",
  "timestamp": "2026-04-26T07:44:59.922457"
}