{
  "method": "dml_gradnorm",
  "func_type": "poly_trig",
  "dim": 10,
  "n_samples": 4096,
  "noise_level": 0.0,
  "seed": 1000,
  "lambda": 1.0,
  "test_value_mse": 0.0003085948701482266,
  "test_grad_mse": 0.0008853565086610615,
  "best_epoch": 493,
  "time_s": 63.24299192428589,
  "n_epochs_actual": 500,
  "key": "poly_trig_d10_n4096_noise0.0_s1000_dml_gradnorm",
  "timestamp": "2026-04-06T03:37:33.433081"
}