{
  "method": "vanilla",
  "func_type": "poly_trig",
  "dim": 5,
  "n_samples": 256,
  "noise_level": 0.0,
  "seed": 42,
  "lambda": 1.0,
  "test_value_mse": 0.03782644867897034,
  "test_grad_mse": 0.28203800320625305,
  "best_epoch": 155,
  "time_s": 3.092445135116577,
  "n_epochs_actual": 206,
  "key": "poly_trig_d5_n256_noise0.0_s42_vanilla",
  "timestamp": "2026-04-06T02:05:31.380429"
}