{
  "method": "baseline_rf",
  "func_type": "poly_trig",
  "dim": 20,
  "n_samples": 256,
  "noise_level": 0.0,
  "seed": 1000,
  "lambda": 1.0,
  "test_value_mse": 1.6017252141139113,
  "test_grad_mse": 1.0908262011692846,
  "time_s": 6.8598792552948,
  "key": "poly_trig_d20_n256_noise0.0_s1000_baseline_rf",
  "timestamp": "2026-04-06T03:45:02.005606"
}