{
  "method": "dml_fixed",
  "func_type": "poly_trig",
  "dim": 100,
  "n_samples": 4096,
  "noise_level": 0.0,
  "seed": 42,
  "lambda": 1.0,
  "test_value_mse": 1.7188571691513062,
  "test_grad_mse": 0.2259068489074707,
  "best_epoch": 499,
  "time_s": 29.73866105079651,
  "n_epochs_actual": 500,
  "key": "poly_trig_d100_n4096_noise0.0_s42_dml_fixed",
  "timestamp": "2026-04-06T04:53:46.726862"
}