{
  "method": "vanilla",
  "func_type": "poly_trig",
  "dim": 20,
  "n_samples": 4096,
  "noise_level": 0.0,
  "seed": 42,
  "lambda": 1.0,
  "test_value_mse": 0.31603676080703735,
  "test_grad_mse": 0.4213552176952362,
  "best_epoch": 99,
  "time_s": 7.43900728225708,
  "n_epochs_actual": 150,
  "key": "poly_trig_d20_n4096_noise0.0_s42_vanilla",
  "timestamp": "2026-04-06T03:52:43.129286"
}