{
  "method": "dml_gradnorm",
  "func_type": "poly_trig",
  "dim": 50,
  "n_samples": 1024,
  "noise_level": 0.0,
  "seed": 1000,
  "lambda": 1.0,
  "test_value_mse": 1.366737961769104,
  "test_grad_mse": 0.37518665194511414,
  "best_epoch": 499,
  "time_s": 33.19477725028992,
  "n_epochs_actual": 500,
  "key": "poly_trig_d50_n1024_noise0.0_s1000_dml_gradnorm",
  "timestamp": "2026-04-06T04:35:37.051739"
}