{
  "method": "baseline_gp",
  "func_type": "poly_trig",
  "dim": 20,
  "n_samples": 1024,
  "noise_level": 0.0,
  "seed": 1000,
  "lambda": 1.0,
  "test_value_mse": 0.3312262852701244,
  "test_grad_mse": 0.4287006246992343,
  "time_s": 15.991771459579468,
  "key": "poly_trig_d20_n1024_noise0.0_s1000_baseline_gp",
  "timestamp": "2026-04-06T03:52:23.798531"
}