{
  "method": "baseline_rf",
  "func_type": "poly_trig",
  "dim": 2,
  "n_samples": 4096,
  "noise_level": 0.0,
  "seed": 789,
  "lambda": 1.0,
  "test_value_mse": 0.0005127991643062908,
  "test_grad_mse": 172.13521289362058,
  "time_s": 1.4716765880584717,
  "key": "poly_trig_d2_n4096_noise0.0_s789_baseline_rf",
  "timestamp": "2026-04-06T01:53:10.826081"
}