{
  "method": "baseline_krr",
  "func_type": "poly_trig",
  "dim": 5,
  "n_samples": 4096,
  "noise_level": 0.0,
  "seed": 1000,
  "lambda": 1.0,
  "test_value_mse": 0.037668514996767044,
  "test_grad_mse": 0.30899211810078464,
  "time_s": 4.136733770370483,
  "key": "poly_trig_d5_n4096_noise0.0_s1000_baseline_krr",
  "timestamp": "2026-04-06T02:46:52.804619"
}