{
  "method": "dml_fixed",
  "func_type": "poly_trig",
  "dim": 50,
  "n_samples": 256,
  "noise_level": 0.0,
  "seed": 789,
  "lambda": 1.0,
  "test_value_mse": 1.0286816358566284,
  "test_grad_mse": 0.3101723790168762,
  "best_epoch": 222,
  "time_s": 4.989713191986084,
  "n_epochs_actual": 273,
  "key": "poly_trig_d50_n256_noise0.0_s789_dml_fixed",
  "timestamp": "2026-04-06T04:30:39.131008"
}