{
  "method": "vanilla",
  "func_type": "poly_trig",
  "dim": 2,
  "n_samples": 1024,
  "noise_level": 0.0,
  "seed": 42,
  "lambda": 1.0,
  "test_value_mse": 1.5492130842176266e-05,
  "test_grad_mse": 0.002984944498166442,
  "best_epoch": 493,
  "time_s": 10.824302911758423,
  "n_epochs_actual": 500,
  "key": "poly_trig_d2_n1024_noise0.0_s42_vanilla",
  "timestamp": "2026-04-06T01:19:02.002302"
}