{
  "method": "vanilla",
  "func_type": "poly_trig",
  "dim": 2,
  "n_samples": 1024,
  "noise_level": 0.0,
  "seed": 456,
  "lambda": 1.0,
  "test_value_mse": 7.282178103196202e-06,
  "test_grad_mse": 0.0009822214487940073,
  "best_epoch": 374,
  "time_s": 11.300190210342407,
  "n_epochs_actual": 425,
  "key": "poly_trig_d2_n1024_noise0.0_s456_vanilla",
  "timestamp": "2026-04-06T01:22:22.187444"
}