{
  "method": "dml_gradnorm",
  "func_type": "poly_trig",
  "dim": 100,
  "n_samples": 256,
  "noise_level": 0.0,
  "seed": 789,
  "lambda": 1.0,
  "test_value_mse": 4.119816780090332,
  "test_grad_mse": 0.4531381130218506,
  "best_epoch": 499,
  "time_s": 21.008568048477173,
  "n_epochs_actual": 500,
  "key": "poly_trig_d100_n256_noise0.0_s789_dml_gradnorm",
  "timestamp": "2026-04-06T04:47:51.850411"
}