{
  "method": "dml_fixed",
  "func_type": "poly_trig",
  "dim": 50,
  "n_samples": 4096,
  "noise_level": 0.0,
  "seed": 123,
  "lambda": 1.0,
  "test_value_mse": 0.14330118894577026,
  "test_grad_mse": 0.04633216932415962,
  "best_epoch": 498,
  "time_s": 29.161019563674927,
  "n_epochs_actual": 500,
  "key": "poly_trig_d50_n4096_noise0.0_s123_dml_fixed",
  "timestamp": "2026-04-06T04:38:24.963689"
}