{
  "method": "dml_fixed",
  "func_type": "poly_trig",
  "dim": 50,
  "n_samples": 4096,
  "noise_level": 0.0,
  "seed": 456,
  "lambda": 1.0,
  "test_value_mse": 0.09808360040187836,
  "test_grad_mse": 0.02870049513876438,
  "best_epoch": 490,
  "time_s": 29.766350030899048,
  "n_epochs_actual": 500,
  "key": "poly_trig_d50_n4096_noise0.0_s456_dml_fixed",
  "timestamp": "2026-04-06T04:40:19.911221"
}