{
  "method": "dml_relobralo",
  "func_type": "poly_trig",
  "dim": 2,
  "n_samples": 1024,
  "noise_level": 0.0,
  "seed": 789,
  "lambda": 1.0,
  "test_value_mse": 3.7730887925135903e-07,
  "test_grad_mse": 2.44834809564054e-05,
  "best_epoch": 497,
  "time_s": 11.61262583732605,
  "n_epochs_actual": 500,
  "key": "poly_trig_d2_n1024_noise0.0_s789_dml_relobralo",
  "timestamp": "2026-04-26T07:39:37.705675"
}