{
  "method": "dml_gradnorm",
  "func_type": "poly_trig",
  "dim": 50,
  "n_samples": 256,
  "noise_level": 0.0,
  "seed": 42,
  "lambda": 1.0,
  "test_value_mse": 2.1328606605529785,
  "test_grad_mse": 0.5580569505691528,
  "best_epoch": 498,
  "time_s": 18.831242322921753,
  "n_epochs_actual": 500,
  "key": "poly_trig_d50_n256_noise0.0_s42_dml_gradnorm",
  "timestamp": "2026-04-06T04:29:32.255261"
}