{
  "method": "dml_gradnorm",
  "func_type": "poly_trig",
  "dim": 20,
  "n_samples": 1024,
  "noise_level": 0.0,
  "seed": 789,
  "lambda": 1.0,
  "test_value_mse": 0.02925342507660389,
  "test_grad_mse": 0.03198504075407982,
  "best_epoch": 499,
  "time_s": 25.31680154800415,
  "n_epochs_actual": 500,
  "key": "poly_trig_d20_n1024_noise0.0_s789_dml_gradnorm",
  "timestamp": "2026-04-06T03:50:27.431811"
}