{
  "method": "baseline_rf",
  "func_type": "poly_trig",
  "dim": 20,
  "n_samples": 4096,
  "noise_level": 0.0,
  "seed": 1000,
  "lambda": 1.0,
  "test_value_mse": 0.968829918419361,
  "test_grad_mse": 292.30669281141223,
  "time_s": 9.640321016311646,
  "key": "poly_trig_d20_n4096_noise0.0_s1000_baseline_rf",
  "timestamp": "2026-04-06T04:29:00.782761"
}