{
  "method": "baseline_krr",
  "func_type": "poly_trig",
  "dim": 10,
  "n_samples": 1024,
  "noise_level": 0.0,
  "seed": 42,
  "lambda": 1.0,
  "test_value_mse": 0.27027449011802673,
  "test_grad_mse": 0.7774109560454062,
  "time_s": 0.6289589405059814,
  "key": "poly_trig_d10_n1024_noise0.0_s42_baseline_krr",
  "timestamp": "2026-04-06T02:52:32.636426"
}