{
  "method": "baseline_rf",
  "func_type": "poly_trig",
  "dim": 20,
  "n_samples": 4096,
  "noise_level": 0.0,
  "seed": 789,
  "lambda": 1.0,
  "test_value_mse": 1.3591899107324934,
  "test_grad_mse": 141.86986589537025,
  "time_s": 9.228686809539795,
  "key": "poly_trig_d20_n4096_noise0.0_s789_baseline_rf",
  "timestamp": "2026-04-06T04:22:44.227568"
}