{
  "method": "baseline_rf",
  "func_type": "poly_trig",
  "dim": 10,
  "n_samples": 1024,
  "noise_level": 0.0,
  "seed": 123,
  "lambda": 1.0,
  "test_value_mse": 0.302923666044422,
  "test_grad_mse": 64.87671675253121,
  "time_s": 4.065651893615723,
  "key": "poly_trig_d10_n1024_noise0.0_s123_baseline_rf",
  "timestamp": "2026-04-06T02:54:59.235539"
}