{
  "method": "baseline_rf",
  "func_type": "poly_trig",
  "dim": 10,
  "n_samples": 256,
  "noise_level": 0.0,
  "seed": 42,
  "lambda": 1.0,
  "test_value_mse": 0.8715033789064758,
  "test_grad_mse": 1.3396894224553828,
  "time_s": 3.7695178985595703,
  "key": "poly_trig_d10_n256_noise0.0_s42_baseline_rf",
  "timestamp": "2026-04-06T02:47:44.319399"
}