{
  "method": "baseline_rf",
  "func_type": "poly_trig",
  "dim": 5,
  "n_samples": 256,
  "noise_level": 0.0,
  "seed": 789,
  "lambda": 1.0,
  "test_value_mse": 0.3061178417723698,
  "test_grad_mse": 4229.928212437014,
  "time_s": 2.1186468601226807,
  "key": "poly_trig_d5_n256_noise0.0_s789_baseline_rf",
  "timestamp": "2026-04-06T02:09:11.484529"
}