{
  "method": "vanilla",
  "func_type": "poly_trig",
  "dim": 20,
  "n_samples": 256,
  "noise_level": 0.0,
  "seed": 123,
  "lambda": 1.0,
  "test_value_mse": 0.8280712962150574,
  "test_grad_mse": 0.7663010954856873,
  "best_epoch": 35,
  "time_s": 2.412926197052002,
  "n_epochs_actual": 86,
  "key": "poly_trig_d20_n256_noise0.0_s123_vanilla",
  "timestamp": "2026-04-06T03:42:45.416776"
}