{
  "method": "baseline_gp",
  "func_type": "poly_trig",
  "dim": 10,
  "n_samples": 4096,
  "noise_level": 0.0,
  "seed": 123,
  "lambda": 1.0,
  "test_value_mse": 0.0002727553808331495,
  "test_grad_mse": 0.004807047235517359,
  "time_s": 388.11119270324707,
  "key": "poly_trig_d10_n4096_noise0.0_s123_baseline_gp",
  "timestamp": "2026-04-06T03:18:15.844664"
}