{
  "method": "baseline_gp",
  "func_type": "poly_trig",
  "dim": 5,
  "n_samples": 4096,
  "noise_level": 0.0,
  "seed": 123,
  "lambda": 1.0,
  "test_value_mse": 2.3883169759074327e-07,
  "test_grad_mse": 5.354567909909829e-06,
  "time_s": 269.07150387763977,
  "key": "poly_trig_d5_n4096_noise0.0_s123_baseline_gp",
  "timestamp": "2026-04-06T02:29:36.307117"
}