{
  "method": "dml_gradnorm",
  "func_type": "poly_trig",
  "dim": 2,
  "n_samples": 256,
  "noise_level": 0.0,
  "seed": 42,
  "lambda": 1.0,
  "test_value_mse": 3.928902060579276e-06,
  "test_grad_mse": 0.0004896873142570257,
  "best_epoch": 499,
  "time_s": 22.201002836227417,
  "n_epochs_actual": 500,
  "key": "poly_trig_d2_n256_noise0.0_s42_dml_gradnorm",
  "timestamp": "2026-04-06T01:15:17.439794"
}