{
  "method": "dml_gradnorm",
  "func_type": "poly_trig",
  "dim": 10,
  "n_samples": 256,
  "noise_level": 0.0,
  "seed": 123,
  "lambda": 1.0,
  "test_value_mse": 0.022776387631893158,
  "test_grad_mse": 0.053101684898138046,
  "best_epoch": 456,
  "time_s": 12.22847604751587,
  "n_epochs_actual": 500,
  "key": "poly_trig_d10_n256_noise0.0_s123_dml_gradnorm",
  "timestamp": "2026-04-06T02:48:08.831835"
}