{
  "method": "dml_relobralo",
  "func_type": "poly_trig",
  "dim": 50,
  "n_samples": 256,
  "noise_level": 0.0,
  "seed": 1000,
  "lambda": 1.0,
  "test_value_mse": 2.1939501762390137,
  "test_grad_mse": 0.8227388858795166,
  "best_epoch": 24,
  "time_s": 2.0515758991241455,
  "n_epochs_actual": 75,
  "key": "poly_trig_d50_n256_noise0.0_s1000_dml_relobralo",
  "timestamp": "2026-04-26T08:00:01.568978"
}