{
  "method": "vanilla",
  "func_type": "trig",
  "dim": 100,
  "n_samples": 256,
  "noise_level": 0.0,
  "seed": 1000,
  "lambda": 1.0,
  "test_value_mse": 83.58082580566406,
  "test_grad_mse": 7.549975395202637,
  "best_epoch": 55,
  "time_s": 1.8730404376983643,
  "n_epochs_actual": 106,
  "key": "trig_d100_n256_noise0.0_s1000_vanilla",
  "timestamp": "2026-04-06T07:26:06.887410"
}