{
  "method": "dml_gradnorm",
  "func_type": "trig",
  "dim": 100,
  "n_samples": 1024,
  "noise_level": 0.0,
  "seed": 789,
  "lambda": 1.0,
  "test_value_mse": 212.46653747558594,
  "test_grad_mse": 11.097615242004395,
  "best_epoch": 198,
  "time_s": 13.605955600738525,
  "n_epochs_actual": 249,
  "key": "trig_d100_n1024_noise0.0_s789_dml_gradnorm",
  "timestamp": "2026-04-06T07:27:52.351620"
}