{
  "method": "baseline_rf",
  "func_type": "trig",
  "dim": 2,
  "n_samples": 4096,
  "noise_level": 0.0,
  "seed": 456,
  "lambda": 1.0,
  "test_value_mse": 0.04428369559780699,
  "test_grad_mse": 1000.9378447847764,
  "time_s": 1.572221040725708,
  "key": "trig_d2_n4096_noise0.0_s456_baseline_rf",
  "timestamp": "2026-04-06T05:37:00.866143"
}