{
  "method": "dml_fixed",
  "func_type": "trig",
  "dim": 5,
  "n_samples": 256,
  "noise_level": 0.0,
  "seed": 456,
  "lambda": 1.0,
  "test_value_mse": 5.999209403991699,
  "test_grad_mse": 6.390505790710449,
  "best_epoch": 32,
  "time_s": 3.5665180683135986,
  "n_epochs_actual": 83,
  "key": "trig_d5_n256_noise0.0_s456_dml_fixed",
  "timestamp": "2026-04-06T05:51:22.095286"
}