{
  "method": "dml_relobralo",
  "func_type": "trig",
  "dim": 10,
  "n_samples": 256,
  "noise_level": 0.0,
  "seed": 456,
  "lambda": 1.0,
  "test_value_mse": 8.646052360534668,
  "test_grad_mse": 6.480520248413086,
  "best_epoch": 22,
  "time_s": 2.1005992889404297,
  "n_epochs_actual": 73,
  "key": "trig_d10_n256_noise0.0_s456_dml_relobralo",
  "timestamp": "2026-04-26T08:13:02.211288"
}