{
  "method": "vanilla",
  "func_type": "trig",
  "dim": 5,
  "n_samples": 1024,
  "noise_level": 0.0,
  "seed": 123,
  "lambda": 1.0,
  "test_value_mse": 1.4386179447174072,
  "test_grad_mse": 4.2779717445373535,
  "best_epoch": 79,
  "time_s": 5.522849798202515,
  "n_epochs_actual": 130,
  "key": "trig_d5_n1024_noise0.0_s123_vanilla",
  "timestamp": "2026-04-06T05:52:57.400210"
}