{
  "method": "dml_fixed",
  "func_type": "trig",
  "dim": 100,
  "n_samples": 4096,
  "noise_level": 0.0,
  "seed": 123,
  "lambda": 1.0,
  "test_value_mse": 88.38410949707031,
  "test_grad_mse": 7.841167449951172,
  "best_epoch": 12,
  "time_s": 4.512573003768921,
  "n_epochs_actual": 63,
  "key": "trig_d100_n4096_noise0.0_s123_dml_fixed",
  "timestamp": "2026-04-06T07:28:57.685559"
}