{
  "method": "dml_gradnorm",
  "func_type": "trig",
  "dim": 50,
  "n_samples": 256,
  "noise_level": 0.0,
  "seed": 456,
  "lambda": 1.0,
  "test_value_mse": 37.85799789428711,
  "test_grad_mse": 8.415999412536621,
  "best_epoch": 13,
  "time_s": 3.505618095397949,
  "n_epochs_actual": 64,
  "key": "trig_d50_n256_noise0.0_s456_dml_gradnorm",
  "timestamp": "2026-04-06T07:20:29.638240"
}