{
  "method": "dml_fixed",
  "func_type": "trig",
  "dim": 2,
  "n_samples": 1024,
  "noise_level": 0.0,
  "seed": 456,
  "lambda": 1.0,
  "test_value_mse": 0.0004042995278723538,
  "test_grad_mse": 0.0051793609745800495,
  "best_epoch": 480,
  "time_s": 14.531609535217285,
  "n_epochs_actual": 500,
  "key": "trig_d2_n1024_noise0.0_s456_dml_fixed",
  "timestamp": "2026-04-06T05:10:38.339917"
}