{
  "method": "dml_relobralo",
  "func_type": "trig",
  "dim": 100,
  "n_samples": 1024,
  "noise_level": 0.0,
  "seed": 123,
  "lambda": 1.0,
  "test_value_mse": 97.30323028564453,
  "test_grad_mse": 7.950108051300049,
  "best_epoch": 7,
  "time_s": 1.989928960800171,
  "n_epochs_actual": 58,
  "key": "trig_d100_n1024_noise0.0_s123_dml_relobralo",
  "timestamp": "2026-04-26T08:17:10.093149"
}