{
  "method": "baseline_rf",
  "func_type": "trig",
  "dim": 20,
  "n_samples": 256,
  "noise_level": 0.0,
  "seed": 789,
  "lambda": 1.0,
  "test_value_mse": 21.735572878759793,
  "test_grad_mse": 15.078072410573524,
  "time_s": 6.921812295913696,
  "key": "trig_d20_n256_noise0.0_s789_baseline_rf",
  "timestamp": "2026-04-06T06:54:32.091685"
}