{
  "method": "dml_fixed",
  "func_type": "trig",
  "dim": 10,
  "n_samples": 1024,
  "noise_level": 0.0,
  "seed": 42,
  "lambda": 1.0,
  "test_value_mse": 5.085118770599365,
  "test_grad_mse": 2.2954812049865723,
  "best_epoch": 54,
  "time_s": 5.4685893058776855,
  "n_epochs_actual": 105,
  "key": "trig_d10_n1024_noise0.0_s42_dml_fixed",
  "timestamp": "2026-04-06T06:25:01.457510"
}