{
  "method": "baseline_gp",
  "func_type": "trig",
  "dim": 20,
  "n_samples": 256,
  "noise_level": 0.0,
  "seed": 123,
  "lambda": 1.0,
  "test_value_mse": 18.484187114724328,
  "test_grad_mse": 7.519807078911224,
  "time_s": 2.2569801807403564,
  "key": "trig_d20_n256_noise0.0_s123_baseline_gp",
  "timestamp": "2026-04-06T06:53:44.438654"
}