{
  "method": "dml_fixed",
  "func_type": "trig",
  "dim": 100,
  "n_samples": 1024,
  "noise_level": 0.0,
  "seed": 456,
  "lambda": 1.0,
  "test_value_mse": 86.52040100097656,
  "test_grad_mse": 8.06662368774414,
  "best_epoch": 29,
  "time_s": 4.275808334350586,
  "n_epochs_actual": 80,
  "key": "trig_d100_n1024_noise0.0_s456_dml_fixed",
  "timestamp": "2026-04-06T07:27:17.843222"
}