{
  "method": "dml_gradnorm",
  "func_type": "trig",
  "dim": 10,
  "n_samples": 256,
  "noise_level": 0.0,
  "seed": 123,
  "lambda": 1.0,
  "test_value_mse": 5.300003528594971,
  "test_grad_mse": 4.738907814025879,
  "best_epoch": 16,
  "time_s": 3.1342480182647705,
  "n_epochs_actual": 67,
  "key": "trig_d10_n256_noise0.0_s123_dml_gradnorm",
  "timestamp": "2026-04-06T06:23:02.370727"
}