{
  "method": "dml_gradnorm",
  "func_type": "trig",
  "dim": 20,
  "n_samples": 4096,
  "noise_level": 0.0,
  "seed": 42,
  "lambda": 1.0,
  "test_value_mse": 14.973478317260742,
  "test_grad_mse": 4.892622947692871,
  "best_epoch": 61,
  "time_s": 17.271860361099243,
  "n_epochs_actual": 112,
  "key": "trig_d20_n4096_noise0.0_s42_dml_gradnorm",
  "timestamp": "2026-04-06T07:00:25.468962"
}