{
  "method": "vanilla",
  "func_type": "trig",
  "dim": 10,
  "n_samples": 4096,
  "noise_level": 0.0,
  "seed": 456,
  "lambda": 1.0,
  "test_value_mse": 6.945883750915527,
  "test_grad_mse": 6.213981628417969,
  "best_epoch": 24,
  "time_s": 4.729033946990967,
  "n_epochs_actual": 75,
  "key": "trig_d10_n4096_noise0.0_s456_vanilla",
  "timestamp": "2026-04-06T06:40:40.197125"
}