{
  "method": "baseline_gp",
  "func_type": "trig",
  "dim": 5,
  "n_samples": 1024,
  "noise_level": 0.0,
  "seed": 123,
  "lambda": 1.0,
  "test_value_mse": 1.9174571712618604,
  "test_grad_mse": 4.5116593580768125,
  "time_s": 18.7989559173584,
  "key": "trig_d5_n1024_noise0.0_s123_baseline_gp",
  "timestamp": "2026-04-06T05:53:54.137796"
}