{
  "method": "vanilla",
  "func_type": "trig",
  "dim": 10,
  "n_samples": 256,
  "noise_level": 0.0,
  "seed": 456,
  "lambda": 1.0,
  "test_value_mse": 8.267212867736816,
  "test_grad_mse": 6.468647480010986,
  "best_epoch": 18,
  "time_s": 2.8915035724639893,
  "n_epochs_actual": 69,
  "key": "trig_d10_n256_noise0.0_s456_vanilla",
  "timestamp": "2026-04-06T06:23:12.746177"
}