{
  "method": "baseline_gp",
  "func_type": "trig",
  "dim": 20,
  "n_samples": 1024,
  "noise_level": 0.0,
  "seed": 42,
  "lambda": 1.0,
  "test_value_mse": 19.579580165299806,
  "test_grad_mse": 5.458230757648801,
  "time_s": 8.113462448120117,
  "key": "trig_d20_n1024_noise0.0_s42_baseline_gp",
  "timestamp": "2026-04-06T06:55:30.513624"
}