{
  "method": "dml_fixed",
  "func_type": "trig",
  "dim": 10,
  "n_samples": 256,
  "noise_level": 0.0,
  "seed": 42,
  "lambda": 1.0,
  "test_value_mse": 8.943822860717773,
  "test_grad_mse": 3.48354172706604,
  "best_epoch": 50,
  "time_s": 3.560490131378174,
  "n_epochs_actual": 101,
  "key": "trig_d10_n256_noise0.0_s42_dml_fixed",
  "timestamp": "2026-04-06T06:22:38.396732"
}