{
  "method": "dml_gradnorm",
  "func_type": "trig",
  "dim": 10,
  "n_samples": 1024,
  "noise_level": 0.0,
  "seed": 456,
  "lambda": 1.0,
  "test_value_mse": 6.850497722625732,
  "test_grad_mse": 6.533323287963867,
  "best_epoch": 12,
  "time_s": 5.817739963531494,
  "n_epochs_actual": 63,
  "key": "trig_d10_n1024_noise0.0_s456_dml_gradnorm",
  "timestamp": "2026-04-06T06:26:07.737374"
}