{
  "method": "baseline_rf",
  "func_type": "trig",
  "dim": 10,
  "n_samples": 1024,
  "noise_level": 0.0,
  "seed": 1000,
  "lambda": 1.0,
  "test_value_mse": 4.890805529050714,
  "test_grad_mse": 4.590937634711104,
  "time_s": 4.218871116638184,
  "key": "trig_d10_n1024_noise0.0_s1000_baseline_rf",
  "timestamp": "2026-04-06T06:27:51.706563"
}