{
  "method": "dml_fixed",
  "func_type": "trig",
  "dim": 50,
  "n_samples": 4096,
  "noise_level": 0.0,
  "seed": 123,
  "lambda": 1.0,
  "test_value_mse": 40.41149139404297,
  "test_grad_mse": 6.643555641174316,
  "best_epoch": 8,
  "time_s": 4.974001407623291,
  "n_epochs_actual": 59,
  "key": "trig_d50_n4096_noise0.0_s123_dml_fixed",
  "timestamp": "2026-04-06T07:23:06.769127"
}