{
  "method": "vanilla",
  "func_type": "trig",
  "dim": 100,
  "n_samples": 1024,
  "noise_level": 0.0,
  "seed": 456,
  "lambda": 1.0,
  "test_value_mse": 90.84214782714844,
  "test_grad_mse": 8.162093162536621,
  "best_epoch": 15,
  "time_s": 3.3397748470306396,
  "n_epochs_actual": 66,
  "key": "trig_d100_n1024_noise0.0_s456_vanilla",
  "timestamp": "2026-04-06T07:27:13.566915"
}