{
  "method": "dml_relobralo",
  "func_type": "trig",
  "dim": 5,
  "n_samples": 1024,
  "noise_level": 0.0,
  "seed": 1000,
  "lambda": 1.0,
  "test_value_mse": 0.01125663984566927,
  "test_grad_mse": 0.021961256861686707,
  "best_epoch": 341,
  "time_s": 13.879084348678589,
  "n_epochs_actual": 392,
  "key": "trig_d5_n1024_noise0.0_s1000_dml_relobralo",
  "timestamp": "2026-04-26T08:09:32.020429"
}