{
  "method": "dml_relobralo",
  "func_type": "trig",
  "dim": 50,
  "n_samples": 4096,
  "noise_level": 0.0,
  "seed": 1000,
  "lambda": 1.0,
  "test_value_mse": 49.03289794921875,
  "test_grad_mse": 7.101260662078857,
  "best_epoch": 37,
  "time_s": 7.0021936893463135,
  "n_epochs_actual": 88,
  "key": "trig_d50_n4096_noise0.0_s1000_dml_relobralo",
  "timestamp": "2026-04-26T08:16:56.116453"
}