{
  "method": "dml_fixed",
  "func_type": "trig",
  "dim": 20,
  "n_samples": 256,
  "noise_level": 0.0,
  "seed": 789,
  "lambda": 1.0,
  "test_value_mse": 23.11488151550293,
  "test_grad_mse": 15.063437461853027,
  "best_epoch": 12,
  "time_s": 2.9199414253234863,
  "n_epochs_actual": 63,
  "key": "trig_d20_n256_noise0.0_s789_dml_fixed",
  "timestamp": "2026-04-06T06:54:18.646672"
}