{
  "method": "baseline_krr",
  "func_type": "trig",
  "dim": 10,
  "n_samples": 1024,
  "noise_level": 0.0,
  "seed": 789,
  "lambda": 1.0,
  "test_value_mse": 14.717823028564453,
  "test_grad_mse": 13.53325686458702,
  "time_s": 1.1166934967041016,
  "key": "trig_d10_n1024_noise0.0_s789_baseline_krr",
  "timestamp": "2026-04-06T06:27:08.807026"
}