{
  "method": "dml_relobralo",
  "func_type": "trig",
  "dim": 2,
  "n_samples": 4096,
  "noise_level": 0.0,
  "seed": 1000,
  "lambda": 1.0,
  "test_value_mse": 3.025901150977006e-06,
  "test_grad_mse": 9.9629869509954e-05,
  "best_epoch": 493,
  "time_s": 36.68488788604736,
  "n_epochs_actual": 500,
  "key": "trig_d2_n4096_noise0.0_s1000_dml_relobralo",
  "timestamp": "2026-04-26T08:08:25.026178"
}