{
  "method": "baseline_krr",
  "func_type": "trig",
  "dim": 5,
  "n_samples": 1024,
  "noise_level": 0.0,
  "seed": 789,
  "lambda": 1.0,
  "test_value_mse": 4.184261322021484,
  "test_grad_mse": 11.744819272100846,
  "time_s": 0.4763767719268799,
  "key": "trig_d5_n1024_noise0.0_s789_baseline_krr",
  "timestamp": "2026-04-06T05:55:36.691883"
}