{
  "method": "dml_relobralo",
  "func_type": "trig",
  "dim": 20,
  "n_samples": 4096,
  "noise_level": 0.0,
  "seed": 789,
  "lambda": 1.0,
  "test_value_mse": 23.44245147705078,
  "test_grad_mse": 14.86915111541748,
  "best_epoch": 5,
  "time_s": 4.015669584274292,
  "n_epochs_actual": 56,
  "key": "trig_d20_n4096_noise0.0_s789_dml_relobralo",
  "timestamp": "2026-04-26T08:15:54.816648"
}