{
  "method": "baseline_krr",
  "func_type": "trig",
  "dim": 10,
  "n_samples": 256,
  "noise_level": 0.0,
  "seed": 42,
  "lambda": 1.0,
  "test_value_mse": 6.633321285247803,
  "test_grad_mse": 3.575764609892445,
  "time_s": 0.011244535446166992,
  "key": "trig_d10_n256_noise0.0_s42_baseline_krr",
  "timestamp": "2026-04-06T06:22:49.075350"
}