{
  "method": "dml_relobralo",
  "func_type": "trig",
  "dim": 2,
  "n_samples": 4096,
  "noise_level": 0.0,
  "seed": 456,
  "lambda": 1.0,
  "test_value_mse": 3.415855098864995e-05,
  "test_grad_mse": 0.0006242397357709706,
  "best_epoch": 498,
  "time_s": 31.72822117805481,
  "n_epochs_actual": 500,
  "key": "trig_d2_n4096_noise0.0_s456_dml_relobralo",
  "timestamp": "2026-04-26T08:07:12.557357"
}