{
  "method": "dml_gradnorm",
  "func_type": "trig",
  "dim": 20,
  "n_samples": 256,
  "noise_level": 0.0,
  "seed": 456,
  "lambda": 1.0,
  "test_value_mse": 18.308870315551758,
  "test_grad_mse": 5.650864601135254,
  "best_epoch": 43,
  "time_s": 4.075823068618774,
  "n_epochs_actual": 94,
  "key": "trig_d20_n256_noise0.0_s456_dml_gradnorm",
  "timestamp": "2026-04-06T06:54:01.954503"
}