{
  "method": "dml_gradnorm",
  "func_type": "trig",
  "dim": 5,
  "n_samples": 4096,
  "noise_level": 0.0,
  "seed": 42,
  "lambda": 1.0,
  "test_value_mse": 0.002041896805167198,
  "test_grad_mse": 0.004000753629952669,
  "best_epoch": 496,
  "time_s": 61.46288251876831,
  "n_epochs_actual": 500,
  "key": "trig_d5_n4096_noise0.0_s42_dml_gradnorm",
  "timestamp": "2026-04-06T05:58:44.293758"
}