{
  "method": "dml_relobralo",
  "func_type": "trig",
  "dim": 20,
  "n_samples": 4096,
  "noise_level": 0.0,
  "seed": 42,
  "lambda": 1.0,
  "test_value_mse": 15.162330627441406,
  "test_grad_mse": 5.2905731201171875,
  "best_epoch": 15,
  "time_s": 4.986559629440308,
  "n_epochs_actual": 66,
  "key": "trig_d20_n4096_noise0.0_s42_dml_relobralo",
  "timestamp": "2026-04-26T08:15:41.429729"
}