{
  "method": "baseline_krr",
  "func_type": "trig",
  "dim": 5,
  "n_samples": 256,
  "noise_level": 0.0,
  "seed": 1000,
  "lambda": 1.0,
  "test_value_mse": 4.846280097961426,
  "test_grad_mse": 2.6185950889260132,
  "time_s": 0.02269434928894043,
  "key": "trig_d5_n256_noise0.0_s1000_baseline_krr",
  "timestamp": "2026-04-06T05:52:16.064060"
}