{
  "method": "baseline_rf",
  "func_type": "trig",
  "dim": 20,
  "n_samples": 4096,
  "noise_level": 0.0,
  "seed": 123,
  "lambda": 1.0,
  "test_value_mse": 10.784457414559753,
  "test_grad_mse": 330.7034501576658,
  "time_s": 9.324003458023071,
  "key": "trig_d20_n4096_noise0.0_s123_baseline_rf",
  "timestamp": "2026-04-06T07:07:46.570402"
}