{
  "method": "dml_fixed",
  "func_type": "trig",
  "dim": 50,
  "n_samples": 1024,
  "noise_level": 0.0,
  "seed": 42,
  "lambda": 1.0,
  "test_value_mse": 43.085880279541016,
  "test_grad_mse": 6.70452880859375,
  "best_epoch": 19,
  "time_s": 3.3059744834899902,
  "n_epochs_actual": 70,
  "key": "trig_d50_n1024_noise0.0_s42_dml_fixed",
  "timestamp": "2026-04-06T07:21:04.857878"
}