{
  "method": "dml_relobralo",
  "func_type": "trig",
  "dim": 20,
  "n_samples": 256,
  "noise_level": 0.0,
  "seed": 42,
  "lambda": 1.0,
  "test_value_mse": 22.858970642089844,
  "test_grad_mse": 5.512602806091309,
  "best_epoch": 31,
  "time_s": 1.8894379138946533,
  "n_epochs_actual": 82,
  "key": "trig_d20_n256_noise0.0_s42_dml_relobralo",
  "timestamp": "2026-04-26T08:15:14.599022"
}