{
  "method": "dml_relobralo",
  "func_type": "trig",
  "dim": 5,
  "n_samples": 1024,
  "noise_level": 0.0,
  "seed": 123,
  "lambda": 1.0,
  "test_value_mse": 0.050526659935712814,
  "test_grad_mse": 0.12763863801956177,
  "best_epoch": 499,
  "time_s": 17.819206476211548,
  "n_epochs_actual": 500,
  "key": "trig_d5_n1024_noise0.0_s123_dml_relobralo",
  "timestamp": "2026-04-26T08:09:03.046609"
}