{
  "method": "baseline_rf",
  "func_type": "trig",
  "dim": 20,
  "n_samples": 4096,
  "noise_level": 0.0,
  "seed": 456,
  "lambda": 1.0,
  "test_value_mse": 9.357900281603461,
  "test_grad_mse": 149.90541624532744,
  "time_s": 9.45547866821289,
  "key": "trig_d20_n4096_noise0.0_s456_baseline_rf",
  "timestamp": "2026-04-06T07:11:00.169881"
}