{
  "method": "dml_relobralo",
  "func_type": "trig",
  "dim": 5,
  "n_samples": 256,
  "noise_level": 0.0,
  "seed": 1000,
  "lambda": 1.0,
  "test_value_mse": 2.9891128540039062,
  "test_grad_mse": 1.9735676050186157,
  "best_epoch": 65,
  "time_s": 2.2877187728881836,
  "n_epochs_actual": 116,
  "key": "trig_d5_n256_noise0.0_s1000_dml_relobralo",
  "timestamp": "2026-04-26T08:08:37.084210"
}