{
  "method": "baseline_gp",
  "func_type": "trig",
  "dim": 10,
  "n_samples": 256,
  "noise_level": 0.0,
  "seed": 42,
  "lambda": 1.0,
  "test_value_mse": 6.047528553122221,
  "test_grad_mse": 3.58672299097707,
  "time_s": 3.909259557723999,
  "key": "trig_d10_n256_noise0.0_s42_baseline_gp",
  "timestamp": "2026-04-06T06:22:49.063828"
}