{
  "method": "dml_fixed",
  "func_type": "trig",
  "dim": 20,
  "n_samples": 256,
  "noise_level": 0.0,
  "seed": 1000,
  "lambda": 1.0,
  "test_value_mse": 15.780061721801758,
  "test_grad_mse": 6.628559589385986,
  "best_epoch": 20,
  "time_s": 3.3481292724609375,
  "n_epochs_actual": 71,
  "key": "trig_d20_n256_noise0.0_s1000_dml_fixed",
  "timestamp": "2026-04-06T06:54:38.692926"
}