{
  "method": "baseline_rf",
  "func_type": "trig",
  "dim": 5,
  "n_samples": 4096,
  "noise_level": 0.0,
  "seed": 1000,
  "lambda": 1.0,
  "test_value_mse": 0.8608340981535773,
  "test_grad_mse": 3418.1500574324386,
  "time_s": 3.2040231227874756,
  "key": "trig_d5_n4096_noise0.0_s1000_baseline_rf",
  "timestamp": "2026-04-06T06:22:31.466436"
}