{
  "method": "baseline_gp",
  "func_type": "trig",
  "dim": 10,
  "n_samples": 1024,
  "noise_level": 0.0,
  "seed": 42,
  "lambda": 1.0,
  "test_value_mse": 6.975274714231795,
  "test_grad_mse": 3.6238633241324743,
  "time_s": 13.03981328010559,
  "key": "trig_d10_n1024_noise0.0_s42_baseline_gp",
  "timestamp": "2026-04-06T06:25:31.011255"
}