{
  "method": "dml_gradnorm",
  "func_type": "trig",
  "dim": 10,
  "n_samples": 4096,
  "noise_level": 0.0,
  "seed": 789,
  "lambda": 1.0,
  "test_value_mse": 12.065560340881348,
  "test_grad_mse": 14.141033172607422,
  "best_epoch": 4,
  "time_s": 8.600434303283691,
  "n_epochs_actual": 55,
  "key": "trig_d10_n4096_noise0.0_s789_dml_gradnorm",
  "timestamp": "2026-04-06T06:44:29.149736"
}