{
  "method": "dml_fixed",
  "func_type": "trig",
  "dim": 2,
  "n_samples": 256,
  "noise_level": 0.0,
  "seed": 456,
  "lambda": 1.0,
  "test_value_mse": 0.022401323541998863,
  "test_grad_mse": 0.245632141828537,
  "best_epoch": 468,
  "time_s": 11.790667295455933,
  "n_epochs_actual": 500,
  "key": "trig_d2_n256_noise0.0_s456_dml_fixed",
  "timestamp": "2026-04-06T05:04:19.812324"
}