{
  "method": "dml_fixed",
  "func_type": "trig",
  "dim": 100,
  "n_samples": 1024,
  "noise_level": 0.0,
  "seed": 42,
  "lambda": 1.0,
  "test_value_mse": 96.1895751953125,
  "test_grad_mse": 7.360564231872559,
  "best_epoch": 24,
  "time_s": 3.786388874053955,
  "n_epochs_actual": 75,
  "key": "trig_d100_n1024_noise0.0_s42_dml_fixed",
  "timestamp": "2026-04-06T07:26:30.598849"
}