{
  "method": "dml_fixed",
  "func_type": "trig",
  "dim": 20,
  "n_samples": 4096,
  "noise_level": 0.0,
  "seed": 789,
  "lambda": 1.0,
  "test_value_mse": 28.987546920776367,
  "test_grad_mse": 14.616864204406738,
  "best_epoch": 29,
  "time_s": 7.942885398864746,
  "n_epochs_actual": 80,
  "key": "trig_d20_n4096_noise0.0_s789_dml_fixed",
  "timestamp": "2026-04-06T07:11:14.353262"
}