{
  "method": "baseline_rf",
  "func_type": "trig",
  "dim": 2,
  "n_samples": 1024,
  "noise_level": 0.0,
  "seed": 789,
  "lambda": 1.0,
  "test_value_mse": 0.18460631842612854,
  "test_grad_mse": 11.553313531710804,
  "time_s": 1.0455529689788818,
  "key": "trig_d2_n1024_noise0.0_s789_baseline_rf",
  "timestamp": "2026-04-06T05:16:49.129661"
}