{
  "method": "dml_relobralo",
  "func_type": "trig",
  "dim": 10,
  "n_samples": 1024,
  "noise_level": 0.0,
  "seed": 1000,
  "lambda": 1.0,
  "test_value_mse": 7.583207130432129,
  "test_grad_mse": 4.052552223205566,
  "best_epoch": 80,
  "time_s": 3.752322196960449,
  "n_epochs_actual": 131,
  "key": "trig_d10_n1024_noise0.0_s1000_dml_relobralo",
  "timestamp": "2026-04-26T08:13:30.786611"
}