{
  "method": "baseline_krr",
  "func_type": "trig",
  "dim": 5,
  "n_samples": 4096,
  "noise_level": 0.0,
  "seed": 123,
  "lambda": 1.0,
  "test_value_mse": 1.2916277647018433,
  "test_grad_mse": 4.1490166550376175,
  "time_s": 2.4172451496124268,
  "key": "trig_d5_n4096_noise0.0_s123_baseline_krr",
  "timestamp": "2026-04-06T06:06:45.858172"
}