{
  "method": "baseline_gp",
  "func_type": "trig",
  "dim": 5,
  "n_samples": 256,
  "noise_level": 0.0,
  "seed": 42,
  "lambda": 1.0,
  "test_value_mse": 1.5648350248078517,
  "test_grad_mse": 3.342811895534463,
  "time_s": 0.7084064483642578,
  "key": "trig_d5_n256_noise0.0_s42_baseline_gp",
  "timestamp": "2026-04-06T05:50:51.909758"
}