{
  "method": "dml_gradnorm",
  "func_type": "trig",
  "dim": 5,
  "n_samples": 256,
  "noise_level": 0.0,
  "seed": 42,
  "lambda": 1.0,
  "test_value_mse": 1.3709208965301514,
  "test_grad_mse": 2.8676862716674805,
  "best_epoch": 57,
  "time_s": 4.2296130657196045,
  "n_epochs_actual": 108,
  "key": "trig_d5_n256_noise0.0_s42_dml_gradnorm",
  "timestamp": "2026-04-06T05:50:47.270565"
}