{
  "method": "dml_gradnorm",
  "func_type": "trig",
  "dim": 5,
  "n_samples": 256,
  "noise_level": 0.0,
  "seed": 789,
  "lambda": 1.0,
  "test_value_mse": 5.548476696014404,
  "test_grad_mse": 11.02017879486084,
  "best_epoch": 24,
  "time_s": 3.7663445472717285,
  "n_epochs_actual": 75,
  "key": "trig_d5_n256_noise0.0_s789_dml_gradnorm",
  "timestamp": "2026-04-06T05:51:42.986669"
}