{
  "method": "baseline_rf",
  "func_type": "trig",
  "dim": 10,
  "n_samples": 4096,
  "noise_level": 0.0,
  "seed": 456,
  "lambda": 1.0,
  "test_value_mse": 3.9384078833936944,
  "test_grad_mse": 701.6301357854567,
  "time_s": 5.383361101150513,
  "key": "trig_d10_n4096_noise0.0_s456_baseline_rf",
  "timestamp": "2026-04-06T06:44:07.125888"
}