{
  "method": "dml_fixed",
  "func_type": "trig",
  "dim": 20,
  "n_samples": 256,
  "noise_level": 0.0,
  "seed": 456,
  "lambda": 1.0,
  "test_value_mse": 17.322505950927734,
  "test_grad_mse": 5.631309986114502,
  "best_epoch": 26,
  "time_s": 3.4116458892822266,
  "n_epochs_actual": 77,
  "key": "trig_d20_n256_noise0.0_s456_dml_fixed",
  "timestamp": "2026-04-06T06:53:57.878182"
}