{
  "method": "baseline_gp",
  "func_type": "trig",
  "dim": 2,
  "n_samples": 256,
  "noise_level": 0.0,
  "seed": 456,
  "lambda": 1.0,
  "test_value_mse": 0.7839161728309291,
  "test_grad_mse": 5.6774302480165995,
  "time_s": 0.4717838764190674,
  "key": "trig_d2_n256_noise0.0_s456_baseline_gp",
  "timestamp": "2026-04-06T05:04:33.514965"
}