{
  "method": "dml_fixed",
  "func_type": "trig",
  "dim": 20,
  "n_samples": 4096,
  "noise_level": 0.0,
  "seed": 123,
  "lambda": 1.0,
  "test_value_mse": 16.261995315551758,
  "test_grad_mse": 7.215766429901123,
  "best_epoch": 42,
  "time_s": 8.541825532913208,
  "n_epochs_actual": 93,
  "key": "trig_d20_n4096_noise0.0_s123_dml_fixed",
  "timestamp": "2026-04-06T07:03:23.730553"
}