{
  "method": "baseline_gp",
  "func_type": "trig",
  "dim": 5,
  "n_samples": 1024,
  "noise_level": 0.0,
  "seed": 42,
  "lambda": 1.0,
  "test_value_mse": 1.3574320014634864,
  "test_grad_mse": 2.969167374597614,
  "time_s": 13.87539029121399,
  "key": "trig_d5_n1024_noise0.0_s42_baseline_gp",
  "timestamp": "2026-04-06T05:52:49.454861"
}