{
  "method": "dml_relobralo",
  "func_type": "trig",
  "dim": 5,
  "n_samples": 1024,
  "noise_level": 0.0,
  "seed": 456,
  "lambda": 1.0,
  "test_value_mse": 1.3169883489608765,
  "test_grad_mse": 3.879218578338623,
  "best_epoch": 95,
  "time_s": 5.088397741317749,
  "n_epochs_actual": 146,
  "key": "trig_d5_n1024_noise0.0_s456_dml_relobralo",
  "timestamp": "2026-04-26T08:09:08.146870"
}