{
  "method": "baseline_rf",
  "func_type": "trig",
  "dim": 2,
  "n_samples": 256,
  "noise_level": 0.0,
  "seed": 42,
  "lambda": 1.0,
  "test_value_mse": 0.3025300324316409,
  "test_grad_mse": 5.612456680861009,
  "time_s": 1.1303272247314453,
  "key": "trig_d2_n256_noise0.0_s42_baseline_rf",
  "timestamp": "2026-04-06T05:03:18.640371"
}