{
  "method": "dml_fixed",
  "func_type": "trig",
  "dim": 2,
  "n_samples": 1024,
  "noise_level": 0.0,
  "seed": 789,
  "lambda": 1.0,
  "test_value_mse": 0.0005784595850855112,
  "test_grad_mse": 0.016860313713550568,
  "best_epoch": 491,
  "time_s": 11.825875043869019,
  "n_epochs_actual": 500,
  "key": "trig_d2_n1024_noise0.0_s789_dml_fixed",
  "timestamp": "2026-04-06T05:13:29.531945"
}