{
  "method": "dml_gradnorm",
  "func_type": "trig",
  "dim": 20,
  "n_samples": 1024,
  "noise_level": 0.0,
  "seed": 789,
  "lambda": 1.0,
  "test_value_mse": 24.125198364257812,
  "test_grad_mse": 15.113926887512207,
  "best_epoch": 4,
  "time_s": 4.484853506088257,
  "n_epochs_actual": 55,
  "key": "trig_d20_n1024_noise0.0_s789_dml_gradnorm",
  "timestamp": "2026-04-06T06:58:01.364260"
}