{
  "method": "dml_fixed",
  "func_type": "trig",
  "dim": 5,
  "n_samples": 256,
  "noise_level": 0.0,
  "seed": 1000,
  "lambda": 1.0,
  "test_value_mse": 3.757786750793457,
  "test_grad_mse": 2.1420936584472656,
  "best_epoch": 44,
  "time_s": 3.850170373916626,
  "n_epochs_actual": 95,
  "key": "trig_d5_n256_noise0.0_s1000_dml_fixed",
  "timestamp": "2026-04-06T05:51:59.340528"
}