{
  "method": "dml_gradnorm",
  "func_type": "trig",
  "dim": 5,
  "n_samples": 1024,
  "noise_level": 0.0,
  "seed": 456,
  "lambda": 1.0,
  "test_value_mse": 1.4898239374160767,
  "test_grad_mse": 3.920257568359375,
  "best_epoch": 58,
  "time_s": 6.766184568405151,
  "n_epochs_actual": 109,
  "key": "trig_d5_n1024_noise0.0_s456_dml_gradnorm",
  "timestamp": "2026-04-06T05:54:15.856857"
}