{
  "method": "dml_gradnorm",
  "func_type": "trig",
  "dim": 20,
  "n_samples": 1024,
  "noise_level": 0.0,
  "seed": 1000,
  "lambda": 1.0,
  "test_value_mse": 17.742284774780273,
  "test_grad_mse": 6.517531394958496,
  "best_epoch": 20,
  "time_s": 5.008721113204956,
  "n_epochs_actual": 71,
  "key": "trig_d20_n1024_noise0.0_s1000_dml_gradnorm",
  "timestamp": "2026-04-06T06:59:28.275806"
}