{
  "method": "baseline_krr",
  "func_type": "trig",
  "dim": 2,
  "n_samples": 256,
  "noise_level": 0.0,
  "seed": 42,
  "lambda": 1.0,
  "test_value_mse": 0.8039891123771667,
  "test_grad_mse": 5.16695149700952,
  "time_s": 0.003928422927856445,
  "key": "trig_d2_n256_noise0.0_s42_baseline_krr",
  "timestamp": "2026-04-06T05:03:17.509868"
}