{
  "method": "dml_gradnorm",
  "func_type": "trig",
  "dim": 10,
  "n_samples": 4096,
  "noise_level": 0.0,
  "seed": 123,
  "lambda": 1.0,
  "test_value_mse": 2.328889846801758,
  "test_grad_mse": 1.3339921236038208,
  "best_epoch": 262,
  "time_s": 42.855849742889404,
  "n_epochs_actual": 313,
  "key": "trig_d10_n4096_noise0.0_s123_dml_gradnorm",
  "timestamp": "2026-04-06T06:35:16.123166"
}