{
  "method": "dml_gradnorm",
  "func_type": "trig",
  "dim": 50,
  "n_samples": 4096,
  "noise_level": 0.0,
  "seed": 456,
  "lambda": 1.0,
  "test_value_mse": 54.25979232788086,
  "test_grad_mse": 8.266700744628906,
  "best_epoch": 52,
  "time_s": 15.554198741912842,
  "n_epochs_actual": 103,
  "key": "trig_d50_n4096_noise0.0_s456_dml_gradnorm",
  "timestamp": "2026-04-06T07:23:51.697574"
}