{
  "method": "dml_fixed",
  "func_type": "trig",
  "dim": 50,
  "n_samples": 1024,
  "noise_level": 0.0,
  "seed": 123,
  "lambda": 1.0,
  "test_value_mse": 46.377418518066406,
  "test_grad_mse": 6.657474040985107,
  "best_epoch": 13,
  "time_s": 3.69696307182312,
  "n_epochs_actual": 64,
  "key": "trig_d50_n1024_noise0.0_s123_dml_fixed",
  "timestamp": "2026-04-06T07:21:21.048554"
}