{
  "method": "dml_relobralo",
  "func_type": "trig",
  "dim": 20,
  "n_samples": 1024,
  "noise_level": 0.0,
  "seed": 42,
  "lambda": 1.0,
  "test_value_mse": 16.329866409301758,
  "test_grad_mse": 5.466351509094238,
  "best_epoch": 22,
  "time_s": 2.5905442237854004,
  "n_epochs_actual": 73,
  "key": "trig_d20_n1024_noise0.0_s42_dml_relobralo",
  "timestamp": "2026-04-26T08:15:24.803895"
}