{
  "method": "dml_relobralo",
  "func_type": "trig",
  "dim": 5,
  "n_samples": 4096,
  "noise_level": 0.0,
  "seed": 1000,
  "lambda": 1.0,
  "test_value_mse": 0.0005669413367286325,
  "test_grad_mse": 0.0017948115710169077,
  "best_epoch": 492,
  "time_s": 40.458211183547974,
  "n_epochs_actual": 500,
  "key": "trig_d5_n4096_noise0.0_s1000_dml_relobralo",
  "timestamp": "2026-04-26T08:12:55.872762"
}