{
  "method": "baseline_gp",
  "func_type": "trig",
  "dim": 10,
  "n_samples": 1024,
  "noise_level": 0.0,
  "seed": 1000,
  "lambda": 1.0,
  "test_value_mse": 8.822565033986306,
  "test_grad_mse": 4.534732260009222,
  "time_s": 11.218456268310547,
  "key": "trig_d10_n1024_noise0.0_s1000_baseline_gp",
  "timestamp": "2026-04-06T06:27:42.830075"
}