{
  "method": "vanilla",
  "func_type": "trig",
  "dim": 5,
  "n_samples": 1024,
  "noise_level": 0.0,
  "seed": 789,
  "lambda": 1.0,
  "test_value_mse": 3.5380568504333496,
  "test_grad_mse": 11.562091827392578,
  "best_epoch": 26,
  "time_s": 3.169177532196045,
  "n_epochs_actual": 77,
  "key": "trig_d5_n1024_noise0.0_s789_vanilla",
  "timestamp": "2026-04-06T05:54:38.387593"
}