{
  "method": "dml_gradnorm",
  "func_type": "trig",
  "dim": 10,
  "n_samples": 256,
  "noise_level": 0.0,
  "seed": 42,
  "lambda": 1.0,
  "test_value_mse": 7.072514533996582,
  "test_grad_mse": 3.6750905513763428,
  "best_epoch": 34,
  "time_s": 3.5632734298706055,
  "n_epochs_actual": 85,
  "key": "trig_d10_n256_noise0.0_s42_dml_gradnorm",
  "timestamp": "2026-04-06T06:22:41.960478"
}