{
  "method": "dml_relobralo",
  "func_type": "trig",
  "dim": 2,
  "n_samples": 1024,
  "noise_level": 0.0,
  "seed": 1000,
  "lambda": 1.0,
  "test_value_mse": 2.3154119844548404e-05,
  "test_grad_mse": 0.00038176350062713027,
  "best_epoch": 499,
  "time_s": 13.416101455688477,
  "n_epochs_actual": 500,
  "key": "trig_d2_n1024_noise0.0_s1000_dml_relobralo",
  "timestamp": "2026-04-26T08:05:50.717218"
}