{
  "method": "baseline_krr",
  "func_type": "trig",
  "dim": 10,
  "n_samples": 4096,
  "noise_level": 0.0,
  "seed": 1000,
  "lambda": 1.0,
  "test_value_mse": 7.257555961608887,
  "test_grad_mse": 4.293649481255905,
  "time_s": 6.116127014160156,
  "key": "trig_d10_n4096_noise0.0_s1000_baseline_krr",
  "timestamp": "2026-04-06T06:52:55.882000"
}