{
  "method": "dml_relobralo",
  "func_type": "trig",
  "dim": 50,
  "n_samples": 4096,
  "noise_level": 0.0,
  "seed": 789,
  "lambda": 1.0,
  "test_value_mse": 51.18269729614258,
  "test_grad_mse": 10.921651840209961,
  "best_epoch": 6,
  "time_s": 5.478886365890503,
  "n_epochs_actual": 57,
  "key": "trig_d50_n4096_noise0.0_s789_dml_relobralo",
  "timestamp": "2026-04-26T08:16:49.099743"
}