{
  "method": "dml_relobralo",
  "func_type": "trig",
  "dim": 100,
  "n_samples": 256,
  "noise_level": 0.0,
  "seed": 456,
  "lambda": 1.0,
  "test_value_mse": 86.30313110351562,
  "test_grad_mse": 8.102201461791992,
  "best_epoch": 26,
  "time_s": 1.8851659297943115,
  "n_epochs_actual": 77,
  "key": "trig_d100_n256_noise0.0_s456_dml_relobralo",
  "timestamp": "2026-04-26T08:17:01.907102"
}