{
  "method": "dml_gradnorm",
  "func_type": "trig",
  "dim": 10,
  "n_samples": 4096,
  "noise_level": 0.0,
  "seed": 1000,
  "lambda": 1.0,
  "test_value_mse": 0.5561853647232056,
  "test_grad_mse": 0.4320555329322815,
  "best_epoch": 497,
  "time_s": 68.77684307098389,
  "n_epochs_actual": 500,
  "key": "trig_d10_n4096_noise0.0_s1000_dml_gradnorm",
  "timestamp": "2026-04-06T06:49:29.076171"
}