{
  "method": "dml_fixed",
  "func_type": "trig",
  "dim": 100,
  "n_samples": 4096,
  "noise_level": 0.0,
  "seed": 1000,
  "lambda": 1.0,
  "test_value_mse": 83.8371353149414,
  "test_grad_mse": 7.358288288116455,
  "best_epoch": 9,
  "time_s": 5.224020957946777,
  "n_epochs_actual": 60,
  "key": "trig_d100_n4096_noise0.0_s1000_dml_fixed",
  "timestamp": "2026-04-06T07:30:35.726656"
}