{
  "method": "baseline_gp",
  "func_type": "trig",
  "dim": 2,
  "n_samples": 4096,
  "noise_level": 0.0,
  "seed": 456,
  "lambda": 1.0,
  "test_value_mse": 0.680405887795406,
  "test_grad_mse": 6.087960501093154,
  "time_s": 219.8015558719635,
  "key": "trig_d2_n4096_noise0.0_s456_baseline_gp",
  "timestamp": "2026-04-06T05:36:57.731811"
}