{
  "method": "baseline_krr",
  "func_type": "trig",
  "dim": 2,
  "n_samples": 256,
  "noise_level": 0.0,
  "seed": 123,
  "lambda": 1.0,
  "test_value_mse": 0.004923271015286446,
  "test_grad_mse": 0.009607716024780603,
  "time_s": 0.0038759708404541016,
  "key": "trig_d2_n256_noise0.0_s123_baseline_krr",
  "timestamp": "2026-04-06T05:04:03.702126"
}