{
  "method": "dml_fixed",
  "func_type": "trig",
  "dim": 10,
  "n_samples": 256,
  "noise_level": 0.0,
  "seed": 1000,
  "lambda": 1.0,
  "test_value_mse": 8.733223915100098,
  "test_grad_mse": 4.791153430938721,
  "best_epoch": 35,
  "time_s": 3.615968942642212,
  "n_epochs_actual": 86,
  "key": "trig_d10_n256_noise0.0_s1000_dml_fixed",
  "timestamp": "2026-04-06T06:24:28.570284"
}