{
  "method": "dml_relobralo",
  "func_type": "trig",
  "dim": 10,
  "n_samples": 256,
  "noise_level": 0.0,
  "seed": 123,
  "lambda": 1.0,
  "test_value_mse": 6.172436714172363,
  "test_grad_mse": 4.757199287414551,
  "best_epoch": 29,
  "time_s": 1.8771998882293701,
  "n_epochs_actual": 80,
  "key": "trig_d10_n256_noise0.0_s123_dml_relobralo",
  "timestamp": "2026-04-26T08:13:00.101214"
}