{
  "method": "dml_relobralo",
  "func_type": "trig",
  "dim": 5,
  "n_samples": 4096,
  "noise_level": 0.0,
  "seed": 789,
  "lambda": 1.0,
  "test_value_mse": 0.023978237062692642,
  "test_grad_mse": 0.04957776144146919,
  "best_epoch": 486,
  "time_s": 31.357745885849,
  "n_epochs_actual": 500,
  "key": "trig_d5_n4096_noise0.0_s789_dml_relobralo",
  "timestamp": "2026-04-26T08:12:15.403373"
}