{
  "method": "baseline_gp",
  "func_type": "trig",
  "dim": 5,
  "n_samples": 4096,
  "noise_level": 0.0,
  "seed": 789,
  "lambda": 1.0,
  "test_value_mse": 3.455051103340214,
  "test_grad_mse": 9.043423035787706,
  "time_s": 189.754079580307,
  "key": "trig_d5_n4096_noise0.0_s789_baseline_gp",
  "timestamp": "2026-04-06T06:17:16.722861"
}