{
  "method": "dml_relobralo",
  "func_type": "trig",
  "dim": 50,
  "n_samples": 1024,
  "noise_level": 0.0,
  "seed": 123,
  "lambda": 1.0,
  "test_value_mse": 43.124141693115234,
  "test_grad_mse": 6.707428455352783,
  "best_epoch": 18,
  "time_s": 2.6114559173583984,
  "n_epochs_actual": 69,
  "key": "trig_d50_n1024_noise0.0_s123_dml_relobralo",
  "timestamp": "2026-04-26T08:16:18.582011"
}