{
  "method": "dml_relobralo",
  "func_type": "trig",
  "dim": 10,
  "n_samples": 4096,
  "noise_level": 0.0,
  "seed": 1000,
  "lambda": 1.0,
  "test_value_mse": 0.49134182929992676,
  "test_grad_mse": 0.4237493872642517,
  "best_epoch": 497,
  "time_s": 38.826791524887085,
  "n_epochs_actual": 500,
  "key": "trig_d10_n4096_noise0.0_s1000_dml_relobralo",
  "timestamp": "2026-04-26T08:15:12.475773"
}