{
  "method": "dml_relobralo",
  "func_type": "trig",
  "dim": 50,
  "n_samples": 1024,
  "noise_level": 0.0,
  "seed": 42,
  "lambda": 1.0,
  "test_value_mse": 41.15584182739258,
  "test_grad_mse": 6.768729209899902,
  "best_epoch": 20,
  "time_s": 2.59234619140625,
  "n_epochs_actual": 71,
  "key": "trig_d50_n1024_noise0.0_s42_dml_relobralo",
  "timestamp": "2026-04-26T08:16:15.959181"
}