{
  "method": "dml_fixed",
  "func_type": "trig",
  "dim": 2,
  "n_samples": 4096,
  "noise_level": 0.0,
  "seed": 42,
  "lambda": 1.0,
  "test_value_mse": 2.5685658329166472e-05,
  "test_grad_mse": 0.001010752166621387,
  "best_epoch": 485,
  "time_s": 26.985353708267212,
  "n_epochs_actual": 500,
  "key": "trig_d2_n4096_noise0.0_s42_dml_fixed",
  "timestamp": "2026-04-06T05:18:47.080212"
}