{
  "method": "dml_relobralo",
  "func_type": "trig",
  "dim": 100,
  "n_samples": 4096,
  "noise_level": 0.0,
  "seed": 1000,
  "lambda": 1.0,
  "test_value_mse": 154.78265380859375,
  "test_grad_mse": 7.666760444641113,
  "best_epoch": 34,
  "time_s": 8.031169176101685,
  "n_epochs_actual": 85,
  "key": "trig_d100_n4096_noise0.0_s1000_dml_relobralo",
  "timestamp": "2026-04-26T08:17:50.569340"
}