{
  "method": "dml_fixed",
  "func_type": "trig",
  "dim": 2,
  "n_samples": 1024,
  "noise_level": 0.0,
  "seed": 1000,
  "lambda": 1.0,
  "test_value_mse": 4.468058978090994e-05,
  "test_grad_mse": 0.000658773526083678,
  "best_epoch": 485,
  "time_s": 11.665802955627441,
  "n_epochs_actual": 500,
  "key": "trig_d2_n1024_noise0.0_s1000_dml_fixed",
  "timestamp": "2026-04-06T05:17:10.991276"
}