{
  "method": "dml_relobralo",
  "func_type": "trig",
  "dim": 5,
  "n_samples": 256,
  "noise_level": 0.0,
  "seed": 456,
  "lambda": 1.0,
  "test_value_mse": 4.769689083099365,
  "test_grad_mse": 5.724237442016602,
  "best_epoch": 92,
  "time_s": 2.5127038955688477,
  "n_epochs_actual": 143,
  "key": "trig_d5_n256_noise0.0_s456_dml_relobralo",
  "timestamp": "2026-04-26T08:08:33.226628"
}