{
  "method": "vanilla",
  "func_type": "trig",
  "dim": 5,
  "n_samples": 1024,
  "noise_level": 0.0,
  "seed": 456,
  "lambda": 1.0,
  "test_value_mse": 2.402015447616577,
  "test_grad_mse": 5.263375759124756,
  "best_epoch": 131,
  "time_s": 5.030866861343384,
  "n_epochs_actual": 182,
  "key": "trig_d5_n1024_noise0.0_s456_vanilla",
  "timestamp": "2026-04-06T05:54:01.557353"
}