{
  "method": "dml_fixed",
  "func_type": "trig",
  "dim": 10,
  "n_samples": 256,
  "noise_level": 0.0,
  "seed": 123,
  "lambda": 1.0,
  "test_value_mse": 8.776663780212402,
  "test_grad_mse": 4.977785110473633,
  "best_epoch": 46,
  "time_s": 3.4818129539489746,
  "n_epochs_actual": 97,
  "key": "trig_d10_n256_noise0.0_s123_dml_fixed",
  "timestamp": "2026-04-06T06:22:59.235990"
}