{
  "method": "dml_fixed",
  "func_type": "trig",
  "dim": 5,
  "n_samples": 256,
  "noise_level": 0.0,
  "seed": 789,
  "lambda": 1.0,
  "test_value_mse": 5.489212989807129,
  "test_grad_mse": 11.176654815673828,
  "best_epoch": 3,
  "time_s": 2.7393438816070557,
  "n_epochs_actual": 54,
  "key": "trig_d5_n256_noise0.0_s789_dml_fixed",
  "timestamp": "2026-04-06T05:51:39.219166"
}