{
  "method": "dml_relobralo",
  "func_type": "trig",
  "dim": 50,
  "n_samples": 1024,
  "noise_level": 0.0,
  "seed": 456,
  "lambda": 1.0,
  "test_value_mse": 36.47428894042969,
  "test_grad_mse": 8.137969970703125,
  "best_epoch": 13,
  "time_s": 2.7646055221557617,
  "n_epochs_actual": 64,
  "key": "trig_d50_n1024_noise0.0_s456_dml_relobralo",
  "timestamp": "2026-04-26T08:16:21.358673"
}