{
  "method": "baseline_rf",
  "func_type": "trig",
  "dim": 2,
  "n_samples": 256,
  "noise_level": 0.0,
  "seed": 456,
  "lambda": 1.0,
  "test_value_mse": 0.2224338896864822,
  "test_grad_mse": 5.67743024801943,
  "time_s": 1.1059706211090088,
  "key": "trig_d2_n256_noise0.0_s456_baseline_rf",
  "timestamp": "2026-04-06T05:04:34.625357"
}