{
  "method": "dml_gradnorm",
  "func_type": "trig",
  "dim": 2,
  "n_samples": 256,
  "noise_level": 0.0,
  "seed": 123,
  "lambda": 1.0,
  "test_value_mse": 8.78336948062497e-07,
  "test_grad_mse": 1.0128434951184317e-05,
  "best_epoch": 499,
  "time_s": 15.492459774017334,
  "n_epochs_actual": 500,
  "key": "trig_d2_n256_noise0.0_s123_dml_gradnorm",
  "timestamp": "2026-04-06T05:03:53.522614"
}