{
  "method": "dml_fixed",
  "func_type": "trig",
  "dim": 100,
  "n_samples": 256,
  "noise_level": 0.0,
  "seed": 42,
  "lambda": 1.0,
  "test_value_mse": 80.82766723632812,
  "test_grad_mse": 7.428879261016846,
  "best_epoch": 33,
  "time_s": 3.9820940494537354,
  "n_epochs_actual": 84,
  "key": "trig_d100_n256_noise0.0_s42_dml_fixed",
  "timestamp": "2026-04-06T07:25:03.589576"
}