{
  "method": "dml_gradnorm",
  "func_type": "trig",
  "dim": 100,
  "n_samples": 4096,
  "noise_level": 0.0,
  "seed": 42,
  "lambda": 1.0,
  "test_value_mse": 109.76432037353516,
  "test_grad_mse": 7.499247074127197,
  "best_epoch": 63,
  "time_s": 17.444545030593872,
  "n_epochs_actual": 114,
  "key": "trig_d100_n4096_noise0.0_s42_dml_gradnorm",
  "timestamp": "2026-04-06T07:28:44.149284"
}