{
  "method": "baseline_rf",
  "func_type": "trig",
  "dim": 5,
  "n_samples": 256,
  "noise_level": 0.0,
  "seed": 456,
  "lambda": 1.0,
  "test_value_mse": 3.3546776192222314,
  "test_grad_mse": 6.1898907198374005,
  "time_s": 2.114973545074463,
  "key": "trig_d5_n256_noise0.0_s456_baseline_rf",
  "timestamp": "2026-04-06T05:51:33.548591"
}