{
  "method": "dml_relobralo",
  "func_type": "trig",
  "dim": 10,
  "n_samples": 4096,
  "noise_level": 0.0,
  "seed": 789,
  "lambda": 1.0,
  "test_value_mse": 7.703174591064453,
  "test_grad_mse": 9.267942428588867,
  "best_epoch": 102,
  "time_s": 12.23449969291687,
  "n_epochs_actual": 153,
  "key": "trig_d10_n4096_noise0.0_s789_dml_relobralo",
  "timestamp": "2026-04-26T08:14:33.629617"
}