{
  "method": "vanilla",
  "func_type": "trig",
  "dim": 100,
  "n_samples": 4096,
  "noise_level": 0.0,
  "seed": 42,
  "lambda": 1.0,
  "test_value_mse": 89.18695068359375,
  "test_grad_mse": 7.43187141418457,
  "best_epoch": 5,
  "time_s": 4.277942657470703,
  "n_epochs_actual": 56,
  "key": "trig_d100_n4096_noise0.0_s42_vanilla",
  "timestamp": "2026-04-06T07:28:21.253371"
}