{
  "method": "dml_gradnorm",
  "func_type": "trig",
  "dim": 10,
  "n_samples": 4096,
  "noise_level": 0.0,
  "seed": 456,
  "lambda": 1.0,
  "test_value_mse": 6.8310627937316895,
  "test_grad_mse": 6.189605712890625,
  "best_epoch": 10,
  "time_s": 9.172866106033325,
  "n_epochs_actual": 61,
  "key": "trig_d10_n4096_noise0.0_s456_dml_gradnorm",
  "timestamp": "2026-04-06T06:41:00.647100"
}