{
  "method": "dml_gradnorm",
  "func_type": "trig",
  "dim": 20,
  "n_samples": 256,
  "noise_level": 0.0,
  "seed": 42,
  "lambda": 1.0,
  "test_value_mse": 19.638282775878906,
  "test_grad_mse": 5.472902297973633,
  "best_epoch": 21,
  "time_s": 3.8172199726104736,
  "n_epochs_actual": 72,
  "key": "trig_d20_n256_noise0.0_s42_dml_gradnorm",
  "timestamp": "2026-04-06T06:53:11.544623"
}