{
  "method": "dml_relobralo",
  "func_type": "trig",
  "dim": 100,
  "n_samples": 256,
  "noise_level": 0.0,
  "seed": 42,
  "lambda": 1.0,
  "test_value_mse": 72.25086212158203,
  "test_grad_mse": 7.452205657958984,
  "best_epoch": 16,
  "time_s": 1.733637809753418,
  "n_epochs_actual": 67,
  "key": "trig_d100_n256_noise0.0_s42_dml_relobralo",
  "timestamp": "2026-04-26T08:16:58.089791"
}