{
  "method": "dml_gradnorm",
  "func_type": "trig",
  "dim": 20,
  "n_samples": 4096,
  "noise_level": 0.0,
  "seed": 1000,
  "lambda": 1.0,
  "test_value_mse": 15.211082458496094,
  "test_grad_mse": 5.885321617126465,
  "best_epoch": 64,
  "time_s": 17.980191230773926,
  "n_epochs_actual": 115,
  "key": "trig_d20_n4096_noise0.0_s1000_dml_gradnorm",
  "timestamp": "2026-04-06T07:15:55.309398"
}