{
  "method": "dml_fixed",
  "func_type": "trig",
  "dim": 10,
  "n_samples": 256,
  "noise_level": 0.0,
  "seed": 789,
  "lambda": 1.0,
  "test_value_mse": 14.642215728759766,
  "test_grad_mse": 13.671622276306152,
  "best_epoch": 22,
  "time_s": 3.442364454269409,
  "n_epochs_actual": 73,
  "key": "trig_d10_n256_noise0.0_s789_dml_fixed",
  "timestamp": "2026-04-06T06:23:38.524891"
}