{
  "method": "dml_relobralo",
  "func_type": "trig",
  "dim": 50,
  "n_samples": 256,
  "noise_level": 0.0,
  "seed": 42,
  "lambda": 1.0,
  "test_value_mse": 44.08966827392578,
  "test_grad_mse": 6.758601188659668,
  "best_epoch": 41,
  "time_s": 2.0924930572509766,
  "n_epochs_actual": 92,
  "key": "trig_d50_n256_noise0.0_s42_dml_relobralo",
  "timestamp": "2026-04-26T08:16:06.453985"
}