{
  "method": "dml_relobralo",
  "func_type": "trig",
  "dim": 2,
  "n_samples": 256,
  "noise_level": 0.0,
  "seed": 456,
  "lambda": 1.0,
  "test_value_mse": 0.16870488226413727,
  "test_grad_mse": 1.0436460971832275,
  "best_epoch": 227,
  "time_s": 5.452220439910889,
  "n_epochs_actual": 278,
  "key": "trig_d2_n256_noise0.0_s456_dml_relobralo",
  "timestamp": "2026-04-26T08:04:26.626987"
}