{
  "key": "gnn_md17_uracil_split4_dml_warmup",
  "method": "dml_warmup",
  "model": "GATv2",
  "dataset": "md17_uracil",
  "molecule": "uracil",
  "n_atoms": 12,
  "seed": 4,
  "split_id": 4,
  "split_source": "?",
  "lambda": 1.0,
  "test_value_mse": 5.740484237670898,
  "test_grad_mse": 227.5005340576172,
  "test_energy_mae": 1.8727995157241821,
  "test_energy_mae_mev": 81.212265479815,
  "test_force_mae": 10.89944839477539,
  "test_force_mae_mev": 472.6447701358795,
  "best_epoch": 155,
  "n_epochs_actual": 320,
  "time_s": 774.72,
  "n_params": 240001,
  "metadata": {
    "molecule": "uracil",
    "n_atoms": 12,
    "nuclear_charges": [
      6,
      6,
      7,
      6,
      7,
      6,
      8,
      8,
      1,
      1,
      1,
      1
    ],
    "n_frames_total": 100000,
    "energy_mean": -259813.33914078632,
    "energy_std": 5.135922374994881,
    "r_cut": 5.0,
    "avg_edges": 128.92631578947368
  },
  "hparams": {
    "n_epochs": 1000,
    "batch_size": 32,
    "lr": 0.0005,
    "weight_decay": 0.0,
    "patience": 50,
    "min_lr": 1e-06,
    "r_cut": 5.0,
    "n_rbf": 20,
    "hidden_dim": 128,
    "n_heads": 4,
    "n_layers": 4,
    "lambda_force": 1.0,
    "max_z": 100
  },
  "timestamp": "2026-04-26T16:32:00.995270"
}