{
  "key": "gnn_md17_aspirin_split3_dml_softmax_balance",
  "method": "dml_softmax_balance",
  "model": "GATv2",
  "dataset": "md17_aspirin",
  "molecule": "aspirin",
  "n_atoms": 21,
  "seed": 3,
  "split_id": 3,
  "split_source": "?",
  "lambda": 1.0,
  "test_value_mse": 4.783496856689453,
  "test_grad_mse": 40.353126525878906,
  "test_energy_mae": 1.6969603300094604,
  "test_energy_mae_mev": 73.58715744656324,
  "test_force_mae": 4.605362892150879,
  "test_force_mae_mev": 199.70741699151992,
  "best_epoch": 468,
  "n_epochs_actual": 519,
  "time_s": 1122.13,
  "n_params": 240001,
  "metadata": {
    "molecule": "aspirin",
    "n_atoms": 21,
    "nuclear_charges": [
      6,
      6,
      6,
      6,
      6,
      6,
      6,
      8,
      8,
      8,
      6,
      6,
      8,
      1,
      1,
      1,
      1,
      1,
      1,
      1,
      1
    ],
    "n_frames_total": 100000,
    "energy_mean": -406274.3803015161,
    "energy_std": 6.166398022557926,
    "r_cut": 5.0,
    "avg_edges": 302.1621052631579
  },
  "hparams": {
    "n_epochs": 1000,
    "batch_size": 32,
    "lr": 0.0005,
    "weight_decay": 0.0,
    "patience": 50,
    "min_lr": 1e-06,
    "r_cut": 5.0,
    "n_rbf": 20,
    "hidden_dim": 128,
    "n_heads": 4,
    "n_layers": 4,
    "lambda_force": 1.0,
    "max_z": 100
  },
  "timestamp": "2026-04-17T03:26:57.552829"
}