{
  "key": "gnn_md17_uracil_split3_vanilla",
  "method": "vanilla",
  "model": "GATv2",
  "dataset": "md17_uracil",
  "molecule": "uracil",
  "n_atoms": 12,
  "seed": 3,
  "split_id": 3,
  "split_source": "?",
  "lambda": 1.0,
  "test_value_mse": 8.833332061767578,
  "test_grad_mse": 626.4139404296875,
  "test_energy_mae": 2.2876086235046387,
  "test_energy_mae_mev": 99.20008911051751,
  "test_force_mae": 17.447280883789062,
  "test_force_mae_mev": 756.5856329727173,
  "best_epoch": 82,
  "n_epochs_actual": 133,
  "time_s": 104.68,
  "n_params": 240001,
  "metadata": {
    "molecule": "uracil",
    "n_atoms": 12,
    "nuclear_charges": [
      6,
      6,
      7,
      6,
      7,
      6,
      8,
      8,
      1,
      1,
      1,
      1
    ],
    "n_frames_total": 100000,
    "energy_mean": -259813.33914078632,
    "energy_std": 5.135922374994881,
    "r_cut": 5.0,
    "avg_edges": 128.9157894736842
  },
  "hparams": {
    "n_epochs": 1000,
    "batch_size": 32,
    "lr": 0.0005,
    "weight_decay": 0.0,
    "patience": 50,
    "min_lr": 1e-06,
    "r_cut": 5.0,
    "n_rbf": 20,
    "hidden_dim": 128,
    "n_heads": 4,
    "n_layers": 4,
    "lambda_force": 1.0,
    "max_z": 100
  },
  "timestamp": "2026-04-21T03:49:37.262306"
}