{
  "key": "gnn_md17_toluene_split3_dml_softmax_balance",
  "method": "dml_softmax_balance",
  "model": "GATv2",
  "dataset": "md17_toluene",
  "molecule": "toluene",
  "n_atoms": 15,
  "seed": 3,
  "split_id": 3,
  "split_source": "?",
  "lambda": 1.0,
  "test_value_mse": 1.330493450164795,
  "test_grad_mse": 12.2548246383667,
  "test_energy_mae": 0.9353857636451721,
  "test_energy_mae_mev": 40.56216179328561,
  "test_force_mae": 2.537346839904785,
  "test_force_mae_mev": 110.0297621003151,
  "best_epoch": 437,
  "n_epochs_actual": 488,
  "time_s": 941.29,
  "n_params": 240001,
  "metadata": {
    "molecule": "toluene",
    "n_atoms": 15,
    "nuclear_charges": [
      6,
      6,
      6,
      6,
      6,
      6,
      6,
      1,
      1,
      1,
      1,
      1,
      1,
      1,
      1
    ],
    "n_frames_total": 100000,
    "energy_mean": -170036.75484550395,
    "energy_std": 5.196658839252291,
    "r_cut": 5.0,
    "avg_edges": 192.40421052631578
  },
  "hparams": {
    "n_epochs": 1000,
    "batch_size": 32,
    "lr": 0.0005,
    "weight_decay": 0.0,
    "patience": 50,
    "min_lr": 1e-06,
    "r_cut": 5.0,
    "n_rbf": 20,
    "hidden_dim": 128,
    "n_heads": 4,
    "n_layers": 4,
    "lambda_force": 1.0,
    "max_z": 100
  },
  "timestamp": "2026-04-20T19:51:13.726512"
}