{
  "key": "gnn_md17_malonaldehyde_split1_dml_fixed",
  "method": "dml_fixed",
  "model": "GATv2",
  "dataset": "md17_malonaldehyde",
  "molecule": "malonaldehyde",
  "n_atoms": 9,
  "seed": 1,
  "split_id": 1,
  "split_source": "?",
  "lambda": 1.0,
  "test_value_mse": 0.5582224130630493,
  "test_grad_mse": 11.5138578414917,
  "test_energy_mae": 0.5825358629226685,
  "test_energy_mae_mev": 25.261143413364888,
  "test_force_mae": 2.3322906494140625,
  "test_force_mae_mev": 101.13768495025634,
  "best_epoch": 503,
  "n_epochs_actual": 554,
  "time_s": 800.75,
  "n_params": 240001,
  "metadata": {
    "molecule": "malonaldehyde",
    "n_atoms": 9,
    "nuclear_charges": [
      6,
      6,
      6,
      8,
      8,
      1,
      1,
      1,
      1
    ],
    "n_frames_total": 100000,
    "energy_mean": -167305.33062674096,
    "energy_std": 4.179307284209432,
    "r_cut": 5.0,
    "avg_edges": 71.9978947368421
  },
  "hparams": {
    "n_epochs": 1000,
    "batch_size": 32,
    "lr": 0.0005,
    "weight_decay": 0.0,
    "patience": 50,
    "min_lr": 1e-06,
    "r_cut": 5.0,
    "n_rbf": 20,
    "hidden_dim": 128,
    "n_heads": 4,
    "n_layers": 4,
    "lambda_force": 1.0,
    "max_z": 100
  },
  "timestamp": "2026-04-18T22:32:45.934235"
}