{
  "key": "gnn_md17_aspirin_split1_dml_fixed_half",
  "method": "dml_fixed_half",
  "model": "GATv2",
  "dataset": "md17_aspirin",
  "molecule": "aspirin",
  "n_atoms": 21,
  "seed": 1,
  "split_id": 1,
  "split_source": "?",
  "lambda": 1.0,
  "test_value_mse": 5.413579940795898,
  "test_grad_mse": 38.800533294677734,
  "test_energy_mae": 1.7475593090057373,
  "test_energy_mae_mev": 75.78133663165569,
  "test_force_mae": 4.532853126525879,
  "test_force_mae_mev": 196.56309626398087,
  "best_epoch": 478,
  "n_epochs_actual": 529,
  "time_s": 1053.99,
  "n_params": 240001,
  "metadata": {
    "molecule": "aspirin",
    "n_atoms": 21,
    "nuclear_charges": [
      6,
      6,
      6,
      6,
      6,
      6,
      6,
      8,
      8,
      8,
      6,
      6,
      8,
      1,
      1,
      1,
      1,
      1,
      1,
      1,
      1
    ],
    "n_frames_total": 100000,
    "energy_mean": -406274.3803015161,
    "energy_std": 6.166398022557926,
    "r_cut": 5.0,
    "avg_edges": 302.2715789473684
  },
  "hparams": {
    "n_epochs": 1000,
    "batch_size": 32,
    "lr": 0.0005,
    "weight_decay": 0.0,
    "patience": 50,
    "min_lr": 1e-06,
    "r_cut": 5.0,
    "n_rbf": 20,
    "hidden_dim": 128,
    "n_heads": 4,
    "n_layers": 4,
    "lambda_force": 1.0,
    "max_z": 100
  },
  "timestamp": "2026-04-16T19:40:15.578038"
}