{
  "key": "gnn_md17_azobenzene_split2_vanilla",
  "method": "vanilla",
  "model": "GATv2",
  "dataset": "md17_azobenzene",
  "molecule": "azobenzene",
  "n_atoms": 24,
  "seed": 2,
  "split_id": 2,
  "split_source": "?",
  "lambda": 1.0,
  "test_value_mse": 25.726940155029297,
  "test_grad_mse": 507.5418395996094,
  "test_energy_mae": 3.9765853881835938,
  "test_energy_mae_mev": 172.4410464317322,
  "test_force_mae": 16.87572479248047,
  "test_force_mae_mev": 731.8006174736023,
  "best_epoch": 29,
  "n_epochs_actual": 80,
  "time_s": 88.39,
  "n_params": 240001,
  "metadata": {
    "molecule": "azobenzene",
    "n_atoms": 24,
    "nuclear_charges": [
      7,
      7,
      6,
      6,
      6,
      6,
      6,
      6,
      6,
      6,
      6,
      6,
      6,
      6,
      1,
      1,
      1,
      1,
      1,
      1,
      1,
      1,
      1,
      1
    ],
    "n_frames_total": 99988,
    "energy_mean": -358670.45777983515,
    "energy_std": 6.60946635003971,
    "r_cut": 5.0,
    "avg_edges": 328.8
  },
  "hparams": {
    "n_epochs": 1000,
    "batch_size": 32,
    "lr": 0.0005,
    "weight_decay": 0.0,
    "patience": 50,
    "min_lr": 1e-06,
    "r_cut": 5.0,
    "n_rbf": 20,
    "hidden_dim": 128,
    "n_heads": 4,
    "n_layers": 4,
    "lambda_force": 1.0,
    "max_z": 100
  },
  "timestamp": "2026-04-17T12:39:06.500571"
}