{
  "key": "gnn_md17_salicylic_split2_dml_gradnorm",
  "method": "dml_gradnorm",
  "model": "GATv2",
  "dataset": "md17_salicylic",
  "molecule": "salicylic",
  "n_atoms": 16,
  "seed": 2,
  "split_id": 2,
  "split_source": "?",
  "lambda": 1.0,
  "test_value_mse": 5.1246137619018555,
  "test_grad_mse": 57.13694381713867,
  "test_energy_mae": 1.7026569843292236,
  "test_energy_mae_mev": 73.83418773415089,
  "test_force_mae": 5.419522285461426,
  "test_force_mae_mev": 235.0127063389778,
  "best_epoch": 124,
  "n_epochs_actual": 175,
  "time_s": 638.07,
  "n_params": 240001,
  "metadata": {
    "molecule": "salicylic",
    "n_atoms": 16,
    "nuclear_charges": [
      6,
      6,
      6,
      8,
      6,
      6,
      6,
      6,
      8,
      8,
      1,
      1,
      1,
      1,
      1,
      1
    ],
    "n_frames_total": 100000,
    "energy_mean": -310680.33281594893,
    "energy_std": 5.622153626789323,
    "r_cut": 5.0,
    "avg_edges": 208.24421052631578
  },
  "hparams": {
    "n_epochs": 1000,
    "batch_size": 32,
    "lr": 0.0005,
    "weight_decay": 0.0,
    "patience": 50,
    "min_lr": 1e-06,
    "r_cut": 5.0,
    "n_rbf": 20,
    "hidden_dim": 128,
    "n_heads": 4,
    "n_layers": 4,
    "lambda_force": 1.0,
    "max_z": 100
  },
  "timestamp": "2026-04-26T11:58:03.542194"
}