{
  "key": "gnn_md17_naphthalene_split1_dml_fixed",
  "method": "dml_fixed",
  "model": "GATv2",
  "dataset": "md17_naphthalene",
  "molecule": "naphthalene",
  "n_atoms": 18,
  "seed": 1,
  "split_id": 1,
  "split_source": "?",
  "lambda": 1.0,
  "test_value_mse": 1.1225144863128662,
  "test_grad_mse": 12.700189590454102,
  "test_energy_mae": 0.8029787540435791,
  "test_energy_mae_mev": 34.82045098822117,
  "test_force_mae": 2.5892844200134277,
  "test_force_mae_mev": 112.28198851790428,
  "best_epoch": 613,
  "n_epochs_actual": 664,
  "time_s": 1087.99,
  "n_params": 240001,
  "metadata": {
    "molecule": "naphthalene",
    "n_atoms": 18,
    "nuclear_charges": [
      6,
      6,
      6,
      6,
      6,
      6,
      6,
      6,
      6,
      6,
      1,
      1,
      1,
      1,
      1,
      1,
      1,
      1
    ],
    "n_frames_total": 100000,
    "energy_mean": -241637.59007414905,
    "energy_std": 5.747406542847372,
    "r_cut": 5.0,
    "avg_edges": 254.9621052631579
  },
  "hparams": {
    "n_epochs": 1000,
    "batch_size": 32,
    "lr": 0.0005,
    "weight_decay": 0.0,
    "patience": 50,
    "min_lr": 1e-06,
    "r_cut": 5.0,
    "n_rbf": 20,
    "hidden_dim": 128,
    "n_heads": 4,
    "n_layers": 4,
    "lambda_force": 1.0,
    "max_z": 100
  },
  "timestamp": "2026-04-19T07:15:49.650841"
}