{
  "key": "gnn_md17_benzene_split4_dml_fixed",
  "method": "dml_fixed",
  "model": "GATv2",
  "dataset": "md17_benzene",
  "molecule": "benzene",
  "n_atoms": 12,
  "seed": 4,
  "split_id": 4,
  "split_source": "?",
  "lambda": 1.0,
  "test_value_mse": 0.1524057239294052,
  "test_grad_mse": 2.49963116645813,
  "test_energy_mae": 0.28504204750061035,
  "test_energy_mae_mev": 12.360591852021217,
  "test_force_mae": 1.1975277662277222,
  "test_force_mae_mev": 51.929713807475565,
  "best_epoch": 321,
  "n_epochs_actual": 372,
  "time_s": 680.16,
  "n_params": 240001,
  "metadata": {
    "molecule": "benzene",
    "n_atoms": 12,
    "nuclear_charges": [
      6,
      6,
      6,
      6,
      6,
      6,
      1,
      1,
      1,
      1,
      1,
      1
    ],
    "n_frames_total": 100000,
    "energy_mean": -145431.30873821242,
    "energy_std": 2.4174208560871393,
    "r_cut": 5.0,
    "avg_edges": 129.91368421052633
  },
  "hparams": {
    "n_epochs": 1000,
    "batch_size": 32,
    "lr": 0.0005,
    "weight_decay": 0.0,
    "patience": 50,
    "min_lr": 1e-06,
    "r_cut": 5.0,
    "n_rbf": 20,
    "hidden_dim": 128,
    "n_heads": 4,
    "n_layers": 4,
    "lambda_force": 1.0,
    "max_z": 100
  },
  "timestamp": "2026-04-18T08:15:35.217213"
}