{
  "key": "gnn_md17_naphthalene_split1_dml_gradnorm",
  "method": "dml_gradnorm",
  "model": "GATv2",
  "dataset": "md17_naphthalene",
  "molecule": "naphthalene",
  "n_atoms": 18,
  "seed": 1,
  "split_id": 1,
  "split_source": "?",
  "lambda": 1.0,
  "test_value_mse": 5.38905668258667,
  "test_grad_mse": 69.68941497802734,
  "test_energy_mae": 1.8276795148849487,
  "test_energy_mae_mev": 79.25567725142241,
  "test_force_mae": 6.136965751647949,
  "test_force_mae_mev": 266.12399655103684,
  "best_epoch": 102,
  "n_epochs_actual": 153,
  "time_s": 555.37,
  "n_params": 240001,
  "metadata": {
    "molecule": "naphthalene",
    "n_atoms": 18,
    "nuclear_charges": [
      6,
      6,
      6,
      6,
      6,
      6,
      6,
      6,
      6,
      6,
      1,
      1,
      1,
      1,
      1,
      1,
      1,
      1
    ],
    "n_frames_total": 100000,
    "energy_mean": -241637.59007414905,
    "energy_std": 5.747406542847372,
    "r_cut": 5.0,
    "avg_edges": 254.9621052631579
  },
  "hparams": {
    "n_epochs": 1000,
    "batch_size": 32,
    "lr": 0.0005,
    "weight_decay": 0.0,
    "patience": 50,
    "min_lr": 1e-06,
    "r_cut": 5.0,
    "n_rbf": 20,
    "hidden_dim": 128,
    "n_heads": 4,
    "n_layers": 4,
    "lambda_force": 1.0,
    "max_z": 100
  },
  "timestamp": "2026-04-26T07:12:49.911256"
}