{
  "key": "gnn_md17_malonaldehyde_split3_dml_fixed",
  "method": "dml_fixed",
  "model": "GATv2",
  "dataset": "md17_malonaldehyde",
  "molecule": "malonaldehyde",
  "n_atoms": 9,
  "seed": 3,
  "split_id": 3,
  "split_source": "?",
  "lambda": 1.0,
  "test_value_mse": 0.6451178193092346,
  "test_grad_mse": 11.9487943649292,
  "test_energy_mae": 0.6019492149353027,
  "test_energy_mae_mev": 26.102985951375963,
  "test_force_mae": 2.451338291168213,
  "test_force_mae_mev": 106.3000787920475,
  "best_epoch": 353,
  "n_epochs_actual": 404,
  "time_s": 528.29,
  "n_params": 240001,
  "metadata": {
    "molecule": "malonaldehyde",
    "n_atoms": 9,
    "nuclear_charges": [
      6,
      6,
      6,
      8,
      8,
      1,
      1,
      1,
      1
    ],
    "n_frames_total": 100000,
    "energy_mean": -167305.33062674096,
    "energy_std": 4.179307284209432,
    "r_cut": 5.0,
    "avg_edges": 71.9978947368421
  },
  "hparams": {
    "n_epochs": 1000,
    "batch_size": 32,
    "lr": 0.0005,
    "weight_decay": 0.0,
    "patience": 50,
    "min_lr": 1e-06,
    "r_cut": 5.0,
    "n_rbf": 20,
    "hidden_dim": 128,
    "n_heads": 4,
    "n_layers": 4,
    "lambda_force": 1.0,
    "max_z": 100
  },
  "timestamp": "2026-04-19T02:13:54.606748"
}