{
  "key": "gnn_md17_paracetamol_split5_dml_relobralo",
  "method": "dml_relobralo",
  "model": "GATv2",
  "dataset": "md17_paracetamol",
  "molecule": "paracetamol",
  "n_atoms": 20,
  "seed": 5,
  "split_id": 5,
  "split_source": "?",
  "lambda": 1.0,
  "test_value_mse": 12.372457504272461,
  "test_grad_mse": 114.97600555419922,
  "test_energy_mae": 2.6692495346069336,
  "test_energy_mae_mev": 115.74960374364854,
  "test_force_mae": 7.705974102020264,
  "test_force_mae_mev": 334.16263155741694,
  "best_epoch": 85,
  "n_epochs_actual": 136,
  "time_s": 277.88,
  "n_params": 240001,
  "metadata": {
    "molecule": "paracetamol",
    "n_atoms": 20,
    "nuclear_charges": [
      6,
      6,
      8,
      7,
      6,
      6,
      6,
      6,
      8,
      6,
      6,
      1,
      1,
      1,
      1,
      1,
      1,
      1,
      1,
      1
    ],
    "n_frames_total": 100000,
    "energy_mean": -322825.88291752286,
    "energy_std": 6.21822977805284,
    "r_cut": 5.0,
    "avg_edges": 278.2084210526316
  },
  "hparams": {
    "n_epochs": 1000,
    "batch_size": 32,
    "lr": 0.0005,
    "weight_decay": 0.0,
    "patience": 50,
    "min_lr": 1e-06,
    "r_cut": 5.0,
    "n_rbf": 20,
    "hidden_dim": 128,
    "n_heads": 4,
    "n_layers": 4,
    "lambda_force": 1.0,
    "max_z": 100
  },
  "timestamp": "2026-04-20T04:59:39.676254"
}