{
  "key": "gnn_md17_salicylic_split5_vanilla",
  "method": "vanilla",
  "model": "GATv2",
  "dataset": "md17_salicylic",
  "molecule": "salicylic",
  "n_atoms": 16,
  "seed": 5,
  "split_id": 5,
  "split_source": "?",
  "lambda": 1.0,
  "test_value_mse": 22.231266021728516,
  "test_grad_mse": 731.2465209960938,
  "test_energy_mae": 3.8036019802093506,
  "test_energy_mae_mev": 164.9397766299963,
  "test_force_mae": 19.441482543945312,
  "test_force_mae_mev": 843.062393183899,
  "best_epoch": 30,
  "n_epochs_actual": 81,
  "time_s": 68.69,
  "n_params": 240001,
  "metadata": {
    "molecule": "salicylic",
    "n_atoms": 16,
    "nuclear_charges": [
      6,
      6,
      6,
      8,
      6,
      6,
      6,
      6,
      8,
      8,
      1,
      1,
      1,
      1,
      1,
      1
    ],
    "n_frames_total": 100000,
    "energy_mean": -310680.33281594893,
    "energy_std": 5.622153626789323,
    "r_cut": 5.0,
    "avg_edges": 208.29684210526315
  },
  "hparams": {
    "n_epochs": 1000,
    "batch_size": 32,
    "lr": 0.0005,
    "weight_decay": 0.0,
    "patience": 50,
    "min_lr": 1e-06,
    "r_cut": 5.0,
    "n_rbf": 20,
    "hidden_dim": 128,
    "n_heads": 4,
    "n_layers": 4,
    "lambda_force": 1.0,
    "max_z": 100
  },
  "timestamp": "2026-04-20T12:52:47.959145"
}