{
  "key": "gnn_md17_uracil_split1_dml_relobralo",
  "method": "dml_relobralo",
  "model": "GATv2",
  "dataset": "md17_uracil",
  "molecule": "uracil",
  "n_atoms": 12,
  "seed": 1,
  "split_id": 1,
  "split_source": "?",
  "lambda": 1.0,
  "test_value_mse": 3.0491347312927246,
  "test_grad_mse": 52.33494186401367,
  "test_energy_mae": 1.3686528205871582,
  "test_energy_mae_mev": 59.350397777223584,
  "test_force_mae": 5.236117839813232,
  "test_force_mae_mev": 227.059537617445,
  "best_epoch": 94,
  "n_epochs_actual": 145,
  "time_s": 285.95,
  "n_params": 240001,
  "metadata": {
    "molecule": "uracil",
    "n_atoms": 12,
    "nuclear_charges": [
      6,
      6,
      7,
      6,
      7,
      6,
      8,
      8,
      1,
      1,
      1,
      1
    ],
    "n_frames_total": 100000,
    "energy_mean": -259813.33914078632,
    "energy_std": 5.135922374994881,
    "r_cut": 5.0,
    "avg_edges": 128.8736842105263
  },
  "hparams": {
    "n_epochs": 1000,
    "batch_size": 32,
    "lr": 0.0005,
    "weight_decay": 0.0,
    "patience": 50,
    "min_lr": 1e-06,
    "r_cut": 5.0,
    "n_rbf": 20,
    "hidden_dim": 128,
    "n_heads": 4,
    "n_layers": 4,
    "lambda_force": 1.0,
    "max_z": 100
  },
  "timestamp": "2026-04-21T01:44:54.813516"
}