{
  "key": "gnn_md17_salicylic_split5_dml_gradnorm",
  "method": "dml_gradnorm",
  "model": "GATv2",
  "dataset": "md17_salicylic",
  "molecule": "salicylic",
  "n_atoms": 16,
  "seed": 5,
  "split_id": 5,
  "split_source": "?",
  "lambda": 1.0,
  "test_value_mse": 9.294174194335938,
  "test_grad_mse": 88.64006042480469,
  "test_energy_mae": 2.4902963638305664,
  "test_energy_mae_mev": 107.98946055078507,
  "test_force_mae": 6.889236927032471,
  "test_force_mae_mev": 298.74555902752877,
  "best_epoch": 65,
  "n_epochs_actual": 116,
  "time_s": 452.08,
  "n_params": 240001,
  "metadata": {
    "molecule": "salicylic",
    "n_atoms": 16,
    "nuclear_charges": [
      6,
      6,
      6,
      8,
      6,
      6,
      6,
      6,
      8,
      8,
      1,
      1,
      1,
      1,
      1,
      1
    ],
    "n_frames_total": 100000,
    "energy_mean": -310680.33281594893,
    "energy_std": 5.622153626789323,
    "r_cut": 5.0,
    "avg_edges": 208.29684210526315
  },
  "hparams": {
    "n_epochs": 1000,
    "batch_size": 32,
    "lr": 0.0005,
    "weight_decay": 0.0,
    "patience": 50,
    "min_lr": 1e-06,
    "r_cut": 5.0,
    "n_rbf": 20,
    "hidden_dim": 128,
    "n_heads": 4,
    "n_layers": 4,
    "lambda_force": 1.0,
    "max_z": 100
  },
  "timestamp": "2026-04-26T13:06:30.546996"
}