{
  "key": "gnn_md17_naphthalene_split5_dml_relobralo",
  "method": "dml_relobralo",
  "model": "GATv2",
  "dataset": "md17_naphthalene",
  "molecule": "naphthalene",
  "n_atoms": 18,
  "seed": 5,
  "split_id": 5,
  "split_source": "?",
  "lambda": 1.0,
  "test_value_mse": 6.930049896240234,
  "test_grad_mse": 65.74922943115234,
  "test_energy_mae": 1.9977974891662598,
  "test_energy_mae_mev": 86.6326900999546,
  "test_force_mae": 6.023055553436279,
  "test_force_mae_mev": 261.18438332476615,
  "best_epoch": 85,
  "n_epochs_actual": 136,
  "time_s": 214.44,
  "n_params": 240001,
  "metadata": {
    "molecule": "naphthalene",
    "n_atoms": 18,
    "nuclear_charges": [
      6,
      6,
      6,
      6,
      6,
      6,
      6,
      6,
      6,
      6,
      1,
      1,
      1,
      1,
      1,
      1,
      1,
      1
    ],
    "n_frames_total": 100000,
    "energy_mean": -241637.59007414905,
    "energy_std": 5.747406542847372,
    "r_cut": 5.0,
    "avg_edges": 254.9557894736842
  },
  "hparams": {
    "n_epochs": 1000,
    "batch_size": 32,
    "lr": 0.0005,
    "weight_decay": 0.0,
    "patience": 50,
    "min_lr": 1e-06,
    "r_cut": 5.0,
    "n_rbf": 20,
    "hidden_dim": 128,
    "n_heads": 4,
    "n_layers": 4,
    "lambda_force": 1.0,
    "max_z": 100
  },
  "timestamp": "2026-04-19T17:44:07.495214"
}