{
  "key": "gnn_md17_azobenzene_split1_dml_gradnorm",
  "method": "dml_gradnorm",
  "model": "GATv2",
  "dataset": "md17_azobenzene",
  "molecule": "azobenzene",
  "n_atoms": 24,
  "seed": 1,
  "split_id": 1,
  "split_source": "?",
  "lambda": 1.0,
  "test_value_mse": 11.161904335021973,
  "test_grad_mse": 91.9477310180664,
  "test_energy_mae": 2.7239277362823486,
  "test_energy_mae_mev": 118.1206747489214,
  "test_force_mae": 7.022531986236572,
  "test_force_mae_mev": 304.5257793043613,
  "best_epoch": 91,
  "n_epochs_actual": 142,
  "time_s": 563.33,
  "n_params": 240001,
  "metadata": {
    "molecule": "azobenzene",
    "n_atoms": 24,
    "nuclear_charges": [
      7,
      7,
      6,
      6,
      6,
      6,
      6,
      6,
      6,
      6,
      6,
      6,
      6,
      6,
      1,
      1,
      1,
      1,
      1,
      1,
      1,
      1,
      1,
      1
    ],
    "n_frames_total": 99988,
    "energy_mean": -358670.45777983515,
    "energy_std": 6.60946635003971,
    "r_cut": 5.0,
    "avg_edges": 329.1073684210526
  },
  "hparams": {
    "n_epochs": 1000,
    "batch_size": 32,
    "lr": 0.0005,
    "weight_decay": 0.0,
    "patience": 50,
    "min_lr": 1e-06,
    "r_cut": 5.0,
    "n_rbf": 20,
    "hidden_dim": 128,
    "n_heads": 4,
    "n_layers": 4,
    "lambda_force": 1.0,
    "max_z": 100
  },
  "timestamp": "2026-04-26T02:12:29.876039"
}