{
  "key": "gnn_md17_aspirin_split3_dml_relobralo",
  "method": "dml_relobralo",
  "model": "GATv2",
  "dataset": "md17_aspirin",
  "molecule": "aspirin",
  "n_atoms": 21,
  "seed": 3,
  "split_id": 3,
  "split_source": "?",
  "lambda": 1.0,
  "test_value_mse": 8.966622352600098,
  "test_grad_mse": 88.57759857177734,
  "test_energy_mae": 2.35910701751709,
  "test_energy_mae_mev": 102.30055261831284,
  "test_force_mae": 6.886602401733398,
  "test_force_mae_mev": 298.63131520900725,
  "best_epoch": 131,
  "n_epochs_actual": 182,
  "time_s": 392.37,
  "n_params": 240001,
  "metadata": {
    "molecule": "aspirin",
    "n_atoms": 21,
    "nuclear_charges": [
      6,
      6,
      6,
      6,
      6,
      6,
      6,
      8,
      8,
      8,
      6,
      6,
      8,
      1,
      1,
      1,
      1,
      1,
      1,
      1,
      1
    ],
    "n_frames_total": 100000,
    "energy_mean": -406274.3803015161,
    "energy_std": 6.166398022557926,
    "r_cut": 5.0,
    "avg_edges": 302.1621052631579
  },
  "hparams": {
    "n_epochs": 1000,
    "batch_size": 32,
    "lr": 0.0005,
    "weight_decay": 0.0,
    "patience": 50,
    "min_lr": 1e-06,
    "r_cut": 5.0,
    "n_rbf": 20,
    "hidden_dim": 128,
    "n_heads": 4,
    "n_layers": 4,
    "lambda_force": 1.0,
    "max_z": 100
  },
  "timestamp": "2026-04-17T03:33:29.922090"
}