{
  "key": "gnn_md17_salicylic_split3_dml_relobralo",
  "method": "dml_relobralo",
  "model": "GATv2",
  "dataset": "md17_salicylic",
  "molecule": "salicylic",
  "n_atoms": 16,
  "seed": 3,
  "split_id": 3,
  "split_source": "?",
  "lambda": 1.0,
  "test_value_mse": 6.147820472717285,
  "test_grad_mse": 62.68574142456055,
  "test_energy_mae": 1.8789249658584595,
  "test_energy_mae_mev": 81.47789011198283,
  "test_force_mae": 5.7871198654174805,
  "test_force_mae_mev": 250.95324455595016,
  "best_epoch": 133,
  "n_epochs_actual": 184,
  "time_s": 364.1,
  "n_params": 240001,
  "metadata": {
    "molecule": "salicylic",
    "n_atoms": 16,
    "nuclear_charges": [
      6,
      6,
      6,
      8,
      6,
      6,
      6,
      6,
      8,
      8,
      1,
      1,
      1,
      1,
      1,
      1
    ],
    "n_frames_total": 100000,
    "energy_mean": -310680.33281594893,
    "energy_std": 5.622153626789323,
    "r_cut": 5.0,
    "avg_edges": 208.22736842105263
  },
  "hparams": {
    "n_epochs": 1000,
    "batch_size": 32,
    "lr": 0.0005,
    "weight_decay": 0.0,
    "patience": 50,
    "min_lr": 1e-06,
    "r_cut": 5.0,
    "n_rbf": 20,
    "hidden_dim": 128,
    "n_heads": 4,
    "n_layers": 4,
    "lambda_force": 1.0,
    "max_z": 100
  },
  "timestamp": "2026-04-20T10:29:43.568234"
}