{
  "key": "gnn_md17_toluene_split2_dml_relobralo",
  "method": "dml_relobralo",
  "model": "GATv2",
  "dataset": "md17_toluene",
  "molecule": "toluene",
  "n_atoms": 15,
  "seed": 2,
  "split_id": 2,
  "split_source": "?",
  "lambda": 1.0,
  "test_value_mse": 6.925451278686523,
  "test_grad_mse": 50.29206848144531,
  "test_energy_mae": 2.2413995265960693,
  "test_energy_mae_mev": 97.19627321126461,
  "test_force_mae": 5.231855392456055,
  "test_force_mae_mev": 226.8747004240036,
  "best_epoch": 84,
  "n_epochs_actual": 135,
  "time_s": 270.43,
  "n_params": 240001,
  "metadata": {
    "molecule": "toluene",
    "n_atoms": 15,
    "nuclear_charges": [
      6,
      6,
      6,
      6,
      6,
      6,
      6,
      1,
      1,
      1,
      1,
      1,
      1,
      1,
      1
    ],
    "n_frames_total": 100000,
    "energy_mean": -170036.75484550395,
    "energy_std": 5.196658839252291,
    "r_cut": 5.0,
    "avg_edges": 192.34947368421052
  },
  "hparams": {
    "n_epochs": 1000,
    "batch_size": 32,
    "lr": 0.0005,
    "weight_decay": 0.0,
    "patience": 50,
    "min_lr": 1e-06,
    "r_cut": 5.0,
    "n_rbf": 20,
    "hidden_dim": 128,
    "n_heads": 4,
    "n_layers": 4,
    "lambda_force": 1.0,
    "max_z": 100
  },
  "timestamp": "2026-04-20T18:06:42.244093"
}