{
  "key": "gnn_md17_paracetamol_split2_dml_relobralo",
  "method": "dml_relobralo",
  "model": "GATv2",
  "dataset": "md17_paracetamol",
  "molecule": "paracetamol",
  "n_atoms": 20,
  "seed": 2,
  "split_id": 2,
  "split_source": "?",
  "lambda": 1.0,
  "test_value_mse": 6.183837890625,
  "test_grad_mse": 49.79937744140625,
  "test_energy_mae": 1.9159892797470093,
  "test_energy_mae_mev": 83.08515072587728,
  "test_force_mae": 5.214007377624512,
  "test_force_mae_mev": 226.1007373240471,
  "best_epoch": 190,
  "n_epochs_actual": 241,
  "time_s": 467.36,
  "n_params": 240001,
  "metadata": {
    "molecule": "paracetamol",
    "n_atoms": 20,
    "nuclear_charges": [
      6,
      6,
      8,
      7,
      6,
      6,
      6,
      6,
      8,
      6,
      6,
      1,
      1,
      1,
      1,
      1,
      1,
      1,
      1,
      1
    ],
    "n_frames_total": 100000,
    "energy_mean": -322825.88291752286,
    "energy_std": 6.21822977805284,
    "r_cut": 5.0,
    "avg_edges": 278.01894736842104
  },
  "hparams": {
    "n_epochs": 1000,
    "batch_size": 32,
    "lr": 0.0005,
    "weight_decay": 0.0,
    "patience": 50,
    "min_lr": 1e-06,
    "r_cut": 5.0,
    "n_rbf": 20,
    "hidden_dim": 128,
    "n_heads": 4,
    "n_layers": 4,
    "lambda_force": 1.0,
    "max_z": 100
  },
  "timestamp": "2026-04-19T22:20:24.956673"
}