{
  "key": "gnn_md17_paracetamol_split2_vanilla",
  "method": "vanilla",
  "model": "GATv2",
  "dataset": "md17_paracetamol",
  "molecule": "paracetamol",
  "n_atoms": 20,
  "seed": 2,
  "split_id": 2,
  "split_source": "?",
  "lambda": 1.0,
  "test_value_mse": 19.567689895629883,
  "test_grad_mse": 591.1751098632812,
  "test_energy_mae": 3.46154522895813,
  "test_energy_mae_mev": 150.10679346306324,
  "test_force_mae": 17.66850471496582,
  "test_force_mae_mev": 766.1788053102493,
  "best_epoch": 59,
  "n_epochs_actual": 110,
  "time_s": 86.66,
  "n_params": 240001,
  "metadata": {
    "molecule": "paracetamol",
    "n_atoms": 20,
    "nuclear_charges": [
      6,
      6,
      8,
      7,
      6,
      6,
      6,
      6,
      8,
      6,
      6,
      1,
      1,
      1,
      1,
      1,
      1,
      1,
      1,
      1
    ],
    "n_frames_total": 100000,
    "energy_mean": -322825.88291752286,
    "energy_std": 6.21822977805284,
    "r_cut": 5.0,
    "avg_edges": 278.01894736842104
  },
  "hparams": {
    "n_epochs": 1000,
    "batch_size": 32,
    "lr": 0.0005,
    "weight_decay": 0.0,
    "patience": 50,
    "min_lr": 1e-06,
    "r_cut": 5.0,
    "n_rbf": 20,
    "hidden_dim": 128,
    "n_heads": 4,
    "n_layers": 4,
    "lambda_force": 1.0,
    "max_z": 100
  },
  "timestamp": "2026-04-19T20:30:39.308497"
}