{
  "key": "gnn_md17_azobenzene_split1_dml_warmup",
  "method": "dml_warmup",
  "model": "GATv2",
  "dataset": "md17_azobenzene",
  "molecule": "azobenzene",
  "n_atoms": 24,
  "seed": 1,
  "split_id": 1,
  "split_source": "?",
  "lambda": 1.0,
  "test_value_mse": 13.55489444732666,
  "test_grad_mse": 176.05992126464844,
  "test_energy_mae": 2.948737382888794,
  "test_energy_mae_mev": 127.86934274532796,
  "test_force_mae": 9.784883499145508,
  "test_force_mae_mev": 424.3126665452957,
  "best_epoch": 89,
  "n_epochs_actual": 275,
  "time_s": 683.34,
  "n_params": 240001,
  "metadata": {
    "molecule": "azobenzene",
    "n_atoms": 24,
    "nuclear_charges": [
      7,
      7,
      6,
      6,
      6,
      6,
      6,
      6,
      6,
      6,
      6,
      6,
      6,
      6,
      1,
      1,
      1,
      1,
      1,
      1,
      1,
      1,
      1,
      1
    ],
    "n_frames_total": 99988,
    "energy_mean": -358670.45777983515,
    "energy_std": 6.60946635003971,
    "r_cut": 5.0,
    "avg_edges": 329.1073684210526
  },
  "hparams": {
    "n_epochs": 1000,
    "batch_size": 32,
    "lr": 0.0005,
    "weight_decay": 0.0,
    "patience": 50,
    "min_lr": 1e-06,
    "r_cut": 5.0,
    "n_rbf": 20,
    "hidden_dim": 128,
    "n_heads": 4,
    "n_layers": 4,
    "lambda_force": 1.0,
    "max_z": 100
  },
  "timestamp": "2026-04-26T02:23:53.218136"
}