{
  "key": "gnn_md17_benzene_split2_dml_gradnorm",
  "method": "dml_gradnorm",
  "model": "GATv2",
  "dataset": "md17_benzene",
  "molecule": "benzene",
  "n_atoms": 12,
  "seed": 2,
  "split_id": 2,
  "split_source": "?",
  "lambda": 1.0,
  "test_value_mse": 0.30929723381996155,
  "test_grad_mse": 11.229186058044434,
  "test_energy_mae": 0.4467996656894684,
  "test_energy_mae_mev": 19.375065382924678,
  "test_force_mae": 2.5127620697021484,
  "test_force_mae_mev": 108.96366566677094,
  "best_epoch": 147,
  "n_epochs_actual": 198,
  "time_s": 635.13,
  "n_params": 240001,
  "metadata": {
    "molecule": "benzene",
    "n_atoms": 12,
    "nuclear_charges": [
      6,
      6,
      6,
      6,
      6,
      6,
      1,
      1,
      1,
      1,
      1,
      1
    ],
    "n_frames_total": 100000,
    "energy_mean": -145431.30873821242,
    "energy_std": 2.4174208560871393,
    "r_cut": 5.0,
    "avg_edges": 129.85263157894738
  },
  "hparams": {
    "n_epochs": 1000,
    "batch_size": 32,
    "lr": 0.0005,
    "weight_decay": 0.0,
    "patience": 50,
    "min_lr": 1e-06,
    "r_cut": 5.0,
    "n_rbf": 20,
    "hidden_dim": 128,
    "n_heads": 4,
    "n_layers": 4,
    "lambda_force": 1.0,
    "max_z": 100
  },
  "timestamp": "2026-04-26T04:50:08.801322"
}