{
  "key": "gnn_md17_aspirin_split3_dml_fixed",
  "method": "dml_fixed",
  "model": "GATv2",
  "dataset": "md17_aspirin",
  "molecule": "aspirin",
  "n_atoms": 21,
  "seed": 3,
  "split_id": 3,
  "split_source": "?",
  "lambda": 1.0,
  "test_value_mse": 3.813704252243042,
  "test_grad_mse": 30.05672264099121,
  "test_energy_mae": 1.5084035396575928,
  "test_energy_mae_mev": 65.41056193406583,
  "test_force_mae": 3.9973456859588623,
  "test_force_mae_mev": 173.3412980604887,
  "best_epoch": 626,
  "n_epochs_actual": 677,
  "time_s": 1445.27,
  "n_params": 240001,
  "metadata": {
    "molecule": "aspirin",
    "n_atoms": 21,
    "nuclear_charges": [
      6,
      6,
      6,
      6,
      6,
      6,
      6,
      8,
      8,
      8,
      6,
      6,
      8,
      1,
      1,
      1,
      1,
      1,
      1,
      1,
      1
    ],
    "n_frames_total": 100000,
    "energy_mean": -406274.3803015161,
    "energy_std": 6.166398022557926,
    "r_cut": 5.0,
    "avg_edges": 302.1621052631579
  },
  "hparams": {
    "n_epochs": 1000,
    "batch_size": 32,
    "lr": 0.0005,
    "weight_decay": 0.0,
    "patience": 50,
    "min_lr": 1e-06,
    "r_cut": 5.0,
    "n_rbf": 20,
    "hidden_dim": 128,
    "n_heads": 4,
    "n_layers": 4,
    "lambda_force": 1.0,
    "max_z": 100
  },
  "timestamp": "2026-04-17T01:19:16.068861"
}