{
  "key": "gnn_md17_toluene_split5_dml_fixed_half",
  "method": "dml_fixed_half",
  "model": "GATv2",
  "dataset": "md17_toluene",
  "molecule": "toluene",
  "n_atoms": 15,
  "seed": 5,
  "split_id": 5,
  "split_source": "?",
  "lambda": 1.0,
  "test_value_mse": 0.9844180941581726,
  "test_grad_mse": 10.748245239257812,
  "test_energy_mae": 0.7037679553031921,
  "test_energy_mae_mev": 30.518263990563156,
  "test_force_mae": 2.283658981323242,
  "test_force_mae_mev": 99.0288164319992,
  "best_epoch": 583,
  "n_epochs_actual": 634,
  "time_s": 1233.33,
  "n_params": 240001,
  "metadata": {
    "molecule": "toluene",
    "n_atoms": 15,
    "nuclear_charges": [
      6,
      6,
      6,
      6,
      6,
      6,
      6,
      1,
      1,
      1,
      1,
      1,
      1,
      1,
      1
    ],
    "n_frames_total": 100000,
    "energy_mean": -170036.75484550395,
    "energy_std": 5.196658839252291,
    "r_cut": 5.0,
    "avg_edges": 192.37684210526317
  },
  "hparams": {
    "n_epochs": 1000,
    "batch_size": 32,
    "lr": 0.0005,
    "weight_decay": 0.0,
    "patience": 50,
    "min_lr": 1e-06,
    "r_cut": 5.0,
    "n_rbf": 20,
    "hidden_dim": 128,
    "n_heads": 4,
    "n_layers": 4,
    "lambda_force": 1.0,
    "max_z": 100
  },
  "timestamp": "2026-04-20T22:57:24.159622"
}