{
  "key": "gnn_md17_uracil_split3_dml_softmax_balance",
  "method": "dml_softmax_balance",
  "model": "GATv2",
  "dataset": "md17_uracil",
  "molecule": "uracil",
  "n_atoms": 12,
  "seed": 3,
  "split_id": 3,
  "split_source": "?",
  "lambda": 1.0,
  "test_value_mse": 1.8467512130737305,
  "test_grad_mse": 19.36675262451172,
  "test_energy_mae": 1.1572911739349365,
  "test_energy_mae_mev": 50.18489019563198,
  "test_force_mae": 3.26420521736145,
  "test_force_mae_mev": 141.54932146618367,
  "best_epoch": 189,
  "n_epochs_actual": 240,
  "time_s": 462.58,
  "n_params": 240001,
  "metadata": {
    "molecule": "uracil",
    "n_atoms": 12,
    "nuclear_charges": [
      6,
      6,
      7,
      6,
      7,
      6,
      8,
      8,
      1,
      1,
      1,
      1
    ],
    "n_frames_total": 100000,
    "energy_mean": -259813.33914078632,
    "energy_std": 5.135922374994881,
    "r_cut": 5.0,
    "avg_edges": 128.9157894736842
  },
  "hparams": {
    "n_epochs": 1000,
    "batch_size": 32,
    "lr": 0.0005,
    "weight_decay": 0.0,
    "patience": 50,
    "min_lr": 1e-06,
    "r_cut": 5.0,
    "n_rbf": 20,
    "hidden_dim": 128,
    "n_heads": 4,
    "n_layers": 4,
    "lambda_force": 1.0,
    "max_z": 100
  },
  "timestamp": "2026-04-21T05:02:22.507677"
}