{
  "key": "gnn_md17_salicylic_split1_vanilla",
  "method": "vanilla",
  "model": "GATv2",
  "dataset": "md17_salicylic",
  "molecule": "salicylic",
  "n_atoms": 16,
  "seed": 1,
  "split_id": 1,
  "split_source": "?",
  "lambda": 1.0,
  "test_value_mse": 22.163312911987305,
  "test_grad_mse": 872.427978515625,
  "test_energy_mae": 3.706043243408203,
  "test_energy_mae_mev": 160.70922981147766,
  "test_force_mae": 20.464658737182617,
  "test_force_mae_mev": 887.4315079450607,
  "best_epoch": 45,
  "n_epochs_actual": 96,
  "time_s": 63.66,
  "n_params": 240001,
  "metadata": {
    "molecule": "salicylic",
    "n_atoms": 16,
    "nuclear_charges": [
      6,
      6,
      6,
      8,
      6,
      6,
      6,
      6,
      8,
      8,
      1,
      1,
      1,
      1,
      1,
      1
    ],
    "n_frames_total": 100000,
    "energy_mean": -310680.33281594893,
    "energy_std": 5.622153626789323,
    "r_cut": 5.0,
    "avg_edges": 208.2421052631579
  },
  "hparams": {
    "n_epochs": 1000,
    "batch_size": 32,
    "lr": 0.0005,
    "weight_decay": 0.0,
    "patience": 50,
    "min_lr": 1e-06,
    "r_cut": 5.0,
    "n_rbf": 20,
    "hidden_dim": 128,
    "n_heads": 4,
    "n_layers": 4,
    "lambda_force": 1.0,
    "max_z": 100
  },
  "timestamp": "2026-04-20T05:32:56.764138"
}