{
  "key": "gnn_md17_azobenzene_split4_dml_relobralo",
  "method": "dml_relobralo",
  "model": "GATv2",
  "dataset": "md17_azobenzene",
  "molecule": "azobenzene",
  "n_atoms": 24,
  "seed": 4,
  "split_id": 4,
  "split_source": "?",
  "lambda": 1.0,
  "test_value_mse": 31.597747802734375,
  "test_grad_mse": 314.2110595703125,
  "test_energy_mae": 4.47799825668335,
  "test_energy_mae_mev": 194.18436420264246,
  "test_force_mae": 12.856911659240723,
  "test_force_mae_mev": 557.5284028824806,
  "best_epoch": 18,
  "n_epochs_actual": 69,
  "time_s": 145.23,
  "n_params": 240001,
  "metadata": {
    "molecule": "azobenzene",
    "n_atoms": 24,
    "nuclear_charges": [
      7,
      7,
      6,
      6,
      6,
      6,
      6,
      6,
      6,
      6,
      6,
      6,
      6,
      6,
      1,
      1,
      1,
      1,
      1,
      1,
      1,
      1,
      1,
      1
    ],
    "n_frames_total": 99988,
    "energy_mean": -358670.45777983515,
    "energy_std": 6.60946635003971,
    "r_cut": 5.0,
    "avg_edges": 328.9242105263158
  },
  "hparams": {
    "n_epochs": 1000,
    "batch_size": 32,
    "lr": 0.0005,
    "weight_decay": 0.0,
    "patience": 50,
    "min_lr": 1e-06,
    "r_cut": 5.0,
    "n_rbf": 20,
    "hidden_dim": 128,
    "n_heads": 4,
    "n_layers": 4,
    "lambda_force": 1.0,
    "max_z": 100
  },
  "timestamp": "2026-04-17T21:08:32.967819"
}