{
  "key": "gnn_md17_ethanol_split4_dml_fixed",
  "method": "dml_fixed",
  "model": "GATv2",
  "dataset": "md17_ethanol",
  "molecule": "ethanol",
  "n_atoms": 9,
  "seed": 4,
  "split_id": 4,
  "split_source": "?",
  "lambda": 1.0,
  "test_value_mse": 0.20148538053035736,
  "test_grad_mse": 4.218259334564209,
  "test_energy_mae": 0.3490114212036133,
  "test_energy_mae_mev": 15.134566170215606,
  "test_force_mae": 1.4325618743896484,
  "test_force_mae_mev": 62.12175637722015,
  "best_epoch": 540,
  "n_epochs_actual": 591,
  "time_s": 920.37,
  "n_params": 240001,
  "metadata": {
    "molecule": "ethanol",
    "n_atoms": 9,
    "nuclear_charges": [
      6,
      6,
      8,
      1,
      1,
      1,
      1,
      1,
      1
    ],
    "n_frames_total": 100000,
    "energy_mean": -97076.07559773569,
    "energy_std": 4.293153597787775,
    "r_cut": 5.0,
    "avg_edges": 72.0
  },
  "hparams": {
    "n_epochs": 1000,
    "batch_size": 32,
    "lr": 0.0005,
    "weight_decay": 0.0,
    "patience": 50,
    "min_lr": 1e-06,
    "r_cut": 5.0,
    "n_rbf": 20,
    "hidden_dim": 128,
    "n_heads": 4,
    "n_layers": 4,
    "lambda_force": 1.0,
    "max_z": 100
  },
  "timestamp": "2026-04-18T18:41:14.011345"
}