{
  "key": "gnn_md17_paracetamol_split3_dml_gradnorm",
  "method": "dml_gradnorm",
  "model": "GATv2",
  "dataset": "md17_paracetamol",
  "molecule": "paracetamol",
  "n_atoms": 20,
  "seed": 3,
  "split_id": 3,
  "split_source": "?",
  "lambda": 1.0,
  "test_value_mse": 6.8534698486328125,
  "test_grad_mse": 57.22844314575195,
  "test_energy_mae": 1.988120198249817,
  "test_energy_mae_mev": 86.21304308892489,
  "test_force_mae": 5.47291374206543,
  "test_force_mae_mev": 237.3279788022995,
  "best_epoch": 162,
  "n_epochs_actual": 213,
  "time_s": 951.76,
  "n_params": 240001,
  "metadata": {
    "molecule": "paracetamol",
    "n_atoms": 20,
    "nuclear_charges": [
      6,
      6,
      8,
      7,
      6,
      6,
      6,
      6,
      8,
      6,
      6,
      1,
      1,
      1,
      1,
      1,
      1,
      1,
      1,
      1
    ],
    "n_frames_total": 100000,
    "energy_mean": -322825.88291752286,
    "energy_std": 6.21822977805284,
    "r_cut": 5.0,
    "avg_edges": 278.1242105263158
  },
  "hparams": {
    "n_epochs": 1000,
    "batch_size": 32,
    "lr": 0.0005,
    "weight_decay": 0.0,
    "patience": 50,
    "min_lr": 1e-06,
    "r_cut": 5.0,
    "n_rbf": 20,
    "hidden_dim": 128,
    "n_heads": 4,
    "n_layers": 4,
    "lambda_force": 1.0,
    "max_z": 100
  },
  "timestamp": "2026-04-26T10:15:42.631607"
}