{
  "key": "gnn_md17_naphthalene_split5_dml_fixed_half",
  "method": "dml_fixed_half",
  "model": "GATv2",
  "dataset": "md17_naphthalene",
  "molecule": "naphthalene",
  "n_atoms": 18,
  "seed": 5,
  "split_id": 5,
  "split_source": "?",
  "lambda": 1.0,
  "test_value_mse": 0.9022632241249084,
  "test_grad_mse": 11.963143348693848,
  "test_energy_mae": 0.7305188775062561,
  "test_energy_mae_mev": 31.67829365606904,
  "test_force_mae": 2.5524582862854004,
  "test_force_mae_mev": 110.68505637230874,
  "best_epoch": 641,
  "n_epochs_actual": 692,
  "time_s": 1119.16,
  "n_params": 240001,
  "metadata": {
    "molecule": "naphthalene",
    "n_atoms": 18,
    "nuclear_charges": [
      6,
      6,
      6,
      6,
      6,
      6,
      6,
      6,
      6,
      6,
      1,
      1,
      1,
      1,
      1,
      1,
      1,
      1
    ],
    "n_frames_total": 100000,
    "energy_mean": -241637.59007414905,
    "energy_std": 5.747406542847372,
    "r_cut": 5.0,
    "avg_edges": 254.9557894736842
  },
  "hparams": {
    "n_epochs": 1000,
    "batch_size": 32,
    "lr": 0.0005,
    "weight_decay": 0.0,
    "patience": 50,
    "min_lr": 1e-06,
    "r_cut": 5.0,
    "n_rbf": 20,
    "hidden_dim": 128,
    "n_heads": 4,
    "n_layers": 4,
    "lambda_force": 1.0,
    "max_z": 100
  },
  "timestamp": "2026-04-19T16:37:09.891085"
}