{
  "key": "gnn_md17_naphthalene_split4_dml_warmup",
  "method": "dml_warmup",
  "model": "GATv2",
  "dataset": "md17_naphthalene",
  "molecule": "naphthalene",
  "n_atoms": 18,
  "seed": 4,
  "split_id": 4,
  "split_source": "?",
  "lambda": 1.0,
  "test_value_mse": 13.251917839050293,
  "test_grad_mse": 270.4220886230469,
  "test_energy_mae": 2.9536826610565186,
  "test_energy_mae_mev": 128.083790282321,
  "test_force_mae": 11.897378921508789,
  "test_force_mae_mev": 515.9191292901993,
  "best_epoch": 9,
  "n_epochs_actual": 176,
  "time_s": 374.62,
  "n_params": 240001,
  "metadata": {
    "molecule": "naphthalene",
    "n_atoms": 18,
    "nuclear_charges": [
      6,
      6,
      6,
      6,
      6,
      6,
      6,
      6,
      6,
      6,
      1,
      1,
      1,
      1,
      1,
      1,
      1,
      1
    ],
    "n_frames_total": 100000,
    "energy_mean": -241637.59007414905,
    "energy_std": 5.747406542847372,
    "r_cut": 5.0,
    "avg_edges": 254.9936842105263
  },
  "hparams": {
    "n_epochs": 1000,
    "batch_size": 32,
    "lr": 0.0005,
    "weight_decay": 0.0,
    "patience": 50,
    "min_lr": 1e-06,
    "r_cut": 5.0,
    "n_rbf": 20,
    "hidden_dim": 128,
    "n_heads": 4,
    "n_layers": 4,
    "lambda_force": 1.0,
    "max_z": 100
  },
  "timestamp": "2026-04-26T08:35:36.699547"
}