{
  "key": "gnn_md17_aspirin_split1_dml_relobralo",
  "method": "dml_relobralo",
  "model": "GATv2",
  "dataset": "md17_aspirin",
  "molecule": "aspirin",
  "n_atoms": 21,
  "seed": 1,
  "split_id": 1,
  "split_source": "?",
  "lambda": 1.0,
  "test_value_mse": 12.244354248046875,
  "test_grad_mse": 134.09593200683594,
  "test_energy_mae": 2.711470365524292,
  "test_energy_mae_mev": 117.58047207763195,
  "test_force_mae": 8.465249061584473,
  "test_force_mae_mev": 367.08790683145526,
  "best_epoch": 90,
  "n_epochs_actual": 141,
  "time_s": 284.5,
  "n_params": 240001,
  "metadata": {
    "molecule": "aspirin",
    "n_atoms": 21,
    "nuclear_charges": [
      6,
      6,
      6,
      6,
      6,
      6,
      6,
      8,
      8,
      8,
      6,
      6,
      8,
      1,
      1,
      1,
      1,
      1,
      1,
      1,
      1
    ],
    "n_frames_total": 100000,
    "energy_mean": -406274.3803015161,
    "energy_std": 6.166398022557926,
    "r_cut": 5.0,
    "avg_edges": 302.2715789473684
  },
  "hparams": {
    "n_epochs": 1000,
    "batch_size": 32,
    "lr": 0.0005,
    "weight_decay": 0.0,
    "patience": 50,
    "min_lr": 1e-06,
    "r_cut": 5.0,
    "n_rbf": 20,
    "hidden_dim": 128,
    "n_heads": 4,
    "n_layers": 4,
    "lambda_force": 1.0,
    "max_z": 100
  },
  "timestamp": "2026-04-16T21:22:21.270112"
}