{
  "key": "gnn_md17_benzene_split5_vanilla",
  "method": "vanilla",
  "model": "GATv2",
  "dataset": "md17_benzene",
  "molecule": "benzene",
  "n_atoms": 12,
  "seed": 5,
  "split_id": 5,
  "split_source": "?",
  "lambda": 1.0,
  "test_value_mse": 1.4796905517578125,
  "test_grad_mse": 130.07408142089844,
  "test_energy_mae": 0.9484078884124756,
  "test_energy_mae_mev": 41.12685451390743,
  "test_force_mae": 8.299372673034668,
  "test_force_mae_mev": 359.89482653074265,
  "best_epoch": 163,
  "n_epochs_actual": 214,
  "time_s": 175.95,
  "n_params": 240001,
  "metadata": {
    "molecule": "benzene",
    "n_atoms": 12,
    "nuclear_charges": [
      6,
      6,
      6,
      6,
      6,
      6,
      1,
      1,
      1,
      1,
      1,
      1
    ],
    "n_frames_total": 100000,
    "energy_mean": -145431.30873821242,
    "energy_std": 2.4174208560871393,
    "r_cut": 5.0,
    "avg_edges": 129.86315789473684
  },
  "hparams": {
    "n_epochs": 1000,
    "batch_size": 32,
    "lr": 0.0005,
    "weight_decay": 0.0,
    "patience": 50,
    "min_lr": 1e-06,
    "r_cut": 5.0,
    "n_rbf": 20,
    "hidden_dim": 128,
    "n_heads": 4,
    "n_layers": 4,
    "lambda_force": 1.0,
    "max_z": 100
  },
  "timestamp": "2026-04-18T09:56:30.803240"
}