{
  "key": "gnn_md17_azobenzene_split1_dml_fixed_half",
  "method": "dml_fixed_half",
  "model": "GATv2",
  "dataset": "md17_azobenzene",
  "molecule": "azobenzene",
  "n_atoms": 24,
  "seed": 1,
  "split_id": 1,
  "split_source": "?",
  "lambda": 1.0,
  "test_value_mse": 2.684628486633301,
  "test_grad_mse": 18.052671432495117,
  "test_energy_mae": 1.3223543167114258,
  "test_energy_mae_mev": 57.34270482530594,
  "test_force_mae": 3.0831069946289062,
  "test_force_mae_mev": 133.69616002578735,
  "best_epoch": 459,
  "n_epochs_actual": 510,
  "time_s": 1093.43,
  "n_params": 240001,
  "metadata": {
    "molecule": "azobenzene",
    "n_atoms": 24,
    "nuclear_charges": [
      7,
      7,
      6,
      6,
      6,
      6,
      6,
      6,
      6,
      6,
      6,
      6,
      6,
      6,
      1,
      1,
      1,
      1,
      1,
      1,
      1,
      1,
      1,
      1
    ],
    "n_frames_total": 99988,
    "energy_mean": -358670.45777983515,
    "energy_std": 6.60946635003971,
    "r_cut": 5.0,
    "avg_edges": 329.1073684210526
  },
  "hparams": {
    "n_epochs": 1000,
    "batch_size": 32,
    "lr": 0.0005,
    "weight_decay": 0.0,
    "patience": 50,
    "min_lr": 1e-06,
    "r_cut": 5.0,
    "n_rbf": 20,
    "hidden_dim": 128,
    "n_heads": 4,
    "n_layers": 4,
    "lambda_force": 1.0,
    "max_z": 100
  },
  "timestamp": "2026-04-17T10:19:51.133959"
}