{
  "key": "gnn_md17_toluene_split4_dml_relobralo",
  "method": "dml_relobralo",
  "model": "GATv2",
  "dataset": "md17_toluene",
  "molecule": "toluene",
  "n_atoms": 15,
  "seed": 4,
  "split_id": 4,
  "split_source": "?",
  "lambda": 1.0,
  "test_value_mse": 13.940104484558105,
  "test_grad_mse": 132.62330627441406,
  "test_energy_mae": 2.809272527694702,
  "test_energy_mae_mev": 121.82157481820583,
  "test_force_mae": 8.398102760314941,
  "test_force_mae_mev": 364.1761679085732,
  "best_epoch": 20,
  "n_epochs_actual": 71,
  "time_s": 128.6,
  "n_params": 240001,
  "metadata": {
    "molecule": "toluene",
    "n_atoms": 15,
    "nuclear_charges": [
      6,
      6,
      6,
      6,
      6,
      6,
      6,
      1,
      1,
      1,
      1,
      1,
      1,
      1,
      1
    ],
    "n_frames_total": 100000,
    "energy_mean": -170036.75484550395,
    "energy_std": 5.196658839252291,
    "r_cut": 5.0,
    "avg_edges": 192.18105263157895
  },
  "hparams": {
    "n_epochs": 1000,
    "batch_size": 32,
    "lr": 0.0005,
    "weight_decay": 0.0,
    "patience": 50,
    "min_lr": 1e-06,
    "r_cut": 5.0,
    "n_rbf": 20,
    "hidden_dim": 128,
    "n_heads": 4,
    "n_layers": 4,
    "lambda_force": 1.0,
    "max_z": 100
  },
  "timestamp": "2026-04-20T21:51:04.492864"
}