{
  "method": "baseline_krr",
  "func_type": "bachelier",
  "dim": 20,
  "n_samples": 4096,
  "noise_level": 0.0,
  "seed": 42,
  "lambda": 1.0,
  "test_value_mse": 2.444061706146437e-05,
  "test_grad_mse": 3.8454409636243655e-05,
  "time_s": 7.138796091079712,
  "key": "bachelier_d20_n4096_noise0.0_s42_baseline_krr",
  "timestamp": "2026-04-06T10:37:06.314460"
}