{
  "method": "vanilla",
  "func_type": "bachelier",
  "dim": 10,
  "n_samples": 256,
  "noise_level": 0.0,
  "seed": 456,
  "lambda": 1.0,
  "test_value_mse": 3.6331760669291087e-06,
  "test_grad_mse": 1.2675929333362354e-05,
  "best_epoch": 378,
  "time_s": 9.408414363861084,
  "n_epochs_actual": 429,
  "key": "bachelier_d10_n256_noise0.0_s456_vanilla",
  "timestamp": "2026-04-06T09:35:08.450303"
}