{
  "method": "dml_fixed",
  "func_type": "bachelier",
  "dim": 10,
  "n_samples": 4096,
  "noise_level": 0.0,
  "seed": 789,
  "lambda": 1.0,
  "test_value_mse": 1.743355335014931e-08,
  "test_grad_mse": 1.331309754083447e-07,
  "best_epoch": 498,
  "time_s": 27.1223886013031,
  "n_epochs_actual": 500,
  "key": "bachelier_d10_n4096_noise0.0_s789_dml_fixed",
  "timestamp": "2026-04-06T10:05:13.974202"
}