{
  "method": "baseline_krr",
  "func_type": "bachelier",
  "dim": 20,
  "n_samples": 1024,
  "noise_level": 0.0,
  "seed": 456,
  "lambda": 1.0,
  "test_value_mse": 5.0476163050725295e-05,
  "test_grad_mse": 5.570088336026557e-05,
  "time_s": 2.6720051765441895,
  "key": "bachelier_d20_n1024_noise0.0_s456_baseline_krr",
  "timestamp": "2026-04-06T10:26:32.019600"
}