{
  "method": "dml_relobralo",
  "func_type": "bachelier",
  "dim": 10,
  "n_samples": 256,
  "noise_level": 0.0,
  "seed": 456,
  "lambda": 1.0,
  "test_value_mse": 1.506407131954234e-06,
  "test_grad_mse": 5.364707161813582e-06,
  "best_epoch": 410,
  "time_s": 21.606813669204712,
  "n_epochs_actual": 461,
  "key": "bachelier_d10_n256_noise0.0_s456_dml_relobralo",
  "timestamp": "2026-04-26T07:54:03.779044"
}