{
  "method": "baseline_gp",
  "func_type": "bachelier",
  "dim": 10,
  "n_samples": 256,
  "noise_level": 0.0,
  "seed": 1000,
  "lambda": 1.0,
  "test_value_mse": 1.0572935314415081e-07,
  "test_grad_mse": 9.753118553674326e-07,
  "time_s": 0.718618631362915,
  "key": "bachelier_d10_n256_noise0.0_s1000_baseline_gp",
  "timestamp": "2026-04-06T09:37:28.435042"
}