{
  "method": "baseline_krr",
  "func_type": "bachelier",
  "dim": 5,
  "n_samples": 256,
  "noise_level": 0.0,
  "seed": 123,
  "lambda": 1.0,
  "test_value_mse": 0.0005908066166653233,
  "test_grad_mse": 0.0019981007559938843,
  "time_s": 0.015201330184936523,
  "key": "bachelier_d5_n256_noise0.0_s123_baseline_krr",
  "timestamp": "2026-04-06T08:55:40.925827"
}