{
  "method": "baseline_gp",
  "func_type": "bachelier",
  "dim": 2,
  "n_samples": 1024,
  "noise_level": 0.0,
  "seed": 123,
  "lambda": 1.0,
  "test_value_mse": 9.204460628983943e-10,
  "test_grad_mse": 2.5693158474316594e-07,
  "time_s": 6.930940866470337,
  "key": "bachelier_d2_n1024_noise0.0_s123_baseline_gp",
  "timestamp": "2026-04-06T08:19:47.340566"
}