{
  "method": "baseline_gp",
  "func_type": "bachelier",
  "dim": 20,
  "n_samples": 1024,
  "noise_level": 0.0,
  "seed": 42,
  "lambda": 1.0,
  "test_value_mse": 1.175919564510211e-08,
  "test_grad_mse": 2.1233489767037586e-07,
  "time_s": 22.500645637512207,
  "key": "bachelier_d20_n1024_noise0.0_s42_baseline_gp",
  "timestamp": "2026-04-06T10:23:24.987252"
}