{
  "method": "baseline_rf",
  "func_type": "bachelier",
  "dim": 2,
  "n_samples": 1024,
  "noise_level": 0.0,
  "seed": 1000,
  "lambda": 1.0,
  "test_value_mse": 6.105146096663572e-05,
  "test_grad_mse": 34.97290591005066,
  "time_s": 1.2317357063293457,
  "key": "bachelier_d2_n1024_noise0.0_s1000_baseline_rf",
  "timestamp": "2026-04-06T08:24:52.377919"
}