{
  "method": "dml_fixed",
  "func_type": "bachelier",
  "dim": 20,
  "n_samples": 256,
  "noise_level": 0.0,
  "seed": 123,
  "lambda": 1.0,
  "test_value_mse": 1.042429397112897e-07,
  "test_grad_mse": 3.906945760643913e-07,
  "best_epoch": 499,
  "time_s": 27.916738510131836,
  "n_epochs_actual": 500,
  "key": "bachelier_d20_n256_noise0.0_s123_dml_fixed",
  "timestamp": "2026-04-06T10:18:29.859523"
}