{
  "method": "vanilla",
  "func_type": "bachelier",
  "dim": 2,
  "n_samples": 1024,
  "noise_level": 0.0,
  "seed": 42,
  "lambda": 1.0,
  "test_value_mse": 2.4692134652569568e-08,
  "test_grad_mse": 5.265584506916142e-06,
  "best_epoch": 437,
  "time_s": 9.088683605194092,
  "n_epochs_actual": 488,
  "key": "bachelier_d2_n1024_noise0.0_s42_vanilla",
  "timestamp": "2026-04-06T08:18:07.944144"
}