{
  "method": "dml_fixed",
  "func_type": "bachelier",
  "dim": 50,
  "n_samples": 4096,
  "noise_level": 0.0,
  "seed": 456,
  "lambda": 1.0,
  "test_value_mse": 1.967522736685414e-08,
  "test_grad_mse": 1.4912141621185833e-08,
  "best_epoch": 497,
  "time_s": 25.967033624649048,
  "n_epochs_actual": 500,
  "key": "bachelier_d50_n4096_noise0.0_s456_dml_fixed",
  "timestamp": "2026-04-06T11:14:42.567479"
}