{
  "method": "dml_relobralo",
  "func_type": "bachelier",
  "dim": 5,
  "n_samples": 256,
  "noise_level": 0.0,
  "seed": 1000,
  "lambda": 1.0,
  "test_value_mse": 2.6034320558249735e-07,
  "test_grad_mse": 5.126575670164383e-06,
  "best_epoch": 259,
  "time_s": 5.707629203796387,
  "n_epochs_actual": 310,
  "key": "bachelier_d5_n256_noise0.0_s1000_dml_relobralo",
  "timestamp": "2026-04-26T07:47:01.033810"
}