{
  "method": "dml_fixed",
  "func_type": "bachelier",
  "dim": 20,
  "n_samples": 1024,
  "noise_level": 0.0,
  "seed": 123,
  "lambda": 1.0,
  "test_value_mse": 1.112648774141532e-07,
  "test_grad_mse": 2.577809055823515e-07,
  "best_epoch": 480,
  "time_s": 11.603174448013306,
  "n_epochs_actual": 500,
  "key": "bachelier_d20_n1024_noise0.0_s123_dml_fixed",
  "timestamp": "2026-04-06T10:23:59.323721"
}