{
  "method": "baseline_gp",
  "func_type": "bachelier",
  "dim": 20,
  "n_samples": 1024,
  "noise_level": 0.0,
  "seed": 123,
  "lambda": 1.0,
  "test_value_mse": 2.3895814560577616e-08,
  "test_grad_mse": 2.600618923892012e-07,
  "time_s": 26.261703491210938,
  "key": "bachelier_d20_n1024_noise0.0_s123_baseline_gp",
  "timestamp": "2026-04-06T10:25:06.903260"
}