{
  "method": "baseline_gp",
  "func_type": "bachelier",
  "dim": 1,
  "n_samples": 1024,
  "noise_level": 0.0,
  "seed": 1000,
  "lambda": 1.0,
  "test_value_mse": 3.2143853357411843e-10,
  "test_grad_mse": 5.899020540372825e-07,
  "time_s": 23.60546898841858,
  "key": "bachelier_d1_n1024_noise0.0_s1000_baseline_gp",
  "timestamp": "2026-04-06T07:42:19.753945"
}