{
  "method": "baseline_rf",
  "func_type": "bachelier",
  "dim": 20,
  "n_samples": 256,
  "noise_level": 0.0,
  "seed": 789,
  "lambda": 1.0,
  "test_value_mse": 0.00059854857033609,
  "test_grad_mse": 0.0006783052349969851,
  "time_s": 7.0498292446136475,
  "key": "bachelier_d20_n256_noise0.0_s789_baseline_rf",
  "timestamp": "2026-04-06T10:21:14.987967"
}