{
  "method": "dml_fixed",
  "func_type": "bachelier",
  "dim": 20,
  "n_samples": 256,
  "noise_level": 0.0,
  "seed": 789,
  "lambda": 1.0,
  "test_value_mse": 3.8057204587229404e-07,
  "test_grad_mse": 7.195718045470601e-07,
  "best_epoch": 499,
  "time_s": 7.559229135513306,
  "n_epochs_actual": 500,
  "key": "bachelier_d20_n256_noise0.0_s789_dml_fixed",
  "timestamp": "2026-04-06T10:20:50.113671"
}