{
  "method": "baseline_krr",
  "func_type": "bachelier",
  "dim": 5,
  "n_samples": 1024,
  "noise_level": 0.0,
  "seed": 456,
  "lambda": 1.0,
  "test_value_mse": 0.00015860083844875566,
  "test_grad_mse": 0.0010464079696427587,
  "time_s": 0.9087164402008057,
  "key": "bachelier_d5_n1024_noise0.0_s456_baseline_krr",
  "timestamp": "2026-04-06T09:02:44.640153"
}