{
  "method": "baseline_gp",
  "func_type": "bachelier",
  "dim": 10,
  "n_samples": 4096,
  "noise_level": 0.0,
  "seed": 456,
  "lambda": 1.0,
  "test_value_mse": 2.595382925616067e-09,
  "test_grad_mse": 2.449011506278788e-08,
  "time_s": 242.2579162120819,
  "key": "bachelier_d10_n4096_noise0.0_s456_baseline_gp",
  "timestamp": "2026-04-06T10:04:17.754719"
}