{
  "method": "dml_gradnorm",
  "func_type": "bachelier",
  "dim": 50,
  "n_samples": 256,
  "noise_level": 0.0,
  "seed": 456,
  "lambda": 1.0,
  "test_value_mse": 1.0121810967631435e-06,
  "test_grad_mse": 6.164856876857182e-07,
  "best_epoch": 474,
  "time_s": 13.222789525985718,
  "n_epochs_actual": 500,
  "key": "bachelier_d50_n256_noise0.0_s456_dml_gradnorm",
  "timestamp": "2026-04-06T11:04:01.236222"
}