{
  "method": "baseline_rf",
  "func_type": "bachelier",
  "dim": 1,
  "n_samples": 4096,
  "noise_level": 0.0,
  "seed": 456,
  "lambda": 1.0,
  "test_value_mse": 3.878063404416563e-08,
  "test_grad_mse": 2.00616762969458,
  "time_s": 0.9870154857635498,
  "key": "bachelier_d1_n4096_noise0.0_s456_baseline_rf",
  "timestamp": "2026-04-06T08:01:50.517938"
}