{
  "method": "dml_relobralo",
  "func_type": "bachelier",
  "dim": 10,
  "n_samples": 1024,
  "noise_level": 0.0,
  "seed": 42,
  "lambda": 1.0,
  "test_value_mse": 1.5957621705209932e-07,
  "test_grad_mse": 1.1354109876473258e-06,
  "best_epoch": 491,
  "time_s": 37.62221097946167,
  "n_epochs_actual": 500,
  "key": "bachelier_d10_n1024_noise0.0_s42_dml_relobralo",
  "timestamp": "2026-04-26T07:55:08.336327"
}