{
  "method": "baseline_rf",
  "func_type": "bachelier",
  "dim": 2,
  "n_samples": 1024,
  "noise_level": 0.0,
  "seed": 42,
  "lambda": 1.0,
  "test_value_mse": 6.664368630493934e-05,
  "test_grad_mse": 13.929124456115694,
  "time_s": 1.1559937000274658,
  "key": "bachelier_d2_n1024_noise0.0_s42_baseline_rf",
  "timestamp": "2026-04-06T08:19:13.321972"
}