{
  "method": "dml_fixed",
  "func_type": "bachelier",
  "dim": 10,
  "n_samples": 256,
  "noise_level": 0.0,
  "seed": 456,
  "lambda": 1.0,
  "test_value_mse": 3.79170591961708e-07,
  "test_grad_mse": 1.9066277815013507e-06,
  "best_epoch": 499,
  "time_s": 13.987252235412598,
  "n_epochs_actual": 500,
  "key": "bachelier_d10_n256_noise0.0_s456_dml_fixed",
  "timestamp": "2026-04-06T09:35:22.438029"
}