{
  "method": "baseline_rf",
  "func_type": "bachelier",
  "dim": 2,
  "n_samples": 256,
  "noise_level": 0.0,
  "seed": 1000,
  "lambda": 1.0,
  "test_value_mse": 0.0002996754702076496,
  "test_grad_mse": 0.07821761136178204,
  "time_s": 1.2081022262573242,
  "key": "bachelier_d2_n256_noise0.0_s1000_baseline_rf",
  "timestamp": "2026-04-06T08:17:58.853977"
}