{
  "method": "dml_gradnorm",
  "func_type": "bachelier",
  "dim": 50,
  "n_samples": 4096,
  "noise_level": 0.0,
  "seed": 456,
  "lambda": 1.0,
  "test_value_mse": 4.097056496027926e-08,
  "test_grad_mse": 3.7035813157242665e-08,
  "best_epoch": 496,
  "time_s": 63.70145559310913,
  "n_epochs_actual": 500,
  "key": "bachelier_d50_n4096_noise0.0_s456_dml_gradnorm",
  "timestamp": "2026-04-06T11:15:46.269426"
}