{
  "method": "vanilla",
  "func_type": "bachelier",
  "dim": 10,
  "n_samples": 1024,
  "noise_level": 0.0,
  "seed": 456,
  "lambda": 1.0,
  "test_value_mse": 6.065807906505532e-07,
  "test_grad_mse": 3.3995889755269103e-06,
  "best_epoch": 267,
  "time_s": 8.16063141822815,
  "n_epochs_actual": 318,
  "key": "bachelier_d10_n1024_noise0.0_s456_vanilla",
  "timestamp": "2026-04-06T09:40:46.218023"
}