{
  "method": "baseline_gp",
  "func_type": "bachelier",
  "dim": 2,
  "n_samples": 256,
  "noise_level": 0.0,
  "seed": 123,
  "lambda": 1.0,
  "test_value_mse": 3.5398277469355116e-09,
  "test_grad_mse": 3.2627586872789737e-07,
  "time_s": 2.0929067134857178,
  "key": "bachelier_d2_n256_noise0.0_s123_baseline_gp",
  "timestamp": "2026-04-06T08:15:45.280500"
}