{
  "method": "dml_relobralo",
  "func_type": "bachelier",
  "dim": 20,
  "n_samples": 4096,
  "noise_level": 0.0,
  "seed": 42,
  "lambda": 1.0,
  "test_value_mse": 4.996568987276062e-08,
  "test_grad_mse": 1.5565763956758263e-07,
  "best_epoch": 468,
  "time_s": 38.32811498641968,
  "n_epochs_actual": 500,
  "key": "bachelier_d20_n4096_noise0.0_s42_dml_relobralo",
  "timestamp": "2026-04-26T08:04:59.791080"
}