{
  "method": "dml_gradnorm",
  "func_type": "bachelier",
  "dim": 20,
  "n_samples": 1024,
  "noise_level": 0.0,
  "seed": 42,
  "lambda": 1.0,
  "test_value_mse": 2.514297434549596e-07,
  "test_grad_mse": 6.40334541310248e-07,
  "best_epoch": 497,
  "time_s": 28.16213345527649,
  "n_epochs_actual": 500,
  "key": "bachelier_d20_n1024_noise0.0_s42_dml_gradnorm",
  "timestamp": "2026-04-06T10:22:47.480365"
}