{
  "method": "dml_fixed",
  "func_type": "bachelier",
  "dim": 1,
  "n_samples": 1024,
  "noise_level": 0.0,
  "seed": 456,
  "lambda": 1.0,
  "test_value_mse": 3.865824223913643e-08,
  "test_grad_mse": 1.8144025281636601e-06,
  "best_epoch": 79,
  "time_s": 5.218541383743286,
  "n_epochs_actual": 130,
  "key": "bachelier_d1_n1024_noise0.0_s456_dml_fixed",
  "timestamp": "2026-04-06T07:37:00.442265"
}