{
  "method": "baseline_gp",
  "func_type": "bachelier",
  "dim": 10,
  "n_samples": 1024,
  "noise_level": 0.0,
  "seed": 123,
  "lambda": 1.0,
  "test_value_mse": 1.5680467340443768e-07,
  "test_grad_mse": 1.1688842900117993e-06,
  "time_s": 41.21903157234192,
  "key": "bachelier_d10_n1024_noise0.0_s123_baseline_gp",
  "timestamp": "2026-04-06T09:40:32.843670"
}