{
  "method": "dml_relobralo",
  "func_type": "bachelier",
  "dim": 2,
  "n_samples": 1024,
  "noise_level": 0.0,
  "seed": 123,
  "lambda": 1.0,
  "test_value_mse": 9.402538857386576e-10,
  "test_grad_mse": 1.1923152575365078e-07,
  "best_epoch": 498,
  "time_s": 15.484893083572388,
  "n_epochs_actual": 500,
  "key": "bachelier_d2_n1024_noise0.0_s123_dml_relobralo",
  "timestamp": "2026-04-26T07:43:58.022267"
}