{
  "method": "dml_fixed",
  "func_type": "bachelier",
  "dim": 1,
  "n_samples": 4096,
  "noise_level": 0.0,
  "seed": 123,
  "lambda": 1.0,
  "test_value_mse": 2.7282168008356954e-11,
  "test_grad_mse": 1.4757704035371673e-08,
  "best_epoch": 250,
  "time_s": 18.943665981292725,
  "n_epochs_actual": 301,
  "key": "bachelier_d1_n4096_noise0.0_s123_dml_fixed",
  "timestamp": "2026-04-06T07:48:37.754433"
}