{
  "method": "vanilla",
  "func_type": "bachelier",
  "dim": 50,
  "n_samples": 256,
  "noise_level": 0.0,
  "seed": 1000,
  "lambda": 1.0,
  "test_value_mse": 7.135418238568751e-06,
  "test_grad_mse": 2.8080612200033854e-06,
  "best_epoch": 86,
  "time_s": 2.765488624572754,
  "n_epochs_actual": 137,
  "key": "bachelier_d50_n256_noise0.0_s1000_vanilla",
  "timestamp": "2026-04-06T11:04:42.875086"
}