{
  "method": "vanilla",
  "func_type": "bachelier",
  "dim": 10,
  "n_samples": 1024,
  "noise_level": 0.0,
  "seed": 42,
  "lambda": 1.0,
  "test_value_mse": 8.451829823150369e-07,
  "test_grad_mse": 5.921686307917551e-06,
  "best_epoch": 285,
  "time_s": 6.742962598800659,
  "n_epochs_actual": 336,
  "key": "bachelier_d10_n1024_noise0.0_s42_vanilla",
  "timestamp": "2026-04-06T09:37:38.848315"
}