{
  "method": "vanilla",
  "func_type": "bachelier",
  "dim": 1,
  "n_samples": 256,
  "noise_level": 0.0,
  "seed": 123,
  "lambda": 1.0,
  "test_value_mse": 1.4152747879055727e-07,
  "test_grad_mse": 5.128374775855088e-05,
  "best_epoch": 118,
  "time_s": 2.935270071029663,
  "n_epochs_actual": 169,
  "key": "bachelier_d1_n256_noise0.0_s123_vanilla",
  "timestamp": "2026-04-06T07:32:07.051690"
}