{
  "method": "vanilla",
  "func_type": "bachelier",
  "dim": 1,
  "n_samples": 4096,
  "noise_level": 0.0,
  "seed": 789,
  "lambda": 1.0,
  "test_value_mse": 1.743899805162186e-08,
  "test_grad_mse": 1.5234782970905108e-05,
  "best_epoch": 62,
  "time_s": 6.23584246635437,
  "n_epochs_actual": 113,
  "key": "bachelier_d1_n4096_noise0.0_s789_vanilla",
  "timestamp": "2026-04-06T08:01:56.755474"
}