{
  "method": "dml_fixed",
  "func_type": "bachelier",
  "dim": 50,
  "n_samples": 256,
  "noise_level": 0.0,
  "seed": 123,
  "lambda": 1.0,
  "test_value_mse": 4.821918554371563e-07,
  "test_grad_mse": 3.779283081387973e-07,
  "best_epoch": 499,
  "time_s": 11.336167335510254,
  "n_epochs_actual": 500,
  "key": "bachelier_d50_n256_noise0.0_s123_dml_fixed",
  "timestamp": "2026-04-06T11:03:19.081926"
}