{
  "method": "dml_fixed",
  "func_type": "bachelier",
  "dim": 2,
  "n_samples": 256,
  "noise_level": 0.0,
  "seed": 123,
  "lambda": 1.0,
  "test_value_mse": 4.9015990677965545e-09,
  "test_grad_mse": 5.10027152046721e-07,
  "best_epoch": 266,
  "time_s": 6.9033544063568115,
  "n_epochs_actual": 317,
  "key": "bachelier_d2_n256_noise0.0_s123_dml_fixed",
  "timestamp": "2026-04-06T08:15:33.602299"
}