{
  "method": "vanilla",
  "func_type": "bachelier",
  "dim": 5,
  "n_samples": 4096,
  "noise_level": 0.0,
  "seed": 42,
  "lambda": 1.0,
  "test_value_mse": 2.765852239227865e-08,
  "test_grad_mse": 8.835487194234393e-07,
  "best_epoch": 476,
  "time_s": 19.413094997406006,
  "n_epochs_actual": 500,
  "key": "bachelier_d5_n4096_noise0.0_s42_vanilla",
  "timestamp": "2026-04-06T09:05:44.142526"
}