{
  "method": "dml_gradnorm",
  "func_type": "bachelier",
  "dim": 50,
  "n_samples": 1024,
  "noise_level": 0.0,
  "seed": 123,
  "lambda": 1.0,
  "test_value_mse": 1.7849898350330698e-07,
  "test_grad_mse": 1.308916331769247e-07,
  "best_epoch": 497,
  "time_s": 22.161195755004883,
  "n_epochs_actual": 500,
  "key": "bachelier_d50_n1024_noise0.0_s123_dml_gradnorm",
  "timestamp": "2026-04-06T11:06:54.627885"
}