{
  "method": "baseline_gp",
  "func_type": "bachelier",
  "dim": 1,
  "n_samples": 4096,
  "noise_level": 0.0,
  "seed": 123,
  "lambda": 1.0,
  "test_value_mse": 4.6138972183624664e-11,
  "test_grad_mse": 5.1662316156683656e-08,
  "time_s": 218.32396340370178,
  "key": "bachelier_d1_n4096_noise0.0_s123_baseline_gp",
  "timestamp": "2026-04-06T07:53:45.634895"
}