{
  "method": "baseline_rf",
  "func_type": "bachelier",
  "dim": 1,
  "n_samples": 4096,
  "noise_level": 0.0,
  "seed": 789,
  "lambda": 1.0,
  "test_value_mse": 4.4315055271660504e-08,
  "test_grad_mse": 3.707879404846417,
  "time_s": 0.9432816505432129,
  "key": "bachelier_d1_n4096_noise0.0_s789_baseline_rf",
  "timestamp": "2026-04-06T08:08:36.686275"
}