{
  "method": "vanilla",
  "func_type": "bachelier",
  "dim": 2,
  "n_samples": 1024,
  "noise_level": 0.0,
  "seed": 123,
  "lambda": 1.0,
  "test_value_mse": 1.0638311285545196e-08,
  "test_grad_mse": 4.1598466252346895e-06,
  "best_epoch": 499,
  "time_s": 11.37438154220581,
  "n_epochs_actual": 500,
  "key": "bachelier_d2_n1024_noise0.0_s123_vanilla",
  "timestamp": "2026-04-06T08:19:24.697921"
}