{
  "method": "dml_gradnorm",
  "func_type": "bachelier",
  "dim": 1,
  "n_samples": 4096,
  "noise_level": 0.0,
  "seed": 789,
  "lambda": 1.0,
  "test_value_mse": 3.196818284107927e-11,
  "test_grad_mse": 2.48232640709782e-08,
  "best_epoch": 496,
  "time_s": 64.24143242835999,
  "n_epochs_actual": 500,
  "key": "bachelier_d1_n4096_noise0.0_s789_dml_gradnorm",
  "timestamp": "2026-04-06T08:03:13.630066"
}