{
  "method": "dml_gradnorm",
  "func_type": "bachelier",
  "dim": 10,
  "n_samples": 256,
  "noise_level": 0.0,
  "seed": 789,
  "lambda": 1.0,
  "test_value_mse": 7.222079409577822e-07,
  "test_grad_mse": 4.31141324189514e-06,
  "best_epoch": 489,
  "time_s": 13.998091220855713,
  "n_epochs_actual": 500,
  "key": "bachelier_d10_n256_noise0.0_s789_dml_gradnorm",
  "timestamp": "2026-04-06T09:36:27.771712"
}