{
  "method": "dml_fixed",
  "func_type": "bachelier",
  "dim": 1,
  "n_samples": 4096,
  "noise_level": 0.0,
  "seed": 456,
  "lambda": 1.0,
  "test_value_mse": 7.105046398912042e-11,
  "test_grad_mse": 5.6912315063272545e-08,
  "best_epoch": 187,
  "time_s": 16.790410041809082,
  "n_epochs_actual": 238,
  "key": "bachelier_d1_n4096_noise0.0_s456_dml_fixed",
  "timestamp": "2026-04-06T07:54:26.234715"
}