{
  "method": "dml_gradnorm",
  "func_type": "bachelier",
  "dim": 10,
  "n_samples": 4096,
  "noise_level": 0.0,
  "seed": 789,
  "lambda": 1.0,
  "test_value_mse": 2.689774421635178e-08,
  "test_grad_mse": 2.0107206799391168e-07,
  "best_epoch": 499,
  "time_s": 61.65187621116638,
  "n_epochs_actual": 500,
  "key": "bachelier_d10_n4096_noise0.0_s789_dml_gradnorm",
  "timestamp": "2026-04-06T10:06:15.626552"
}