{
  "method": "vanilla",
  "func_type": "bachelier",
  "dim": 2,
  "n_samples": 4096,
  "noise_level": 0.0,
  "seed": 1000,
  "lambda": 1.0,
  "test_value_mse": 5.161215075449648e-09,
  "test_grad_mse": 1.4763633585635274e-06,
  "best_epoch": 497,
  "time_s": 17.974610328674316,
  "n_epochs_actual": 500,
  "key": "bachelier_d2_n4096_noise0.0_s1000_vanilla",
  "timestamp": "2026-04-06T08:47:47.234449"
}