{
  "method": "vanilla",
  "func_type": "bachelier",
  "dim": 5,
  "n_samples": 1024,
  "noise_level": 0.0,
  "seed": 456,
  "lambda": 1.0,
  "test_value_mse": 1.2073684512187438e-07,
  "test_grad_mse": 3.687324506506492e-06,
  "best_epoch": 127,
  "time_s": 5.077224016189575,
  "n_epochs_actual": 178,
  "key": "bachelier_d5_n1024_noise0.0_s456_vanilla",
  "timestamp": "2026-04-06T09:01:37.426849"
}