{
  "method": "vanilla",
  "func_type": "bachelier",
  "dim": 2,
  "n_samples": 4096,
  "noise_level": 0.0,
  "seed": 123,
  "lambda": 1.0,
  "test_value_mse": 1.4337578493326641e-08,
  "test_grad_mse": 3.5641916328714117e-06,
  "best_epoch": 219,
  "time_s": 10.667797565460205,
  "n_epochs_actual": 270,
  "key": "bachelier_d2_n4096_noise0.0_s123_vanilla",
  "timestamp": "2026-04-06T08:29:38.963594"
}