{
  "method": "baseline_krr",
  "func_type": "bachelier",
  "dim": 20,
  "n_samples": 1024,
  "noise_level": 0.0,
  "seed": 42,
  "lambda": 1.0,
  "test_value_mse": 4.538766948601028e-05,
  "test_grad_mse": 5.3862892858134385e-05,
  "time_s": 4.087999582290649,
  "key": "bachelier_d20_n1024_noise0.0_s42_baseline_krr",
  "timestamp": "2026-04-06T10:23:29.075594"
}