{
  "method": "vanilla",
  "func_type": "bachelier",
  "dim": 2,
  "n_samples": 4096,
  "noise_level": 0.0,
  "seed": 456,
  "lambda": 1.0,
  "test_value_mse": 2.0244283290854746e-08,
  "test_grad_mse": 4.074426618012236e-06,
  "best_epoch": 82,
  "time_s": 7.70613169670105,
  "n_epochs_actual": 133,
  "key": "bachelier_d2_n4096_noise0.0_s456_vanilla",
  "timestamp": "2026-04-06T08:36:15.554704"
}