{
  "method": "baseline_rf",
  "func_type": "bachelier",
  "dim": 2,
  "n_samples": 4096,
  "noise_level": 0.0,
  "seed": 42,
  "lambda": 1.0,
  "test_value_mse": 8.016293062015892e-06,
  "test_grad_mse": 2.104012960860351,
  "time_s": 1.4627060890197754,
  "key": "bachelier_d2_n4096_noise0.0_s42_baseline_rf",
  "timestamp": "2026-04-06T08:29:28.293799"
}