{
  "method": "dml_fixed",
  "func_type": "bachelier",
  "dim": 1,
  "n_samples": 4096,
  "noise_level": 0.0,
  "seed": 42,
  "lambda": 1.0,
  "test_value_mse": 2.7110226079906734e-10,
  "test_grad_mse": 3.0788712892412644e-08,
  "best_epoch": 372,
  "time_s": 29.922237873077393,
  "n_epochs_actual": 423,
  "key": "bachelier_d1_n4096_noise0.0_s42_dml_fixed",
  "timestamp": "2026-04-06T07:43:12.521417"
}