{
  "method": "dml_fixed",
  "func_type": "bachelier",
  "dim": 10,
  "n_samples": 256,
  "noise_level": 0.0,
  "seed": 789,
  "lambda": 1.0,
  "test_value_mse": 3.436792845314849e-07,
  "test_grad_mse": 2.0234854229740032e-06,
  "best_epoch": 499,
  "time_s": 18.16470956802368,
  "n_epochs_actual": 500,
  "key": "bachelier_d10_n256_noise0.0_s789_dml_fixed",
  "timestamp": "2026-04-06T09:36:13.773136"
}