{
  "method": "dml_fixed",
  "func_type": "bachelier",
  "dim": 2,
  "n_samples": 1024,
  "noise_level": 0.0,
  "seed": 1000,
  "lambda": 1.0,
  "test_value_mse": 2.204600715654948e-09,
  "test_grad_mse": 3.0467252991815476e-07,
  "best_epoch": 498,
  "time_s": 14.197891235351562,
  "n_epochs_actual": 500,
  "key": "bachelier_d2_n1024_noise0.0_s1000_dml_fixed",
  "timestamp": "2026-04-06T08:22:47.646715"
}