{
  "method": "vanilla",
  "func_type": "bachelier",
  "dim": 10,
  "n_samples": 4096,
  "noise_level": 0.0,
  "seed": 123,
  "lambda": 1.0,
  "test_value_mse": 7.382934450388525e-08,
  "test_grad_mse": 5.746279815399701e-07,
  "best_epoch": 496,
  "time_s": 20.44673728942871,
  "n_epochs_actual": 500,
  "key": "bachelier_d10_n4096_noise0.0_s123_vanilla",
  "timestamp": "2026-04-06T09:49:28.145429"
}