{
  "method": "baseline_gp",
  "func_type": "bachelier",
  "dim": 2,
  "n_samples": 4096,
  "noise_level": 0.0,
  "seed": 456,
  "lambda": 1.0,
  "test_value_mse": 3.2074678822316866e-10,
  "test_grad_mse": 1.0789587926962512e-07,
  "time_s": 255.65406131744385,
  "key": "bachelier_d2_n4096_noise0.0_s456_baseline_gp",
  "timestamp": "2026-04-06T08:42:08.080178"
}