{
  "method": "baseline_krr",
  "func_type": "bachelier",
  "dim": 1,
  "n_samples": 256,
  "noise_level": 0.0,
  "seed": 456,
  "lambda": 1.0,
  "test_value_mse": 0.0004094874808514309,
  "test_grad_mse": 0.02474761803858138,
  "time_s": 0.0033812522888183594,
  "key": "bachelier_d1_n256_noise0.0_s456_baseline_krr",
  "timestamp": "2026-04-06T07:33:20.392879"
}