{
  "method": "dml_fixed",
  "func_type": "bachelier",
  "dim": 5,
  "n_samples": 256,
  "noise_level": 0.0,
  "seed": 1000,
  "lambda": 1.0,
  "test_value_mse": 1.0653966184308612e-07,
  "test_grad_mse": 2.12123230947308e-06,
  "best_epoch": 499,
  "time_s": 8.257104873657227,
  "n_epochs_actual": 500,
  "key": "bachelier_d5_n256_noise0.0_s1000_dml_fixed",
  "timestamp": "2026-04-06T08:57:46.903992"
}