{
  "method": "baseline_gp",
  "func_type": "bachelier",
  "dim": 20,
  "n_samples": 256,
  "noise_level": 0.0,
  "seed": 789,
  "lambda": 1.0,
  "test_value_mse": 5.073384064307129e-06,
  "test_grad_mse": 6.931005639159071e-06,
  "time_s": 0.889014482498169,
  "key": "bachelier_d20_n256_noise0.0_s789_baseline_gp",
  "timestamp": "2026-04-06T10:21:07.876578"
}