{
  "method": "baseline_rf",
  "func_type": "bachelier",
  "dim": 10,
  "n_samples": 1024,
  "noise_level": 0.0,
  "seed": 123,
  "lambda": 1.0,
  "test_value_mse": 0.00057315290111,
  "test_grad_mse": 0.1591123205312701,
  "time_s": 3.7395622730255127,
  "key": "bachelier_d10_n1024_noise0.0_s123_baseline_rf",
  "timestamp": "2026-04-06T09:40:38.055499"
}