{
  "method": "baseline_krr",
  "func_type": "bachelier",
  "dim": 20,
  "n_samples": 256,
  "noise_level": 0.0,
  "seed": 456,
  "lambda": 1.0,
  "test_value_mse": 0.00035206996323828416,
  "test_grad_mse": 0.00019238925230456475,
  "time_s": 0.16337919235229492,
  "key": "bachelier_d20_n256_noise0.0_s456_baseline_krr",
  "timestamp": "2026-04-06T10:20:35.213718"
}