{
  "method": "dml_gradnorm",
  "func_type": "bachelier",
  "dim": 5,
  "n_samples": 1024,
  "noise_level": 0.0,
  "seed": 789,
  "lambda": 1.0,
  "test_value_mse": 3.147200940523367e-08,
  "test_grad_mse": 9.045941471471976e-07,
  "best_epoch": 495,
  "time_s": 24.28779888153076,
  "n_epochs_actual": 500,
  "key": "bachelier_d5_n1024_noise0.0_s789_dml_gradnorm",
  "timestamp": "2026-04-06T09:03:30.588802"
}