{
  "method": "dml_fixed",
  "func_type": "bachelier",
  "dim": 5,
  "n_samples": 1024,
  "noise_level": 0.0,
  "seed": 1000,
  "lambda": 1.0,
  "test_value_mse": 2.2745464979985858e-08,
  "test_grad_mse": 6.164391372728444e-07,
  "best_epoch": 499,
  "time_s": 20.524598836898804,
  "n_epochs_actual": 500,
  "key": "bachelier_d5_n1024_noise0.0_s1000_dml_fixed",
  "timestamp": "2026-04-06T09:04:27.829799"
}