{
  "method": "dml_gradnorm",
  "func_type": "bachelier",
  "dim": 50,
  "n_samples": 256,
  "noise_level": 0.0,
  "seed": 123,
  "lambda": 1.0,
  "test_value_mse": 1.5732000910965455e-06,
  "test_grad_mse": 1.2070187718965391e-06,
  "best_epoch": 499,
  "time_s": 12.808459043502808,
  "n_epochs_actual": 500,
  "key": "bachelier_d50_n256_noise0.0_s123_dml_gradnorm",
  "timestamp": "2026-04-06T11:03:31.890901"
}