{
  "method": "baseline_rf",
  "func_type": "bachelier",
  "dim": 2,
  "n_samples": 4096,
  "noise_level": 0.0,
  "seed": 123,
  "lambda": 1.0,
  "test_value_mse": 1.032023467681713e-05,
  "test_grad_mse": 7.756864816282289,
  "time_s": 1.5552129745483398,
  "key": "bachelier_d2_n4096_noise0.0_s123_baseline_rf",
  "timestamp": "2026-04-06T08:36:07.846547"
}