{
  "method": "baseline_krr",
  "func_type": "bachelier",
  "dim": 10,
  "n_samples": 4096,
  "noise_level": 0.0,
  "seed": 1000,
  "lambda": 1.0,
  "test_value_mse": 5.018961055053619e-05,
  "test_grad_mse": 0.0001664489809803391,
  "time_s": 2.6843581199645996,
  "key": "bachelier_d10_n4096_noise0.0_s1000_baseline_krr",
  "timestamp": "2026-04-06T10:16:57.911175"
}