{
  "method": "dml_relobralo",
  "func_type": "bachelier",
  "dim": 1,
  "n_samples": 1024,
  "noise_level": 0.0,
  "seed": 456,
  "lambda": 1.0,
  "test_value_mse": 5.0831505943309084e-11,
  "test_grad_mse": 2.4554058320818802e-08,
  "best_epoch": 361,
  "time_s": 12.949427843093872,
  "n_epochs_actual": 412,
  "key": "bachelier_d1_n1024_noise0.0_s456_dml_relobralo",
  "timestamp": "2026-04-26T07:40:42.708806"
}