{
  "method": "baseline_rf",
  "func_type": "bachelier",
  "dim": 2,
  "n_samples": 256,
  "noise_level": 0.0,
  "seed": 123,
  "lambda": 1.0,
  "test_value_mse": 0.00035124711896899173,
  "test_grad_mse": 14.602179860682618,
  "time_s": 1.0780584812164307,
  "key": "bachelier_d2_n256_noise0.0_s123_baseline_rf",
  "timestamp": "2026-04-06T08:15:46.363089"
}