{
  "method": "baseline_gp",
  "func_type": "bachelier",
  "dim": 2,
  "n_samples": 4096,
  "noise_level": 0.0,
  "seed": 42,
  "lambda": 1.0,
  "test_value_mse": 4.1255236388426433e-10,
  "test_grad_mse": 1.267786257138259e-07,
  "time_s": 201.85270047187805,
  "key": "bachelier_d2_n4096_noise0.0_s42_baseline_gp",
  "timestamp": "2026-04-06T08:29:25.685590"
}