{
  "method": "baseline_gp",
  "func_type": "bachelier",
  "dim": 10,
  "n_samples": 256,
  "noise_level": 0.0,
  "seed": 456,
  "lambda": 1.0,
  "test_value_mse": 2.833709067737958e-06,
  "test_grad_mse": 7.743475199935034e-06,
  "time_s": 1.5947015285491943,
  "key": "bachelier_d10_n256_noise0.0_s456_baseline_gp",
  "timestamp": "2026-04-06T09:35:45.280681"
}