{
  "method": "baseline_gp",
  "func_type": "bachelier",
  "dim": 20,
  "n_samples": 1024,
  "noise_level": 0.0,
  "seed": 456,
  "lambda": 1.0,
  "test_value_mse": 2.2516079915633798e-08,
  "test_grad_mse": 6.073206320268479e-08,
  "time_s": 29.03651738166809,
  "key": "bachelier_d20_n1024_noise0.0_s456_baseline_gp",
  "timestamp": "2026-04-06T10:26:29.347210"
}