{
  "method": "dml_gradnorm",
  "func_type": "bachelier",
  "dim": 5,
  "n_samples": 256,
  "noise_level": 0.0,
  "seed": 42,
  "lambda": 1.0,
  "test_value_mse": 1.7600753743715128e-07,
  "test_grad_mse": 2.872533153914103e-06,
  "best_epoch": 499,
  "time_s": 22.84559392929077,
  "n_epochs_actual": 500,
  "key": "bachelier_d5_n256_noise0.0_s42_dml_gradnorm",
  "timestamp": "2026-04-06T08:54:51.611425"
}