{
  "method": "dml_gradnorm",
  "func_type": "bachelier",
  "dim": 20,
  "n_samples": 1024,
  "noise_level": 0.0,
  "seed": 123,
  "lambda": 1.0,
  "test_value_mse": 1.5278170826142523e-07,
  "test_grad_mse": 4.011815261562243e-07,
  "best_epoch": 499,
  "time_s": 27.091363430023193,
  "n_epochs_actual": 500,
  "key": "bachelier_d20_n1024_noise0.0_s123_dml_gradnorm",
  "timestamp": "2026-04-06T10:24:26.415563"
}