{
  "method": "vanilla",
  "func_type": "bachelier",
  "dim": 20,
  "n_samples": 256,
  "noise_level": 0.0,
  "seed": 123,
  "lambda": 1.0,
  "test_value_mse": 7.4810152701519346e-06,
  "test_grad_mse": 1.1765789589870138e-05,
  "best_epoch": 182,
  "time_s": 4.041603088378906,
  "n_epochs_actual": 233,
  "key": "bachelier_d20_n256_noise0.0_s123_vanilla",
  "timestamp": "2026-04-06T10:18:01.942345"
}