{
  "method": "dml_relobralo",
  "func_type": "bachelier",
  "dim": 10,
  "n_samples": 4096,
  "noise_level": 0.0,
  "seed": 1000,
  "lambda": 1.0,
  "test_value_mse": 3.609018038344282e-08,
  "test_grad_mse": 2.778082260559975e-07,
  "best_epoch": 496,
  "time_s": 41.8857102394104,
  "n_epochs_actual": 500,
  "key": "bachelier_d10_n4096_noise0.0_s1000_dml_relobralo",
  "timestamp": "2026-04-26T08:02:18.802691"
}