{
  "method": "dml_gradnorm",
  "func_type": "bachelier",
  "dim": 2,
  "n_samples": 256,
  "noise_level": 0.0,
  "seed": 456,
  "lambda": 1.0,
  "test_value_mse": 4.942864673789592e-09,
  "test_grad_mse": 4.6778023881513166e-07,
  "best_epoch": 499,
  "time_s": 17.134321928024292,
  "n_epochs_actual": 500,
  "key": "bachelier_d2_n256_noise0.0_s456_dml_gradnorm",
  "timestamp": "2026-04-06T08:16:30.167360"
}