{
  "method": "dml_gradnorm",
  "func_type": "bachelier",
  "dim": 10,
  "n_samples": 1024,
  "noise_level": 0.0,
  "seed": 789,
  "lambda": 1.0,
  "test_value_mse": 2.0293335564953364e-07,
  "test_grad_mse": 1.4061726686124446e-06,
  "best_epoch": 494,
  "time_s": 24.24846863746643,
  "n_epochs_actual": 500,
  "key": "bachelier_d10_n1024_noise0.0_s789_dml_gradnorm",
  "timestamp": "2026-04-06T09:42:44.991315"
}