{
  "method": "baseline_gp",
  "func_type": "bachelier",
  "dim": 2,
  "n_samples": 4096,
  "noise_level": 0.0,
  "seed": 123,
  "lambda": 1.0,
  "test_value_mse": 3.528226338340811e-10,
  "test_grad_mse": 1.0748308202914496e-07,
  "time_s": 333.35942673683167,
  "key": "bachelier_d2_n4096_noise0.0_s123_baseline_gp",
  "timestamp": "2026-04-06T08:36:03.823083"
}