{
  "method": "dml_gradnorm",
  "func_type": "bachelier",
  "dim": 50,
  "n_samples": 1024,
  "noise_level": 0.0,
  "seed": 1000,
  "lambda": 1.0,
  "test_value_mse": 2.886121116724858e-07,
  "test_grad_mse": 1.720481374982828e-07,
  "best_epoch": 499,
  "time_s": 25.931171894073486,
  "n_epochs_actual": 500,
  "key": "bachelier_d50_n1024_noise0.0_s1000_dml_gradnorm",
  "timestamp": "2026-04-06T11:09:37.444449"
}