{
  "method": "dml_relobralo",
  "func_type": "bachelier",
  "dim": 20,
  "n_samples": 256,
  "noise_level": 0.0,
  "seed": 789,
  "lambda": 1.0,
  "test_value_mse": 1.0899359220983755e-06,
  "test_grad_mse": 2.1616554735419234e-06,
  "best_epoch": 489,
  "time_s": 9.19689154624939,
  "n_epochs_actual": 500,
  "key": "bachelier_d20_n256_noise0.0_s789_dml_relobralo",
  "timestamp": "2026-04-26T08:02:55.682509"
}