{
  "method": "dml_fixed",
  "func_type": "bachelier",
  "dim": 20,
  "n_samples": 4096,
  "noise_level": 0.0,
  "seed": 789,
  "lambda": 1.0,
  "test_value_mse": 3.012036005528752e-08,
  "test_grad_mse": 9.427733627852601e-08,
  "best_epoch": 499,
  "time_s": 21.576610565185547,
  "n_epochs_actual": 500,
  "key": "bachelier_d20_n4096_noise0.0_s789_dml_fixed",
  "timestamp": "2026-04-06T10:54:09.493677"
}