{
  "method": "vanilla",
  "func_type": "bachelier",
  "dim": 20,
  "n_samples": 4096,
  "noise_level": 0.0,
  "seed": 1000,
  "lambda": 1.0,
  "test_value_mse": 9.2796070858338e-08,
  "test_grad_mse": 3.048666274433808e-07,
  "best_epoch": 476,
  "time_s": 13.991135835647583,
  "n_epochs_actual": 500,
  "key": "bachelier_d20_n4096_noise0.0_s1000_vanilla",
  "timestamp": "2026-04-06T10:57:52.503799"
}