{
  "method": "dml_fixed",
  "func_type": "bachelier",
  "dim": 1,
  "n_samples": 256,
  "noise_level": 0.0,
  "seed": 1000,
  "lambda": 1.0,
  "test_value_mse": 8.795688738938784e-10,
  "test_grad_mse": 2.2901461631585615e-07,
  "best_epoch": 251,
  "time_s": 6.10851788520813,
  "n_epochs_actual": 302,
  "key": "bachelier_d1_n256_noise0.0_s1000_dml_fixed",
  "timestamp": "2026-04-06T07:33:57.304990"
}