{
  "method": "dml_gradnorm",
  "func_type": "bachelier",
  "dim": 5,
  "n_samples": 256,
  "noise_level": 0.0,
  "seed": 456,
  "lambda": 1.0,
  "test_value_mse": 1.32153192283352e-07,
  "test_grad_mse": 2.17698347833281e-06,
  "best_epoch": 244,
  "time_s": 10.849576711654663,
  "n_epochs_actual": 295,
  "key": "bachelier_d5_n256_noise0.0_s456_dml_gradnorm",
  "timestamp": "2026-04-06T08:56:19.999208"
}