{
  "method": "dml_gradnorm",
  "func_type": "bachelier",
  "dim": 10,
  "n_samples": 256,
  "noise_level": 0.0,
  "seed": 42,
  "lambda": 1.0,
  "test_value_mse": 2.4509079842086475e-07,
  "test_grad_mse": 1.3423110610790538e-06,
  "best_epoch": 498,
  "time_s": 12.218229055404663,
  "n_epochs_actual": 500,
  "key": "bachelier_d10_n256_noise0.0_s42_dml_gradnorm",
  "timestamp": "2026-04-06T09:33:18.416786"
}