{
  "method": "dml_relobralo",
  "func_type": "bachelier",
  "dim": 2,
  "n_samples": 256,
  "noise_level": 0.0,
  "seed": 123,
  "lambda": 1.0,
  "test_value_mse": 7.80552347492765e-09,
  "test_grad_mse": 8.822923001966384e-07,
  "best_epoch": 318,
  "time_s": 7.546783447265625,
  "n_epochs_actual": 369,
  "key": "bachelier_d2_n256_noise0.0_s123_dml_relobralo",
  "timestamp": "2026-04-26T07:43:08.980269"
}