{
  "method": "dml_fixed",
  "func_type": "bachelier",
  "dim": 2,
  "n_samples": 4096,
  "noise_level": 0.0,
  "seed": 42,
  "lambda": 1.0,
  "test_value_mse": 8.044544181026059e-10,
  "test_grad_mse": 9.905082512381974e-08,
  "best_epoch": 156,
  "time_s": 9.878081321716309,
  "n_epochs_actual": 207,
  "key": "bachelier_d2_n4096_noise0.0_s42_dml_fixed",
  "timestamp": "2026-04-06T08:25:20.700313"
}