{
  "method": "dml_fixed",
  "func_type": "bachelier",
  "dim": 1,
  "n_samples": 1024,
  "noise_level": 0.0,
  "seed": 123,
  "lambda": 1.0,
  "test_value_mse": 5.50840629649773e-11,
  "test_grad_mse": 1.6813742695439975e-08,
  "best_epoch": 493,
  "time_s": 12.908284664154053,
  "n_epochs_actual": 500,
  "key": "bachelier_d1_n1024_noise0.0_s123_dml_fixed",
  "timestamp": "2026-04-06T07:35:50.217986"
}