{
  "method": "dml_relobralo",
  "func_type": "bachelier",
  "dim": 2,
  "n_samples": 4096,
  "noise_level": 0.0,
  "seed": 456,
  "lambda": 1.0,
  "test_value_mse": 2.1106067145852433e-10,
  "test_grad_mse": 3.027171797259844e-08,
  "best_epoch": 359,
  "time_s": 33.02180767059326,
  "n_epochs_actual": 410,
  "key": "bachelier_d2_n4096_noise0.0_s456_dml_relobralo",
  "timestamp": "2026-04-26T07:45:51.422345"
}