{
  "method": "dml_relobralo",
  "func_type": "bachelier",
  "dim": 2,
  "n_samples": 4096,
  "noise_level": 0.0,
  "seed": 789,
  "lambda": 1.0,
  "test_value_mse": 1.0834130291389738e-09,
  "test_grad_mse": 1.7924733103420208e-07,
  "best_epoch": 139,
  "time_s": 15.346676588058472,
  "n_epochs_actual": 190,
  "key": "bachelier_d2_n4096_noise0.0_s789_dml_relobralo",
  "timestamp": "2026-04-26T07:46:06.771037"
}