{
  "method": "dml_relobralo",
  "func_type": "bachelier",
  "dim": 50,
  "n_samples": 256,
  "noise_level": 0.0,
  "seed": 42,
  "lambda": 1.0,
  "test_value_mse": 1.2352488717148484e-06,
  "test_grad_mse": 5.995026241371691e-07,
  "best_epoch": 499,
  "time_s": 9.982190608978271,
  "n_epochs_actual": 500,
  "key": "bachelier_d50_n256_noise0.0_s42_dml_relobralo",
  "timestamp": "2026-04-26T08:07:42.286403"
}