{
  "method": "baseline_gp",
  "func_type": "bachelier",
  "dim": 2,
  "n_samples": 256,
  "noise_level": 0.0,
  "seed": 1000,
  "lambda": 1.0,
  "test_value_mse": 2.9885885739337024e-09,
  "test_grad_mse": 5.415212334882272e-07,
  "time_s": 0.3945181369781494,
  "key": "bachelier_d2_n256_noise0.0_s1000_baseline_gp",
  "timestamp": "2026-04-06T08:17:57.626140"
}