{
  "method": "baseline_krr",
  "func_type": "bachelier",
  "dim": 10,
  "n_samples": 1024,
  "noise_level": 0.0,
  "seed": 789,
  "lambda": 1.0,
  "test_value_mse": 0.00014778737300439332,
  "test_grad_mse": 0.000335147388012208,
  "time_s": 1.5653998851776123,
  "key": "bachelier_d10_n1024_noise0.0_s789_baseline_krr",
  "timestamp": "2026-04-06T09:43:33.423529"
}