{
  "method": "baseline_gp",
  "func_type": "bachelier",
  "dim": 10,
  "n_samples": 4096,
  "noise_level": 0.0,
  "seed": 1000,
  "lambda": 1.0,
  "test_value_mse": 2.313151529521023e-09,
  "test_grad_mse": 1.8083914339891873e-08,
  "time_s": 152.65735697746277,
  "key": "bachelier_d10_n4096_noise0.0_s1000_baseline_gp",
  "timestamp": "2026-04-06T10:16:55.226423"
}