{
  "method": "dml_gradnorm",
  "func_type": "bachelier",
  "dim": 2,
  "n_samples": 1024,
  "noise_level": 0.0,
  "seed": 456,
  "lambda": 1.0,
  "test_value_mse": 5.084335778741621e-10,
  "test_grad_mse": 9.40260171746803e-08,
  "best_epoch": 494,
  "time_s": 25.058147192001343,
  "n_epochs_actual": 500,
  "key": "bachelier_d2_n1024_noise0.0_s456_dml_gradnorm",
  "timestamp": "2026-04-06T08:20:43.349037"
}