{
  "method": "dml_relobralo",
  "func_type": "bachelier",
  "dim": 10,
  "n_samples": 1024,
  "noise_level": 0.0,
  "seed": 789,
  "lambda": 1.0,
  "test_value_mse": 1.0848107667797143e-07,
  "test_grad_mse": 8.560217400749077e-07,
  "best_epoch": 475,
  "time_s": 38.26515793800354,
  "n_epochs_actual": 500,
  "key": "bachelier_d10_n1024_noise0.0_s789_dml_relobralo",
  "timestamp": "2026-04-26T07:57:02.446438"
}