{
  "method": "dml_relobralo",
  "func_type": "bachelier",
  "dim": 10,
  "n_samples": 256,
  "noise_level": 0.0,
  "seed": 1000,
  "lambda": 1.0,
  "test_value_mse": 7.615903158204445e-07,
  "test_grad_mse": 2.696718912706446e-06,
  "best_epoch": 201,
  "time_s": 11.772197246551514,
  "n_epochs_actual": 252,
  "key": "bachelier_d10_n256_noise0.0_s1000_dml_relobralo",
  "timestamp": "2026-04-26T07:54:30.712555"
}