{
  "method": "baseline_rf",
  "func_type": "bachelier",
  "dim": 1,
  "n_samples": 1024,
  "noise_level": 0.0,
  "seed": 456,
  "lambda": 1.0,
  "test_value_mse": 7.437194163174433e-07,
  "test_grad_mse": 39.894090450310415,
  "time_s": 0.8212039470672607,
  "key": "bachelier_d1_n1024_noise0.0_s456_baseline_rf",
  "timestamp": "2026-04-06T07:40:02.551202"
}