{
  "method": "baseline_rf",
  "func_type": "bachelier",
  "dim": 2,
  "n_samples": 1024,
  "noise_level": 0.0,
  "seed": 456,
  "lambda": 1.0,
  "test_value_mse": 4.5175452560043565e-05,
  "test_grad_mse": 9.398782927667993,
  "time_s": 1.220229148864746,
  "key": "bachelier_d2_n1024_noise0.0_s456_baseline_rf",
  "timestamp": "2026-04-06T08:21:24.086368"
}