{
  "method": "dml_gradnorm",
  "func_type": "bachelier",
  "dim": 2,
  "n_samples": 4096,
  "noise_level": 0.0,
  "seed": 123,
  "lambda": 1.0,
  "test_value_mse": 5.820852709138928e-10,
  "test_grad_mse": 9.584020610826476e-08,
  "best_epoch": 193,
  "time_s": 28.207422971725464,
  "n_epochs_actual": 244,
  "key": "bachelier_d2_n4096_noise0.0_s123_dml_gradnorm",
  "timestamp": "2026-04-06T08:30:18.262753"
}