{
  "method": "baseline_krr",
  "func_type": "bachelier",
  "dim": 1,
  "n_samples": 1024,
  "noise_level": 0.0,
  "seed": 123,
  "lambda": 1.0,
  "test_value_mse": 0.00010184111462952425,
  "test_grad_mse": 0.00879057547749522,
  "time_s": 0.05216550827026367,
  "key": "bachelier_d1_n1024_noise0.0_s123_baseline_krr",
  "timestamp": "2026-04-06T07:36:45.067407"
}