{
  "method": "vanilla",
  "func_type": "bachelier",
  "dim": 5,
  "n_samples": 256,
  "noise_level": 0.0,
  "seed": 1000,
  "lambda": 1.0,
  "test_value_mse": 1.3069896417010157e-05,
  "test_grad_mse": 0.00018793180172428195,
  "best_epoch": 60,
  "time_s": 2.2912251949310303,
  "n_epochs_actual": 111,
  "key": "bachelier_d5_n256_noise0.0_s1000_vanilla",
  "timestamp": "2026-04-06T08:57:38.646405"
}