{
  "method": "dml_fixed",
  "func_type": "bachelier",
  "dim": 20,
  "n_samples": 4096,
  "noise_level": 0.0,
  "seed": 1000,
  "lambda": 1.0,
  "test_value_mse": 2.183851866003793e-08,
  "test_grad_mse": 6.767046206177949e-08,
  "best_epoch": 496,
  "time_s": 20.15909218788147,
  "n_epochs_actual": 500,
  "key": "bachelier_d20_n4096_noise0.0_s1000_dml_fixed",
  "timestamp": "2026-04-06T10:58:12.663382"
}