{
  "method": "dml_fixed",
  "func_type": "bachelier",
  "dim": 5,
  "n_samples": 4096,
  "noise_level": 0.0,
  "seed": 789,
  "lambda": 1.0,
  "test_value_mse": 3.1265666922647372e-09,
  "test_grad_mse": 8.954794550942849e-08,
  "best_epoch": 493,
  "time_s": 25.17952585220337,
  "n_epochs_actual": 500,
  "key": "bachelier_d5_n4096_noise0.0_s789_dml_fixed",
  "timestamp": "2026-04-06T09:23:43.111903"
}