{
  "method": "dml_gradnorm",
  "func_type": "bachelier",
  "dim": 50,
  "n_samples": 256,
  "noise_level": 0.0,
  "seed": 42,
  "lambda": 1.0,
  "test_value_mse": 7.441284022508968e-07,
  "test_grad_mse": 4.4215210197051296e-07,
  "best_epoch": 499,
  "time_s": 11.309160709381104,
  "n_epochs_actual": 500,
  "key": "bachelier_d50_n256_noise0.0_s42_dml_gradnorm",
  "timestamp": "2026-04-06T11:02:59.087541"
}