{
  "method": "baseline_rf",
  "func_type": "bachelier",
  "dim": 10,
  "n_samples": 256,
  "noise_level": 0.0,
  "seed": 1000,
  "lambda": 1.0,
  "test_value_mse": 0.0011887130096456429,
  "test_grad_mse": 0.0027761651829475765,
  "time_s": 3.656510591506958,
  "key": "bachelier_d10_n256_noise0.0_s1000_baseline_rf",
  "timestamp": "2026-04-06T09:37:32.103739"
}