{
  "method": "dml_gradnorm",
  "func_type": "bachelier",
  "dim": 20,
  "n_samples": 256,
  "noise_level": 0.0,
  "seed": 123,
  "lambda": 1.0,
  "test_value_mse": 3.8615866707636277e-07,
  "test_grad_mse": 1.0261684415532629e-06,
  "best_epoch": 445,
  "time_s": 16.32718515396118,
  "n_epochs_actual": 496,
  "key": "bachelier_d20_n256_noise0.0_s123_dml_gradnorm",
  "timestamp": "2026-04-06T10:18:46.187182"
}