{
  "method": "dml_relobralo",
  "func_type": "bachelier",
  "dim": 20,
  "n_samples": 1024,
  "noise_level": 0.0,
  "seed": 42,
  "lambda": 1.0,
  "test_value_mse": 1.0347616295860718e-07,
  "test_grad_mse": 2.865175763571525e-07,
  "best_epoch": 499,
  "time_s": 14.575022220611572,
  "n_epochs_actual": 500,
  "key": "bachelier_d20_n1024_noise0.0_s42_dml_relobralo",
  "timestamp": "2026-04-26T08:03:19.776175"
}