{
  "method": "baseline_krr",
  "func_type": "bachelier",
  "dim": 1,
  "n_samples": 4096,
  "noise_level": 0.0,
  "seed": 456,
  "lambda": 1.0,
  "test_value_mse": 2.2101688126130015e-05,
  "test_grad_mse": 0.0030847569551550056,
  "time_s": 0.9550836086273193,
  "key": "bachelier_d1_n4096_noise0.0_s456_baseline_krr",
  "timestamp": "2026-04-06T08:01:49.530578"
}