{
  "method": "baseline_krr",
  "func_type": "bachelier",
  "dim": 1,
  "n_samples": 256,
  "noise_level": 0.0,
  "seed": 123,
  "lambda": 1.0,
  "test_value_mse": 0.000601519217796262,
  "test_grad_mse": 0.03025728750319697,
  "time_s": 0.08149862289428711,
  "key": "bachelier_d1_n256_noise0.0_s123_baseline_krr",
  "timestamp": "2026-04-06T07:32:49.351779"
}