{
  "method": "baseline_rf",
  "func_type": "bachelier",
  "dim": 1,
  "n_samples": 1024,
  "noise_level": 0.0,
  "seed": 1000,
  "lambda": 1.0,
  "test_value_mse": 9.192158749081462e-07,
  "test_grad_mse": 122.69589524402879,
  "time_s": 0.8800277709960938,
  "key": "bachelier_d1_n1024_noise0.0_s1000_baseline_rf",
  "timestamp": "2026-04-06T07:42:20.689902"
}