{
  "method": "dml_gradnorm",
  "func_type": "bachelier",
  "dim": 1,
  "n_samples": 4096,
  "noise_level": 0.0,
  "seed": 456,
  "lambda": 1.0,
  "test_value_mse": 2.421786570442342e-09,
  "test_grad_mse": 2.5119598474245933e-07,
  "best_epoch": 57,
  "time_s": 16.16636371612549,
  "n_epochs_actual": 108,
  "key": "bachelier_d1_n4096_noise0.0_s456_dml_gradnorm",
  "timestamp": "2026-04-06T07:54:42.401503"
}