{
  "method": "dml_relobralo",
  "func_type": "bachelier",
  "dim": 50,
  "n_samples": 4096,
  "noise_level": 0.0,
  "seed": 123,
  "lambda": 1.0,
  "test_value_mse": 5.452620991090436e-08,
  "test_grad_mse": 5.5631415727044874e-08,
  "best_epoch": 498,
  "time_s": 37.602484941482544,
  "n_epochs_actual": 500,
  "key": "bachelier_d50_n4096_noise0.0_s123_dml_relobralo",
  "timestamp": "2026-04-26T08:10:47.017501"
}