{
  "method": "dml_gradnorm",
  "func_type": "bachelier",
  "dim": 20,
  "n_samples": 256,
  "noise_level": 0.0,
  "seed": 456,
  "lambda": 1.0,
  "test_value_mse": 1.7237358207623475e-06,
  "test_grad_mse": 3.4618469758597358e-06,
  "best_epoch": 389,
  "time_s": 10.509799480438232,
  "n_epochs_actual": 440,
  "key": "bachelier_d20_n256_noise0.0_s456_dml_gradnorm",
  "timestamp": "2026-04-06T10:19:44.281939"
}