{
  "method": "dml_gradnorm",
  "func_type": "bachelier",
  "dim": 2,
  "n_samples": 4096,
  "noise_level": 0.0,
  "seed": 1000,
  "lambda": 1.0,
  "test_value_mse": 2.8413829146245387e-10,
  "test_grad_mse": 5.2564632475843545e-08,
  "best_epoch": 499,
  "time_s": 62.57975244522095,
  "n_epochs_actual": 500,
  "key": "bachelier_d2_n4096_noise0.0_s1000_dml_gradnorm",
  "timestamp": "2026-04-06T08:49:15.308014"
}