{
  "method": "baseline_krr",
  "func_type": "bachelier",
  "dim": 10,
  "n_samples": 1024,
  "noise_level": 0.0,
  "seed": 456,
  "lambda": 1.0,
  "test_value_mse": 0.0001282275703489709,
  "test_grad_mse": 0.0003039705724379139,
  "time_s": 0.2612571716308594,
  "key": "bachelier_d10_n1024_noise0.0_s456_baseline_krr",
  "timestamp": "2026-04-06T09:41:55.995541"
}