{
  "method": "baseline_rf",
  "func_type": "bachelier",
  "dim": 10,
  "n_samples": 256,
  "noise_level": 0.0,
  "seed": 789,
  "lambda": 1.0,
  "test_value_mse": 0.0011908989141575553,
  "test_grad_mse": 0.003038054473170088,
  "time_s": 3.764738082885742,
  "key": "bachelier_d10_n256_noise0.0_s789_baseline_rf",
  "timestamp": "2026-04-06T09:36:38.764958"
}