{
  "method": "dml_relobralo",
  "func_type": "bachelier",
  "dim": 5,
  "n_samples": 1024,
  "noise_level": 0.0,
  "seed": 123,
  "lambda": 1.0,
  "test_value_mse": 3.759847221620542e-08,
  "test_grad_mse": 9.42834019188373e-07,
  "best_epoch": 497,
  "time_s": 15.522941827774048,
  "n_epochs_actual": 500,
  "key": "bachelier_d5_n1024_noise0.0_s123_dml_relobralo",
  "timestamp": "2026-04-26T07:47:31.488517"
}