{
  "method": "dml_gradnorm",
  "func_type": "bachelier",
  "dim": 50,
  "n_samples": 4096,
  "noise_level": 0.0,
  "seed": 123,
  "lambda": 1.0,
  "test_value_mse": 2.956418450470752e-08,
  "test_grad_mse": 2.8966065654892073e-08,
  "best_epoch": 498,
  "time_s": 64.54728651046753,
  "n_epochs_actual": 500,
  "key": "bachelier_d50_n4096_noise0.0_s123_dml_gradnorm",
  "timestamp": "2026-04-06T11:13:30.483471"
}