{
  "method": "baseline_krr",
  "func_type": "bachelier",
  "dim": 5,
  "n_samples": 1024,
  "noise_level": 0.0,
  "seed": 1000,
  "lambda": 1.0,
  "test_value_mse": 0.00014502892003653695,
  "test_grad_mse": 0.0011422282183216866,
  "time_s": 0.1252892017364502,
  "key": "bachelier_d5_n1024_noise0.0_s1000_baseline_krr",
  "timestamp": "2026-04-06T09:05:22.540168"
}