{
  "method": "dml_relobralo",
  "func_type": "bachelier",
  "dim": 1,
  "n_samples": 4096,
  "noise_level": 0.0,
  "seed": 42,
  "lambda": 1.0,
  "test_value_mse": 5.109268722208622e-10,
  "test_grad_mse": 1.0819704946478325e-07,
  "best_epoch": 199,
  "time_s": 17.759334564208984,
  "n_epochs_actual": 250,
  "key": "bachelier_d1_n4096_noise0.0_s42_dml_relobralo",
  "timestamp": "2026-04-26T07:41:20.000114"
}