{
  "method": "baseline_krr",
  "func_type": "bachelier",
  "dim": 2,
  "n_samples": 1024,
  "noise_level": 0.0,
  "seed": 456,
  "lambda": 1.0,
  "test_value_mse": 0.00011954985947352355,
  "test_grad_mse": 0.003572848771420328,
  "time_s": 0.09422802925109863,
  "key": "bachelier_d2_n1024_noise0.0_s456_baseline_krr",
  "timestamp": "2026-04-06T08:21:22.865870"
}