{
  "method": "vanilla",
  "func_type": "bachelier",
  "dim": 5,
  "n_samples": 4096,
  "noise_level": 0.0,
  "seed": 789,
  "lambda": 1.0,
  "test_value_mse": 2.2204160834129025e-08,
  "test_grad_mse": 6.900218550935815e-07,
  "best_epoch": 497,
  "time_s": 20.18274450302124,
  "n_epochs_actual": 500,
  "key": "bachelier_d5_n4096_noise0.0_s789_vanilla",
  "timestamp": "2026-04-06T09:23:17.931876"
}