{
  "method": "dml_fixed",
  "func_type": "bachelier",
  "dim": 2,
  "n_samples": 1024,
  "noise_level": 0.0,
  "seed": 123,
  "lambda": 1.0,
  "test_value_mse": 4.405304541098777e-09,
  "test_grad_mse": 4.0635327486845716e-07,
  "best_epoch": 127,
  "time_s": 4.517373085021973,
  "n_epochs_actual": 178,
  "key": "bachelier_d2_n1024_noise0.0_s123_dml_fixed",
  "timestamp": "2026-04-06T08:19:29.215779"
}