{
  "method": "dml_gradnorm",
  "func_type": "bachelier",
  "dim": 1,
  "n_samples": 256,
  "noise_level": 0.0,
  "seed": 1000,
  "lambda": 1.0,
  "test_value_mse": 2.8492234058860783e-10,
  "test_grad_mse": 3.022992383734318e-07,
  "best_epoch": 499,
  "time_s": 12.208707094192505,
  "n_epochs_actual": 500,
  "key": "bachelier_d1_n256_noise0.0_s1000_dml_gradnorm",
  "timestamp": "2026-04-06T07:34:09.514184"
}