{
  "method": "dml_relobralo",
  "func_type": "bachelier",
  "dim": 10,
  "n_samples": 4096,
  "noise_level": 0.0,
  "seed": 42,
  "lambda": 1.0,
  "test_value_mse": 3.2905926132565606e-08,
  "test_grad_mse": 2.710387592203764e-07,
  "best_epoch": 490,
  "time_s": 103.04757308959961,
  "n_epochs_actual": 500,
  "key": "bachelier_d10_n4096_noise0.0_s42_dml_relobralo",
  "timestamp": "2026-04-26T07:59:23.325403"
}