{
  "method": "baseline_krr",
  "func_type": "bachelier",
  "dim": 5,
  "n_samples": 4096,
  "noise_level": 0.0,
  "seed": 456,
  "lambda": 1.0,
  "test_value_mse": 3.89663067062668e-05,
  "test_grad_mse": 0.00036756719470668465,
  "time_s": 2.0388753414154053,
  "key": "bachelier_d5_n4096_noise0.0_s456_baseline_krr",
  "timestamp": "2026-04-06T09:22:54.830042"
}