{
  "method": "baseline_krr",
  "func_type": "bachelier",
  "dim": 20,
  "n_samples": 256,
  "noise_level": 0.0,
  "seed": 42,
  "lambda": 1.0,
  "test_value_mse": 0.00016225454498381025,
  "test_grad_mse": 0.0001474259802196489,
  "time_s": 0.06063246726989746,
  "key": "bachelier_d20_n256_noise0.0_s42_baseline_krr",
  "timestamp": "2026-04-06T10:17:50.994686"
}