{
  "method": "baseline_rf",
  "func_type": "bachelier",
  "dim": 2,
  "n_samples": 4096,
  "noise_level": 0.0,
  "seed": 456,
  "lambda": 1.0,
  "test_value_mse": 1.017458693219111e-05,
  "test_grad_mse": 4.09123625148596,
  "time_s": 1.3298323154449463,
  "key": "bachelier_d2_n4096_noise0.0_s456_baseline_rf",
  "timestamp": "2026-04-06T08:42:10.234222"
}