{
  "method": "vanilla",
  "func_type": "bachelier",
  "dim": 20,
  "n_samples": 1024,
  "noise_level": 0.0,
  "seed": 123,
  "lambda": 1.0,
  "test_value_mse": 4.4042470226342516e-07,
  "test_grad_mse": 9.855460201363547e-07,
  "best_epoch": 453,
  "time_s": 11.234419584274292,
  "n_epochs_actual": 500,
  "key": "bachelier_d20_n1024_noise0.0_s123_vanilla",
  "timestamp": "2026-04-06T10:23:47.720046"
}