{
  "method": "baseline_rf",
  "func_type": "bachelier",
  "dim": 20,
  "n_samples": 256,
  "noise_level": 0.0,
  "seed": 456,
  "lambda": 1.0,
  "test_value_mse": 0.0008551825608436463,
  "test_grad_mse": 0.06387722089488795,
  "time_s": 4.834532976150513,
  "key": "bachelier_d20_n256_noise0.0_s456_baseline_rf",
  "timestamp": "2026-04-06T10:20:40.048479"
}