{
  "method": "dml_gradnorm",
  "func_type": "bachelier",
  "dim": 20,
  "n_samples": 1024,
  "noise_level": 0.0,
  "seed": 789,
  "lambda": 1.0,
  "test_value_mse": 2.023259315416469e-07,
  "test_grad_mse": 5.568866383266766e-07,
  "best_epoch": 494,
  "time_s": 25.336352825164795,
  "n_epochs_actual": 500,
  "key": "bachelier_d20_n1024_noise0.0_s789_dml_gradnorm",
  "timestamp": "2026-04-06T10:27:24.566478"
}