{
  "method": "dml_gradnorm",
  "func_type": "bachelier",
  "dim": 5,
  "n_samples": 256,
  "noise_level": 0.0,
  "seed": 1000,
  "lambda": 1.0,
  "test_value_mse": 2.7981225121204414e-07,
  "test_grad_mse": 5.16562157749781e-06,
  "best_epoch": 499,
  "time_s": 10.096890926361084,
  "n_epochs_actual": 500,
  "key": "bachelier_d5_n256_noise0.0_s1000_dml_gradnorm",
  "timestamp": "2026-04-06T08:57:57.001334"
}