{
  "method": "vanilla",
  "func_type": "bachelier",
  "dim": 5,
  "n_samples": 1024,
  "noise_level": 0.0,
  "seed": 123,
  "lambda": 1.0,
  "test_value_mse": 1.6744157651200378e-07,
  "test_grad_mse": 3.3641583299986487e-06,
  "best_epoch": 364,
  "time_s": 7.656255722045898,
  "n_epochs_actual": 415,
  "key": "bachelier_d5_n1024_noise0.0_s123_vanilla",
  "timestamp": "2026-04-06T08:59:34.983993"
}