{
  "method": "baseline_rf",
  "func_type": "bachelier",
  "dim": 20,
  "n_samples": 1024,
  "noise_level": 0.0,
  "seed": 123,
  "lambda": 1.0,
  "test_value_mse": 0.0005636870945141188,
  "test_grad_mse": 0.06215935024742129,
  "time_s": 7.764270544052124,
  "key": "bachelier_d20_n1024_noise0.0_s123_baseline_rf",
  "timestamp": "2026-04-06T10:25:14.946540"
}