{
  "method": "dml_fixed",
  "func_type": "bachelier",
  "dim": 2,
  "n_samples": 4096,
  "noise_level": 0.0,
  "seed": 1000,
  "lambda": 1.0,
  "test_value_mse": 2.0639685188149828e-10,
  "test_grad_mse": 4.081492576150096e-08,
  "best_epoch": 497,
  "time_s": 25.49286913871765,
  "n_epochs_actual": 500,
  "key": "bachelier_d2_n4096_noise0.0_s1000_dml_fixed",
  "timestamp": "2026-04-06T08:48:12.727802"
}