{
  "method": "baseline_krr",
  "func_type": "bachelier",
  "dim": 20,
  "n_samples": 1024,
  "noise_level": 0.0,
  "seed": 1000,
  "lambda": 1.0,
  "test_value_mse": 4.1586719065877755e-05,
  "test_grad_mse": 5.22582948033108e-05,
  "time_s": 2.654322624206543,
  "key": "bachelier_d20_n1024_noise0.0_s1000_baseline_krr",
  "timestamp": "2026-04-06T10:29:40.179605"
}