{
  "method": "dml_gradnorm",
  "func_type": "bachelier",
  "dim": 50,
  "n_samples": 1024,
  "noise_level": 0.0,
  "seed": 456,
  "lambda": 1.0,
  "test_value_mse": 4.033593376758597e-07,
  "test_grad_mse": 2.843845479506454e-07,
  "best_epoch": 499,
  "time_s": 27.28048324584961,
  "n_epochs_actual": 500,
  "key": "bachelier_d50_n1024_noise0.0_s456_dml_gradnorm",
  "timestamp": "2026-04-06T11:07:50.587996"
}