{
  "method": "dml_fixed",
  "func_type": "bachelier",
  "dim": 50,
  "n_samples": 1024,
  "noise_level": 0.0,
  "seed": 42,
  "lambda": 1.0,
  "test_value_mse": 4.490963409664459e-08,
  "test_grad_mse": 4.2580840352483415e-08,
  "best_epoch": 495,
  "time_s": 12.662592649459839,
  "n_epochs_actual": 500,
  "key": "bachelier_d50_n1024_noise0.0_s42_dml_fixed",
  "timestamp": "2026-04-06T11:05:35.726789"
}