{
  "method": "baseline_gp",
  "func_type": "bachelier",
  "dim": 5,
  "n_samples": 256,
  "noise_level": 0.0,
  "seed": 123,
  "lambda": 1.0,
  "test_value_mse": 4.4790876187366236e-08,
  "test_grad_mse": 6.694095085288338e-07,
  "time_s": 0.7331094741821289,
  "key": "bachelier_d5_n256_noise0.0_s123_baseline_gp",
  "timestamp": "2026-04-06T08:55:40.910420"
}