{
  "method": "baseline_krr",
  "func_type": "bachelier",
  "dim": 1,
  "n_samples": 256,
  "noise_level": 0.0,
  "seed": 42,
  "lambda": 1.0,
  "test_value_mse": 0.0007150606022972463,
  "test_grad_mse": 0.03972047002588825,
  "time_s": 0.04365038871765137,
  "key": "bachelier_d1_n256_noise0.0_s42_baseline_krr",
  "timestamp": "2026-04-06T07:32:03.297873"
}