{
  "method": "dml_fixed",
  "func_type": "bachelier",
  "dim": 10,
  "n_samples": 4096,
  "noise_level": 0.0,
  "seed": 456,
  "lambda": 1.0,
  "test_value_mse": 1.5678354736415335e-08,
  "test_grad_mse": 1.3197837034695701e-07,
  "best_epoch": 495,
  "time_s": 29.357582092285156,
  "n_epochs_actual": 500,
  "key": "bachelier_d10_n4096_noise0.0_s456_dml_fixed",
  "timestamp": "2026-04-06T09:58:44.663617"
}