{
  "method": "baseline_krr",
  "func_type": "bachelier",
  "dim": 2,
  "n_samples": 4096,
  "noise_level": 0.0,
  "seed": 789,
  "lambda": 1.0,
  "test_value_mse": 2.827496761832337e-05,
  "test_grad_mse": 0.0013304132246072687,
  "time_s": 1.195930004119873,
  "key": "bachelier_d2_n4096_noise0.0_s789_baseline_krr",
  "timestamp": "2026-04-06T08:47:27.802687"
}