{
  "method": "baseline_rf",
  "func_type": "bachelier",
  "dim": 2,
  "n_samples": 4096,
  "noise_level": 0.0,
  "seed": 789,
  "lambda": 1.0,
  "test_value_mse": 1.2215460597950218e-05,
  "test_grad_mse": 3.96163138615512,
  "time_s": 1.45473051071167,
  "key": "bachelier_d2_n4096_noise0.0_s789_baseline_rf",
  "timestamp": "2026-04-06T08:47:29.257771"
}