{
  "method": "baseline_gp",
  "func_type": "bachelier",
  "dim": 10,
  "n_samples": 1024,
  "noise_level": 0.0,
  "seed": 789,
  "lambda": 1.0,
  "test_value_mse": 4.387123372315259e-08,
  "test_grad_mse": 2.4428741462037965e-07,
  "time_s": 33.605719566345215,
  "key": "bachelier_d10_n1024_noise0.0_s789_baseline_gp",
  "timestamp": "2026-04-06T09:43:31.857746"
}