{
  "method": "dml_gradnorm",
  "func_type": "bachelier",
  "dim": 5,
  "n_samples": 1024,
  "noise_level": 0.0,
  "seed": 1000,
  "lambda": 1.0,
  "test_value_mse": 1.9417554824009307e-08,
  "test_grad_mse": 5.507862926372488e-07,
  "best_epoch": 497,
  "time_s": 28.112199544906616,
  "n_epochs_actual": 500,
  "key": "bachelier_d5_n1024_noise0.0_s1000_dml_gradnorm",
  "timestamp": "2026-04-06T09:04:55.942485"
}