{
  "method": "dml_gradnorm",
  "func_type": "bachelier",
  "dim": 10,
  "n_samples": 4096,
  "noise_level": 0.0,
  "seed": 42,
  "lambda": 1.0,
  "test_value_mse": 2.1886256953256365e-08,
  "test_grad_mse": 1.7888532545681373e-07,
  "best_epoch": 494,
  "time_s": 60.11814761161804,
  "n_epochs_actual": 500,
  "key": "bachelier_d10_n4096_noise0.0_s42_dml_gradnorm",
  "timestamp": "2026-04-06T09:46:39.907008"
}