{
  "method": "dml_fixed",
  "func_type": "bachelier",
  "dim": 5,
  "n_samples": 4096,
  "noise_level": 0.0,
  "seed": 1000,
  "lambda": 1.0,
  "test_value_mse": 4.33392901021736e-09,
  "test_grad_mse": 1.3725889373111427e-07,
  "best_epoch": 499,
  "time_s": 27.30028486251831,
  "n_epochs_actual": 500,
  "key": "bachelier_d5_n4096_noise0.0_s1000_dml_fixed",
  "timestamp": "2026-04-06T09:28:45.000862"
}