{
  "method": "baseline_krr",
  "func_type": "bachelier",
  "dim": 5,
  "n_samples": 4096,
  "noise_level": 0.0,
  "seed": 789,
  "lambda": 1.0,
  "test_value_mse": 4.6464427125476875e-05,
  "test_grad_mse": 0.00035881634252638033,
  "time_s": 2.1254520416259766,
  "key": "bachelier_d5_n4096_noise0.0_s789_baseline_krr",
  "timestamp": "2026-04-06T09:27:55.478671"
}