{
  "method": "dml_fixed",
  "func_type": "bachelier",
  "dim": 20,
  "n_samples": 256,
  "noise_level": 0.0,
  "seed": 456,
  "lambda": 1.0,
  "test_value_mse": 7.676162316183652e-07,
  "test_grad_mse": 1.3412012497686576e-06,
  "best_epoch": 499,
  "time_s": 26.928184747695923,
  "n_epochs_actual": 500,
  "key": "bachelier_d20_n256_noise0.0_s456_dml_fixed",
  "timestamp": "2026-04-06T10:19:33.771546"
}