{
  "method": "baseline_rf",
  "func_type": "bachelier",
  "dim": 2,
  "n_samples": 256,
  "noise_level": 0.0,
  "seed": 456,
  "lambda": 1.0,
  "test_value_mse": 0.0002545981141306427,
  "test_grad_mse": 1.0945458661254672,
  "time_s": 1.1474177837371826,
  "key": "bachelier_d2_n256_noise0.0_s456_baseline_rf",
  "timestamp": "2026-04-06T08:16:39.975959"
}