{
  "method": "baseline_krr",
  "func_type": "bachelier",
  "dim": 10,
  "n_samples": 256,
  "noise_level": 0.0,
  "seed": 42,
  "lambda": 1.0,
  "test_value_mse": 0.0003017823443392622,
  "test_grad_mse": 0.0006268020612147813,
  "time_s": 0.011516809463500977,
  "key": "bachelier_d10_n256_noise0.0_s42_baseline_krr",
  "timestamp": "2026-04-06T09:33:26.140815"
}