{
  "method": "baseline_krr",
  "func_type": "bachelier",
  "dim": 5,
  "n_samples": 1024,
  "noise_level": 0.0,
  "seed": 123,
  "lambda": 1.0,
  "test_value_mse": 0.0001547877053469125,
  "test_grad_mse": 0.000916009286686401,
  "time_s": 0.3631312847137451,
  "key": "bachelier_d5_n1024_noise0.0_s123_baseline_krr",
  "timestamp": "2026-04-06T09:01:30.538524"
}