{
  "method": "dml_fixed",
  "func_type": "black_scholes",
  "dim": 1,
  "n_samples": 1024,
  "noise_level": 0.0,
  "seed": 42,
  "lambda": 1.0,
  "test_value_mse": 7.728009038013317e-05,
  "test_grad_mse": 2.7241757655061e-06,
  "best_epoch": 97,
  "time_s": 3.9859657287597656,
  "n_epochs_actual": 148,
  "key": "black_scholes_d1_n1024_noise0.0_s42_dml_fixed",
  "timestamp": "2026-04-06T11:24:01.069104"
}