{
  "method": "vanilla",
  "func_type": "black_scholes",
  "dim": 1,
  "n_samples": 1024,
  "noise_level": 0.0,
  "seed": 456,
  "lambda": 1.0,
  "test_value_mse": 0.000472425472517535,
  "test_grad_mse": 1.8826690903811856e-05,
  "best_epoch": 93,
  "time_s": 4.848689079284668,
  "n_epochs_actual": 144,
  "key": "black_scholes_d1_n1024_noise0.0_s456_vanilla",
  "timestamp": "2026-04-06T11:25:27.284388"
}