{
  "method": "vanilla",
  "func_type": "black_scholes",
  "dim": 1,
  "n_samples": 256,
  "noise_level": 0.0,
  "seed": 123,
  "lambda": 1.0,
  "test_value_mse": 0.001780837540083822,
  "test_grad_mse": 7.637613864881514e-05,
  "best_epoch": 205,
  "time_s": 3.626293897628784,
  "n_epochs_actual": 256,
  "key": "black_scholes_d1_n256_noise0.0_s123_vanilla",
  "timestamp": "2026-04-06T11:21:28.044594"
}