{
  "method": "dml_relobralo",
  "func_type": "black_scholes",
  "dim": 1,
  "n_samples": 1024,
  "noise_level": 0.0,
  "seed": 1000,
  "lambda": 1.0,
  "test_value_mse": 1.2099438027740339e-06,
  "test_grad_mse": 4.2110501846459336e-08,
  "best_epoch": 494,
  "time_s": 15.596190214157104,
  "n_epochs_actual": 500,
  "key": "black_scholes_d1_n1024_noise0.0_s1000_dml_relobralo",
  "timestamp": "2026-04-26T08:14:46.090567"
}