{
  "method": "baseline_gp",
  "func_type": "black_scholes",
  "dim": 1,
  "n_samples": 1024,
  "noise_level": 0.0,
  "seed": 789,
  "lambda": 1.0,
  "test_value_mse": 1.392008969212029e-05,
  "test_grad_mse": 2.279956887889104e-06,
  "time_s": 14.988401889801025,
  "key": "black_scholes_d1_n1024_noise0.0_s789_baseline_gp",
  "timestamp": "2026-04-06T11:27:22.896885"
}