{
  "method": "dml_fixed",
  "func_type": "black_scholes",
  "dim": 1,
  "n_samples": 4096,
  "noise_level": 0.0,
  "seed": 1000,
  "lambda": 1.0,
  "test_value_mse": 6.427196926503439e-07,
  "test_grad_mse": 4.598058025167871e-08,
  "best_epoch": 276,
  "time_s": 17.70712971687317,
  "n_epochs_actual": 327,
  "key": "black_scholes_d1_n4096_noise0.0_s1000_dml_fixed",
  "timestamp": "2026-04-06T11:51:18.994032"
}