{
  "method": "dml_gradnorm",
  "func_type": "black_scholes",
  "dim": 1,
  "n_samples": 4096,
  "noise_level": 0.0,
  "seed": 789,
  "lambda": 1.0,
  "test_value_mse": 4.58613035158023e-07,
  "test_grad_mse": 5.426633991541742e-08,
  "best_epoch": 243,
  "time_s": 38.06744170188904,
  "n_epochs_actual": 294,
  "key": "black_scholes_d1_n4096_noise0.0_s789_dml_gradnorm",
  "timestamp": "2026-04-06T11:43:55.287574"
}