{
  "method": "baseline_rf",
  "func_type": "black_scholes",
  "dim": 1,
  "n_samples": 4096,
  "noise_level": 0.0,
  "seed": 1000,
  "lambda": 1.0,
  "test_value_mse": 0.00047374933208108874,
  "test_grad_mse": 287.1377267597869,
  "time_s": 0.9500641822814941,
  "key": "black_scholes_d1_n4096_noise0.0_s1000_baseline_rf",
  "timestamp": "2026-04-06T11:57:07.602170"
}