{
  "method": "baseline_krr",
  "func_type": "black_scholes",
  "dim": 1,
  "n_samples": 256,
  "noise_level": 0.0,
  "seed": 1000,
  "lambda": 1.0,
  "test_value_mse": 58.87846120052929,
  "test_grad_mse": 19.99935724723963,
  "time_s": 0.0041506290435791016,
  "key": "black_scholes_d1_n256_noise0.0_s1000_baseline_krr",
  "timestamp": "2026-04-06T11:23:52.564339"
}