{
  "method": "baseline_gp",
  "func_type": "black_scholes",
  "dim": 1,
  "n_samples": 4096,
  "noise_level": 0.0,
  "seed": 123,
  "lambda": 1.0,
  "test_value_mse": 1.923943312041167e-06,
  "test_grad_mse": 3.4521406715783245e-07,
  "time_s": 197.3320028781891,
  "key": "black_scholes_d1_n4096_noise0.0_s123_baseline_gp",
  "timestamp": "2026-04-06T11:37:45.971900"
}