{
  "method": "dml_gradnorm",
  "func_type": "black_scholes",
  "dim": 1,
  "n_samples": 256,
  "noise_level": 0.0,
  "seed": 789,
  "lambda": 1.0,
  "test_value_mse": 1.7838121645800317e-06,
  "test_grad_mse": 1.1888759187817374e-07,
  "best_epoch": 499,
  "time_s": 13.184258699417114,
  "n_epochs_actual": 500,
  "key": "black_scholes_d1_n256_noise0.0_s789_dml_gradnorm",
  "timestamp": "2026-04-06T11:23:18.063430"
}