{
  "method": "baseline_krr",
  "func_type": "black_scholes",
  "dim": 1,
  "n_samples": 4096,
  "noise_level": 0.0,
  "seed": 123,
  "lambda": 1.0,
  "test_value_mse": 0.18933503868122714,
  "test_grad_mse": 0.06792302435757513,
  "time_s": 1.157834768295288,
  "key": "black_scholes_d1_n4096_noise0.0_s123_baseline_krr",
  "timestamp": "2026-04-06T11:37:47.130561"
}