{
  "method": "baseline_gp",
  "func_type": "black_scholes",
  "dim": 1,
  "n_samples": 4096,
  "noise_level": 0.0,
  "seed": 1000,
  "lambda": 1.0,
  "test_value_mse": 1.955657918379974e-06,
  "test_grad_mse": 4.585960739485921e-07,
  "time_s": 303.94792652130127,
  "key": "black_scholes_d1_n4096_noise0.0_s1000_baseline_gp",
  "timestamp": "2026-04-06T11:57:05.731112"
}