{
  "method": "baseline_rf",
  "func_type": "black_scholes",
  "dim": 1,
  "n_samples": 1024,
  "noise_level": 0.0,
  "seed": 123,
  "lambda": 1.0,
  "test_value_mse": 0.009187228599802926,
  "test_grad_mse": 0.40474337774563957,
  "time_s": 0.7652523517608643,
  "key": "black_scholes_d1_n1024_noise0.0_s123_baseline_rf",
  "timestamp": "2026-04-06T11:25:22.434462"
}