{
  "method": "dml_relobralo",
  "func_type": "black_scholes",
  "dim": 1,
  "n_samples": 256,
  "noise_level": 0.0,
  "seed": 42,
  "lambda": 1.0,
  "test_value_mse": 1.4999832940381994e-05,
  "test_grad_mse": 5.718854998957749e-07,
  "best_epoch": 466,
  "time_s": 9.3088698387146,
  "n_epochs_actual": 500,
  "key": "black_scholes_d1_n256_noise0.0_s42_dml_relobralo",
  "timestamp": "2026-04-26T08:13:05.141918"
}