{
  "method": "baseline_gp",
  "func_type": "black_scholes",
  "dim": 1,
  "n_samples": 4096,
  "noise_level": 0.0,
  "seed": 789,
  "lambda": 1.0,
  "test_value_mse": 1.949948307592613e-06,
  "test_grad_mse": 5.158939460050757e-07,
  "time_s": 393.18063950538635,
  "key": "black_scholes_d1_n4096_noise0.0_s789_baseline_gp",
  "timestamp": "2026-04-06T11:50:37.237260"
}