{
  "method": "baseline_gp",
  "func_type": "black_scholes",
  "dim": 1,
  "n_samples": 4096,
  "noise_level": 0.0,
  "seed": 42,
  "lambda": 1.0,
  "test_value_mse": 1.9165749722369865e-06,
  "test_grad_mse": 3.3117440686845585e-07,
  "time_s": 181.42663478851318,
  "key": "black_scholes_d1_n4096_noise0.0_s42_baseline_gp",
  "timestamp": "2026-04-06T11:32:58.368728"
}