{
  "method": "dml_gradnorm",
  "func_type": "black_scholes",
  "dim": 1,
  "n_samples": 4096,
  "noise_level": 0.0,
  "seed": 42,
  "lambda": 1.0,
  "test_value_mse": 2.7758174534116545e-06,
  "test_grad_mse": 8.80996990591613e-08,
  "best_epoch": 187,
  "time_s": 31.545138120651245,
  "n_epochs_actual": 238,
  "key": "black_scholes_d1_n4096_noise0.0_s42_dml_gradnorm",
  "timestamp": "2026-04-06T11:29:38.459777"
}