{
  "method": "baseline_rf",
  "func_type": "black_scholes",
  "dim": 1,
  "n_samples": 1024,
  "noise_level": 0.0,
  "seed": 1000,
  "lambda": 1.0,
  "test_value_mse": 0.009843359150815367,
  "test_grad_mse": 328.15326343704356,
  "time_s": 0.7045402526855469,
  "key": "black_scholes_d1_n1024_noise0.0_s1000_baseline_rf",
  "timestamp": "2026-04-06T11:28:38.523819"
}