{
  "method": "baseline_gp",
  "func_type": "black_scholes",
  "dim": 1,
  "n_samples": 256,
  "noise_level": 0.0,
  "seed": 1000,
  "lambda": 1.0,
  "test_value_mse": 3.369826829394867e-05,
  "test_grad_mse": 5.411530853142578e-06,
  "time_s": 1.8840575218200684,
  "key": "black_scholes_d1_n256_noise0.0_s1000_baseline_gp",
  "timestamp": "2026-04-06T11:23:52.559895"
}