{
  "method": "baseline_rf",
  "func_type": "black_scholes",
  "dim": 1,
  "n_samples": 4096,
  "noise_level": 0.0,
  "seed": 789,
  "lambda": 1.0,
  "test_value_mse": 0.0004906910123335551,
  "test_grad_mse": 1109.7109992510457,
  "time_s": 0.948298454284668,
  "key": "black_scholes_d1_n4096_noise0.0_s789_baseline_rf",
  "timestamp": "2026-04-06T11:50:39.162398"
}