{
  "method": "dml_fixed",
  "func_type": "black_scholes",
  "dim": 1,
  "n_samples": 4096,
  "noise_level": 0.0,
  "seed": 456,
  "lambda": 1.0,
  "test_value_mse": 3.941313197207793e-05,
  "test_grad_mse": 2.1492693892782013e-07,
  "best_epoch": 39,
  "time_s": 5.1751697063446045,
  "n_epochs_actual": 90,
  "key": "black_scholes_d1_n4096_noise0.0_s456_dml_fixed",
  "timestamp": "2026-04-06T11:38:14.828664"
}