{
  "method": "baseline_krr",
  "func_type": "black_scholes",
  "dim": 1,
  "n_samples": 4096,
  "noise_level": 0.0,
  "seed": 789,
  "lambda": 1.0,
  "test_value_mse": 0.28204365835063305,
  "test_grad_mse": 3.030007514141246,
  "time_s": 0.9607059955596924,
  "key": "black_scholes_d1_n4096_noise0.0_s789_baseline_krr",
  "timestamp": "2026-04-06T11:50:38.198746"
}