{
  "method": "baseline_gp",
  "func_type": "black_scholes",
  "dim": 1,
  "n_samples": 256,
  "noise_level": 0.0,
  "seed": 123,
  "lambda": 1.0,
  "test_value_mse": 3.591892453903374e-05,
  "test_grad_mse": 4.307949873616055e-06,
  "time_s": 0.18859171867370605,
  "key": "black_scholes_d1_n256_noise0.0_s123_baseline_gp",
  "timestamp": "2026-04-06T11:22:01.278920"
}