{
  "method": "vanilla",
  "func_type": "black_scholes",
  "dim": 1,
  "n_samples": 4096,
  "noise_level": 0.0,
  "seed": 456,
  "lambda": 1.0,
  "test_value_mse": 2.0431066301775666e-05,
  "test_grad_mse": 1.9804732337492643e-06,
  "best_epoch": 483,
  "time_s": 21.484625577926636,
  "n_epochs_actual": 500,
  "key": "black_scholes_d1_n4096_noise0.0_s456_vanilla",
  "timestamp": "2026-04-06T11:38:09.653003"
}