{
  "method": "baseline_krr",
  "func_type": "black_scholes",
  "dim": 1,
  "n_samples": 256,
  "noise_level": 0.0,
  "seed": 789,
  "lambda": 1.0,
  "test_value_mse": 84.09715938649795,
  "test_grad_mse": 34.99853989123312,
  "time_s": 0.004179954528808594,
  "key": "black_scholes_d1_n256_noise0.0_s789_baseline_krr",
  "timestamp": "2026-04-06T11:23:25.247002"
}