{
  "method": "vanilla",
  "func_type": "black_scholes",
  "dim": 1,
  "n_samples": 1024,
  "noise_level": 0.0,
  "seed": 789,
  "lambda": 1.0,
  "test_value_mse": 0.000947828034202367,
  "test_grad_mse": 6.774574225565201e-05,
  "best_epoch": 66,
  "time_s": 3.4534332752227783,
  "n_epochs_actual": 117,
  "key": "black_scholes_d1_n1024_noise0.0_s789_vanilla",
  "timestamp": "2026-04-06T11:26:23.814366"
}