{
  "method": "dml_relobralo",
  "func_type": "black_scholes",
  "dim": 1,
  "n_samples": 1024,
  "noise_level": 0.0,
  "seed": 42,
  "lambda": 1.0,
  "test_value_mse": 7.151443155946034e-07,
  "test_grad_mse": 6.286352096040312e-08,
  "best_epoch": 486,
  "time_s": 15.61638879776001,
  "n_epochs_actual": 500,
  "key": "black_scholes_d1_n1024_noise0.0_s42_dml_relobralo",
  "timestamp": "2026-04-26T08:13:56.490249"
}