{
  "method": "dml_relobralo",
  "func_type": "black_scholes",
  "dim": 1,
  "n_samples": 4096,
  "noise_level": 0.0,
  "seed": 123,
  "lambda": 1.0,
  "test_value_mse": 1.5923947912599972e-06,
  "test_grad_mse": 4.904374699235733e-08,
  "best_epoch": 197,
  "time_s": 18.641411066055298,
  "n_epochs_actual": 248,
  "key": "black_scholes_d1_n4096_noise0.0_s123_dml_relobralo",
  "timestamp": "2026-04-26T08:15:11.569764"
}