{
  "method": "dml_fixed",
  "func_type": "black_scholes",
  "dim": 1,
  "n_samples": 1024,
  "noise_level": 0.0,
  "seed": 456,
  "lambda": 1.0,
  "test_value_mse": 2.944831100067077e-05,
  "test_grad_mse": 1.1906575588444466e-06,
  "best_epoch": 499,
  "time_s": 12.786662101745605,
  "n_epochs_actual": 500,
  "key": "black_scholes_d1_n1024_noise0.0_s456_dml_fixed",
  "timestamp": "2026-04-06T11:25:40.071427"
}