{
  "method": "dml_relobralo",
  "func_type": "black_scholes",
  "dim": 1,
  "n_samples": 1024,
  "noise_level": 0.0,
  "seed": 789,
  "lambda": 1.0,
  "test_value_mse": 3.1721669778494574e-06,
  "test_grad_mse": 6.427076863154689e-08,
  "best_epoch": 257,
  "time_s": 9.39418888092041,
  "n_epochs_actual": 308,
  "key": "black_scholes_d1_n1024_noise0.0_s789_dml_relobralo",
  "timestamp": "2026-04-26T08:14:30.493101"
}