{
  "method": "dml_gradnorm",
  "func_type": "black_scholes",
  "dim": 1,
  "n_samples": 4096,
  "noise_level": 0.0,
  "seed": 456,
  "lambda": 1.0,
  "test_value_mse": 2.0670122731639384e-06,
  "test_grad_mse": 1.5758701049170054e-07,
  "best_epoch": 70,
  "time_s": 17.176655769348145,
  "n_epochs_actual": 121,
  "key": "black_scholes_d1_n4096_noise0.0_s456_dml_gradnorm",
  "timestamp": "2026-04-06T11:38:32.005839"
}