{
  "method": "baseline_rf",
  "func_type": "black_scholes",
  "dim": 1,
  "n_samples": 4096,
  "noise_level": 0.0,
  "seed": 123,
  "lambda": 1.0,
  "test_value_mse": 0.0003989590737630807,
  "test_grad_mse": 0.46016933714057584,
  "time_s": 1.0350778102874756,
  "key": "black_scholes_d1_n4096_noise0.0_s123_baseline_rf",
  "timestamp": "2026-04-06T11:37:48.166594"
}