{
  "method": "vanilla",
  "func_type": "black_scholes",
  "dim": 1,
  "n_samples": 256,
  "noise_level": 0.0,
  "seed": 1000,
  "lambda": 1.0,
  "test_value_mse": 0.00042654366803514314,
  "test_grad_mse": 2.1806792432113368e-05,
  "best_epoch": 273,
  "time_s": 4.962043046951294,
  "n_epochs_actual": 324,
  "key": "black_scholes_d1_n256_noise0.0_s1000_vanilla",
  "timestamp": "2026-04-06T11:23:30.800024"
}