{
  "method": "dml_gradnorm",
  "func_type": "black_scholes",
  "dim": 1,
  "n_samples": 1024,
  "noise_level": 0.0,
  "seed": 1000,
  "lambda": 1.0,
  "test_value_mse": 3.2009831525712918e-06,
  "test_grad_mse": 1.7287529470410053e-07,
  "best_epoch": 498,
  "time_s": 27.094277381896973,
  "n_epochs_actual": 500,
  "key": "black_scholes_d1_n1024_noise0.0_s1000_dml_gradnorm",
  "timestamp": "2026-04-06T11:28:10.913750"
}