{
  "method": "dml_fixed",
  "func_type": "black_scholes",
  "dim": 1,
  "n_samples": 256,
  "noise_level": 0.0,
  "seed": 1000,
  "lambda": 1.0,
  "test_value_mse": 0.0002608389519090308,
  "test_grad_mse": 2.5632149575332727e-06,
  "best_epoch": 136,
  "time_s": 3.636751890182495,
  "n_epochs_actual": 187,
  "key": "black_scholes_d1_n256_noise0.0_s1000_dml_fixed",
  "timestamp": "2026-04-06T11:23:34.437259"
}