{
  "method": "dml_fixed",
  "func_type": "heston",
  "dim": 1,
  "n_samples": 1024,
  "noise_level": 0.0,
  "seed": 1000,
  "lambda": 1.0,
  "test_value_mse": 0.31247363964219654,
  "test_grad_mse": 333034.6400353345,
  "best_epoch": 67,
  "time_s": 2.44983172416687,
  "n_epochs_actual": 118,
  "key": "heston_d1_n1024_noise0.0_s1000_dml_fixed",
  "timestamp": "2026-04-06T12:03:49.714795"
}