{
  "method": "vanilla",
  "func_type": "heston",
  "dim": 1,
  "n_samples": 1024,
  "noise_level": 0.0,
  "seed": 42,
  "lambda": 1.0,
  "test_value_mse": 0.1883491600035384,
  "test_grad_mse": 328906.11837449163,
  "best_epoch": 120,
  "time_s": 3.977160692214966,
  "n_epochs_actual": 171,
  "key": "heston_d1_n1024_noise0.0_s42_vanilla",
  "timestamp": "2026-04-06T11:59:58.982620"
}