{
  "method": "baseline_gp",
  "func_type": "heston",
  "dim": 1,
  "n_samples": 256,
  "noise_level": 0.0,
  "seed": 42,
  "lambda": 1.0,
  "test_value_mse": 127.63601645214288,
  "test_grad_mse": 374780.60872561554,
  "time_s": 1.1532702445983887,
  "key": "heston_d1_n256_noise0.0_s42_baseline_gp",
  "timestamp": "2026-04-06T11:57:26.703176"
}