{
  "method": "vanilla",
  "func_type": "heston",
  "dim": 1,
  "n_samples": 256,
  "noise_level": 0.0,
  "seed": 123,
  "lambda": 1.0,
  "test_value_mse": 0.23130976084340843,
  "test_grad_mse": 378691.7249782477,
  "best_epoch": 139,
  "time_s": 4.269480466842651,
  "n_epochs_actual": 190,
  "key": "heston_d1_n256_noise0.0_s123_vanilla",
  "timestamp": "2026-04-06T11:57:39.210898"
}