{
  "method": "dml_fixed",
  "func_type": "heston",
  "dim": 1,
  "n_samples": 4096,
  "noise_level": 0.0,
  "seed": 456,
  "lambda": 1.0,
  "test_value_mse": 0.4763021667757077,
  "test_grad_mse": 350616.1946860168,
  "best_epoch": 39,
  "time_s": 5.760004043579102,
  "n_epochs_actual": 90,
  "key": "heston_d1_n4096_noise0.0_s456_dml_fixed",
  "timestamp": "2026-04-06T12:19:53.775508"
}