{
  "method": "vanilla",
  "func_type": "heston",
  "dim": 1,
  "n_samples": 1024,
  "noise_level": 0.0,
  "seed": 456,
  "lambda": 1.0,
  "test_value_mse": 0.18637537384724256,
  "test_grad_mse": 354189.3834160853,
  "best_epoch": 86,
  "time_s": 3.8266754150390625,
  "n_epochs_actual": 137,
  "key": "heston_d1_n1024_noise0.0_s456_vanilla",
  "timestamp": "2026-04-06T12:01:49.054461"
}