{
  "method": "baseline_gp",
  "func_type": "heston",
  "dim": 1,
  "n_samples": 1024,
  "noise_level": 0.0,
  "seed": 456,
  "lambda": 1.0,
  "test_value_mse": 0.18966747084512323,
  "test_grad_mse": 354558.1000377819,
  "time_s": 9.091635465621948,
  "key": "heston_d1_n1024_noise0.0_s456_baseline_gp",
  "timestamp": "2026-04-06T12:02:08.916839"
}