{
  "method": "baseline_krr",
  "func_type": "heston",
  "dim": 1,
  "n_samples": 256,
  "noise_level": 0.0,
  "seed": 123,
  "lambda": 1.0,
  "test_value_mse": 4.421098341023545,
  "test_grad_mse": 386889.7113624374,
  "time_s": 0.004668235778808594,
  "key": "heston_d1_n256_noise0.0_s123_baseline_krr",
  "timestamp": "2026-04-06T11:57:49.622623"
}