{
  "method": "dml_fixed",
  "func_type": "heston",
  "dim": 1,
  "n_samples": 4096,
  "noise_level": 0.0,
  "seed": 42,
  "lambda": 1.0,
  "test_value_mse": 0.35182994829088154,
  "test_grad_mse": 358665.67865452735,
  "best_epoch": 35,
  "time_s": 3.7048988342285156,
  "n_epochs_actual": 86,
  "key": "heston_d1_n4096_noise0.0_s42_dml_fixed",
  "timestamp": "2026-04-06T12:05:53.125968"
}