{
  "method": "dml_gradnorm",
  "func_type": "heston",
  "dim": 1,
  "n_samples": 1024,
  "noise_level": 0.0,
  "seed": 456,
  "lambda": 1.0,
  "test_value_mse": 0.8347842885267592,
  "test_grad_mse": 347164.94717353146,
  "best_epoch": 23,
  "time_s": 4.731292963027954,
  "n_epochs_actual": 74,
  "key": "heston_d1_n1024_noise0.0_s456_dml_gradnorm",
  "timestamp": "2026-04-06T12:01:57.260152"
}