{
  "method": "baseline_gp",
  "func_type": "heston",
  "dim": 1,
  "n_samples": 4096,
  "noise_level": 0.0,
  "seed": 1000,
  "lambda": 1.0,
  "test_value_mse": 0.1687227913204877,
  "test_grad_mse": 353902.19171926385,
  "time_s": 369.8699357509613,
  "key": "heston_d1_n4096_noise0.0_s1000_baseline_gp",
  "timestamp": "2026-04-06T12:42:36.246355"
}