{
  "method": "dml_fixed",
  "func_type": "heston",
  "dim": 1,
  "n_samples": 4096,
  "noise_level": 0.0,
  "seed": 1000,
  "lambda": 1.0,
  "test_value_mse": 0.3729746808900435,
  "test_grad_mse": 353868.3453704572,
  "best_epoch": 26,
  "time_s": 4.940668106079102,
  "n_epochs_actual": 77,
  "key": "heston_d1_n4096_noise0.0_s1000_dml_fixed",
  "timestamp": "2026-04-06T12:36:14.541005"
}