{
  "method": "dml_gradnorm",
  "func_type": "heston",
  "dim": 1,
  "n_samples": 256,
  "noise_level": 0.0,
  "seed": 456,
  "lambda": 1.0,
  "test_value_mse": 0.6125114246014488,
  "test_grad_mse": 212179.5950711621,
  "best_epoch": 89,
  "time_s": 5.227038383483887,
  "n_epochs_actual": 140,
  "key": "heston_d1_n256_noise0.0_s456_dml_gradnorm",
  "timestamp": "2026-04-06T11:58:12.164196"
}