{
  "method": "dml_gradnorm",
  "func_type": "heston",
  "dim": 1,
  "n_samples": 256,
  "noise_level": 0.0,
  "seed": 42,
  "lambda": 1.0,
  "test_value_mse": 1.0435769165663604,
  "test_grad_mse": 362559.8906199121,
  "best_epoch": 44,
  "time_s": 3.128910779953003,
  "n_epochs_actual": 95,
  "key": "heston_d1_n256_noise0.0_s42_dml_gradnorm",
  "timestamp": "2026-04-06T11:57:23.252645"
}