{
  "method": "dml_fixed",
  "func_type": "heston",
  "dim": 1,
  "n_samples": 256,
  "noise_level": 0.0,
  "seed": 123,
  "lambda": 1.0,
  "test_value_mse": 0.6844150034488228,
  "test_grad_mse": 393625.52507203945,
  "best_epoch": 28,
  "time_s": 2.7398531436920166,
  "n_epochs_actual": 79,
  "key": "heston_d1_n256_noise0.0_s123_dml_fixed",
  "timestamp": "2026-04-06T11:57:41.951262"
}