{
  "method": "dml_gradnorm",
  "func_type": "heston",
  "dim": 1,
  "n_samples": 256,
  "noise_level": 0.0,
  "seed": 123,
  "lambda": 1.0,
  "test_value_mse": 2.208883927608103,
  "test_grad_mse": 390524.34545632574,
  "best_epoch": 30,
  "time_s": 3.159780979156494,
  "n_epochs_actual": 81,
  "key": "heston_d1_n256_noise0.0_s123_dml_gradnorm",
  "timestamp": "2026-04-06T11:57:45.111564"
}