{
  "method": "dml_fixed",
  "func_type": "heston",
  "dim": 1,
  "n_samples": 256,
  "noise_level": 0.0,
  "seed": 789,
  "lambda": 1.0,
  "test_value_mse": 1.649076295461854,
  "test_grad_mse": 356124.44474415417,
  "best_epoch": 67,
  "time_s": 1.5926673412322998,
  "n_epochs_actual": 118,
  "key": "heston_d1_n256_noise0.0_s789_dml_fixed",
  "timestamp": "2026-04-06T11:58:35.055539"
}