{
  "method": "baseline_krr",
  "func_type": "heston",
  "dim": 1,
  "n_samples": 256,
  "noise_level": 0.0,
  "seed": 456,
  "lambda": 1.0,
  "test_value_mse": 3.386103755529956,
  "test_grad_mse": 214618.5990556146,
  "time_s": 0.10240006446838379,
  "key": "heston_d1_n256_noise0.0_s456_baseline_krr",
  "timestamp": "2026-04-06T11:58:21.653003"
}