{
  "method": "dml_gradnorm",
  "func_type": "heston",
  "dim": 1,
  "n_samples": 4096,
  "noise_level": 0.0,
  "seed": 1000,
  "lambda": 1.0,
  "test_value_mse": 1.0441389553307248,
  "test_grad_mse": 352456.0415013149,
  "best_epoch": 7,
  "time_s": 7.794281482696533,
  "n_epochs_actual": 58,
  "key": "heston_d1_n4096_noise0.0_s1000_dml_gradnorm",
  "timestamp": "2026-04-06T12:36:22.335780"
}