{
  "method": "baseline_krr",
  "func_type": "heston",
  "dim": 1,
  "n_samples": 256,
  "noise_level": 0.0,
  "seed": 789,
  "lambda": 1.0,
  "test_value_mse": 7.510809820548176,
  "test_grad_mse": 377210.7330933955,
  "time_s": 0.004646778106689453,
  "key": "heston_d1_n256_noise0.0_s789_baseline_krr",
  "timestamp": "2026-04-06T11:58:41.676216"
}