{
  "method": "dml_relobralo",
  "func_type": "heston",
  "dim": 1,
  "n_samples": 1024,
  "noise_level": 0.0,
  "seed": 1000,
  "lambda": 1.0,
  "test_value_mse": 0.4043539876576817,
  "test_grad_mse": 330533.7079035297,
  "best_epoch": 26,
  "time_s": 3.314511775970459,
  "n_epochs_actual": 77,
  "key": "heston_d1_n1024_noise0.0_s1000_dml_relobralo",
  "timestamp": "2026-04-26T08:18:52.379254"
}