{
  "method": "dml_relobralo",
  "func_type": "heston",
  "dim": 1,
  "n_samples": 1024,
  "noise_level": 0.0,
  "seed": 456,
  "lambda": 1.0,
  "test_value_mse": 1.2438406889972031,
  "test_grad_mse": 354180.25635769137,
  "best_epoch": 53,
  "time_s": 3.6094820499420166,
  "n_epochs_actual": 104,
  "key": "heston_d1_n1024_noise0.0_s456_dml_relobralo",
  "timestamp": "2026-04-26T08:18:14.618569"
}