{
  "method": "baseline_krr",
  "func_type": "heston",
  "dim": 1,
  "n_samples": 1024,
  "noise_level": 0.0,
  "seed": 1000,
  "lambda": 1.0,
  "test_value_mse": 0.9552920607525345,
  "test_grad_mse": 327899.08936731605,
  "time_s": 0.13936924934387207,
  "key": "heston_d1_n1024_noise0.0_s1000_baseline_krr",
  "timestamp": "2026-04-06T12:04:05.963132"
}