{
  "method": "dml_relobralo",
  "func_type": "heston",
  "dim": 1,
  "n_samples": 4096,
  "noise_level": 0.0,
  "seed": 456,
  "lambda": 1.0,
  "test_value_mse": 0.47209288309529074,
  "test_grad_mse": 349902.7012289108,
  "best_epoch": 25,
  "time_s": 6.939730644226074,
  "n_epochs_actual": 76,
  "key": "heston_d1_n4096_noise0.0_s456_dml_relobralo",
  "timestamp": "2026-04-26T08:22:31.135671"
}