{
  "method": "dml_relobralo",
  "func_type": "heston",
  "dim": 1,
  "n_samples": 4096,
  "noise_level": 0.0,
  "seed": 1000,
  "lambda": 1.0,
  "test_value_mse": 0.2699925585539944,
  "test_grad_mse": 351737.49601041456,
  "best_epoch": 10,
  "time_s": 5.8325135707855225,
  "n_epochs_actual": 61,
  "key": "heston_d1_n4096_noise0.0_s1000_dml_relobralo",
  "timestamp": "2026-04-26T08:24:52.504201"
}