{
  "method": "baseline_rf",
  "func_type": "heston",
  "dim": 1,
  "n_samples": 1024,
  "noise_level": 0.0,
  "seed": 123,
  "lambda": 1.0,
  "test_value_mse": 0.266041943844016,
  "test_grad_mse": 348690.5084823268,
  "time_s": 0.5280683040618896,
  "key": "heston_d1_n1024_noise0.0_s123_baseline_rf",
  "timestamp": "2026-04-06T12:01:14.230554"
}