{
  "method": "baseline_gp",
  "func_type": "heston",
  "dim": 1,
  "n_samples": 256,
  "noise_level": 0.0,
  "seed": 123,
  "lambda": 1.0,
  "test_value_mse": 0.2126786847240706,
  "test_grad_mse": 381165.41482872143,
  "time_s": 1.7753677368164062,
  "key": "heston_d1_n256_noise0.0_s123_baseline_gp",
  "timestamp": "2026-04-06T11:57:49.617277"
}