{
  "method": "baseline_krr",
  "func_type": "heston",
  "dim": 1,
  "n_samples": 1024,
  "noise_level": 0.0,
  "seed": 123,
  "lambda": 1.0,
  "test_value_mse": 0.5931363204305076,
  "test_grad_mse": 343896.9203610637,
  "time_s": 0.026429414749145508,
  "key": "heston_d1_n1024_noise0.0_s123_baseline_krr",
  "timestamp": "2026-04-06T12:01:13.702250"
}