{
  "method": "dml_fixed",
  "func_type": "heston",
  "dim": 1,
  "n_samples": 256,
  "noise_level": 0.0,
  "seed": 456,
  "lambda": 1.0,
  "test_value_mse": 0.7277748616235953,
  "test_grad_mse": 213718.09789022274,
  "best_epoch": 72,
  "time_s": 4.4201719760894775,
  "n_epochs_actual": 123,
  "key": "heston_d1_n256_noise0.0_s456_dml_fixed",
  "timestamp": "2026-04-06T11:58:06.936686"
}