{
  "method": "dml_gradnorm",
  "func_type": "heston",
  "dim": 1,
  "n_samples": 256,
  "noise_level": 0.0,
  "seed": 1000,
  "lambda": 1.0,
  "test_value_mse": 0.7988796094888944,
  "test_grad_mse": 440573.9518447965,
  "best_epoch": 37,
  "time_s": 3.3382174968719482,
  "n_epochs_actual": 88,
  "key": "heston_d1_n256_noise0.0_s1000_dml_gradnorm",
  "timestamp": "2026-04-06T11:59:03.576198"
}