{
  "method": "dml_relobralo",
  "func_type": "poly_trig",
  "dim": 5,
  "n_samples": 1024,
  "noise_level": 0.5,
  "seed": 789,
  "lambda": 1.0,
  "test_value_mse": 0.0015268162824213505,
  "test_grad_mse": 0.009208370000123978,
  "best_epoch": 95,
  "time_s": 4.747366189956665,
  "n_epochs_actual": 146,
  "key": "poly_trig_d5_n1024_noise0.5_s789_dml_relobralo",
  "timestamp": "2026-04-26T08:43:33.194988"
}