{
  "method": "baseline_rf",
  "func_type": "poly_trig",
  "dim": 10,
  "n_samples": 4096,
  "noise_level": 0.5,
  "seed": 123,
  "lambda": 1.0,
  "test_value_mse": 0.20026339393147946,
  "test_grad_mse": 143.7910376845718,
  "time_s": 5.067737340927124,
  "key": "poly_trig_d10_n4096_noise0.5_s123_baseline_rf",
  "timestamp": "2026-04-06T20:10:48.634533"
}