{
  "method": "dml_fixed",
  "func_type": "poly_trig",
  "dim": 10,
  "n_samples": 4096,
  "noise_level": 0.5,
  "seed": 456,
  "lambda": 1.0,
  "test_value_mse": 0.00842344667762518,
  "test_grad_mse": 0.01568921096622944,
  "best_epoch": 81,
  "time_s": 10.240970134735107,
  "n_epochs_actual": 132,
  "key": "poly_trig_d10_n4096_noise0.5_s456_dml_fixed",
  "timestamp": "2026-04-06T20:11:15.562063"
}