{
  "method": "baseline_gp",
  "func_type": "poly_trig",
  "dim": 2,
  "n_samples": 512,
  "noise_level": 0.0,
  "seed": 1000,
  "lambda": 1.0,
  "test_value_mse": 1.2833979909345102e-08,
  "test_grad_mse": 2.3118432180984688e-06,
  "time_s": 1.8050596714019775,
  "key": "poly_trig_d2_n512_noise0.0_s1000_baseline_gp",
  "timestamp": "2026-04-06T12:53:53.252344"
}