{
  "method": "dml_gradnorm",
  "func_type": "poly_trig",
  "dim": 100,
  "n_samples": 1024,
  "noise_level": 0.1,
  "seed": 456,
  "lambda": 1.0,
  "test_value_mse": 3.6548845767974854,
  "test_grad_mse": 0.4178060293197632,
  "best_epoch": 497,
  "time_s": 32.55124282836914,
  "n_epochs_actual": 500,
  "key": "poly_trig_d100_n1024_noise0.1_s456_dml_gradnorm",
  "timestamp": "2026-04-07T01:23:22.154922"
}