{
  "method": "baseline_rf",
  "func_type": "poly_trig",
  "dim": 2,
  "n_samples": 1024,
  "noise_level": 0.05,
  "seed": 1000,
  "lambda": 1.0,
  "test_value_mse": 0.002919433138938712,
  "test_grad_mse": 1.2617240557180303,
  "time_s": 0.3085041046142578,
  "key": "poly_trig_d2_n1024_noise0.05_s1000_baseline_rf",
  "timestamp": "2026-04-06T12:57:27.608016"
}