{
  "method": "dml_fixed",
  "func_type": "poly_trig",
  "dim": 10,
  "n_samples": 1024,
  "noise_level": 0.1,
  "seed": 123,
  "lambda": 1.0,
  "test_value_mse": 0.0030546514317393303,
  "test_grad_mse": 0.008137420751154423,
  "best_epoch": 424,
  "time_s": 13.467839002609253,
  "n_epochs_actual": 475,
  "key": "poly_trig_d10_n1024_noise0.1_s123_dml_fixed",
  "timestamp": "2026-04-06T17:34:32.148335"
}