{
  "method": "baseline_gp",
  "func_type": "poly_trig",
  "dim": 10,
  "n_samples": 1024,
  "noise_level": 0.05,
  "seed": 42,
  "lambda": 1.0,
  "test_value_mse": 0.0007343674909192155,
  "test_grad_mse": 0.004051033981947216,
  "time_s": 12.642752885818481,
  "key": "poly_trig_d10_n1024_noise0.05_s42_baseline_gp",
  "timestamp": "2026-04-06T17:26:50.266719"
}