{
  "method": "dml_fixed",
  "func_type": "poly_trig",
  "dim": 10,
  "n_samples": 1024,
  "noise_level": 0.5,
  "seed": 789,
  "lambda": 1.0,
  "test_value_mse": 0.0338144525885582,
  "test_grad_mse": 0.04354763776063919,
  "best_epoch": 77,
  "time_s": 6.083790063858032,
  "n_epochs_actual": 128,
  "key": "poly_trig_d10_n1024_noise0.5_s789_dml_fixed",
  "timestamp": "2026-04-06T17:55:04.182252"
}