{
  "method": "dml_relobralo",
  "func_type": "poly_trig",
  "dim": 20,
  "n_samples": 1024,
  "noise_level": 0.1,
  "seed": 1000,
  "lambda": 1.0,
  "test_value_mse": 0.05250837653875351,
  "test_grad_mse": 0.048882901668548584,
  "best_epoch": 337,
  "time_s": 13.010037183761597,
  "n_epochs_actual": 388,
  "key": "poly_trig_d20_n1024_noise0.1_s1000_dml_relobralo",
  "timestamp": "2026-04-26T09:23:14.792810"
}