{
  "method": "dml_fixed",
  "func_type": "poly_trig",
  "dim": 20,
  "n_samples": 4096,
  "noise_level": 0.2,
  "seed": 789,
  "lambda": 1.0,
  "test_value_mse": 0.0136135034263134,
  "test_grad_mse": 0.012656324543058872,
  "best_epoch": 383,
  "time_s": 24.888667821884155,
  "n_epochs_actual": 434,
  "key": "poly_trig_d20_n4096_noise0.2_s789_dml_fixed",
  "timestamp": "2026-04-06T23:07:25.990997"
}