{
  "method": "baseline_gp",
  "func_type": "poly_trig",
  "dim": 2,
  "n_samples": 1024,
  "noise_level": 0.1,
  "seed": 123,
  "lambda": 1.0,
  "test_value_mse": 1.2211105262084008e-08,
  "test_grad_mse": 2.0689421005746755e-06,
  "time_s": 7.622878313064575,
  "key": "poly_trig_d2_n1024_noise0.1_s123_baseline_gp",
  "timestamp": "2026-04-06T12:58:42.422785"
}