{
  "method": "dml_gradnorm",
  "func_type": "poly_trig",
  "dim": 10,
  "n_samples": 1024,
  "noise_level": 0.5,
  "seed": 456,
  "lambda": 1.0,
  "test_value_mse": 0.01284916140139103,
  "test_grad_mse": 0.03244280070066452,
  "best_epoch": 165,
  "time_s": 13.098707914352417,
  "n_epochs_actual": 216,
  "key": "poly_trig_d10_n1024_noise0.5_s456_dml_gradnorm",
  "timestamp": "2026-04-06T17:54:21.429904"
}