{
  "method": "baseline_gp",
  "func_type": "poly_trig",
  "dim": 5,
  "n_samples": 256,
  "noise_level": 0.5,
  "seed": 456,
  "lambda": 1.0,
  "test_value_mse": 0.0003679273013246515,
  "test_grad_mse": 0.0035339523695866615,
  "time_s": 3.204686403274536,
  "key": "poly_trig_d5_n256_noise0.5_s456_baseline_gp",
  "timestamp": "2026-04-06T15:06:23.017946"
}