{
  "method": "dml_fixed",
  "func_type": "poly_trig",
  "dim": 5,
  "n_samples": 256,
  "noise_level": 0.5,
  "seed": 1000,
  "lambda": 1.0,
  "test_value_mse": 0.02504732273519039,
  "test_grad_mse": 0.06083216145634651,
  "best_epoch": 59,
  "time_s": 3.4653544425964355,
  "n_epochs_actual": 110,
  "key": "poly_trig_d5_n256_noise0.5_s1000_dml_fixed",
  "timestamp": "2026-04-06T15:06:56.018523"
}