{
  "method": "baseline_krr",
  "func_type": "poly_trig",
  "dim": 10,
  "n_samples": 4096,
  "noise_level": 0.1,
  "seed": 123,
  "lambda": 1.0,
  "test_value_mse": 0.15953214466571808,
  "test_grad_mse": 0.6310598250771189,
  "time_s": 1.4927136898040771,
  "key": "poly_trig_d10_n4096_noise0.1_s123_baseline_krr",
  "timestamp": "2026-04-06T19:03:43.610054"
}