{
  "method": "baseline_rf",
  "func_type": "poly_trig",
  "dim": 20,
  "n_samples": 256,
  "noise_level": 0.1,
  "seed": 123,
  "lambda": 1.0,
  "test_value_mse": 2.0240187458664414,
  "test_grad_mse": 1.2805256537335599,
  "time_s": 6.953930616378784,
  "key": "poly_trig_d20_n256_noise0.1_s123_baseline_rf",
  "timestamp": "2026-04-06T20:34:45.108074"
}