{
  "method": "dml_gradnorm",
  "func_type": "poly_trig",
  "dim": 50,
  "n_samples": 1024,
  "noise_level": 0.5,
  "seed": 789,
  "lambda": 1.0,
  "test_value_mse": 1.3398473262786865,
  "test_grad_mse": 0.32471373677253723,
  "best_epoch": 499,
  "time_s": 32.36504507064819,
  "n_epochs_actual": 500,
  "key": "poly_trig_d50_n1024_noise0.5_s789_dml_gradnorm",
  "timestamp": "2026-04-07T00:15:43.737754"
}