{
  "method": "dml_fixed",
  "func_type": "poly_trig",
  "dim": 5,
  "n_samples": 512,
  "noise_level": 0.0,
  "seed": 456,
  "lambda": 1.0,
  "test_value_mse": 0.00022537201584782451,
  "test_grad_mse": 0.001963771879673004,
  "best_epoch": 499,
  "time_s": 7.620654821395874,
  "n_epochs_actual": 500,
  "key": "poly_trig_d5_n512_noise0.0_s456_dml_fixed",
  "timestamp": "2026-04-06T15:08:36.475209"
}