{
  "method": "dml_fixed",
  "func_type": "poly_trig",
  "dim": 10,
  "n_samples": 4096,
  "noise_level": 0.05,
  "seed": 456,
  "lambda": 1.0,
  "test_value_mse": 0.0002959614503197372,
  "test_grad_mse": 0.0011603276943787932,
  "best_epoch": 495,
  "time_s": 27.81883716583252,
  "n_epochs_actual": 500,
  "key": "poly_trig_d10_n4096_noise0.05_s456_dml_fixed",
  "timestamp": "2026-04-06T18:28:43.667524"
}