{
  "method": "vanilla",
  "func_type": "poly_trig",
  "dim": 50,
  "n_samples": 1024,
  "noise_level": 0.05,
  "seed": 123,
  "lambda": 1.0,
  "test_value_mse": 2.1280088424682617,
  "test_grad_mse": 0.8267926573753357,
  "best_epoch": 32,
  "time_s": 4.372519493103027,
  "n_epochs_actual": 83,
  "key": "poly_trig_d50_n1024_noise0.05_s123_vanilla",
  "timestamp": "2026-04-07T00:01:17.837335"
}