{
  "method": "baseline_krr",
  "func_type": "poly_trig",
  "dim": 20,
  "n_samples": 512,
  "noise_level": 0.0,
  "seed": 456,
  "lambda": 1.0,
  "test_value_mse": 0.5689899325370789,
  "test_grad_mse": 0.6678489428633563,
  "time_s": 0.11894416809082031,
  "key": "poly_trig_d20_n512_noise0.0_s456_baseline_krr",
  "timestamp": "2026-04-06T20:45:21.842409"
}