{
  "method": "dml_relobralo",
  "func_type": "poly_trig",
  "dim": 10,
  "n_samples": 4096,
  "noise_level": 0.5,
  "seed": 789,
  "lambda": 1.0,
  "test_value_mse": 0.005181418266147375,
  "test_grad_mse": 0.016202416270971298,
  "best_epoch": 97,
  "time_s": 12.44806718826294,
  "n_epochs_actual": 148,
  "key": "poly_trig_d10_n4096_noise0.5_s789_dml_relobralo",
  "timestamp": "2026-04-26T09:16:52.807896"
}