{
  "method": "dml_gradnorm",
  "func_type": "poly_trig",
  "dim": 100,
  "n_samples": 256,
  "noise_level": 0.05,
  "seed": 1000,
  "lambda": 1.0,
  "test_value_mse": 6.150618553161621,
  "test_grad_mse": 0.5236388444900513,
  "best_epoch": 497,
  "time_s": 11.19828176498413,
  "n_epochs_actual": 500,
  "key": "poly_trig_d100_n256_noise0.05_s1000_dml_gradnorm",
  "timestamp": "2026-04-07T01:03:31.243153"
}