{
  "method": "vanilla",
  "func_type": "poly_trig",
  "dim": 2,
  "n_samples": 1024,
  "noise_level": 0.2,
  "seed": 123,
  "lambda": 1.0,
  "test_value_mse": 6.175294402055442e-06,
  "test_grad_mse": 0.001427338575012982,
  "best_epoch": 499,
  "time_s": 10.71883487701416,
  "n_epochs_actual": 500,
  "key": "poly_trig_d2_n1024_noise0.2_s123_vanilla",
  "timestamp": "2026-04-06T13:01:38.381583"
}