{
  "method": "dml_fixed",
  "func_type": "poly_trig",
  "dim": 5,
  "n_samples": 4096,
  "noise_level": 0.5,
  "seed": 42,
  "lambda": 1.0,
  "test_value_mse": 0.002118897158652544,
  "test_grad_mse": 0.010652129538357258,
  "best_epoch": 88,
  "time_s": 10.293535947799683,
  "n_epochs_actual": 139,
  "key": "poly_trig_d5_n4096_noise0.5_s42_dml_fixed",
  "timestamp": "2026-04-06T16:53:00.656849"
}