{
  "method": "dml_relobralo",
  "func_type": "poly_trig",
  "dim": 50,
  "n_samples": 256,
  "noise_level": 0.05,
  "seed": 1000,
  "lambda": 1.0,
  "test_value_mse": 2.1476454734802246,
  "test_grad_mse": 0.8226344585418701,
  "best_epoch": 24,
  "time_s": 2.146899700164795,
  "n_epochs_actual": 75,
  "key": "poly_trig_d50_n256_noise0.05_s1000_dml_relobralo",
  "timestamp": "2026-04-26T09:41:37.757328"
}