{
  "method": "baseline_gp",
  "func_type": "poly_trig",
  "dim": 20,
  "n_samples": 256,
  "noise_level": 0.1,
  "seed": 789,
  "lambda": 1.0,
  "test_value_mse": 0.5142062712199335,
  "test_grad_mse": 0.7184504325301682,
  "time_s": 2.7201831340789795,
  "key": "poly_trig_d20_n256_noise0.1_s789_baseline_gp",
  "timestamp": "2026-04-06T20:36:07.641369"
}