{
  "method": "dml_fixed",
  "func_type": "poly_trig",
  "dim": 10,
  "n_samples": 256,
  "noise_level": 0.1,
  "seed": 42,
  "lambda": 1.0,
  "test_value_mse": 0.030042875558137894,
  "test_grad_mse": 0.07486653327941895,
  "best_epoch": 499,
  "time_s": 9.786408424377441,
  "n_epochs_actual": 500,
  "key": "poly_trig_d10_n256_noise0.1_s42_dml_fixed",
  "timestamp": "2026-04-06T17:14:11.137104"
}