{
  "method": "dml_gradnorm",
  "func_type": "poly_trig",
  "dim": 20,
  "n_samples": 1024,
  "noise_level": 0.2,
  "seed": 42,
  "lambda": 1.0,
  "test_value_mse": 0.05659404769539833,
  "test_grad_mse": 0.05992035195231438,
  "best_epoch": 485,
  "time_s": 26.840108394622803,
  "n_epochs_actual": 500,
  "key": "poly_trig_d20_n1024_noise0.2_s42_dml_gradnorm",
  "timestamp": "2026-04-06T21:04:56.698448"
}