{
  "method": "vanilla",
  "func_type": "poly_trig",
  "dim": 5,
  "n_samples": 1024,
  "noise_level": 0.5,
  "seed": 1000,
  "lambda": 1.0,
  "test_value_mse": 0.0010626304429024458,
  "test_grad_mse": 0.017747456207871437,
  "best_epoch": 441,
  "time_s": 11.788068294525146,
  "n_epochs_actual": 492,
  "key": "poly_trig_d5_n1024_noise0.5_s1000_vanilla",
  "timestamp": "2026-04-06T15:28:36.691797"
}