{
  "method": "dml_gradnorm",
  "func_type": "poly_trig",
  "dim": 50,
  "n_samples": 1024,
  "noise_level": 0.1,
  "seed": 456,
  "lambda": 1.0,
  "test_value_mse": 0.924935519695282,
  "test_grad_mse": 0.33534500002861023,
  "best_epoch": 370,
  "time_s": 24.07012677192688,
  "n_epochs_actual": 421,
  "key": "poly_trig_d50_n1024_noise0.1_s456_dml_gradnorm",
  "timestamp": "2026-04-07T00:06:50.136880"
}