{
  "method": "baseline_krr",
  "func_type": "poly_trig",
  "dim": 5,
  "n_samples": 2048,
  "noise_level": 0.0,
  "seed": 789,
  "lambda": 1.0,
  "test_value_mse": 0.029406828805804253,
  "test_grad_mse": 0.19281069591342356,
  "time_s": 1.1022915840148926,
  "key": "poly_trig_d5_n2048_noise0.0_s789_baseline_krr",
  "timestamp": "2026-04-06T15:38:02.813963"
}