{
  "method": "baseline_krr",
  "func_type": "poly_trig",
  "dim": 20,
  "n_samples": 2048,
  "noise_level": 0.0,
  "seed": 42,
  "lambda": 1.0,
  "test_value_mse": 0.47215357422828674,
  "test_grad_mse": 0.6568190274075545,
  "time_s": 1.0647902488708496,
  "key": "poly_trig_d20_n2048_noise0.0_s42_baseline_krr",
  "timestamp": "2026-04-06T21:20:17.360341"
}