{
  "method": "baseline_krr",
  "func_type": "poly_trig",
  "dim": 10,
  "n_samples": 256,
  "noise_level": 0.5,
  "seed": 42,
  "lambda": 1.0,
  "test_value_mse": 0.46606606245040894,
  "test_grad_mse": 0.9574617591644075,
  "time_s": 0.011461496353149414,
  "key": "poly_trig_d10_n256_noise0.5_s42_baseline_krr",
  "timestamp": "2026-04-06T17:20:19.181943"
}