{
  "method": "vanilla",
  "func_type": "poly_trig",
  "dim": 20,
  "n_samples": 512,
  "noise_level": 0.0,
  "seed": 456,
  "lambda": 1.0,
  "test_value_mse": 0.5813971757888794,
  "test_grad_mse": 0.6174101829528809,
  "best_epoch": 56,
  "time_s": 3.3296120166778564,
  "n_epochs_actual": 107,
  "key": "poly_trig_d20_n512_noise0.0_s456_vanilla",
  "timestamp": "2026-04-06T20:44:59.509118"
}