{
  "method": "dml_fixed",
  "func_type": "poly_trig",
  "dim": 5,
  "n_samples": 4096,
  "noise_level": 0.2,
  "seed": 42,
  "lambda": 1.0,
  "test_value_mse": 0.00028839026344940066,
  "test_grad_mse": 0.002046216046437621,
  "best_epoch": 206,
  "time_s": 14.054561614990234,
  "n_epochs_actual": 257,
  "key": "poly_trig_d5_n4096_noise0.2_s42_dml_fixed",
  "timestamp": "2026-04-06T16:28:08.663961"
}