{
  "method": "dml_fixed",
  "func_type": "poly_trig",
  "dim": 100,
  "n_samples": 4096,
  "noise_level": 0.05,
  "seed": 42,
  "lambda": 1.0,
  "test_value_mse": 1.7382476329803467,
  "test_grad_mse": 0.22754794359207153,
  "best_epoch": 495,
  "time_s": 33.57492709159851,
  "n_epochs_actual": 500,
  "key": "poly_trig_d100_n4096_noise0.05_s42_dml_fixed",
  "timestamp": "2026-04-07T01:41:07.813551"
}