{
  "method": "dml_fixed",
  "func_type": "poly_trig",
  "dim": 10,
  "n_samples": 256,
  "noise_level": 0.1,
  "seed": 456,
  "lambda": 1.0,
  "test_value_mse": 0.01100599393248558,
  "test_grad_mse": 0.021219400689005852,
  "best_epoch": 499,
  "time_s": 12.665971279144287,
  "n_epochs_actual": 500,
  "key": "poly_trig_d10_n256_noise0.1_s456_dml_fixed",
  "timestamp": "2026-04-06T17:15:14.342480"
}