{
  "method": "dml_relobralo",
  "func_type": "poly_trig",
  "dim": 10,
  "n_samples": 1024,
  "noise_level": 0.2,
  "seed": 789,
  "lambda": 1.0,
  "test_value_mse": 0.0066320281475782394,
  "test_grad_mse": 0.01984042301774025,
  "best_epoch": 289,
  "time_s": 10.86812424659729,
  "n_epochs_actual": 340,
  "key": "poly_trig_d10_n1024_noise0.2_s789_dml_relobralo",
  "timestamp": "2026-04-26T09:02:11.095128"
}