{
  "method": "dml_fixed",
  "func_type": "poly_trig",
  "dim": 20,
  "n_samples": 1024,
  "noise_level": 0.1,
  "seed": 1000,
  "lambda": 1.0,
  "test_value_mse": 0.029681991785764694,
  "test_grad_mse": 0.02255457080900669,
  "best_epoch": 496,
  "time_s": 14.147991180419922,
  "n_epochs_actual": 500,
  "key": "poly_trig_d20_n1024_noise0.1_s1000_dml_fixed",
  "timestamp": "2026-04-06T21:03:00.400568"
}