{
  "method": "dml_fixed",
  "func_type": "poly_trig",
  "dim": 10,
  "n_samples": 2048,
  "noise_level": 0.0,
  "seed": 456,
  "lambda": 1.0,
  "test_value_mse": 0.0004350301460362971,
  "test_grad_mse": 0.0016846274957060814,
  "best_epoch": 486,
  "time_s": 19.483661890029907,
  "n_epochs_actual": 500,
  "key": "poly_trig_d10_n2048_noise0.0_s456_dml_fixed",
  "timestamp": "2026-04-06T18:04:01.024459"
}