{
  "method": "dml_relobralo",
  "func_type": "poly_trig",
  "dim": 10,
  "n_samples": 1024,
  "noise_level": 0.5,
  "seed": 42,
  "lambda": 1.0,
  "test_value_mse": 0.024623747915029526,
  "test_grad_mse": 0.062406111508607864,
  "best_epoch": 188,
  "time_s": 7.65112829208374,
  "n_epochs_actual": 239,
  "key": "poly_trig_d10_n1024_noise0.5_s42_dml_relobralo",
  "timestamp": "2026-04-26T09:02:31.484606"
}