{
  "method": "baseline_gp",
  "func_type": "poly_trig",
  "dim": 2,
  "n_samples": 4096,
  "noise_level": 0.1,
  "seed": 123,
  "lambda": 1.0,
  "test_value_mse": 5.875946515261302e-09,
  "test_grad_mse": 1.7065104031787316e-06,
  "time_s": 241.51472306251526,
  "key": "poly_trig_d2_n4096_noise0.1_s123_baseline_gp",
  "timestamp": "2026-04-06T13:53:58.395199"
}