{
  "method": "baseline_krr",
  "func_type": "poly_trig",
  "dim": 2,
  "n_samples": 256,
  "noise_level": 0.05,
  "seed": 42,
  "lambda": 1.0,
  "test_value_mse": 0.03502250090241432,
  "test_grad_mse": 0.576883929207642,
  "time_s": 0.004131317138671875,
  "key": "poly_trig_d2_n256_noise0.05_s42_baseline_krr",
  "timestamp": "2026-04-06T12:43:03.818484"
}