{
  "method": "dml_relobralo",
  "func_type": "poly_trig",
  "dim": 2,
  "n_samples": 1024,
  "noise_level": 0.2,
  "seed": 1000,
  "lambda": 1.0,
  "test_value_mse": 0.0005699169123545289,
  "test_grad_mse": 0.0026093441992998123,
  "best_epoch": 75,
  "time_s": 3.84610652923584,
  "n_epochs_actual": 126,
  "key": "poly_trig_d2_n1024_noise0.2_s1000_dml_relobralo",
  "timestamp": "2026-04-26T08:29:17.198509"
}