{
  "method": "dml_relobralo",
  "func_type": "poly_trig",
  "dim": 20,
  "n_samples": 1024,
  "noise_level": 0.05,
  "seed": 789,
  "lambda": 1.0,
  "test_value_mse": 0.1193058118224144,
  "test_grad_mse": 0.10070696473121643,
  "best_epoch": 461,
  "time_s": 16.79235076904297,
  "n_epochs_actual": 500,
  "key": "poly_trig_d20_n1024_noise0.05_s789_dml_relobralo",
  "timestamp": "2026-04-26T09:21:39.744565"
}