{
  "method": "dml_relobralo",
  "func_type": "poly_trig",
  "dim": 5,
  "n_samples": 1024,
  "noise_level": 0.5,
  "seed": 1000,
  "lambda": 1.0,
  "test_value_mse": 0.004553044214844704,
  "test_grad_mse": 0.02689814195036888,
  "best_epoch": 102,
  "time_s": 4.80684494972229,
  "n_epochs_actual": 153,
  "key": "poly_trig_d5_n1024_noise0.5_s1000_dml_relobralo",
  "timestamp": "2026-04-26T08:43:38.140456"
}