{
  "method": "dml_fixed",
  "func_type": "poly_trig",
  "dim": 10,
  "n_samples": 256,
  "noise_level": 0.05,
  "seed": 456,
  "lambda": 1.0,
  "test_value_mse": 0.005322027485817671,
  "test_grad_mse": 0.013518129475414753,
  "best_epoch": 499,
  "time_s": 10.02162480354309,
  "n_epochs_actual": 500,
  "key": "poly_trig_d10_n256_noise0.05_s456_dml_fixed",
  "timestamp": "2026-04-06T17:12:31.507643"
}