{
  "method": "baseline_rf",
  "func_type": "poly_trig",
  "dim": 5,
  "n_samples": 256,
  "noise_level": 0.5,
  "seed": 123,
  "lambda": 1.0,
  "test_value_mse": 0.03426448632143641,
  "test_grad_mse": 0.6802499844225852,
  "time_s": 1.541306972503662,
  "key": "poly_trig_d5_n256_noise0.5_s123_baseline_rf",
  "timestamp": "2026-04-06T15:06:04.976403"
}