{
  "method": "dml_gradnorm",
  "func_type": "poly_trig",
  "dim": 2,
  "n_samples": 1024,
  "noise_level": 0.05,
  "seed": 1000,
  "lambda": 1.0,
  "test_value_mse": 8.585318937548436e-06,
  "test_grad_mse": 0.00023795598826836795,
  "best_epoch": 181,
  "time_s": 9.475148677825928,
  "n_epochs_actual": 232,
  "key": "poly_trig_d2_n1024_noise0.05_s1000_dml_gradnorm",
  "timestamp": "2026-04-06T12:57:15.282250"
}