{
  "method": "dml_relobralo",
  "func_type": "poly_trig",
  "dim": 50,
  "n_samples": 4096,
  "noise_level": 0.5,
  "seed": 1000,
  "lambda": 1.0,
  "test_value_mse": 2.2738773822784424,
  "test_grad_mse": 0.6527706980705261,
  "best_epoch": 37,
  "time_s": 10.057157278060913,
  "n_epochs_actual": 88,
  "key": "poly_trig_d50_n4096_noise0.5_s1000_dml_relobralo",
  "timestamp": "2026-04-26T09:51:51.665819"
}