{
  "method": "dml_fixed",
  "func_type": "poly_trig",
  "dim": 2,
  "n_samples": 256,
  "noise_level": 0.5,
  "seed": 456,
  "lambda": 1.0,
  "test_value_mse": 0.0004736329719889909,
  "test_grad_mse": 0.005629193503409624,
  "best_epoch": 51,
  "time_s": 2.701364517211914,
  "n_epochs_actual": 102,
  "key": "poly_trig_d2_n256_noise0.5_s456_dml_fixed",
  "timestamp": "2026-04-06T12:49:45.655295"
}