{
  "method": "dml_gradnorm",
  "func_type": "poly_trig",
  "dim": 50,
  "n_samples": 256,
  "noise_level": 0.5,
  "seed": 789,
  "lambda": 1.0,
  "test_value_mse": 1.25635826587677,
  "test_grad_mse": 0.4368979036808014,
  "best_epoch": 499,
  "time_s": 17.704555988311768,
  "n_epochs_actual": 500,
  "key": "poly_trig_d50_n256_noise0.5_s789_dml_gradnorm",
  "timestamp": "2026-04-06T23:57:51.890762"
}