{
  "method": "vanilla",
  "func_type": "poly_trig",
  "dim": 10,
  "n_samples": 256,
  "noise_level": 0.5,
  "seed": 456,
  "lambda": 1.0,
  "test_value_mse": 0.31851717829704285,
  "test_grad_mse": 0.3879660964012146,
  "best_epoch": 97,
  "time_s": 2.4833438396453857,
  "n_epochs_actual": 148,
  "key": "poly_trig_d10_n256_noise0.5_s456_vanilla",
  "timestamp": "2026-04-06T17:20:52.636419"
}