{
  "method": "dml_gradnorm",
  "func_type": "poly_trig",
  "dim": 50,
  "n_samples": 1024,
  "noise_level": 0.1,
  "seed": 1000,
  "lambda": 1.0,
  "test_value_mse": 1.0913022756576538,
  "test_grad_mse": 0.3489025831222534,
  "best_epoch": 498,
  "time_s": 25.954396963119507,
  "n_epochs_actual": 500,
  "key": "poly_trig_d50_n1024_noise0.1_s1000_dml_gradnorm",
  "timestamp": "2026-04-07T00:08:33.751729"
}