{
  "method": "vanilla",
  "func_type": "poly_trig",
  "dim": 20,
  "n_samples": 4096,
  "noise_level": 0.2,
  "seed": 456,
  "lambda": 1.0,
  "test_value_mse": 0.21083687245845795,
  "test_grad_mse": 0.28674107789993286,
  "best_epoch": 121,
  "time_s": 10.508521318435669,
  "n_epochs_actual": 172,
  "key": "poly_trig_d20_n4096_noise0.2_s456_vanilla",
  "timestamp": "2026-04-06T23:00:00.955165"
}