{
  "method": "baseline_krr",
  "func_type": "poly_trig",
  "dim": 5,
  "n_samples": 1024,
  "noise_level": 0.5,
  "seed": 123,
  "lambda": 1.0,
  "test_value_mse": 0.06483160704374313,
  "test_grad_mse": 0.4131868547922491,
  "time_s": 0.25873780250549316,
  "key": "poly_trig_d5_n1024_noise0.5_s123_baseline_krr",
  "timestamp": "2026-04-06T15:26:35.286320"
}