{
  "method": "baseline_rf",
  "func_type": "poly_trig",
  "dim": 5,
  "n_samples": 256,
  "noise_level": 0.2,
  "seed": 456,
  "lambda": 1.0,
  "test_value_mse": 0.13109569947136673,
  "test_grad_mse": 1.149429417733635,
  "time_s": 1.7837471961975098,
  "key": "poly_trig_d5_n256_noise0.2_s456_baseline_rf",
  "timestamp": "2026-04-06T15:04:11.598537"
}