{
  "method": "dml_fixed",
  "func_type": "poly_trig",
  "dim": 20,
  "n_samples": 512,
  "noise_level": 0.0,
  "seed": 456,
  "lambda": 1.0,
  "test_value_mse": 0.06545952707529068,
  "test_grad_mse": 0.061475690454244614,
  "best_epoch": 499,
  "time_s": 8.604121923446655,
  "n_epochs_actual": 500,
  "key": "poly_trig_d20_n512_noise0.0_s456_dml_fixed",
  "timestamp": "2026-04-06T20:45:08.113757"
}