{
  "method": "dml_gradnorm",
  "func_type": "poly_trig",
  "dim": 2,
  "n_samples": 512,
  "noise_level": 0.0,
  "seed": 789,
  "lambda": 1.0,
  "test_value_mse": 5.331568218025495e-07,
  "test_grad_mse": 4.36104710388463e-05,
  "best_epoch": 499,
  "time_s": 13.762303829193115,
  "n_epochs_actual": 500,
  "key": "poly_trig_d2_n512_noise0.0_s789_dml_gradnorm",
  "timestamp": "2026-04-06T12:52:59.422629"
}