{
  "method": "dml_relobralo",
  "func_type": "poly_trig",
  "dim": 2,
  "n_samples": 4096,
  "noise_level": 0.2,
  "seed": 123,
  "lambda": 1.0,
  "test_value_mse": 2.930830123659689e-05,
  "test_grad_mse": 0.0006308401352725923,
  "best_epoch": 210,
  "time_s": 22.27406358718872,
  "n_epochs_actual": 261,
  "key": "poly_trig_d2_n4096_noise0.2_s123_dml_relobralo",
  "timestamp": "2026-04-26T08:35:26.400010"
}