{
  "method": "vanilla",
  "func_type": "poly_trig",
  "dim": 50,
  "n_samples": 256,
  "noise_level": 0.5,
  "seed": 1000,
  "lambda": 1.0,
  "test_value_mse": 1.8345614671707153,
  "test_grad_mse": 0.8143948912620544,
  "best_epoch": 40,
  "time_s": 3.278717041015625,
  "n_epochs_actual": 91,
  "key": "poly_trig_d50_n256_noise0.5_s1000_vanilla",
  "timestamp": "2026-04-06T23:58:00.074912"
}