{
  "method": "vanilla",
  "func_type": "poly_trig",
  "dim": 10,
  "n_samples": 4096,
  "noise_level": 0.2,
  "seed": 456,
  "lambda": 1.0,
  "test_value_mse": 0.004144579637795687,
  "test_grad_mse": 0.024288412183523178,
  "best_epoch": 244,
  "time_s": 15.294237852096558,
  "n_epochs_actual": 295,
  "key": "poly_trig_d10_n4096_noise0.2_s456_vanilla",
  "timestamp": "2026-04-06T19:38:48.906757"
}