{
  "method": "dml_fixed",
  "func_type": "poly_trig",
  "dim": 20,
  "n_samples": 1024,
  "noise_level": 0.5,
  "seed": 456,
  "lambda": 1.0,
  "test_value_mse": 0.1493799239397049,
  "test_grad_mse": 0.09323588758707047,
  "best_epoch": 146,
  "time_s": 9.503864288330078,
  "n_epochs_actual": 197,
  "key": "poly_trig_d20_n1024_noise0.5_s456_dml_fixed",
  "timestamp": "2026-04-06T21:14:20.432689"
}