{
  "method": "baseline_krr",
  "func_type": "poly_trig",
  "dim": 20,
  "n_samples": 1024,
  "noise_level": 0.5,
  "seed": 456,
  "lambda": 1.0,
  "test_value_mse": 0.5510690212249756,
  "test_grad_mse": 0.6604023549660593,
  "time_s": 2.1389245986938477,
  "key": "poly_trig_d20_n1024_noise0.5_s456_baseline_krr",
  "timestamp": "2026-04-06T21:15:03.691031"
}