{
  "method": "dml_gradnorm",
  "func_type": "poly_trig",
  "dim": 50,
  "n_samples": 4096,
  "noise_level": 0.5,
  "seed": 123,
  "lambda": 1.0,
  "test_value_mse": 0.6496425867080688,
  "test_grad_mse": 0.17162863910198212,
  "best_epoch": 340,
  "time_s": 54.61429262161255,
  "n_epochs_actual": 391,
  "key": "poly_trig_d50_n4096_noise0.5_s123_dml_gradnorm",
  "timestamp": "2026-04-07T00:55:54.352036"
}