{
  "method": "baseline_rf",
  "func_type": "poly_trig",
  "dim": 5,
  "n_samples": 2048,
  "noise_level": 0.0,
  "seed": 789,
  "lambda": 1.0,
  "test_value_mse": 0.09855112519635302,
  "test_grad_mse": 115.05471107030912,
  "time_s": 2.4449706077575684,
  "key": "poly_trig_d5_n2048_noise0.0_s789_baseline_rf",
  "timestamp": "2026-04-06T15:38:05.259641"
}