{
  "method": "dml_fixed",
  "func_type": "poly_trig",
  "dim": 5,
  "n_samples": 256,
  "noise_level": 0.05,
  "seed": 789,
  "lambda": 1.0,
  "test_value_mse": 0.0007198009989224374,
  "test_grad_mse": 0.004719211254268885,
  "best_epoch": 189,
  "time_s": 5.173397541046143,
  "n_epochs_actual": 240,
  "key": "poly_trig_d5_n256_noise0.05_s789_dml_fixed",
  "timestamp": "2026-04-06T14:59:24.586170"
}