{
  "method": "dml_gradnorm",
  "func_type": "poly_trig",
  "dim": 10,
  "n_samples": 4096,
  "noise_level": 0.2,
  "seed": 1000,
  "lambda": 1.0,
  "test_value_mse": 0.002228965051472187,
  "test_grad_mse": 0.006943793967366219,
  "best_epoch": 127,
  "time_s": 26.21707582473755,
  "n_epochs_actual": 178,
  "key": "poly_trig_d10_n4096_noise0.2_s1000_dml_gradnorm",
  "timestamp": "2026-04-06T19:53:06.868155"
}