{
  "method": "dml_relobralo",
  "func_type": "poly_trig",
  "dim": 5,
  "n_samples": 256,
  "noise_level": 0.05,
  "seed": 42,
  "lambda": 1.0,
  "test_value_mse": 0.0010027027456089854,
  "test_grad_mse": 0.010907693766057491,
  "best_epoch": 499,
  "time_s": 12.727822542190552,
  "n_epochs_actual": 500,
  "key": "poly_trig_d5_n256_noise0.05_s42_dml_relobralo",
  "timestamp": "2026-04-26T08:37:08.579361"
}