{
  "method": "dml_fixed",
  "func_type": "poly_trig",
  "dim": 2,
  "n_samples": 4096,
  "noise_level": 0.1,
  "seed": 1000,
  "lambda": 1.0,
  "test_value_mse": 5.670042355632177e-06,
  "test_grad_mse": 0.00017201461014337838,
  "best_epoch": 187,
  "time_s": 13.223843336105347,
  "n_epochs_actual": 238,
  "key": "poly_trig_d2_n4096_noise0.1_s1000_dml_fixed",
  "timestamp": "2026-04-06T14:03:13.952458"
}