{
  "method": "dml_fixed",
  "func_type": "poly_trig",
  "dim": 50,
  "n_samples": 256,
  "noise_level": 0.2,
  "seed": 1000,
  "lambda": 1.0,
  "test_value_mse": 2.2108898162841797,
  "test_grad_mse": 0.536977231502533,
  "best_epoch": 158,
  "time_s": 7.191756248474121,
  "n_epochs_actual": 209,
  "key": "poly_trig_d50_n256_noise0.2_s1000_dml_fixed",
  "timestamp": "2026-04-06T23:56:00.967274"
}