{
  "method": "dml_relobralo",
  "func_type": "poly_trig",
  "dim": 20,
  "n_samples": 1024,
  "noise_level": 0.2,
  "seed": 789,
  "lambda": 1.0,
  "test_value_mse": 0.09312733262777328,
  "test_grad_mse": 0.0823393315076828,
  "best_epoch": 498,
  "time_s": 17.338435173034668,
  "n_epochs_actual": 500,
  "key": "poly_trig_d20_n1024_noise0.2_s789_dml_relobralo",
  "timestamp": "2026-04-26T09:24:28.310570"
}