{
  "method": "dml_fixed",
  "func_type": "poly_trig",
  "dim": 50,
  "n_samples": 1024,
  "noise_level": 0.5,
  "seed": 1000,
  "lambda": 1.0,
  "test_value_mse": 1.741341233253479,
  "test_grad_mse": 0.482025146484375,
  "best_epoch": 127,
  "time_s": 6.010789632797241,
  "n_epochs_actual": 178,
  "key": "poly_trig_d50_n1024_noise0.5_s1000_dml_fixed",
  "timestamp": "2026-04-07T00:15:57.608641"
}