{
  "method": "vanilla",
  "func_type": "poly_trig",
  "dim": 10,
  "n_samples": 1024,
  "noise_level": 0.5,
  "seed": 456,
  "lambda": 1.0,
  "test_value_mse": 0.04829923063516617,
  "test_grad_mse": 0.1523200273513794,
  "best_epoch": 349,
  "time_s": 10.551974296569824,
  "n_epochs_actual": 400,
  "key": "poly_trig_d10_n1024_noise0.5_s456_vanilla",
  "timestamp": "2026-04-06T17:54:02.822651"
}