{
  "method": "baseline_krr",
  "func_type": "poly_trig",
  "dim": 20,
  "n_samples": 256,
  "noise_level": 0.2,
  "seed": 456,
  "lambda": 1.0,
  "test_value_mse": 0.8562265038490295,
  "test_grad_mse": 0.7206206190827877,
  "time_s": 0.01869511604309082,
  "key": "poly_trig_d20_n256_noise0.2_s456_baseline_krr",
  "timestamp": "2026-04-06T20:38:56.741457"
}