{
  "method": "dml_gradnorm",
  "func_type": "poly_trig",
  "dim": 2,
  "n_samples": 1024,
  "noise_level": 0.2,
  "seed": 789,
  "lambda": 1.0,
  "test_value_mse": 6.18986232439056e-05,
  "test_grad_mse": 0.0015214548911899328,
  "best_epoch": 107,
  "time_s": 8.97020435333252,
  "n_epochs_actual": 158,
  "key": "poly_trig_d2_n1024_noise0.2_s789_dml_gradnorm",
  "timestamp": "2026-04-06T13:03:07.540565"
}