{
  "method": "vanilla",
  "func_type": "poly_trig",
  "dim": 20,
  "n_samples": 2048,
  "noise_level": 0.0,
  "seed": 42,
  "lambda": 1.0,
  "test_value_mse": 0.38363945484161377,
  "test_grad_mse": 0.5392439365386963,
  "best_epoch": 63,
  "time_s": 5.073718070983887,
  "n_epochs_actual": 114,
  "key": "poly_trig_d20_n2048_noise0.0_s42_vanilla",
  "timestamp": "2026-04-06T21:18:18.946944"
}