{
  "method": "dml_fixed",
  "func_type": "poly_trig",
  "dim": 5,
  "n_samples": 2048,
  "noise_level": 0.0,
  "seed": 456,
  "lambda": 1.0,
  "test_value_mse": 1.3028171451878734e-05,
  "test_grad_mse": 0.00016188787412829697,
  "best_epoch": 497,
  "time_s": 16.96919870376587,
  "n_epochs_actual": 500,
  "key": "poly_trig_d5_n2048_noise0.0_s456_dml_fixed",
  "timestamp": "2026-04-06T15:33:50.049909"
}