{
  "method": "dml_relobralo",
  "func_type": "poly_trig",
  "dim": 2,
  "n_samples": 256,
  "noise_level": 0.5,
  "seed": 1000,
  "lambda": 1.0,
  "test_value_mse": 0.004934401251375675,
  "test_grad_mse": 0.028984151780605316,
  "best_epoch": 51,
  "time_s": 2.263441324234009,
  "n_epochs_actual": 102,
  "key": "poly_trig_d2_n256_noise0.5_s1000_dml_relobralo",
  "timestamp": "2026-04-26T08:26:24.422635"
}