{
  "method": "dml_gradnorm",
  "func_type": "poly_trig",
  "dim": 5,
  "n_samples": 1024,
  "noise_level": 0.2,
  "seed": 42,
  "lambda": 1.0,
  "test_value_mse": 0.00098981277551502,
  "test_grad_mse": 0.0067691742442548275,
  "best_epoch": 238,
  "time_s": 14.76948595046997,
  "n_epochs_actual": 289,
  "key": "poly_trig_d5_n1024_noise0.2_s42_dml_gradnorm",
  "timestamp": "2026-04-06T15:21:25.271159"
}