{
  "method": "baseline_krr",
  "func_type": "poly_trig",
  "dim": 20,
  "n_samples": 2048,
  "noise_level": 0.0,
  "seed": 123,
  "lambda": 1.0,
  "test_value_mse": 0.7172022461891174,
  "test_grad_mse": 0.8504209219241818,
  "time_s": 5.58409857749939,
  "key": "poly_trig_d20_n2048_noise0.0_s123_baseline_krr",
  "timestamp": "2026-04-06T21:23:25.057973"
}