{
  "method": "dml_relobralo",
  "func_type": "poly_trig",
  "dim": 10,
  "n_samples": 1024,
  "noise_level": 0.2,
  "seed": 1000,
  "lambda": 1.0,
  "test_value_mse": 0.005580272525548935,
  "test_grad_mse": 0.015578013844788074,
  "best_epoch": 353,
  "time_s": 12.191445350646973,
  "n_epochs_actual": 404,
  "key": "poly_trig_d10_n1024_noise0.2_s1000_dml_relobralo",
  "timestamp": "2026-04-26T09:02:23.559670"
}