{
  "method": "dml_relobralo",
  "func_type": "poly_trig",
  "dim": 20,
  "n_samples": 4096,
  "noise_level": 0.5,
  "seed": 42,
  "lambda": 1.0,
  "test_value_mse": 0.04311058297753334,
  "test_grad_mse": 0.04900979995727539,
  "best_epoch": 240,
  "time_s": 27.74607229232788,
  "n_epochs_actual": 291,
  "key": "poly_trig_d20_n4096_noise0.5_s42_dml_relobralo",
  "timestamp": "2026-04-26T09:39:04.009023"
}