{
  "method": "dml_gradnorm",
  "func_type": "poly_trig",
  "dim": 2,
  "n_samples": 512,
  "noise_level": 0.0,
  "seed": 123,
  "lambda": 1.0,
  "test_value_mse": 3.876764822052792e-06,
  "test_grad_mse": 0.00024339680385310203,
  "best_epoch": 176,
  "time_s": 6.112852096557617,
  "n_epochs_actual": 227,
  "key": "poly_trig_d2_n512_noise0.0_s123_dml_gradnorm",
  "timestamp": "2026-04-06T12:51:41.677005"
}