{
  "method": "vanilla",
  "func_type": "poly_trig",
  "dim": 2,
  "n_samples": 1024,
  "noise_level": 0.2,
  "seed": 1000,
  "lambda": 1.0,
  "test_value_mse": 4.0654467738932e-06,
  "test_grad_mse": 0.000831252196803689,
  "best_epoch": 491,
  "time_s": 9.2456796169281,
  "n_epochs_actual": 500,
  "key": "poly_trig_d2_n1024_noise0.2_s1000_vanilla",
  "timestamp": "2026-04-06T13:03:33.137525"
}