{
  "method": "baseline_gp",
  "func_type": "poly_trig",
  "dim": 20,
  "n_samples": 4096,
  "noise_level": 0.1,
  "seed": 1000,
  "lambda": 1.0,
  "test_value_mse": 0.001482923793018544,
  "test_grad_mse": 0.003128535246939266,
  "time_s": 199.05620312690735,
  "key": "poly_trig_d20_n4096_noise0.1_s1000_baseline_gp",
  "timestamp": "2026-04-06T22:44:01.366605"
}