{
  "method": "dml_fixed",
  "func_type": "poly_trig",
  "dim": 2,
  "n_samples": 256,
  "noise_level": 0.2,
  "seed": 42,
  "lambda": 1.0,
  "test_value_mse": 0.00029494872433133423,
  "test_grad_mse": 0.008416368626058102,
  "best_epoch": 93,
  "time_s": 3.7289490699768066,
  "n_epochs_actual": 144,
  "key": "poly_trig_d2_n256_noise0.2_s42_dml_fixed",
  "timestamp": "2026-04-06T12:47:45.306742"
}