{
  "method": "dml_gradnorm",
  "func_type": "poly_trig",
  "dim": 5,
  "n_samples": 1024,
  "noise_level": 0.5,
  "seed": 42,
  "lambda": 1.0,
  "test_value_mse": 0.0033448359463363886,
  "test_grad_mse": 0.023011719807982445,
  "best_epoch": 123,
  "time_s": 10.322660684585571,
  "n_epochs_actual": 174,
  "key": "poly_trig_d5_n1024_noise0.5_s42_dml_gradnorm",
  "timestamp": "2026-04-06T15:25:16.518315"
}