{
  "method": "dml_relobralo",
  "func_type": "poly_trig",
  "dim": 50,
  "n_samples": 1024,
  "noise_level": 0.5,
  "seed": 1000,
  "lambda": 1.0,
  "test_value_mse": 1.9932105541229248,
  "test_grad_mse": 0.8157473206520081,
  "best_epoch": 36,
  "time_s": 4.2451136112213135,
  "n_epochs_actual": 87,
  "key": "poly_trig_d50_n1024_noise0.5_s1000_dml_relobralo",
  "timestamp": "2026-04-26T09:45:14.017559"
}