{
  "method": "dml_gradnorm",
  "func_type": "poly_trig",
  "dim": 50,
  "n_samples": 256,
  "noise_level": 0.5,
  "seed": 456,
  "lambda": 1.0,
  "test_value_mse": 2.3246312141418457,
  "test_grad_mse": 0.7584319710731506,
  "best_epoch": 56,
  "time_s": 4.844992637634277,
  "n_epochs_actual": 107,
  "key": "poly_trig_d50_n256_noise0.5_s456_dml_gradnorm",
  "timestamp": "2026-04-06T23:57:17.058161"
}