{
  "method": "baseline_rf",
  "func_type": "poly_trig",
  "dim": 20,
  "n_samples": 1024,
  "noise_level": 0.2,
  "seed": 123,
  "lambda": 1.0,
  "test_value_mse": 1.2317442995021204,
  "test_grad_mse": 382.6818370516838,
  "time_s": 7.606422185897827,
  "key": "poly_trig_d20_n1024_noise0.2_s123_baseline_rf",
  "timestamp": "2026-04-06T21:07:05.195881"
}