{
  "method": "dml_relobralo",
  "func_type": "poly_trig",
  "dim": 50,
  "n_samples": 1024,
  "noise_level": 0.5,
  "seed": 789,
  "lambda": 1.0,
  "test_value_mse": 1.6822068691253662,
  "test_grad_mse": 0.6295941472053528,
  "best_epoch": 31,
  "time_s": 3.3060481548309326,
  "n_epochs_actual": 82,
  "key": "poly_trig_d50_n1024_noise0.5_s789_dml_relobralo",
  "timestamp": "2026-04-26T09:45:08.423097"
}