{
  "method": "dml_relobralo",
  "func_type": "poly_trig",
  "dim": 5,
  "n_samples": 1024,
  "noise_level": 0.2,
  "seed": 42,
  "lambda": 1.0,
  "test_value_mse": 0.0007407442899420857,
  "test_grad_mse": 0.00779080530628562,
  "best_epoch": 214,
  "time_s": 7.220082759857178,
  "n_epochs_actual": 265,
  "key": "poly_trig_d5_n1024_noise0.2_s42_dml_relobralo",
  "timestamp": "2026-04-26T08:42:38.299372"
}