{
  "method": "vanilla",
  "func_type": "poly_trig",
  "dim": 100,
  "n_samples": 2048,
  "noise_level": 0.0,
  "seed": 1000,
  "lambda": 1.0,
  "test_value_mse": 3.596879243850708,
  "test_grad_mse": 0.7397616505622864,
  "best_epoch": 24,
  "time_s": 5.035552024841309,
  "n_epochs_actual": 75,
  "key": "poly_trig_d100_n2048_noise0.0_s1000_vanilla",
  "timestamp": "2026-04-07T01:39:13.754550"
}