{
  "method": "dml_gradnorm",
  "func_type": "poly_trig",
  "dim": 10,
  "n_samples": 4096,
  "noise_level": 0.05,
  "seed": 789,
  "lambda": 1.0,
  "test_value_mse": 0.00041435949970036745,
  "test_grad_mse": 0.0015104751801118255,
  "best_epoch": 481,
  "time_s": 61.10440683364868,
  "n_epochs_actual": 500,
  "key": "poly_trig_d10_n4096_noise0.05_s789_dml_gradnorm",
  "timestamp": "2026-04-06T18:37:22.163137"
}