{
  "method": "baseline_rf",
  "func_type": "poly_trig",
  "dim": 20,
  "n_samples": 256,
  "noise_level": 0.5,
  "seed": 456,
  "lambda": 1.0,
  "test_value_mse": 1.873683103112411,
  "test_grad_mse": 1.3050006410273007,
  "time_s": 3.7416326999664307,
  "key": "poly_trig_d20_n256_noise0.5_s456_baseline_rf",
  "timestamp": "2026-04-06T20:41:49.552266"
}