{
  "method": "dml_fixed",
  "func_type": "poly_trig",
  "dim": 50,
  "n_samples": 4096,
  "noise_level": 0.1,
  "seed": 456,
  "lambda": 1.0,
  "test_value_mse": 0.09746019542217255,
  "test_grad_mse": 0.030630480498075485,
  "best_epoch": 499,
  "time_s": 26.982628107070923,
  "n_epochs_actual": 500,
  "key": "poly_trig_d50_n4096_noise0.1_s456_dml_fixed",
  "timestamp": "2026-04-07T00:37:29.666812"
}