{
  "method": "dml_fixed",
  "func_type": "poly_trig",
  "dim": 10,
  "n_samples": 512,
  "noise_level": 0.0,
  "seed": 42,
  "lambda": 1.0,
  "test_value_mse": 0.009592961519956589,
  "test_grad_mse": 0.026528021320700645,
  "best_epoch": 499,
  "time_s": 7.48989462852478,
  "n_epochs_actual": 500,
  "key": "poly_trig_d10_n512_noise0.0_s42_dml_fixed",
  "timestamp": "2026-04-06T17:22:14.308877"
}