{
  "method": "dml_fixed",
  "func_type": "poly_trig",
  "dim": 50,
  "n_samples": 256,
  "noise_level": 0.2,
  "seed": 456,
  "lambda": 1.0,
  "test_value_mse": 2.363436222076416,
  "test_grad_mse": 0.42819270491600037,
  "best_epoch": 173,
  "time_s": 5.537320137023926,
  "n_epochs_actual": 224,
  "key": "poly_trig_d50_n256_noise0.2_s456_dml_fixed",
  "timestamp": "2026-04-06T23:55:01.811094"
}