{
  "method": "dml_relobralo",
  "func_type": "poly_trig",
  "dim": 10,
  "n_samples": 4096,
  "noise_level": 0.05,
  "seed": 42,
  "lambda": 1.0,
  "test_value_mse": 0.0006390597554855049,
  "test_grad_mse": 0.002821049652993679,
  "best_epoch": 486,
  "time_s": 51.47820711135864,
  "n_epochs_actual": 500,
  "key": "poly_trig_d10_n4096_noise0.05_s42_dml_relobralo",
  "timestamp": "2026-04-26T09:05:56.283449"
}