{
  "method": "baseline_krr",
  "func_type": "poly_trig",
  "dim": 10,
  "n_samples": 1024,
  "noise_level": 0.5,
  "seed": 456,
  "lambda": 1.0,
  "test_value_mse": 0.19624674320220947,
  "test_grad_mse": 0.5183440794146591,
  "time_s": 0.20541596412658691,
  "key": "poly_trig_d10_n1024_noise0.5_s456_baseline_krr",
  "timestamp": "2026-04-06T17:54:46.707549"
}