{
  "method": "baseline_rf",
  "func_type": "poly_trig",
  "dim": 10,
  "n_samples": 1024,
  "noise_level": 0.1,
  "seed": 42,
  "lambda": 1.0,
  "test_value_mse": 0.41263209908158677,
  "test_grad_mse": 123.83382668500273,
  "time_s": 3.610680341720581,
  "key": "poly_trig_d10_n1024_noise0.1_s42_baseline_rf",
  "timestamp": "2026-04-06T17:34:12.630706"
}