{
  "method": "dml_gradnorm",
  "func_type": "poly_trig",
  "dim": 100,
  "n_samples": 2048,
  "noise_level": 0.0,
  "seed": 1000,
  "lambda": 1.0,
  "test_value_mse": 2.7420666217803955,
  "test_grad_mse": 0.3402837812900543,
  "best_epoch": 499,
  "time_s": 46.66914629936218,
  "n_epochs_actual": 500,
  "key": "poly_trig_d100_n2048_noise0.0_s1000_dml_gradnorm",
  "timestamp": "2026-04-07T01:40:13.314375"
}