{
  "method": "dml_gradnorm",
  "func_type": "poly_trig",
  "dim": 50,
  "n_samples": 4096,
  "noise_level": 0.2,
  "seed": 123,
  "lambda": 1.0,
  "test_value_mse": 0.24137434363365173,
  "test_grad_mse": 0.06833108514547348,
  "best_epoch": 489,
  "time_s": 73.65807795524597,
  "n_epochs_actual": 500,
  "key": "poly_trig_d50_n4096_noise0.2_s123_dml_gradnorm",
  "timestamp": "2026-04-07T00:46:48.434935"
}