{
  "method": "baseline_krr",
  "func_type": "poly_trig",
  "dim": 10,
  "n_samples": 512,
  "noise_level": 0.0,
  "seed": 1000,
  "lambda": 1.0,
  "test_value_mse": 0.2565698027610779,
  "test_grad_mse": 0.6221816440460479,
  "time_s": 0.06745386123657227,
  "key": "poly_trig_d10_n512_noise0.0_s1000_baseline_krr",
  "timestamp": "2026-04-06T17:25:26.050856"
}