{
  "method": "dml_fixed",
  "func_type": "poly_trig",
  "dim": 50,
  "n_samples": 4096,
  "noise_level": 0.1,
  "seed": 42,
  "lambda": 1.0,
  "test_value_mse": 0.17739200592041016,
  "test_grad_mse": 0.0505453459918499,
  "best_epoch": 483,
  "time_s": 30.90766429901123,
  "n_epochs_actual": 500,
  "key": "poly_trig_d50_n4096_noise0.1_s42_dml_fixed",
  "timestamp": "2026-04-07T00:33:38.173928"
}