{
  "method": "vanilla",
  "func_type": "poly_trig",
  "dim": 2,
  "n_samples": 4096,
  "noise_level": 0.1,
  "seed": 42,
  "lambda": 1.0,
  "test_value_mse": 3.286071660113521e-06,
  "test_grad_mse": 0.0010712333023548126,
  "best_epoch": 484,
  "time_s": 20.35245370864868,
  "n_epochs_actual": 500,
  "key": "poly_trig_d2_n4096_noise0.1_s42_vanilla",
  "timestamp": "2026-04-06T13:44:51.274371"
}