{
  "method": "dml_fixed",
  "func_type": "poly_trig",
  "dim": 5,
  "n_samples": 256,
  "noise_level": 0.2,
  "seed": 789,
  "lambda": 1.0,
  "test_value_mse": 0.0019604195840656757,
  "test_grad_mse": 0.012414171360433102,
  "best_epoch": 171,
  "time_s": 5.4287800788879395,
  "n_epochs_actual": 222,
  "key": "poly_trig_d5_n256_noise0.2_s789_dml_fixed",
  "timestamp": "2026-04-06T15:04:26.161217"
}