{
  "method": "baseline_rf",
  "func_type": "poly_trig",
  "dim": 20,
  "n_samples": 2048,
  "noise_level": 0.0,
  "seed": 789,
  "lambda": 1.0,
  "test_value_mse": 1.554338705833548,
  "test_grad_mse": 58.2552893359168,
  "time_s": 8.305783033370972,
  "key": "poly_trig_d20_n2048_noise0.0_s789_baseline_rf",
  "timestamp": "2026-04-06T21:29:25.768134"
}