{
  "method": "dml_gradnorm",
  "func_type": "poly_trig",
  "dim": 100,
  "n_samples": 1024,
  "noise_level": 0.1,
  "seed": 123,
  "lambda": 1.0,
  "test_value_mse": 4.332376480102539,
  "test_grad_mse": 0.47209879755973816,
  "best_epoch": 496,
  "time_s": 27.50826930999756,
  "n_epochs_actual": 500,
  "key": "poly_trig_d100_n1024_noise0.1_s123_dml_gradnorm",
  "timestamp": "2026-04-07T01:22:28.713168"
}