{
  "method": "baseline_gp",
  "func_type": "poly_trig",
  "dim": 10,
  "n_samples": 256,
  "noise_level": 0.1,
  "seed": 42,
  "lambda": 1.0,
  "test_value_mse": 0.40173833932834374,
  "test_grad_mse": 0.8448743280768595,
  "time_s": 0.23768305778503418,
  "key": "poly_trig_d10_n256_noise0.1_s42_baseline_gp",
  "timestamp": "2026-04-06T17:14:25.823734"
}