{
  "method": "baseline_krr",
  "func_type": "poly_trig",
  "dim": 20,
  "n_samples": 256,
  "noise_level": 0.05,
  "seed": 123,
  "lambda": 1.0,
  "test_value_mse": 1.0243375301361084,
  "test_grad_mse": 0.8239883394985142,
  "time_s": 0.08447623252868652,
  "key": "poly_trig_d20_n256_noise0.05_s123_baseline_krr",
  "timestamp": "2026-04-06T20:31:02.879297"
}