{
  "method": "dml_fixed",
  "func_type": "poly_trig",
  "dim": 5,
  "n_samples": 1024,
  "noise_level": 0.2,
  "seed": 123,
  "lambda": 1.0,
  "test_value_mse": 0.0011626482009887695,
  "test_grad_mse": 0.005421217996627092,
  "best_epoch": 149,
  "time_s": 6.193158149719238,
  "n_epochs_actual": 200,
  "key": "poly_trig_d5_n1024_noise0.2_s123_dml_fixed",
  "timestamp": "2026-04-06T15:21:58.090553"
}