{
  "method": "dml_gradnorm",
  "func_type": "poly_trig",
  "dim": 5,
  "n_samples": 256,
  "noise_level": 0.05,
  "seed": 456,
  "lambda": 1.0,
  "test_value_mse": 0.00030778435757383704,
  "test_grad_mse": 0.002751416526734829,
  "best_epoch": 460,
  "time_s": 14.728894710540771,
  "n_epochs_actual": 500,
  "key": "poly_trig_d5_n256_noise0.05_s456_dml_gradnorm",
  "timestamp": "2026-04-06T14:59:04.326583"
}