{
  "method": "dml_relobralo",
  "func_type": "poly_trig",
  "dim": 2,
  "n_samples": 4096,
  "noise_level": 0.1,
  "seed": 789,
  "lambda": 1.0,
  "test_value_mse": 2.829617187671829e-05,
  "test_grad_mse": 0.00031052547274157405,
  "best_epoch": 102,
  "time_s": 12.937462568283081,
  "n_epochs_actual": 153,
  "key": "poly_trig_d2_n4096_noise0.1_s789_dml_relobralo",
  "timestamp": "2026-04-26T08:34:08.078300"
}