{
  "method": "dml_relobralo",
  "func_type": "poly_trig",
  "dim": 20,
  "n_samples": 4096,
  "noise_level": 0.2,
  "seed": 456,
  "lambda": 1.0,
  "test_value_mse": 0.012448329478502274,
  "test_grad_mse": 0.016415579244494438,
  "best_epoch": 370,
  "time_s": 38.39324235916138,
  "n_epochs_actual": 421,
  "key": "poly_trig_d20_n4096_noise0.2_s456_dml_relobralo",
  "timestamp": "2026-04-26T09:36:55.364839"
}