{
  "method": "dml_gradnorm",
  "func_type": "poly_trig",
  "dim": 2,
  "n_samples": 1024,
  "noise_level": 0.2,
  "seed": 1000,
  "lambda": 1.0,
  "test_value_mse": 0.00011699995957314968,
  "test_grad_mse": 0.0017351212445646524,
  "best_epoch": 116,
  "time_s": 8.624521255493164,
  "n_epochs_actual": 167,
  "key": "poly_trig_d2_n1024_noise0.2_s1000_dml_gradnorm",
  "timestamp": "2026-04-06T13:03:46.876396"
}