{
  "method": "dml_fixed",
  "func_type": "poly_trig",
  "dim": 100,
  "n_samples": 1024,
  "noise_level": 0.05,
  "seed": 456,
  "lambda": 1.0,
  "test_value_mse": 2.9963667392730713,
  "test_grad_mse": 0.3788817524909973,
  "best_epoch": 132,
  "time_s": 6.852301597595215,
  "n_epochs_actual": 183,
  "key": "poly_trig_d100_n1024_noise0.05_s456_dml_fixed",
  "timestamp": "2026-04-07T01:18:18.995453"
}