{
  "method": "dml_relobralo",
  "func_type": "poly_trig",
  "dim": 20,
  "n_samples": 4096,
  "noise_level": 0.1,
  "seed": 789,
  "lambda": 1.0,
  "test_value_mse": 0.01498545054346323,
  "test_grad_mse": 0.019671477377414703,
  "best_epoch": 494,
  "time_s": 43.47242450714111,
  "n_epochs_actual": 500,
  "key": "poly_trig_d20_n4096_noise0.1_s789_dml_relobralo",
  "timestamp": "2026-04-26T09:34:03.683478"
}