{
  "method": "baseline_krr",
  "func_type": "poly_trig",
  "dim": 10,
  "n_samples": 256,
  "noise_level": 0.1,
  "seed": 456,
  "lambda": 1.0,
  "test_value_mse": 0.32577434182167053,
  "test_grad_mse": 0.5498336185296242,
  "time_s": 0.011243581771850586,
  "key": "poly_trig_d10_n256_noise0.1_s456_baseline_krr",
  "timestamp": "2026-04-06T17:15:36.732017"
}