{
  "method": "vanilla",
  "func_type": "poly_trig",
  "dim": 5,
  "n_samples": 256,
  "noise_level": 0.05,
  "seed": 789,
  "lambda": 1.0,
  "test_value_mse": 0.007908240891993046,
  "test_grad_mse": 0.03965969383716583,
  "best_epoch": 494,
  "time_s": 6.707973003387451,
  "n_epochs_actual": 500,
  "key": "poly_trig_d5_n256_noise0.05_s789_vanilla",
  "timestamp": "2026-04-06T14:59:19.412248"
}