{
  "method": "dml_gradnorm",
  "func_type": "poly_trig",
  "dim": 10,
  "n_samples": 4096,
  "noise_level": 0.1,
  "seed": 1000,
  "lambda": 1.0,
  "test_value_mse": 0.0009444340248592198,
  "test_grad_mse": 0.0031173296738415956,
  "best_epoch": 263,
  "time_s": 42.63894557952881,
  "n_epochs_actual": 314,
  "key": "poly_trig_d10_n4096_noise0.1_s1000_dml_gradnorm",
  "timestamp": "2026-04-06T19:23:07.999394"
}