{
  "method": "dml_gradnorm",
  "func_type": "poly_trig",
  "dim": 50,
  "n_samples": 1024,
  "noise_level": 0.05,
  "seed": 123,
  "lambda": 1.0,
  "test_value_mse": 1.171125888824463,
  "test_grad_mse": 0.32941552996635437,
  "best_epoch": 499,
  "time_s": 23.55734872817993,
  "n_epochs_actual": 500,
  "key": "poly_trig_d50_n1024_noise0.05_s123_dml_gradnorm",
  "timestamp": "2026-04-07T00:01:58.316734"
}