{
  "method": "dml_fixed",
  "func_type": "poly_trig",
  "dim": 100,
  "n_samples": 4096,
  "noise_level": 0.2,
  "seed": 42,
  "lambda": 1.0,
  "test_value_mse": 1.9179598093032837,
  "test_grad_mse": 0.23891253769397736,
  "best_epoch": 499,
  "time_s": 27.019898414611816,
  "n_epochs_actual": 500,
  "key": "poly_trig_d100_n4096_noise0.2_s42_dml_fixed",
  "timestamp": "2026-04-07T02:01:28.461629"
}