{
  "method": "baseline_rf",
  "func_type": "poly_trig",
  "dim": 10,
  "n_samples": 256,
  "noise_level": 0.5,
  "seed": 789,
  "lambda": 1.0,
  "test_value_mse": 0.8334311760677633,
  "test_grad_mse": 1.1292544123371984,
  "time_s": 3.0097179412841797,
  "key": "poly_trig_d10_n256_noise0.5_s789_baseline_rf",
  "timestamp": "2026-04-06T17:21:39.666988"
}