{
  "method": "dml_relobralo",
  "func_type": "poly_trig",
  "dim": 5,
  "n_samples": 512,
  "noise_level": 0.0,
  "seed": 42,
  "lambda": 1.0,
  "test_value_mse": 0.0006435671239160001,
  "test_grad_mse": 0.0071658543311059475,
  "best_epoch": 498,
  "time_s": 10.32842493057251,
  "n_epochs_actual": 500,
  "key": "poly_trig_d5_n512_noise0.0_s42_dml_relobralo",
  "timestamp": "2026-04-26T08:39:17.200523"
}