{
  "method": "baseline_rf",
  "func_type": "poly_trig",
  "dim": 2,
  "n_samples": 2048,
  "noise_level": 0.0,
  "seed": 456,
  "lambda": 1.0,
  "test_value_mse": 0.00024411826057833144,
  "test_grad_mse": 275.8429348606686,
  "time_s": 1.1324267387390137,
  "key": "poly_trig_d2_n2048_noise0.0_s456_baseline_rf",
  "timestamp": "2026-04-06T13:12:04.082724"
}