{
  "method": "dml_relobralo",
  "func_type": "poly_trig",
  "dim": 50,
  "n_samples": 2048,
  "noise_level": 0.0,
  "seed": 456,
  "lambda": 1.0,
  "test_value_mse": 1.4470258951187134,
  "test_grad_mse": 0.5818005800247192,
  "best_epoch": 69,
  "time_s": 6.672399997711182,
  "n_epochs_actual": 120,
  "key": "poly_trig_d50_n2048_noise0.0_s456_dml_relobralo",
  "timestamp": "2026-04-26T09:45:35.695679"
}