{
  "method": "vanilla",
  "func_type": "poly_trig",
  "dim": 20,
  "n_samples": 4096,
  "noise_level": 0.05,
  "seed": 456,
  "lambda": 1.0,
  "test_value_mse": 0.21083687245845795,
  "test_grad_mse": 0.28674107789993286,
  "best_epoch": 121,
  "time_s": 9.206688165664673,
  "n_epochs_actual": 172,
  "key": "poly_trig_d20_n4096_noise0.05_s456_vanilla",
  "timestamp": "2026-04-06T21:45:57.301216"
}