{
  "method": "vanilla",
  "func_type": "poly_trig",
  "dim": 100,
  "n_samples": 256,
  "noise_level": 0.1,
  "seed": 1000,
  "lambda": 1.0,
  "test_value_mse": 7.846072196960449,
  "test_grad_mse": 0.8136847615242004,
  "best_epoch": 41,
  "time_s": 4.244691848754883,
  "n_epochs_actual": 92,
  "key": "poly_trig_d100_n256_noise0.1_s1000_vanilla",
  "timestamp": "2026-04-07T01:06:10.293052"
}