{
  "method": "dml_fixed",
  "func_type": "poly_trig",
  "dim": 20,
  "n_samples": 4096,
  "noise_level": 0.2,
  "seed": 42,
  "lambda": 1.0,
  "test_value_mse": 0.010593364015221596,
  "test_grad_mse": 0.01174725778400898,
  "best_epoch": 303,
  "time_s": 24.161776542663574,
  "n_epochs_actual": 354,
  "key": "poly_trig_d20_n4096_noise0.2_s42_dml_fixed",
  "timestamp": "2026-04-06T22:44:49.289959"
}