{
  "method": "dml_gradnorm",
  "func_type": "poly_trig",
  "dim": 5,
  "n_samples": 4096,
  "noise_level": 0.05,
  "seed": 123,
  "lambda": 1.0,
  "test_value_mse": 2.9216833354439586e-05,
  "test_grad_mse": 0.0003582415811251849,
  "best_epoch": 210,
  "time_s": 33.98404812812805,
  "n_epochs_actual": 261,
  "key": "poly_trig_d5_n4096_noise0.05_s123_dml_gradnorm",
  "timestamp": "2026-04-06T15:46:41.517675"
}