{
  "method": "dml_fixed",
  "func_type": "poly_trig",
  "dim": 20,
  "n_samples": 256,
  "noise_level": 0.1,
  "seed": 789,
  "lambda": 1.0,
  "test_value_mse": 0.16869528591632843,
  "test_grad_mse": 0.16887177526950836,
  "best_epoch": 499,
  "time_s": 7.5540549755096436,
  "n_epochs_actual": 500,
  "key": "poly_trig_d20_n256_noise0.1_s789_dml_fixed",
  "timestamp": "2026-04-06T20:35:43.327349"
}