{
  "method": "dml_fixed",
  "func_type": "poly_trig",
  "dim": 10,
  "n_samples": 1024,
  "noise_level": 0.1,
  "seed": 456,
  "lambda": 1.0,
  "test_value_mse": 0.0022618502844125032,
  "test_grad_mse": 0.006321410648524761,
  "best_epoch": 380,
  "time_s": 14.620030403137207,
  "n_epochs_actual": 431,
  "key": "poly_trig_d10_n1024_noise0.1_s456_dml_fixed",
  "timestamp": "2026-04-06T17:36:00.054136"
}