{
  "method": "dml_gradnorm",
  "func_type": "poly_trig",
  "dim": 100,
  "n_samples": 512,
  "noise_level": 0.0,
  "seed": 42,
  "lambda": 1.0,
  "test_value_mse": 4.623598575592041,
  "test_grad_mse": 0.6083478927612305,
  "best_epoch": 493,
  "time_s": 15.945808410644531,
  "n_epochs_actual": 500,
  "key": "poly_trig_d100_n512_noise0.0_s42_dml_gradnorm",
  "timestamp": "2026-04-07T01:13:26.057148"
}