{
  "method": "dml_gradnorm",
  "func_type": "poly_trig",
  "dim": 100,
  "n_samples": 1024,
  "noise_level": 0.5,
  "seed": 1000,
  "lambda": 1.0,
  "test_value_mse": 5.375753879547119,
  "test_grad_mse": 0.48531877994537354,
  "best_epoch": 499,
  "time_s": 35.86018395423889,
  "n_epochs_actual": 500,
  "key": "poly_trig_d100_n1024_noise0.5_s1000_dml_gradnorm",
  "timestamp": "2026-04-07T01:34:37.184206"
}