{
  "method": "dml_gradnorm",
  "func_type": "poly_trig",
  "dim": 50,
  "n_samples": 4096,
  "noise_level": 0.1,
  "seed": 456,
  "lambda": 1.0,
  "test_value_mse": 0.09021958708763123,
  "test_grad_mse": 0.027140948921442032,
  "best_epoch": 478,
  "time_s": 73.70728731155396,
  "n_epochs_actual": 500,
  "key": "poly_trig_d50_n4096_noise0.1_s456_dml_gradnorm",
  "timestamp": "2026-04-07T00:38:43.374628"
}