{
  "method": "dml_fixed",
  "func_type": "poly_trig",
  "dim": 20,
  "n_samples": 4096,
  "noise_level": 0.2,
  "seed": 123,
  "lambda": 1.0,
  "test_value_mse": 0.01643330417573452,
  "test_grad_mse": 0.015301038511097431,
  "best_epoch": 368,
  "time_s": 26.575645923614502,
  "n_epochs_actual": 419,
  "key": "poly_trig_d20_n4096_noise0.2_s123_dml_fixed",
  "timestamp": "2026-04-06T22:52:16.942341"
}