{
  "method": "dml_relobralo",
  "func_type": "poly_trig",
  "dim": 50,
  "n_samples": 256,
  "noise_level": 0.5,
  "seed": 789,
  "lambda": 1.0,
  "test_value_mse": 2.290332078933716,
  "test_grad_mse": 0.695834755897522,
  "best_epoch": 44,
  "time_s": 2.5892221927642822,
  "n_epochs_actual": 95,
  "key": "poly_trig_d50_n256_noise0.5_s789_dml_relobralo",
  "timestamp": "2026-04-26T09:42:56.339545"
}