{
  "method": "baseline_gp",
  "func_type": "poly_trig",
  "dim": 10,
  "n_samples": 1024,
  "noise_level": 0.2,
  "seed": 789,
  "lambda": 1.0,
  "test_value_mse": 0.000902341536663095,
  "test_grad_mse": 0.004195463061713371,
  "time_s": 34.66869568824768,
  "key": "poly_trig_d10_n1024_noise0.2_s789_baseline_gp",
  "timestamp": "2026-04-06T17:48:22.107314"
}