{
  "method": "dml_fixed",
  "func_type": "poly_trig",
  "dim": 20,
  "n_samples": 512,
  "noise_level": 0.0,
  "seed": 1000,
  "lambda": 1.0,
  "test_value_mse": 0.05589691922068596,
  "test_grad_mse": 0.054547589272260666,
  "best_epoch": 386,
  "time_s": 12.33840298652649,
  "n_epochs_actual": 437,
  "key": "poly_trig_d20_n512_noise0.0_s1000_dml_fixed",
  "timestamp": "2026-04-06T20:46:38.377411"
}