{
  "method": "dml_gradnorm",
  "func_type": "poly_trig",
  "dim": 100,
  "n_samples": 256,
  "noise_level": 0.1,
  "seed": 456,
  "lambda": 1.0,
  "test_value_mse": 4.591392517089844,
  "test_grad_mse": 0.5805861949920654,
  "best_epoch": 498,
  "time_s": 12.952764749526978,
  "n_epochs_actual": 500,
  "key": "poly_trig_d100_n256_noise0.1_s456_dml_gradnorm",
  "timestamp": "2026-04-07T01:05:12.262189"
}