{
  "method": "dml_fixed",
  "func_type": "poly_trig",
  "dim": 2,
  "n_samples": 1024,
  "noise_level": 0.5,
  "seed": 1000,
  "lambda": 1.0,
  "test_value_mse": 0.0011857680510729551,
  "test_grad_mse": 0.010086175054311752,
  "best_epoch": 115,
  "time_s": 4.885735988616943,
  "n_epochs_actual": 166,
  "key": "poly_trig_d2_n1024_noise0.5_s1000_dml_fixed",
  "timestamp": "2026-04-06T13:06:27.107300"
}