{
  "method": "baseline_rf",
  "func_type": "poly_trig",
  "dim": 2,
  "n_samples": 256,
  "noise_level": 0.05,
  "seed": 789,
  "lambda": 1.0,
  "test_value_mse": 0.011079158775745652,
  "test_grad_mse": 119.90578556453725,
  "time_s": 1.069936990737915,
  "key": "poly_trig_d2_n256_noise0.05_s789_baseline_rf",
  "timestamp": "2026-04-06T12:44:41.652604"
}