{
  "method": "dml_gradnorm",
  "func_type": "poly_trig",
  "dim": 100,
  "n_samples": 256,
  "noise_level": 0.05,
  "seed": 789,
  "lambda": 1.0,
  "test_value_mse": 4.083273887634277,
  "test_grad_mse": 0.4548659920692444,
  "best_epoch": 499,
  "time_s": 11.592936515808105,
  "n_epochs_actual": 500,
  "key": "poly_trig_d100_n256_noise0.05_s789_dml_gradnorm",
  "timestamp": "2026-04-07T01:02:58.418610"
}