{
  "method": "dml_gradnorm",
  "func_type": "poly_trig",
  "dim": 100,
  "n_samples": 4096,
  "noise_level": 0.1,
  "seed": 123,
  "lambda": 1.0,
  "test_value_mse": 1.4792808294296265,
  "test_grad_mse": 0.19604428112506866,
  "best_epoch": 497,
  "time_s": 76.19115567207336,
  "n_epochs_actual": 500,
  "key": "poly_trig_d100_n4096_noise0.1_s123_dml_gradnorm",
  "timestamp": "2026-04-07T01:54:56.161391"
}