{
  "method": "baseline_rf",
  "func_type": "poly_trig",
  "dim": 2,
  "n_samples": 1024,
  "noise_level": 0.5,
  "seed": 1000,
  "lambda": 1.0,
  "test_value_mse": 0.0029194331389387138,
  "test_grad_mse": 1.261724055713416,
  "time_s": 1.109701156616211,
  "key": "poly_trig_d2_n1024_noise0.5_s1000_baseline_rf",
  "timestamp": "2026-04-06T13:06:43.075962"
}