{
  "method": "dml_gradnorm",
  "func_type": "poly_trig",
  "dim": 50,
  "n_samples": 512,
  "noise_level": 0.0,
  "seed": 42,
  "lambda": 1.0,
  "test_value_mse": 2.0145750045776367,
  "test_grad_mse": 0.6075757145881653,
  "best_epoch": 278,
  "time_s": 9.808414220809937,
  "n_epochs_actual": 329,
  "key": "poly_trig_d50_n512_noise0.0_s42_dml_gradnorm",
  "timestamp": "2026-04-06T23:58:40.991853"
}