{
  "method": "dml_gradnorm",
  "func_type": "poly_trig",
  "dim": 2,
  "n_samples": 256,
  "noise_level": 0.5,
  "seed": 42,
  "lambda": 1.0,
  "test_value_mse": 0.001010468346066773,
  "test_grad_mse": 0.03608707711100578,
  "best_epoch": 85,
  "time_s": 2.921581983566284,
  "n_epochs_actual": 136,
  "key": "poly_trig_d2_n256_noise0.5_s42_dml_gradnorm",
  "timestamp": "2026-04-06T12:49:12.169917"
}