{
  "method": "dml_fixed",
  "func_type": "poly_trig",
  "dim": 2,
  "n_samples": 512,
  "noise_level": 0.0,
  "seed": 1000,
  "lambda": 1.0,
  "test_value_mse": 7.123048817447852e-07,
  "test_grad_mse": 3.4803419111995026e-05,
  "best_epoch": 499,
  "time_s": 9.620744228363037,
  "n_epochs_actual": 500,
  "key": "poly_trig_d2_n512_noise0.0_s1000_dml_fixed",
  "timestamp": "2026-04-06T12:53:28.798851"
}