{
  "method": "baseline_rf",
  "func_type": "poly_trig",
  "dim": 10,
  "n_samples": 1024,
  "noise_level": 0.2,
  "seed": 123,
  "lambda": 1.0,
  "test_value_mse": 0.302923666044422,
  "test_grad_mse": 64.8767167525266,
  "time_s": 3.87864089012146,
  "key": "poly_trig_d10_n1024_noise0.2_s123_baseline_rf",
  "timestamp": "2026-04-06T17:43:57.146297"
}