{
  "method": "dml_gradnorm",
  "func_type": "poly_trig",
  "dim": 10,
  "n_samples": 4096,
  "noise_level": 0.1,
  "seed": 789,
  "lambda": 1.0,
  "test_value_mse": 0.0008236613357439637,
  "test_grad_mse": 0.0030532493256032467,
  "best_epoch": 277,
  "time_s": 40.31516647338867,
  "n_epochs_actual": 328,
  "key": "poly_trig_d10_n4096_noise0.1_s789_dml_gradnorm",
  "timestamp": "2026-04-06T19:16:07.977396"
}