{
  "method": "dml_relobralo",
  "func_type": "poly_trig",
  "dim": 5,
  "n_samples": 256,
  "noise_level": 0.1,
  "seed": 123,
  "lambda": 1.0,
  "test_value_mse": 0.0013916899915784597,
  "test_grad_mse": 0.011511778458952904,
  "best_epoch": 263,
  "time_s": 6.350660562515259,
  "n_epochs_actual": 314,
  "key": "poly_trig_d5_n256_noise0.1_s123_dml_relobralo",
  "timestamp": "2026-04-26T08:37:57.511597"
}