{
  "method": "baseline_gp",
  "func_type": "poly_trig",
  "dim": 2,
  "n_samples": 512,
  "noise_level": 0.0,
  "seed": 789,
  "lambda": 1.0,
  "test_value_mse": 3.3682700659581983e-08,
  "test_grad_mse": 3.877367114420808e-06,
  "time_s": 2.29256534576416,
  "key": "poly_trig_d2_n512_noise0.0_s789_baseline_gp",
  "timestamp": "2026-04-06T12:53:08.558621"
}