{
  "method": "dml_gradnorm",
  "func_type": "poly_trig",
  "dim": 100,
  "n_samples": 1024,
  "noise_level": 0.1,
  "seed": 42,
  "lambda": 1.0,
  "test_value_mse": 4.160761833190918,
  "test_grad_mse": 0.44944944977760315,
  "best_epoch": 498,
  "time_s": 34.19875955581665,
  "n_epochs_actual": 500,
  "key": "poly_trig_d100_n1024_noise0.1_s42_dml_gradnorm",
  "timestamp": "2026-04-07T01:21:38.347536"
}