{
  "method": "baseline_krr",
  "func_type": "poly_trig",
  "dim": 2,
  "n_samples": 512,
  "noise_level": 0.0,
  "seed": 42,
  "lambda": 1.0,
  "test_value_mse": 0.016076834872364998,
  "test_grad_mse": 0.29956503545232643,
  "time_s": 0.006415128707885742,
  "key": "poly_trig_d2_n512_noise0.0_s42_baseline_krr",
  "timestamp": "2026-04-06T12:51:19.887655"
}