{
  "method": "dml_relobralo",
  "func_type": "poly_trig",
  "dim": 100,
  "n_samples": 1024,
  "noise_level": 0.1,
  "seed": 1000,
  "lambda": 1.0,
  "test_value_mse": 4.5632805824279785,
  "test_grad_mse": 0.7326708436012268,
  "best_epoch": 28,
  "time_s": 3.810830593109131,
  "n_epochs_actual": 79,
  "key": "poly_trig_d100_n1024_noise0.1_s1000_dml_relobralo",
  "timestamp": "2026-04-26T09:57:12.791777"
}