{
  "method": "baseline_rf",
  "func_type": "poly_trig",
  "dim": 20,
  "n_samples": 256,
  "noise_level": 0.05,
  "seed": 789,
  "lambda": 1.0,
  "test_value_mse": 1.8899624555110313,
  "test_grad_mse": 1.3569890351044136,
  "time_s": 7.024725675582886,
  "key": "poly_trig_d20_n256_noise0.05_s789_baseline_rf",
  "timestamp": "2026-04-06T20:32:19.255583"
}