{
  "method": "dml_relobralo",
  "func_type": "poly_trig",
  "dim": 100,
  "n_samples": 512,
  "noise_level": 0.0,
  "seed": 456,
  "lambda": 1.0,
  "test_value_mse": 4.490361213684082,
  "test_grad_mse": 0.6609774827957153,
  "best_epoch": 201,
  "time_s": 6.020918130874634,
  "n_epochs_actual": 252,
  "key": "poly_trig_d100_n512_noise0.0_s456_dml_relobralo",
  "timestamp": "2026-04-26T09:55:38.896423"
}