{
  "method": "dml_gradnorm",
  "func_type": "poly_trig",
  "dim": 100,
  "n_samples": 2048,
  "noise_level": 0.0,
  "seed": 789,
  "lambda": 1.0,
  "test_value_mse": 2.253356456756592,
  "test_grad_mse": 0.27027904987335205,
  "best_epoch": 497,
  "time_s": 38.04383206367493,
  "n_epochs_actual": 500,
  "key": "poly_trig_d100_n2048_noise0.0_s789_dml_gradnorm",
  "timestamp": "2026-04-07T01:38:59.343662"
}