{
  "method": "baseline_gp",
  "func_type": "poly_trig",
  "dim": 20,
  "n_samples": 256,
  "noise_level": 0.2,
  "seed": 456,
  "lambda": 1.0,
  "test_value_mse": 0.6172821462126291,
  "test_grad_mse": 0.6658894014749427,
  "time_s": 19.644095182418823,
  "key": "poly_trig_d20_n256_noise0.2_s456_baseline_gp",
  "timestamp": "2026-04-06T20:38:56.722390"
}