{
  "method": "baseline_gp",
  "func_type": "poly_trig",
  "dim": 20,
  "n_samples": 2048,
  "noise_level": 0.0,
  "seed": 1000,
  "lambda": 1.0,
  "test_value_mse": 0.24831330295003828,
  "test_grad_mse": 0.4050349553776724,
  "time_s": 40.858771085739136,
  "key": "poly_trig_d20_n2048_noise0.0_s1000_baseline_gp",
  "timestamp": "2026-04-06T21:31:36.091604"
}