{
  "method": "dml_fixed",
  "func_type": "poly_trig",
  "dim": 20,
  "n_samples": 256,
  "noise_level": 0.5,
  "seed": 123,
  "lambda": 1.0,
  "test_value_mse": 0.6305097341537476,
  "test_grad_mse": 0.476469486951828,
  "best_epoch": 239,
  "time_s": 6.33287239074707,
  "n_epochs_actual": 290,
  "key": "poly_trig_d20_n256_noise0.5_s123_dml_fixed",
  "timestamp": "2026-04-06T20:40:58.512871"
}