{
  "method": "dml_gradnorm",
  "func_type": "poly_trig",
  "dim": 100,
  "n_samples": 1024,
  "noise_level": 0.5,
  "seed": 789,
  "lambda": 1.0,
  "test_value_mse": 3.294614553451538,
  "test_grad_mse": 0.3619753122329712,
  "best_epoch": 494,
  "time_s": 32.30735635757446,
  "n_epochs_actual": 500,
  "key": "poly_trig_d100_n1024_noise0.5_s789_dml_gradnorm",
  "timestamp": "2026-04-07T01:33:38.816741"
}