{
  "method": "dml_gradnorm",
  "func_type": "poly_trig",
  "dim": 5,
  "n_samples": 256,
  "noise_level": 0.5,
  "seed": 1000,
  "lambda": 1.0,
  "test_value_mse": 0.01963099092245102,
  "test_grad_mse": 0.07346685975790024,
  "best_epoch": 119,
  "time_s": 5.419334411621094,
  "n_epochs_actual": 170,
  "key": "poly_trig_d5_n256_noise0.5_s1000_dml_gradnorm",
  "timestamp": "2026-04-06T15:07:01.438346"
}