{
  "method": "dml_fixed",
  "func_type": "poly_trig",
  "dim": 5,
  "n_samples": 256,
  "noise_level": 0.1,
  "seed": 123,
  "lambda": 1.0,
  "test_value_mse": 0.0023295527789741755,
  "test_grad_mse": 0.012055158615112305,
  "best_epoch": 218,
  "time_s": 5.4014153480529785,
  "n_epochs_actual": 269,
  "key": "poly_trig_d5_n256_noise0.1_s123_dml_fixed",
  "timestamp": "2026-04-06T15:00:59.350255"
}