{
  "method": "baseline_gp",
  "func_type": "poly_trig",
  "dim": 5,
  "n_samples": 1024,
  "noise_level": 0.5,
  "seed": 1000,
  "lambda": 1.0,
  "test_value_mse": 7.494229354547884e-06,
  "test_grad_mse": 0.0001443352082881888,
  "time_s": 8.423392534255981,
  "key": "poly_trig_d5_n1024_noise0.5_s1000_baseline_gp",
  "timestamp": "2026-04-06T15:29:02.162167"
}