{
  "method": "baseline_rf",
  "func_type": "poly_trig",
  "dim": 2,
  "n_samples": 2048,
  "noise_level": 0.0,
  "seed": 789,
  "lambda": 1.0,
  "test_value_mse": 0.0017754035526358998,
  "test_grad_mse": 181.30928517661735,
  "time_s": 0.6477913856506348,
  "key": "poly_trig_d2_n2048_noise0.0_s789_baseline_rf",
  "timestamp": "2026-04-06T13:14:24.302479"
}