{
  "method": "baseline_rf",
  "func_type": "poly_trig",
  "dim": 5,
  "n_samples": 2048,
  "noise_level": 0.0,
  "seed": 123,
  "lambda": 1.0,
  "test_value_mse": 0.027059751927632006,
  "test_grad_mse": 23.89379621701746,
  "time_s": 2.5010428428649902,
  "key": "poly_trig_d5_n2048_noise0.0_s123_baseline_rf",
  "timestamp": "2026-04-06T15:33:20.001790"
}