{
  "method": "dml_relobralo",
  "func_type": "poly_trig",
  "dim": 10,
  "n_samples": 1024,
  "noise_level": 0.05,
  "seed": 1000,
  "lambda": 1.0,
  "test_value_mse": 0.002619388047605753,
  "test_grad_mse": 0.00846802443265915,
  "best_epoch": 493,
  "time_s": 18.04475688934326,
  "n_epochs_actual": 500,
  "key": "poly_trig_d10_n1024_noise0.05_s1000_dml_relobralo",
  "timestamp": "2026-04-26T08:59:51.087009"
}