{
  "method": "baseline_gp",
  "func_type": "poly_trig",
  "dim": 5,
  "n_samples": 1024,
  "noise_level": 0.5,
  "seed": 123,
  "lambda": 1.0,
  "test_value_mse": 1.5672386975691143e-06,
  "test_grad_mse": 3.085113712817552e-05,
  "time_s": 33.56984901428223,
  "key": "poly_trig_d5_n1024_noise0.5_s123_baseline_gp",
  "timestamp": "2026-04-06T15:26:35.027172"
}