{
  "method": "baseline_rf",
  "func_type": "poly_trig",
  "dim": 10,
  "n_samples": 256,
  "noise_level": 0.1,
  "seed": 1000,
  "lambda": 1.0,
  "test_value_mse": 0.6979682375851535,
  "test_grad_mse": 1.3048533926350396,
  "time_s": 3.2361764907836914,
  "key": "poly_trig_d10_n256_noise0.1_s1000_baseline_rf",
  "timestamp": "2026-04-06T17:17:05.304042"
}