{
  "method": "dml_relobralo",
  "func_type": "poly_trig",
  "dim": 5,
  "n_samples": 256,
  "noise_level": 0.05,
  "seed": 123,
  "lambda": 1.0,
  "test_value_mse": 0.0009768407326191664,
  "test_grad_mse": 0.008138922974467278,
  "best_epoch": 499,
  "time_s": 9.860999584197998,
  "n_epochs_actual": 500,
  "key": "poly_trig_d5_n256_noise0.05_s123_dml_relobralo",
  "timestamp": "2026-04-26T08:37:18.579103"
}