{
  "method": "baseline_rf",
  "func_type": "poly_trig",
  "dim": 10,
  "n_samples": 256,
  "noise_level": 0.1,
  "seed": 789,
  "lambda": 1.0,
  "test_value_mse": 0.8334311760677633,
  "test_grad_mse": 1.1292544123358876,
  "time_s": 3.3875162601470947,
  "key": "poly_trig_d10_n256_noise0.1_s789_baseline_rf",
  "timestamp": "2026-04-06T17:16:19.051053"
}