{
  "method": "dml_fixed",
  "func_type": "poly_trig",
  "dim": 5,
  "n_samples": 4096,
  "noise_level": 0.5,
  "seed": 789,
  "lambda": 1.0,
  "test_value_mse": 0.0015707622515037656,
  "test_grad_mse": 0.006531741004437208,
  "best_epoch": 90,
  "time_s": 8.350660800933838,
  "n_epochs_actual": 141,
  "key": "poly_trig_d5_n4096_noise0.5_s789_dml_fixed",
  "timestamp": "2026-04-06T17:04:55.939737"
}