{
  "method": "vanilla",
  "func_type": "poly_trig",
  "dim": 100,
  "n_samples": 512,
  "noise_level": 0.0,
  "seed": 1000,
  "lambda": 1.0,
  "test_value_mse": 7.034094333648682,
  "test_grad_mse": 0.8004175424575806,
  "best_epoch": 41,
  "time_s": 4.646115064620972,
  "n_epochs_actual": 92,
  "key": "poly_trig_d100_n512_noise0.0_s1000_vanilla",
  "timestamp": "2026-04-07T01:15:39.881167"
}