{
  "method": "dml_fixed",
  "func_type": "poly_trig",
  "dim": 10,
  "n_samples": 4096,
  "noise_level": 0.5,
  "seed": 42,
  "lambda": 1.0,
  "test_value_mse": 0.013612497597932816,
  "test_grad_mse": 0.024979952722787857,
  "best_epoch": 89,
  "time_s": 9.153100728988647,
  "n_epochs_actual": 140,
  "key": "poly_trig_d10_n4096_noise0.5_s42_dml_fixed",
  "timestamp": "2026-04-06T19:58:59.003986"
}