{
  "method": "baseline_rf",
  "func_type": "poly_trig",
  "dim": 20,
  "n_samples": 1024,
  "noise_level": 0.5,
  "seed": 42,
  "lambda": 1.0,
  "test_value_mse": 1.5345733414994667,
  "test_grad_mse": 319.67695464943597,
  "time_s": 7.829353332519531,
  "key": "poly_trig_d20_n1024_noise0.5_s42_baseline_rf",
  "timestamp": "2026-04-06T21:12:46.758775"
}