{
  "method": "dml_gradnorm",
  "func_type": "poly_trig",
  "dim": 100,
  "n_samples": 512,
  "noise_level": 0.0,
  "seed": 1000,
  "lambda": 1.0,
  "test_value_mse": 5.103301525115967,
  "test_grad_mse": 0.6033506393432617,
  "best_epoch": 499,
  "time_s": 21.974238634109497,
  "n_epochs_actual": 500,
  "key": "poly_trig_d100_n512_noise0.0_s1000_dml_gradnorm",
  "timestamp": "2026-04-07T01:16:09.226972"
}