{
  "method": "baseline_gp",
  "func_type": "poly_trig",
  "dim": 10,
  "n_samples": 4096,
  "noise_level": 0.05,
  "seed": 789,
  "lambda": 1.0,
  "test_value_mse": 0.0003118271852829533,
  "test_grad_mse": 0.005740428931276637,
  "time_s": 229.55607223510742,
  "key": "poly_trig_d10_n4096_noise0.05_s789_baseline_gp",
  "timestamp": "2026-04-06T18:41:39.386797"
}