{
  "method": "dml_relobralo",
  "func_type": "poly_trig",
  "dim": 50,
  "n_samples": 512,
  "noise_level": 0.0,
  "seed": 123,
  "lambda": 1.0,
  "test_value_mse": 2.030954599380493,
  "test_grad_mse": 0.8396015763282776,
  "best_epoch": 72,
  "time_s": 3.0264408588409424,
  "n_epochs_actual": 123,
  "key": "poly_trig_d50_n512_noise0.0_s123_dml_relobralo",
  "timestamp": "2026-04-26T09:43:10.426599"
}