{
  "method": "vanilla",
  "func_type": "poly_trig",
  "dim": 10,
  "n_samples": 4096,
  "noise_level": 0.2,
  "seed": 42,
  "lambda": 1.0,
  "test_value_mse": 0.009132861159741879,
  "test_grad_mse": 0.05130389332771301,
  "best_epoch": 477,
  "time_s": 23.500914335250854,
  "n_epochs_actual": 500,
  "key": "poly_trig_d10_n4096_noise0.2_s42_vanilla",
  "timestamp": "2026-04-06T19:28:01.927990"
}