{
  "method": "dml_fixed",
  "func_type": "poly_trig",
  "dim": 10,
  "n_samples": 256,
  "noise_level": 0.5,
  "seed": 42,
  "lambda": 1.0,
  "test_value_mse": 0.1451597809791565,
  "test_grad_mse": 0.2295064777135849,
  "best_epoch": 109,
  "time_s": 3.5764105319976807,
  "n_epochs_actual": 160,
  "key": "poly_trig_d10_n256_noise0.5_s42_dml_fixed",
  "timestamp": "2026-04-06T17:19:56.057162"
}