{
  "method": "dml_gradnorm",
  "func_type": "poly_trig",
  "dim": 10,
  "n_samples": 4096,
  "noise_level": 0.05,
  "seed": 42,
  "lambda": 1.0,
  "test_value_mse": 0.0005184205365367234,
  "test_grad_mse": 0.0017371673602610826,
  "best_epoch": 374,
  "time_s": 56.00678610801697,
  "n_epochs_actual": 425,
  "key": "poly_trig_d10_n4096_noise0.05_s42_dml_gradnorm",
  "timestamp": "2026-04-06T18:14:33.126379"
}