{
  "method": "dml_gradnorm",
  "func_type": "poly_trig",
  "dim": 20,
  "n_samples": 1024,
  "noise_level": 0.5,
  "seed": 123,
  "lambda": 1.0,
  "test_value_mse": 0.17590229213237762,
  "test_grad_mse": 0.15053100883960724,
  "best_epoch": 292,
  "time_s": 18.018217086791992,
  "n_epochs_actual": 343,
  "key": "poly_trig_d20_n1024_noise0.5_s123_dml_gradnorm",
  "timestamp": "2026-04-06T21:13:17.674270"
}