{
  "method": "dml_gradnorm",
  "func_type": "poly_trig",
  "dim": 2,
  "n_samples": 1024,
  "noise_level": 0.1,
  "seed": 789,
  "lambda": 1.0,
  "test_value_mse": 3.2155639928532764e-05,
  "test_grad_mse": 0.0005444380803965032,
  "best_epoch": 119,
  "time_s": 9.629249095916748,
  "n_epochs_actual": 170,
  "key": "poly_trig_d2_n1024_noise0.1_s789_dml_gradnorm",
  "timestamp": "2026-04-06T12:59:49.021162"
}