{
  "method": "baseline_krr",
  "func_type": "poly_trig",
  "dim": 10,
  "n_samples": 4096,
  "noise_level": 0.2,
  "seed": 789,
  "lambda": 1.0,
  "test_value_mse": 0.12641187012195587,
  "test_grad_mse": 0.4678545058934128,
  "time_s": 3.1827280521392822,
  "key": "poly_trig_d10_n4096_noise0.2_s789_baseline_krr",
  "timestamp": "2026-04-06T19:51:57.610025"
}