{
  "method": "baseline_rf",
  "func_type": "poly_trig",
  "dim": 20,
  "n_samples": 2048,
  "noise_level": 0.0,
  "seed": 456,
  "lambda": 1.0,
  "test_value_mse": 1.3176341360764028,
  "test_grad_mse": 190.3229687580739,
  "time_s": 5.004376173019409,
  "key": "poly_trig_d20_n2048_noise0.0_s456_baseline_rf",
  "timestamp": "2026-04-06T21:26:18.795354"
}