{
  "method": "dml_gradnorm",
  "func_type": "poly_trig",
  "dim": 20,
  "n_samples": 4096,
  "noise_level": 0.5,
  "seed": 123,
  "lambda": 1.0,
  "test_value_mse": 0.06415273994207382,
  "test_grad_mse": 0.06470584869384766,
  "best_epoch": 156,
  "time_s": 29.648205757141113,
  "n_epochs_actual": 207,
  "key": "poly_trig_d20_n4096_noise0.5_s123_dml_gradnorm",
  "timestamp": "2026-04-06T23:27:13.067998"
}