{
  "method": "dml_relobralo",
  "func_type": "poly_trig",
  "dim": 10,
  "n_samples": 256,
  "noise_level": 0.2,
  "seed": 123,
  "lambda": 1.0,
  "test_value_mse": 0.030138244852423668,
  "test_grad_mse": 0.06340604275465012,
  "best_epoch": 491,
  "time_s": 8.926056861877441,
  "n_epochs_actual": 500,
  "key": "poly_trig_d10_n256_noise0.2_s123_dml_relobralo",
  "timestamp": "2026-04-26T08:56:32.293096"
}