{
  "method": "dml_relobralo",
  "func_type": "poly_trig",
  "dim": 5,
  "n_samples": 4096,
  "noise_level": 0.1,
  "seed": 456,
  "lambda": 1.0,
  "test_value_mse": 5.026377039030194e-05,
  "test_grad_mse": 0.0006001171423122287,
  "best_epoch": 289,
  "time_s": 25.525401830673218,
  "n_epochs_actual": 340,
  "key": "poly_trig_d5_n4096_noise0.1_s456_dml_relobralo",
  "timestamp": "2026-04-26T08:50:33.786378"
}