{
  "method": "dml_relobralo",
  "func_type": "poly_trig",
  "dim": 2,
  "n_samples": 2048,
  "noise_level": 0.0,
  "seed": 456,
  "lambda": 1.0,
  "test_value_mse": 7.770358024572488e-06,
  "test_grad_mse": 0.0001189971953863278,
  "best_epoch": 72,
  "time_s": 5.906348943710327,
  "n_epochs_actual": 123,
  "key": "poly_trig_d2_n2048_noise0.0_s456_dml_relobralo",
  "timestamp": "2026-04-26T08:30:29.987156"
}