{
  "method": "dml_gradnorm",
  "func_type": "poly_trig",
  "dim": 100,
  "n_samples": 4096,
  "noise_level": 0.1,
  "seed": 1000,
  "lambda": 1.0,
  "test_value_mse": 1.279199242591858,
  "test_grad_mse": 0.1654956340789795,
  "best_epoch": 499,
  "time_s": 69.38964247703552,
  "n_epochs_actual": 500,
  "key": "poly_trig_d100_n4096_noise0.1_s1000_dml_gradnorm",
  "timestamp": "2026-04-07T02:00:45.050182"
}