{
  "method": "dml_fixed",
  "func_type": "poly_trig",
  "dim": 10,
  "n_samples": 256,
  "noise_level": 0.1,
  "seed": 789,
  "lambda": 1.0,
  "test_value_mse": 0.009795796126127243,
  "test_grad_mse": 0.025536756962537766,
  "best_epoch": 486,
  "time_s": 9.86795973777771,
  "n_epochs_actual": 500,
  "key": "poly_trig_d10_n256_noise0.1_s789_dml_fixed",
  "timestamp": "2026-04-06T17:15:53.423718"
}