{
  "method": "dml_fixed",
  "func_type": "poly_trig",
  "dim": 2,
  "n_samples": 256,
  "noise_level": 0.05,
  "seed": 123,
  "lambda": 1.0,
  "test_value_mse": 1.3628309716295917e-05,
  "test_grad_mse": 0.0006005500326864421,
  "best_epoch": 499,
  "time_s": 8.373873710632324,
  "n_epochs_actual": 500,
  "key": "poly_trig_d2_n256_noise0.05_s123_dml_fixed",
  "timestamp": "2026-04-06T12:43:25.891101"
}