{
  "method": "baseline_rf",
  "func_type": "poly_trig",
  "dim": 10,
  "n_samples": 512,
  "noise_level": 0.0,
  "seed": 123,
  "lambda": 1.0,
  "test_value_mse": 0.38582465062556187,
  "test_grad_mse": 1.1427626589892277,
  "time_s": 0.7052147388458252,
  "key": "poly_trig_d10_n512_noise0.0_s123_baseline_rf",
  "timestamp": "2026-04-06T17:23:18.431137"
}