{
  "method": "dml_gradnorm",
  "func_type": "poly_trig",
  "dim": 20,
  "n_samples": 2048,
  "noise_level": 0.0,
  "seed": 789,
  "lambda": 1.0,
  "test_value_mse": 0.01986803114414215,
  "test_grad_mse": 0.019683687016367912,
  "best_epoch": 497,
  "time_s": 44.07954216003418,
  "n_epochs_actual": 500,
  "key": "poly_trig_d20_n2048_noise0.0_s789_dml_gradnorm",
  "timestamp": "2026-04-06T21:27:30.997229"
}