{
  "method": "dml_relobralo",
  "func_type": "poly_trig",
  "dim": 5,
  "n_samples": 1024,
  "noise_level": 0.2,
  "seed": 1000,
  "lambda": 1.0,
  "test_value_mse": 0.0009945741621777415,
  "test_grad_mse": 0.006786738988012075,
  "best_epoch": 339,
  "time_s": 13.048935174942017,
  "n_epochs_actual": 390,
  "key": "poly_trig_d5_n1024_noise0.2_s1000_dml_relobralo",
  "timestamp": "2026-04-26T08:43:12.711384"
}