{
  "method": "dml_gradnorm",
  "func_type": "poly_trig",
  "dim": 5,
  "n_samples": 1024,
  "noise_level": 0.1,
  "seed": 789,
  "lambda": 1.0,
  "test_value_mse": 0.00020374232553876936,
  "test_grad_mse": 0.001854701666161418,
  "best_epoch": 349,
  "time_s": 21.87282657623291,
  "n_epochs_actual": 400,
  "key": "poly_trig_d5_n1024_noise0.1_s789_dml_gradnorm",
  "timestamp": "2026-04-06T15:19:34.515746"
}