{
  "method": "dml_gradnorm",
  "func_type": "poly_trig",
  "dim": 5,
  "n_samples": 4096,
  "noise_level": 0.1,
  "seed": 1000,
  "lambda": 1.0,
  "test_value_mse": 0.00014315597945824265,
  "test_grad_mse": 0.001371976570226252,
  "best_epoch": 117,
  "time_s": 23.836522817611694,
  "n_epochs_actual": 168,
  "key": "poly_trig_d5_n4096_noise0.1_s1000_dml_gradnorm",
  "timestamp": "2026-04-06T16:23:37.224319"
}