{
  "method": "baseline_gp",
  "func_type": "poly_trig",
  "dim": 10,
  "n_samples": 2048,
  "noise_level": 0.0,
  "seed": 789,
  "lambda": 1.0,
  "test_value_mse": 0.00043922675749027366,
  "test_grad_mse": 0.004162658715656826,
  "time_s": 117.1617910861969,
  "key": "poly_trig_d10_n2048_noise0.0_s789_baseline_gp",
  "timestamp": "2026-04-06T18:10:27.379461"
}