{
  "method": "dml_gradnorm",
  "func_type": "poly_trig",
  "dim": 10,
  "n_samples": 1024,
  "noise_level": 0.1,
  "seed": 123,
  "lambda": 1.0,
  "test_value_mse": 0.004410905297845602,
  "test_grad_mse": 0.012847499921917915,
  "best_epoch": 481,
  "time_s": 26.52796220779419,
  "n_epochs_actual": 500,
  "key": "poly_trig_d10_n1024_noise0.1_s123_dml_gradnorm",
  "timestamp": "2026-04-06T17:34:58.676854"
}