{
  "method": "dml_fixed",
  "func_type": "poly_trig",
  "dim": 20,
  "n_samples": 4096,
  "noise_level": 0.05,
  "seed": 1000,
  "lambda": 1.0,
  "test_value_mse": 0.004025672562420368,
  "test_grad_mse": 0.004066546447575092,
  "best_epoch": 499,
  "time_s": 29.02482008934021,
  "n_epochs_actual": 500,
  "key": "poly_trig_d20_n4096_noise0.05_s1000_dml_fixed",
  "timestamp": "2026-04-06T22:02:46.820447"
}