{
  "method": "dml_relobralo",
  "func_type": "poly_trig",
  "dim": 100,
  "n_samples": 256,
  "noise_level": 0.2,
  "seed": 789,
  "lambda": 1.0,
  "test_value_mse": 3.537712574005127,
  "test_grad_mse": 0.5822650790214539,
  "best_epoch": 333,
  "time_s": 8.588695049285889,
  "n_epochs_actual": 384,
  "key": "poly_trig_d100_n256_noise0.2_s789_dml_relobralo",
  "timestamp": "2026-04-26T09:54:13.549373"
}