{
  "method": "dml_relobralo",
  "func_type": "poly_trig",
  "dim": 100,
  "n_samples": 256,
  "noise_level": 0.05,
  "seed": 1000,
  "lambda": 1.0,
  "test_value_mse": 5.617586135864258,
  "test_grad_mse": 0.6964287161827087,
  "best_epoch": 207,
  "time_s": 6.1015870571136475,
  "n_epochs_actual": 258,
  "key": "poly_trig_d100_n256_noise0.05_s1000_dml_relobralo",
  "timestamp": "2026-04-26T09:52:45.299732"
}