{
  "method": "dml_fixed",
  "func_type": "poly_trig",
  "dim": 100,
  "n_samples": 1024,
  "noise_level": 0.1,
  "seed": 789,
  "lambda": 1.0,
  "test_value_mse": 2.8726882934570312,
  "test_grad_mse": 0.2890706956386566,
  "best_epoch": 232,
  "time_s": 11.991565227508545,
  "n_epochs_actual": 283,
  "key": "poly_trig_d100_n1024_noise0.1_s789_dml_fixed",
  "timestamp": "2026-04-07T01:23:47.532243"
}