{
  "method": "baseline_rf",
  "func_type": "poly_trig",
  "dim": 2,
  "n_samples": 256,
  "noise_level": 0.05,
  "seed": 1000,
  "lambda": 1.0,
  "test_value_mse": 0.0071809454474934965,
  "test_grad_mse": 1.0747155484986803,
  "time_s": 1.1228618621826172,
  "key": "poly_trig_d2_n256_noise0.05_s1000_baseline_rf",
  "timestamp": "2026-04-06T12:45:26.071703"
}