{
  "method": "dml_gradnorm",
  "func_type": "poly_trig",
  "dim": 10,
  "n_samples": 256,
  "noise_level": 0.2,
  "seed": 789,
  "lambda": 1.0,
  "test_value_mse": 0.026161182671785355,
  "test_grad_mse": 0.05603443458676338,
  "best_epoch": 499,
  "time_s": 11.394459009170532,
  "n_epochs_actual": 500,
  "key": "poly_trig_d10_n256_noise0.2_s789_dml_gradnorm",
  "timestamp": "2026-04-06T17:19:03.519595"
}