{
  "method": "dml_fixed",
  "func_type": "poly_trig",
  "dim": 5,
  "n_samples": 4096,
  "noise_level": 0.1,
  "seed": 456,
  "lambda": 1.0,
  "test_value_mse": 7.081901276251301e-05,
  "test_grad_mse": 0.0006485304911620915,
  "best_epoch": 285,
  "time_s": 18.553785800933838,
  "n_epochs_actual": 336,
  "key": "poly_trig_d5_n4096_noise0.1_s456_dml_fixed",
  "timestamp": "2026-04-06T16:15:11.580863"
}