{
  "method": "dml_gradnorm",
  "func_type": "poly_trig",
  "dim": 50,
  "n_samples": 512,
  "noise_level": 0.0,
  "seed": 456,
  "lambda": 1.0,
  "test_value_mse": 1.632712960243225,
  "test_grad_mse": 0.4125737249851227,
  "best_epoch": 497,
  "time_s": 12.582148551940918,
  "n_epochs_actual": 500,
  "key": "poly_trig_d50_n512_noise0.0_s456_dml_gradnorm",
  "timestamp": "2026-04-06T23:59:29.423729"
}