{
  "method": "dml_relobralo",
  "func_type": "poly_trig",
  "dim": 5,
  "n_samples": 256,
  "noise_level": 0.05,
  "seed": 456,
  "lambda": 1.0,
  "test_value_mse": 0.0005998363485559821,
  "test_grad_mse": 0.0038812728598713875,
  "best_epoch": 281,
  "time_s": 6.523223876953125,
  "n_epochs_actual": 332,
  "key": "poly_trig_d5_n256_noise0.05_s456_dml_relobralo",
  "timestamp": "2026-04-26T08:37:25.239223"
}