{
  "method": "dml_fixed",
  "func_type": "poly_trig",
  "dim": 100,
  "n_samples": 4096,
  "noise_level": 0.05,
  "seed": 1000,
  "lambda": 1.0,
  "test_value_mse": 1.380381464958191,
  "test_grad_mse": 0.17038993537425995,
  "best_epoch": 499,
  "time_s": 34.27289891242981,
  "n_epochs_actual": 500,
  "key": "poly_trig_d100_n4096_noise0.05_s1000_dml_fixed",
  "timestamp": "2026-04-07T01:49:25.097460"
}