{
  "method": "dml_fixed",
  "func_type": "poly_trig",
  "dim": 10,
  "n_samples": 1024,
  "noise_level": 0.2,
  "seed": 42,
  "lambda": 1.0,
  "test_value_mse": 0.00949139054864645,
  "test_grad_mse": 0.02227286621928215,
  "best_epoch": 251,
  "time_s": 9.533822059631348,
  "n_epochs_actual": 302,
  "key": "poly_trig_d10_n1024_noise0.2_s42_dml_fixed",
  "timestamp": "2026-04-06T17:39:43.457161"
}