{
  "method": "baseline_gp",
  "func_type": "poly_trig",
  "dim": 5,
  "n_samples": 4096,
  "noise_level": 0.5,
  "seed": 123,
  "lambda": 1.0,
  "test_value_mse": 2.3883169759074327e-07,
  "test_grad_mse": 5.354567909909829e-06,
  "time_s": 270.0996358394623,
  "key": "poly_trig_d5_n4096_noise0.5_s123_baseline_gp",
  "timestamp": "2026-04-06T17:01:15.545470"
}