{
  "method": "baseline_krr",
  "func_type": "poly_trig",
  "dim": 10,
  "n_samples": 2048,
  "noise_level": 0.0,
  "seed": 42,
  "lambda": 1.0,
  "test_value_mse": 0.21513262391090393,
  "test_grad_mse": 0.6980280418433484,
  "time_s": 0.6482620239257812,
  "key": "poly_trig_d10_n2048_noise0.0_s42_baseline_krr",
  "timestamp": "2026-04-06T17:59:05.900175"
}