{
  "method": "baseline_rf",
  "func_type": "poly_trig",
  "dim": 20,
  "n_samples": 4096,
  "noise_level": 0.1,
  "seed": 42,
  "lambda": 1.0,
  "test_value_mse": 1.161365211761186,
  "test_grad_mse": 297.81690111026273,
  "time_s": 9.425208330154419,
  "key": "poly_trig_d20_n4096_noise0.1_s42_baseline_rf",
  "timestamp": "2026-04-06T22:15:54.720133"
}