{
  "method": "dml_relobralo",
  "func_type": "poly_trig",
  "dim": 5,
  "n_samples": 4096,
  "noise_level": 0.1,
  "seed": 789,
  "lambda": 1.0,
  "test_value_mse": 5.224730557529256e-05,
  "test_grad_mse": 0.0006207766127772629,
  "best_epoch": 455,
  "time_s": 37.41685342788696,
  "n_epochs_actual": 500,
  "key": "poly_trig_d5_n4096_noise0.1_s789_dml_relobralo",
  "timestamp": "2026-04-26T08:51:11.348436"
}