{
  "method": "vanilla",
  "func_type": "poly_trig",
  "dim": 10,
  "n_samples": 4096,
  "noise_level": 0.1,
  "seed": 123,
  "lambda": 1.0,
  "test_value_mse": 0.009614098817110062,
  "test_grad_mse": 0.04757337272167206,
  "best_epoch": 386,
  "time_s": 18.549686431884766,
  "n_epochs_actual": 437,
  "key": "poly_trig_d10_n4096_noise0.1_s123_vanilla",
  "timestamp": "2026-04-06T18:54:58.437889"
}