{
  "method": "dml_gradnorm",
  "func_type": "poly_trig",
  "dim": 10,
  "n_samples": 4096,
  "noise_level": 0.5,
  "seed": 456,
  "lambda": 1.0,
  "test_value_mse": 0.007284300401806831,
  "test_grad_mse": 0.020534973591566086,
  "best_epoch": 41,
  "time_s": 15.672480821609497,
  "n_epochs_actual": 92,
  "key": "poly_trig_d10_n4096_noise0.5_s456_dml_gradnorm",
  "timestamp": "2026-04-06T20:11:31.235088"
}