{
  "method": "dml_gradnorm",
  "func_type": "poly_trig",
  "dim": 5,
  "n_samples": 4096,
  "noise_level": 0.2,
  "seed": 42,
  "lambda": 1.0,
  "test_value_mse": 0.000593804579693824,
  "test_grad_mse": 0.0030429570470005274,
  "best_epoch": 78,
  "time_s": 18.019930124282837,
  "n_epochs_actual": 129,
  "key": "poly_trig_d5_n4096_noise0.2_s42_dml_gradnorm",
  "timestamp": "2026-04-06T16:28:26.684422"
}