{
  "method": "dml_fixed",
  "func_type": "poly_trig",
  "dim": 5,
  "n_samples": 1024,
  "noise_level": 0.05,
  "seed": 123,
  "lambda": 1.0,
  "test_value_mse": 9.519216109765694e-05,
  "test_grad_mse": 0.000982802826911211,
  "best_epoch": 434,
  "time_s": 11.63804578781128,
  "n_epochs_actual": 485,
  "key": "poly_trig_d5_n1024_noise0.05_s123_dml_fixed",
  "timestamp": "2026-04-06T15:11:32.435239"
}