{
  "method": "dml_gradnorm",
  "func_type": "poly_trig",
  "dim": 20,
  "n_samples": 2048,
  "noise_level": 0.0,
  "seed": 456,
  "lambda": 1.0,
  "test_value_mse": 0.013896577060222626,
  "test_grad_mse": 0.012954248115420341,
  "best_epoch": 499,
  "time_s": 35.520548582077026,
  "n_epochs_actual": 500,
  "key": "poly_trig_d20_n2048_noise0.0_s456_dml_gradnorm",
  "timestamp": "2026-04-06T21:24:34.514209"
}