{
  "method": "dml_gradnorm",
  "func_type": "poly_trig",
  "dim": 10,
  "n_samples": 4096,
  "noise_level": 0.5,
  "seed": 789,
  "lambda": 1.0,
  "test_value_mse": 0.009551011025905609,
  "test_grad_mse": 0.02143239788711071,
  "best_epoch": 62,
  "time_s": 15.44709038734436,
  "n_epochs_actual": 113,
  "key": "poly_trig_d10_n4096_noise0.5_s789_dml_gradnorm",
  "timestamp": "2026-04-06T20:19:33.047040"
}