{
  "method": "baseline_rf",
  "func_type": "poly_trig",
  "dim": 10,
  "n_samples": 4096,
  "noise_level": 0.1,
  "seed": 789,
  "lambda": 1.0,
  "test_value_mse": 0.28455694646121504,
  "test_grad_mse": 498.71673902895657,
  "time_s": 4.624983787536621,
  "key": "poly_trig_d10_n4096_noise0.1_s789_baseline_rf",
  "timestamp": "2026-04-06T19:21:36.471857"
}