{
  "method": "dml_gradnorm",
  "func_type": "poly_trig",
  "dim": 100,
  "n_samples": 4096,
  "noise_level": 0.2,
  "seed": 1000,
  "lambda": 1.0,
  "test_value_mse": 1.501128077507019,
  "test_grad_mse": 0.178534135222435,
  "best_epoch": 498,
  "time_s": 69.52163124084473,
  "n_epochs_actual": 500,
  "key": "poly_trig_d100_n4096_noise0.2_s1000_dml_gradnorm",
  "timestamp": "2026-04-07T02:10:35.266735"
}