{
  "method": "dml_gradnorm",
  "func_type": "poly_trig",
  "dim": 10,
  "n_samples": 1024,
  "noise_level": 0.05,
  "seed": 789,
  "lambda": 1.0,
  "test_value_mse": 0.0021535344421863556,
  "test_grad_mse": 0.007540235295891762,
  "best_epoch": 492,
  "time_s": 26.534183502197266,
  "n_epochs_actual": 500,
  "key": "poly_trig_d10_n1024_noise0.05_s789_dml_gradnorm",
  "timestamp": "2026-04-06T17:30:56.974083"
}