{
  "method": "dml_gradnorm",
  "func_type": "poly_trig",
  "dim": 100,
  "n_samples": 256,
  "noise_level": 0.05,
  "seed": 456,
  "lambda": 1.0,
  "test_value_mse": 4.576902389526367,
  "test_grad_mse": 0.5802311897277832,
  "best_epoch": 499,
  "time_s": 20.622912168502808,
  "n_epochs_actual": 500,
  "key": "poly_trig_d100_n256_noise0.05_s456_dml_gradnorm",
  "timestamp": "2026-04-07T01:02:26.758202"
}