{
  "method": "baseline_gp",
  "func_type": "poly_trig",
  "dim": 5,
  "n_samples": 2048,
  "noise_level": 0.0,
  "seed": 123,
  "lambda": 1.0,
  "test_value_mse": 5.002484187610005e-07,
  "test_grad_mse": 1.1291054271233618e-05,
  "time_s": 43.99677538871765,
  "key": "poly_trig_d5_n2048_noise0.0_s123_baseline_gp",
  "timestamp": "2026-04-06T15:33:17.183802"
}