{
  "method": "dml_fixed",
  "func_type": "poly_trig",
  "dim": 50,
  "n_samples": 1024,
  "noise_level": 0.05,
  "seed": 456,
  "lambda": 1.0,
  "test_value_mse": 0.6126636862754822,
  "test_grad_mse": 0.1950412541627884,
  "best_epoch": 496,
  "time_s": 12.16293478012085,
  "n_epochs_actual": 500,
  "key": "poly_trig_d50_n1024_noise0.05_s456_dml_fixed",
  "timestamp": "2026-04-07T00:02:19.861405"
}