{
  "method": "baseline_gp",
  "func_type": "poly_trig",
  "dim": 10,
  "n_samples": 2048,
  "noise_level": 0.0,
  "seed": 1000,
  "lambda": 1.0,
  "test_value_mse": 0.0003832203292883517,
  "test_grad_mse": 0.004434236361805764,
  "time_s": 45.98600697517395,
  "key": "poly_trig_d10_n2048_noise0.0_s1000_baseline_gp",
  "timestamp": "2026-04-06T18:12:39.034865"
}