{
  "method": "dml_fixed",
  "func_type": "poly_trig",
  "dim": 10,
  "n_samples": 1024,
  "noise_level": 0.05,
  "seed": 456,
  "lambda": 1.0,
  "test_value_mse": 0.0013362460304051638,
  "test_grad_mse": 0.004019187297672033,
  "best_epoch": 497,
  "time_s": 14.965104341506958,
  "n_epochs_actual": 500,
  "key": "poly_trig_d10_n1024_noise0.05_s456_dml_fixed",
  "timestamp": "2026-04-06T17:28:59.997272"
}