{
  "method": "baseline_gp",
  "func_type": "poly_trig",
  "dim": 10,
  "n_samples": 512,
  "noise_level": 0.0,
  "seed": 1000,
  "lambda": 1.0,
  "test_value_mse": 0.11794585691342095,
  "test_grad_mse": 0.36136564143187455,
  "time_s": 3.249845266342163,
  "key": "poly_trig_d10_n512_noise0.0_s1000_baseline_gp",
  "timestamp": "2026-04-06T17:25:25.982763"
}