{
  "method": "dml_fixed",
  "func_type": "poly_trig",
  "dim": 5,
  "n_samples": 256,
  "noise_level": 0.05,
  "seed": 123,
  "lambda": 1.0,
  "test_value_mse": 0.0013038995675742626,
  "test_grad_mse": 0.007470074575394392,
  "best_epoch": 248,
  "time_s": 4.521482467651367,
  "n_epochs_actual": 299,
  "key": "poly_trig_d5_n256_noise0.05_s123_dml_fixed",
  "timestamp": "2026-04-06T14:58:22.175016"
}