{
  "method": "baseline_rf",
  "func_type": "poly_trig",
  "dim": 2,
  "n_samples": 1024,
  "noise_level": 0.2,
  "seed": 42,
  "lambda": 1.0,
  "test_value_mse": 0.005114573808481169,
  "test_grad_mse": 127.75445477594037,
  "time_s": 0.8744323253631592,
  "key": "poly_trig_d2_n1024_noise0.2_s42_baseline_rf",
  "timestamp": "2026-04-06T13:01:27.561227"
}