{
  "method": "dml_fixed",
  "func_type": "poly_trig",
  "dim": 50,
  "n_samples": 2048,
  "noise_level": 0.0,
  "seed": 789,
  "lambda": 1.0,
  "test_value_mse": 0.34150946140289307,
  "test_grad_mse": 0.08844246715307236,
  "best_epoch": 498,
  "time_s": 22.15374445915222,
  "n_epochs_actual": 500,
  "key": "poly_trig_d50_n2048_noise0.0_s789_dml_fixed",
  "timestamp": "2026-04-07T00:20:47.821102"
}