{
  "method": "dml_relobralo",
  "func_type": "poly_trig",
  "dim": 2,
  "n_samples": 256,
  "noise_level": 0.05,
  "seed": 123,
  "lambda": 1.0,
  "test_value_mse": 0.000133714362164028,
  "test_grad_mse": 0.0021435776725411415,
  "best_epoch": 112,
  "time_s": 4.4147350788116455,
  "n_epochs_actual": 163,
  "key": "poly_trig_d2_n256_noise0.05_s123_dml_relobralo",
  "timestamp": "2026-04-26T08:25:05.675649"
}