{
  "method": "dml_relobralo",
  "func_type": "poly_trig",
  "dim": 5,
  "n_samples": 256,
  "noise_level": 0.5,
  "seed": 1000,
  "lambda": 1.0,
  "test_value_mse": 0.017613332718610764,
  "test_grad_mse": 0.08455919474363327,
  "best_epoch": 154,
  "time_s": 4.338447570800781,
  "n_epochs_actual": 205,
  "key": "poly_trig_d5_n256_noise0.5_s1000_dml_relobralo",
  "timestamp": "2026-04-26T08:39:05.822971"
}