{
  "method": "vanilla",
  "func_type": "poly_trig",
  "dim": 2,
  "n_samples": 256,
  "noise_level": 0.2,
  "seed": 789,
  "lambda": 1.0,
  "test_value_mse": 7.595591887366027e-05,
  "test_grad_mse": 0.0065073054283857346,
  "best_epoch": 499,
  "time_s": 4.148596525192261,
  "n_epochs_actual": 500,
  "key": "poly_trig_d2_n256_noise0.2_s789_vanilla",
  "timestamp": "2026-04-06T12:48:31.671460"
}