{
  "method": "dml_fixed",
  "func_type": "poly_trig",
  "dim": 50,
  "n_samples": 256,
  "noise_level": 0.1,
  "seed": 1000,
  "lambda": 1.0,
  "test_value_mse": 2.2830240726470947,
  "test_grad_mse": 0.5578504204750061,
  "best_epoch": 142,
  "time_s": 5.107614040374756,
  "n_epochs_actual": 193,
  "key": "poly_trig_d50_n256_noise0.1_s1000_dml_fixed",
  "timestamp": "2026-04-06T23:53:28.727361"
}