{
  "method": "dml_relobralo",
  "func_type": "poly_trig",
  "dim": 2,
  "n_samples": 4096,
  "noise_level": 0.5,
  "seed": 123,
  "lambda": 1.0,
  "test_value_mse": 0.00017088877211790532,
  "test_grad_mse": 0.004679204896092415,
  "best_epoch": 86,
  "time_s": 12.806382656097412,
  "n_epochs_actual": 137,
  "key": "poly_trig_d2_n4096_noise0.5_s123_dml_relobralo",
  "timestamp": "2026-04-26T08:36:27.194231"
}