{
  "method": "baseline_krr",
  "func_type": "poly_trig",
  "dim": 20,
  "n_samples": 1024,
  "noise_level": 0.2,
  "seed": 42,
  "lambda": 1.0,
  "test_value_mse": 0.5088536143302917,
  "test_grad_mse": 0.633586951969966,
  "time_s": 0.7815134525299072,
  "key": "poly_trig_d20_n1024_noise0.2_s42_baseline_krr",
  "timestamp": "2026-04-06T21:05:11.086114"
}