{
  "method": "baseline_gp",
  "func_type": "poly_trig",
  "dim": 5,
  "n_samples": 2048,
  "noise_level": 0.0,
  "seed": 1000,
  "lambda": 1.0,
  "test_value_mse": 1.469098365856557e-06,
  "test_grad_mse": 2.8576490725864765e-05,
  "time_s": 40.561092376708984,
  "key": "poly_trig_d5_n2048_noise0.0_s1000_baseline_gp",
  "timestamp": "2026-04-06T15:40:17.847345"
}