{
  "method": "baseline_krr",
  "func_type": "poly_trig",
  "dim": 5,
  "n_samples": 2048,
  "noise_level": 0.0,
  "seed": 456,
  "lambda": 1.0,
  "test_value_mse": 0.043253958225250244,
  "test_grad_mse": 0.3025057317623027,
  "time_s": 1.3104360103607178,
  "key": "poly_trig_d5_n2048_noise0.0_s456_baseline_krr",
  "timestamp": "2026-04-06T15:35:26.209962"
}