{
  "method": "baseline_gp",
  "func_type": "poly_trig",
  "dim": 5,
  "n_samples": 256,
  "noise_level": 0.1,
  "seed": 42,
  "lambda": 1.0,
  "test_value_mse": 0.00020159045006923153,
  "test_grad_mse": 0.00394621621956239,
  "time_s": 1.173583984375,
  "key": "poly_trig_d5_n256_noise0.1_s42_baseline_gp",
  "timestamp": "2026-04-06T15:00:44.752662"
}