{
  "method": "dml_fixed",
  "func_type": "poly_trig",
  "dim": 100,
  "n_samples": 256,
  "noise_level": 0.1,
  "seed": 123,
  "lambda": 1.0,
  "test_value_mse": 5.3157219886779785,
  "test_grad_mse": 0.6094428300857544,
  "best_epoch": 143,
  "time_s": 5.114189624786377,
  "n_epochs_actual": 194,
  "key": "poly_trig_d100_n256_noise0.1_s123_dml_fixed",
  "timestamp": "2026-04-07T01:04:15.695772"
}