{
  "method": "dml_relobralo",
  "func_type": "poly_trig",
  "dim": 50,
  "n_samples": 2048,
  "noise_level": 0.0,
  "seed": 1000,
  "lambda": 1.0,
  "test_value_mse": 2.156921625137329,
  "test_grad_mse": 0.7438475489616394,
  "best_epoch": 69,
  "time_s": 7.346160411834717,
  "n_epochs_actual": 120,
  "key": "poly_trig_d50_n2048_noise0.0_s1000_dml_relobralo",
  "timestamp": "2026-04-26T09:46:02.716364"
}