{
  "method": "baseline_rf",
  "func_type": "poly_trig",
  "dim": 20,
  "n_samples": 1024,
  "noise_level": 0.1,
  "seed": 456,
  "lambda": 1.0,
  "test_value_mse": 1.7616570388730541,
  "test_grad_mse": 168.37685758264755,
  "time_s": 7.627641201019287,
  "key": "poly_trig_d20_n1024_noise0.1_s456_baseline_rf",
  "timestamp": "2026-04-06T21:00:18.705986"
}