{
  "method": "baseline_gp",
  "func_type": "poly_trig",
  "dim": 20,
  "n_samples": 256,
  "noise_level": 0.05,
  "seed": 123,
  "lambda": 1.0,
  "test_value_mse": 0.6828457296571547,
  "test_grad_mse": 0.7400889094177627,
  "time_s": 4.627003192901611,
  "key": "poly_trig_d20_n256_noise0.05_s123_baseline_gp",
  "timestamp": "2026-04-06T20:31:02.794028"
}