{
  "method": "dml_gradnorm",
  "func_type": "poly_trig",
  "dim": 20,
  "n_samples": 256,
  "noise_level": 0.5,
  "seed": 123,
  "lambda": 1.0,
  "test_value_mse": 0.7345741987228394,
  "test_grad_mse": 0.6196079254150391,
  "best_epoch": 138,
  "time_s": 6.176206827163696,
  "n_epochs_actual": 189,
  "key": "poly_trig_d20_n256_noise0.5_s123_dml_gradnorm",
  "timestamp": "2026-04-06T20:41:04.689615"
}