{
  "method": "dml_gradnorm",
  "func_type": "poly_trig",
  "dim": 10,
  "n_samples": 256,
  "noise_level": 0.5,
  "seed": 789,
  "lambda": 1.0,
  "test_value_mse": 0.06063753738999367,
  "test_grad_mse": 0.11793433874845505,
  "best_epoch": 210,
  "time_s": 8.339675664901733,
  "n_epochs_actual": 261,
  "key": "poly_trig_d10_n256_noise0.5_s789_dml_gradnorm",
  "timestamp": "2026-04-06T17:21:29.542582"
}