{
  "method": "dml_fixed",
  "func_type": "poly_trig",
  "dim": 100,
  "n_samples": 256,
  "noise_level": 0.05,
  "seed": 789,
  "lambda": 1.0,
  "test_value_mse": 3.9932124614715576,
  "test_grad_mse": 0.4171174466609955,
  "best_epoch": 172,
  "time_s": 5.728621006011963,
  "n_epochs_actual": 223,
  "key": "poly_trig_d100_n256_noise0.05_s789_dml_fixed",
  "timestamp": "2026-04-07T01:02:46.825163"
}