{
  "method": "dml_fixed",
  "func_type": "poly_trig",
  "dim": 20,
  "n_samples": 256,
  "noise_level": 0.5,
  "seed": 42,
  "lambda": 1.0,
  "test_value_mse": 0.5127622485160828,
  "test_grad_mse": 0.3456890285015106,
  "best_epoch": 193,
  "time_s": 5.7543816566467285,
  "n_epochs_actual": 244,
  "key": "poly_trig_d20_n256_noise0.5_s42_dml_fixed",
  "timestamp": "2026-04-06T20:40:22.564103"
}