{
  "method": "dml_fixed",
  "func_type": "poly_trig",
  "dim": 10,
  "n_samples": 4096,
  "noise_level": 0.5,
  "seed": 123,
  "lambda": 1.0,
  "test_value_mse": 0.01283784955739975,
  "test_grad_mse": 0.024431079626083374,
  "best_epoch": 77,
  "time_s": 10.277676820755005,
  "n_epochs_actual": 128,
  "key": "poly_trig_d10_n4096_noise0.5_s123_dml_fixed",
  "timestamp": "2026-04-06T20:04:52.899046"
}