{
  "method": "dml_fixed",
  "func_type": "poly_trig",
  "dim": 20,
  "n_samples": 1024,
  "noise_level": 0.05,
  "seed": 1000,
  "lambda": 1.0,
  "test_value_mse": 0.02502261847257614,
  "test_grad_mse": 0.020272808149456978,
  "best_epoch": 496,
  "time_s": 14.782744407653809,
  "n_epochs_actual": 500,
  "key": "poly_trig_d20_n1024_noise0.05_s1000_dml_fixed",
  "timestamp": "2026-04-06T20:54:24.173746"
}