{
  "method": "dml_relobralo",
  "func_type": "poly_trig",
  "dim": 20,
  "n_samples": 4096,
  "noise_level": 0.5,
  "seed": 456,
  "lambda": 1.0,
  "test_value_mse": 0.03526391088962555,
  "test_grad_mse": 0.03607393428683281,
  "best_epoch": 336,
  "time_s": 39.466288328170776,
  "n_epochs_actual": 387,
  "key": "poly_trig_d20_n4096_noise0.5_s456_dml_relobralo",
  "timestamp": "2026-04-26T09:40:08.828901"
}