{
  "method": "dml_relobralo",
  "func_type": "poly_trig",
  "dim": 20,
  "n_samples": 256,
  "noise_level": 0.2,
  "seed": 1000,
  "lambda": 1.0,
  "test_value_mse": 0.27393656969070435,
  "test_grad_mse": 0.21365197002887726,
  "best_epoch": 349,
  "time_s": 7.680344104766846,
  "n_epochs_actual": 400,
  "key": "poly_trig_d20_n256_noise0.2_s1000_dml_relobralo",
  "timestamp": "2026-04-26T09:19:03.559437"
}