{
  "method": "baseline_gp",
  "func_type": "poly_trig",
  "dim": 10,
  "n_samples": 2048,
  "noise_level": 0.0,
  "seed": 42,
  "lambda": 1.0,
  "test_value_mse": 0.00045333648135010283,
  "test_grad_mse": 0.0037249001658101514,
  "time_s": 58.87252855300903,
  "key": "poly_trig_d10_n2048_noise0.0_s42_baseline_gp",
  "timestamp": "2026-04-06T17:59:05.251147"
}