{
  "method": "dml_gradnorm",
  "func_type": "poly_trig",
  "dim": 50,
  "n_samples": 2048,
  "noise_level": 0.0,
  "seed": 1000,
  "lambda": 1.0,
  "test_value_mse": 0.43285176157951355,
  "test_grad_mse": 0.11647539585828781,
  "best_epoch": 499,
  "time_s": 44.23589110374451,
  "n_epochs_actual": 500,
  "key": "poly_trig_d50_n2048_noise0.0_s1000_dml_gradnorm",
  "timestamp": "2026-04-07T00:22:44.048693"
}