{
  "method": "baseline_gp",
  "func_type": "poly_trig",
  "dim": 20,
  "n_samples": 4096,
  "noise_level": 0.2,
  "seed": 456,
  "lambda": 1.0,
  "test_value_mse": 0.0015591579176370855,
  "test_grad_mse": 0.0035102550514120603,
  "time_s": 304.89326643943787,
  "key": "poly_trig_d20_n4096_noise0.2_s456_baseline_gp",
  "timestamp": "2026-04-06T23:06:40.674151"
}