{
  "method": "dml_fixed",
  "func_type": "poly_trig",
  "dim": 2,
  "n_samples": 512,
  "noise_level": 0.0,
  "seed": 456,
  "lambda": 1.0,
  "test_value_mse": 2.4728085463721072e-06,
  "test_grad_mse": 0.0001259259006474167,
  "best_epoch": 212,
  "time_s": 5.401859283447266,
  "n_epochs_actual": 263,
  "key": "poly_trig_d2_n512_noise0.0_s456_dml_fixed",
  "timestamp": "2026-04-06T12:52:04.693811"
}