{
  "method": "dml_gradnorm",
  "func_type": "poly_trig",
  "dim": 20,
  "n_samples": 256,
  "noise_level": 0.2,
  "seed": 456,
  "lambda": 1.0,
  "test_value_mse": 0.23858734965324402,
  "test_grad_mse": 0.1808060109615326,
  "best_epoch": 496,
  "time_s": 16.242588758468628,
  "n_epochs_actual": 500,
  "key": "poly_trig_d20_n256_noise0.2_s456_dml_gradnorm",
  "timestamp": "2026-04-06T20:38:31.475136"
}