{
  "method": "dml_gradnorm",
  "func_type": "poly_trig",
  "dim": 2,
  "n_samples": 1024,
  "noise_level": 0.5,
  "seed": 456,
  "lambda": 1.0,
  "test_value_mse": 0.00035720941377803683,
  "test_grad_mse": 0.0032546990551054478,
  "best_epoch": 31,
  "time_s": 5.036678314208984,
  "n_epochs_actual": 82,
  "key": "poly_trig_d2_n1024_noise0.5_s456_dml_gradnorm",
  "timestamp": "2026-04-06T13:05:30.383089"
}