{
  "method": "baseline_rf",
  "func_type": "poly_trig",
  "dim": 5,
  "n_samples": 256,
  "noise_level": 0.2,
  "seed": 789,
  "lambda": 1.0,
  "test_value_mse": 0.3061178417723698,
  "test_grad_mse": 4229.928212437049,
  "time_s": 1.374161720275879,
  "key": "poly_trig_d5_n256_noise0.2_s789_baseline_rf",
  "timestamp": "2026-04-06T15:04:48.132193"
}