{
  "method": "dml_relobralo",
  "func_type": "poly_trig",
  "dim": 2,
  "n_samples": 1024,
  "noise_level": 0.1,
  "seed": 123,
  "lambda": 1.0,
  "test_value_mse": 9.05850811250275e-06,
  "test_grad_mse": 0.00039960574940778315,
  "best_epoch": 173,
  "time_s": 7.148322820663452,
  "n_epochs_actual": 224,
  "key": "poly_trig_d2_n1024_noise0.1_s123_dml_relobralo",
  "timestamp": "2026-04-26T08:28:12.811584"
}