{
  "method": "dml_fixed",
  "func_type": "poly_trig",
  "dim": 10,
  "n_samples": 512,
  "noise_level": 0.0,
  "seed": 456,
  "lambda": 1.0,
  "test_value_mse": 0.0034221613314002752,
  "test_grad_mse": 0.010444026440382004,
  "best_epoch": 258,
  "time_s": 7.24718165397644,
  "n_epochs_actual": 309,
  "key": "poly_trig_d10_n512_noise0.0_s456_dml_fixed",
  "timestamp": "2026-04-06T17:23:28.183343"
}