{
  "method": "dml_gradnorm",
  "func_type": "poly_trig",
  "dim": 100,
  "n_samples": 4096,
  "noise_level": 0.2,
  "seed": 456,
  "lambda": 1.0,
  "test_value_mse": 1.2596036195755005,
  "test_grad_mse": 0.13772310316562653,
  "best_epoch": 498,
  "time_s": 73.78679847717285,
  "n_epochs_actual": 500,
  "key": "poly_trig_d100_n4096_noise0.2_s456_dml_gradnorm",
  "timestamp": "2026-04-07T02:06:42.853573"
}