{
  "method": "dml_gradnorm",
  "func_type": "poly_trig",
  "dim": 20,
  "n_samples": 4096,
  "noise_level": 0.05,
  "seed": 1000,
  "lambda": 1.0,
  "test_value_mse": 0.003044712822884321,
  "test_grad_mse": 0.003245983272790909,
  "best_epoch": 498,
  "time_s": 69.84633255004883,
  "n_epochs_actual": 500,
  "key": "poly_trig_d20_n4096_noise0.05_s1000_dml_gradnorm",
  "timestamp": "2026-04-06T22:03:56.667340"
}