{
  "method": "dml_relobralo",
  "func_type": "poly_trig",
  "dim": 10,
  "n_samples": 1024,
  "noise_level": 0.1,
  "seed": 789,
  "lambda": 1.0,
  "test_value_mse": 0.0035668304190039635,
  "test_grad_mse": 0.010470591485500336,
  "best_epoch": 497,
  "time_s": 18.811052560806274,
  "n_epochs_actual": 500,
  "key": "poly_trig_d10_n1024_noise0.1_s789_dml_relobralo",
  "timestamp": "2026-04-26T09:00:59.719904"
}