{
  "method": "dml_fixed",
  "func_type": "poly_trig",
  "dim": 2,
  "n_samples": 1024,
  "noise_level": 0.05,
  "seed": 1000,
  "lambda": 1.0,
  "test_value_mse": 8.77190541359596e-06,
  "test_grad_mse": 0.00010992630996042863,
  "best_epoch": 235,
  "time_s": 6.781209230422974,
  "n_epochs_actual": 286,
  "key": "poly_trig_d2_n1024_noise0.05_s1000_dml_fixed",
  "timestamp": "2026-04-06T12:57:05.806595"
}