{
  "method": "dml_fixed",
  "func_type": "poly_trig",
  "dim": 100,
  "n_samples": 4096,
  "noise_level": 0.05,
  "seed": 123,
  "lambda": 1.0,
  "test_value_mse": 1.4754008054733276,
  "test_grad_mse": 0.20022770762443542,
  "best_epoch": 496,
  "time_s": 29.76801323890686,
  "n_epochs_actual": 500,
  "key": "poly_trig_d100_n4096_noise0.05_s123_dml_fixed",
  "timestamp": "2026-04-07T01:43:10.154898"
}