{
  "method": "dml_fixed",
  "func_type": "poly_trig",
  "dim": 5,
  "n_samples": 4096,
  "noise_level": 0.05,
  "seed": 42,
  "lambda": 1.0,
  "test_value_mse": 2.7530912120710127e-05,
  "test_grad_mse": 0.00032101987744681537,
  "best_epoch": 453,
  "time_s": 24.406128406524658,
  "n_epochs_actual": 500,
  "key": "poly_trig_d5_n4096_noise0.05_s42_dml_fixed",
  "timestamp": "2026-04-06T15:41:07.296584"
}