{
  "method": "dml_gradnorm",
  "func_type": "poly_trig",
  "dim": 2,
  "n_samples": 256,
  "noise_level": 0.05,
  "seed": 456,
  "lambda": 1.0,
  "test_value_mse": 5.676782620867016e-06,
  "test_grad_mse": 0.00030199630418792367,
  "best_epoch": 235,
  "time_s": 8.01981782913208,
  "n_epochs_actual": 286,
  "key": "poly_trig_d2_n256_noise0.05_s456_dml_gradnorm",
  "timestamp": "2026-04-06T12:43:58.255661"
}