{
  "method": "baseline_rf",
  "func_type": "poly_trig",
  "dim": 5,
  "n_samples": 256,
  "noise_level": 0.5,
  "seed": 456,
  "lambda": 1.0,
  "test_value_mse": 0.13109569947136668,
  "test_grad_mse": 1.149429417731198,
  "time_s": 1.7517168521881104,
  "key": "poly_trig_d5_n256_noise0.5_s456_baseline_rf",
  "timestamp": "2026-04-06T15:06:24.776956"
}