{
  "method": "baseline_rf",
  "func_type": "poly_trig",
  "dim": 10,
  "n_samples": 2048,
  "noise_level": 0.0,
  "seed": 1000,
  "lambda": 1.0,
  "test_value_mse": 0.36420272131217657,
  "test_grad_mse": 267.45079016362973,
  "time_s": 4.284024477005005,
  "key": "poly_trig_d10_n2048_noise0.0_s1000_baseline_rf",
  "timestamp": "2026-04-06T18:12:44.075879"
}