{
  "method": "dml_gradnorm",
  "func_type": "poly_trig",
  "dim": 20,
  "n_samples": 4096,
  "noise_level": 0.05,
  "seed": 789,
  "lambda": 1.0,
  "test_value_mse": 0.0067540742456912994,
  "test_grad_mse": 0.004490375053137541,
  "best_epoch": 480,
  "time_s": 69.16622400283813,
  "n_epochs_actual": 500,
  "key": "poly_trig_d20_n4096_noise0.05_s789_dml_gradnorm",
  "timestamp": "2026-04-06T21:55:28.539623"
}