{
  "method": "baseline_krr",
  "func_type": "poly_trig",
  "dim": 20,
  "n_samples": 4096,
  "noise_level": 0.2,
  "seed": 789,
  "lambda": 1.0,
  "test_value_mse": 0.4311734735965729,
  "test_grad_mse": 0.6905404151332151,
  "time_s": 3.6579742431640625,
  "key": "poly_trig_d20_n4096_noise0.2_s789_baseline_krr",
  "timestamp": "2026-04-06T23:14:43.630098"
}