{
  "method": "dml_relobralo",
  "func_type": "poly_trig",
  "dim": 50,
  "n_samples": 1024,
  "noise_level": 0.1,
  "seed": 789,
  "lambda": 1.0,
  "test_value_mse": 1.681191086769104,
  "test_grad_mse": 0.6292843818664551,
  "best_epoch": 31,
  "time_s": 4.065603256225586,
  "n_epochs_actual": 82,
  "key": "poly_trig_d50_n1024_noise0.1_s789_dml_relobralo",
  "timestamp": "2026-04-26T09:44:16.320278"
}