{
  "method": "vanilla",
  "func_type": "poly_trig",
  "dim": 2,
  "n_samples": 4096,
  "noise_level": 0.5,
  "seed": 123,
  "lambda": 1.0,
  "test_value_mse": 4.845160219701938e-06,
  "test_grad_mse": 0.000864658853970468,
  "best_epoch": 493,
  "time_s": 21.477017879486084,
  "n_epochs_actual": 500,
  "key": "poly_trig_d2_n4096_noise0.5_s123_vanilla",
  "timestamp": "2026-04-06T14:39:46.894801"
}