{
  "method": "dml_fixed",
  "func_type": "poly_trig",
  "dim": 10,
  "n_samples": 1024,
  "noise_level": 0.2,
  "seed": 1000,
  "lambda": 1.0,
  "test_value_mse": 0.007100909017026424,
  "test_grad_mse": 0.015088590793311596,
  "best_epoch": 197,
  "time_s": 7.746540069580078,
  "n_epochs_actual": 248,
  "key": "poly_trig_d10_n1024_noise0.2_s1000_dml_fixed",
  "timestamp": "2026-04-06T17:48:45.457605"
}