{
  "method": "dml_fixed",
  "func_type": "poly_trig",
  "dim": 2,
  "n_samples": 1024,
  "noise_level": 0.1,
  "seed": 789,
  "lambda": 1.0,
  "test_value_mse": 4.23090677941218e-05,
  "test_grad_mse": 0.0004719413991551846,
  "best_epoch": 134,
  "time_s": 5.052849531173706,
  "n_epochs_actual": 185,
  "key": "poly_trig_d2_n1024_noise0.1_s789_dml_fixed",
  "timestamp": "2026-04-06T12:59:39.391413"
}