{
  "method": "dml_relobralo",
  "func_type": "poly_trig",
  "dim": 100,
  "n_samples": 4096,
  "noise_level": 0.1,
  "seed": 123,
  "lambda": 1.0,
  "test_value_mse": 3.8800148963928223,
  "test_grad_mse": 0.7499783039093018,
  "best_epoch": 12,
  "time_s": 7.21354866027832,
  "n_epochs_actual": 63,
  "key": "poly_trig_d100_n4096_noise0.1_s123_dml_relobralo",
  "timestamp": "2026-04-26T10:00:41.932971"
}