{
  "method": "baseline_rf",
  "func_type": "poly_trig",
  "dim": 20,
  "n_samples": 1024,
  "noise_level": 0.05,
  "seed": 1000,
  "lambda": 1.0,
  "test_value_mse": 1.5119338725092286,
  "test_grad_mse": 2755.98787236861,
  "time_s": 4.989712476730347,
  "key": "poly_trig_d20_n1024_noise0.05_s1000_baseline_rf",
  "timestamp": "2026-04-06T20:55:38.510280"
}