{
  "method": "dml_relobralo",
  "func_type": "poly_trig",
  "dim": 2,
  "n_samples": 1024,
  "noise_level": 0.05,
  "seed": 789,
  "lambda": 1.0,
  "test_value_mse": 4.994941264158115e-06,
  "test_grad_mse": 0.00018046570767182857,
  "best_epoch": 308,
  "time_s": 15.754975080490112,
  "n_epochs_actual": 359,
  "key": "poly_trig_d2_n1024_noise0.05_s789_dml_relobralo",
  "timestamp": "2026-04-26T08:27:48.652195"
}