{
  "method": "dml_fixed",
  "func_type": "poly_trig",
  "dim": 2,
  "n_samples": 1024,
  "noise_level": 0.05,
  "seed": 123,
  "lambda": 1.0,
  "test_value_mse": 2.725681724768947e-06,
  "test_grad_mse": 0.00010353895777370781,
  "best_epoch": 238,
  "time_s": 6.931988477706909,
  "n_epochs_actual": 289,
  "key": "poly_trig_d2_n1024_noise0.05_s123_dml_fixed",
  "timestamp": "2026-04-06T12:55:00.495957"
}