{
  "method": "dml_gradnorm",
  "func_type": "poly_trig",
  "dim": 100,
  "n_samples": 1024,
  "noise_level": 0.05,
  "seed": 789,
  "lambda": 1.0,
  "test_value_mse": 3.460405111312866,
  "test_grad_mse": 0.33894020318984985,
  "best_epoch": 499,
  "time_s": 32.565523862838745,
  "n_epochs_actual": 500,
  "key": "poly_trig_d100_n1024_noise0.05_s789_dml_gradnorm",
  "timestamp": "2026-04-07T01:19:43.539024"
}