{
  "method": "dml_gradnorm",
  "func_type": "poly_trig",
  "dim": 10,
  "n_samples": 4096,
  "noise_level": 0.05,
  "seed": 1000,
  "lambda": 1.0,
  "test_value_mse": 0.0004322356544435024,
  "test_grad_mse": 0.0015183432260528207,
  "best_epoch": 494,
  "time_s": 63.17318677902222,
  "n_epochs_actual": 500,
  "key": "poly_trig_d10_n4096_noise0.05_s1000_dml_gradnorm",
  "timestamp": "2026-04-06T18:43:39.405506"
}