{
  "method": "dml_relobralo",
  "func_type": "poly_trig",
  "dim": 100,
  "n_samples": 1024,
  "noise_level": 0.05,
  "seed": 456,
  "lambda": 1.0,
  "test_value_mse": 3.430973768234253,
  "test_grad_mse": 0.6417868733406067,
  "best_epoch": 34,
  "time_s": 3.4501953125,
  "n_epochs_actual": 85,
  "key": "poly_trig_d100_n1024_noise0.05_s456_dml_relobralo",
  "timestamp": "2026-04-26T09:56:26.797477"
}