{
  "method": "dml_fixed",
  "func_type": "poly_trig",
  "dim": 2,
  "n_samples": 4096,
  "noise_level": 0.1,
  "seed": 456,
  "lambda": 1.0,
  "test_value_mse": 1.8019406979874475e-06,
  "test_grad_mse": 7.811463001416996e-05,
  "best_epoch": 199,
  "time_s": 14.14405369758606,
  "n_epochs_actual": 250,
  "key": "poly_trig_d2_n4096_noise0.1_s456_dml_fixed",
  "timestamp": "2026-04-06T13:54:38.646220"
}