{
  "method": "dml_gradnorm",
  "func_type": "poly_trig",
  "dim": 5,
  "n_samples": 1024,
  "noise_level": 0.2,
  "seed": 1000,
  "lambda": 1.0,
  "test_value_mse": 0.0011061863042414188,
  "test_grad_mse": 0.0067853666841983795,
  "best_epoch": 145,
  "time_s": 12.016662836074829,
  "n_epochs_actual": 196,
  "key": "poly_trig_d5_n1024_noise0.2_s1000_dml_gradnorm",
  "timestamp": "2026-04-06T15:24:35.259558"
}