{
  "method": "baseline_krr",
  "func_type": "poly_trig",
  "dim": 20,
  "n_samples": 4096,
  "noise_level": 0.05,
  "seed": 789,
  "lambda": 1.0,
  "test_value_mse": 0.4311734735965729,
  "test_grad_mse": 0.6905404151332151,
  "time_s": 5.1122353076934814,
  "key": "poly_trig_d20_n4096_noise0.05_s789_baseline_krr",
  "timestamp": "2026-04-06T22:02:01.062111"
}