{
  "method": "dml_relobralo",
  "func_type": "poly_trig",
  "dim": 100,
  "n_samples": 4096,
  "noise_level": 0.5,
  "seed": 789,
  "lambda": 1.0,
  "test_value_mse": 3.3236732482910156,
  "test_grad_mse": 0.582525372505188,
  "best_epoch": 25,
  "time_s": 7.897389650344849,
  "n_epochs_actual": 76,
  "key": "poly_trig_d100_n4096_noise0.5_s789_dml_relobralo",
  "timestamp": "2026-04-26T10:02:52.013190"
}