{
  "method": "dml_relobralo",
  "func_type": "poly_trig",
  "dim": 50,
  "n_samples": 256,
  "noise_level": 0.2,
  "seed": 1000,
  "lambda": 1.0,
  "test_value_mse": 1.983582854270935,
  "test_grad_mse": 0.8194994926452637,
  "best_epoch": 36,
  "time_s": 2.4186320304870605,
  "n_epochs_actual": 87,
  "key": "poly_trig_d50_n256_noise0.2_s1000_dml_relobralo",
  "timestamp": "2026-04-26T09:42:33.165553"
}