{
  "method": "dml_gradnorm",
  "func_type": "poly_trig",
  "dim": 20,
  "n_samples": 256,
  "noise_level": 0.2,
  "seed": 123,
  "lambda": 1.0,
  "test_value_mse": 0.6796932816505432,
  "test_grad_mse": 0.6155872344970703,
  "best_epoch": 152,
  "time_s": 5.994884252548218,
  "n_epochs_actual": 203,
  "key": "poly_trig_d20_n256_noise0.2_s123_dml_gradnorm",
  "timestamp": "2026-04-06T20:37:38.340135"
}