{
  "method": "dml_gradnorm",
  "func_type": "poly_trig",
  "dim": 50,
  "n_samples": 4096,
  "noise_level": 0.5,
  "seed": 789,
  "lambda": 1.0,
  "test_value_mse": 0.4733370244503021,
  "test_grad_mse": 0.11779538542032242,
  "best_epoch": 285,
  "time_s": 50.031678915023804,
  "n_epochs_actual": 336,
  "key": "poly_trig_d50_n4096_noise0.5_s789_dml_gradnorm",
  "timestamp": "2026-04-07T00:58:41.279680"
}