{
  "method": "dml_gradnorm",
  "func_type": "poly_trig",
  "dim": 10,
  "n_samples": 512,
  "noise_level": 0.0,
  "seed": 789,
  "lambda": 1.0,
  "test_value_mse": 0.008724524639546871,
  "test_grad_mse": 0.023477694019675255,
  "best_epoch": 498,
  "time_s": 11.741467475891113,
  "n_epochs_actual": 500,
  "key": "poly_trig_d10_n512_noise0.0_s789_dml_gradnorm",
  "timestamp": "2026-04-06T17:24:35.333069"
}