{
  "method": "dml_gradnorm",
  "func_type": "poly_trig",
  "dim": 10,
  "n_samples": 4096,
  "noise_level": 0.05,
  "seed": 123,
  "lambda": 1.0,
  "test_value_mse": 0.0004961441154591739,
  "test_grad_mse": 0.0017352879513055086,
  "best_epoch": 483,
  "time_s": 61.38046979904175,
  "n_epochs_actual": 500,
  "key": "poly_trig_d10_n4096_noise0.05_s123_dml_gradnorm",
  "timestamp": "2026-04-06T18:21:01.061789"
}