{
  "method": "baseline_krr",
  "func_type": "poly_trig",
  "dim": 5,
  "n_samples": 512,
  "noise_level": 0.0,
  "seed": 42,
  "lambda": 1.0,
  "test_value_mse": 0.08680026233196259,
  "test_grad_mse": 0.5405332274287229,
  "time_s": 0.022830724716186523,
  "key": "poly_trig_d5_n512_noise0.0_s42_baseline_krr",
  "timestamp": "2026-04-06T15:07:41.949964"
}