{
  "method": "vanilla",
  "func_type": "poly_trig",
  "dim": 5,
  "n_samples": 2048,
  "noise_level": 0.0,
  "seed": 1000,
  "lambda": 1.0,
  "test_value_mse": 0.0003943936026189476,
  "test_grad_mse": 0.009483180940151215,
  "best_epoch": 481,
  "time_s": 13.412103652954102,
  "n_epochs_actual": 500,
  "key": "poly_trig_d5_n2048_noise0.0_s1000_vanilla",
  "timestamp": "2026-04-06T15:38:18.873195"
}