{
  "method": "baseline_gp",
  "func_type": "poly_trig",
  "dim": 2,
  "n_samples": 2048,
  "noise_level": 0.0,
  "seed": 1000,
  "lambda": 1.0,
  "test_value_mse": 8.051354096471157e-09,
  "test_grad_mse": 2.3486997944422257e-06,
  "time_s": 34.76932168006897,
  "key": "poly_trig_d2_n2048_noise0.0_s1000_baseline_gp",
  "timestamp": "2026-04-06T13:16:18.279630"
}