{
  "method": "dml_relobralo",
  "func_type": "poly_trig",
  "dim": 20,
  "n_samples": 1024,
  "noise_level": 0.5,
  "seed": 456,
  "lambda": 1.0,
  "test_value_mse": 0.15186813473701477,
  "test_grad_mse": 0.11251362413167953,
  "best_epoch": 203,
  "time_s": 8.339679956436157,
  "n_epochs_actual": 254,
  "key": "poly_trig_d20_n1024_noise0.5_s456_dml_relobralo",
  "timestamp": "2026-04-26T09:25:24.065522"
}