{
  "method": "baseline_krr",
  "func_type": "poly_trig",
  "dim": 2,
  "n_samples": 256,
  "noise_level": 0.05,
  "seed": 456,
  "lambda": 1.0,
  "test_value_mse": 0.0023943136911839247,
  "test_grad_mse": 0.01938347304062207,
  "time_s": 0.0040667057037353516,
  "key": "poly_trig_d2_n256_noise0.05_s456_baseline_krr",
  "timestamp": "2026-04-06T12:44:03.207933"
}