{
  "method": "baseline_gp",
  "func_type": "poly_trig",
  "dim": 5,
  "n_samples": 512,
  "noise_level": 0.0,
  "seed": 42,
  "lambda": 1.0,
  "test_value_mse": 1.7079942471904183e-05,
  "test_grad_mse": 0.00022639475461262072,
  "time_s": 0.5632860660552979,
  "key": "poly_trig_d5_n512_noise0.0_s42_baseline_gp",
  "timestamp": "2026-04-06T15:07:41.926871"
}