{
  "method": "dml_gradnorm",
  "func_type": "poly_trig",
  "dim": 100,
  "n_samples": 4096,
  "noise_level": 0.5,
  "seed": 456,
  "lambda": 1.0,
  "test_value_mse": 2.0019679069519043,
  "test_grad_mse": 0.2149745672941208,
  "best_epoch": 492,
  "time_s": 74.54795980453491,
  "n_epochs_actual": 500,
  "key": "poly_trig_d100_n4096_noise0.5_s456_dml_gradnorm",
  "timestamp": "2026-04-07T02:16:25.918517"
}