{
  "method": "dml_gradnorm",
  "func_type": "poly_trig",
  "dim": 5,
  "n_samples": 512,
  "noise_level": 0.0,
  "seed": 456,
  "lambda": 1.0,
  "test_value_mse": 0.000272041535936296,
  "test_grad_mse": 0.003018892602995038,
  "best_epoch": 499,
  "time_s": 12.604623317718506,
  "n_epochs_actual": 500,
  "key": "poly_trig_d5_n512_noise0.0_s456_dml_gradnorm",
  "timestamp": "2026-04-06T15:08:49.080273"
}