{
  "method": "dml_gradnorm",
  "func_type": "poly_trig",
  "dim": 20,
  "n_samples": 1024,
  "noise_level": 0.5,
  "seed": 1000,
  "lambda": 1.0,
  "test_value_mse": 0.11350192874670029,
  "test_grad_mse": 0.10267950594425201,
  "best_epoch": 244,
  "time_s": 18.02382230758667,
  "n_epochs_actual": 295,
  "key": "poly_trig_d20_n1024_noise0.5_s1000_dml_gradnorm",
  "timestamp": "2026-04-06T21:17:47.797306"
}