{
  "method": "baseline_rf",
  "func_type": "poly_trig",
  "dim": 2,
  "n_samples": 1024,
  "noise_level": 0.05,
  "seed": 123,
  "lambda": 1.0,
  "test_value_mse": 0.002145444452539747,
  "test_grad_mse": 290.0514922925732,
  "time_s": 1.1234662532806396,
  "key": "poly_trig_d2_n1024_noise0.05_s123_baseline_rf",
  "timestamp": "2026-04-06T12:55:25.497563"
}