{
  "method": "vanilla",
  "func_type": "poly_trig",
  "dim": 2,
  "n_samples": 4096,
  "noise_level": 0.1,
  "seed": 1000,
  "lambda": 1.0,
  "test_value_mse": 1.423553499080299e-06,
  "test_grad_mse": 0.0004168947343714535,
  "best_epoch": 489,
  "time_s": 22.477609872817993,
  "n_epochs_actual": 500,
  "key": "poly_trig_d2_n4096_noise0.1_s1000_vanilla",
  "timestamp": "2026-04-06T14:03:00.728148"
}