{
  "method": "dml_gradnorm",
  "func_type": "poly_trig",
  "dim": 5,
  "n_samples": 512,
  "noise_level": 0.0,
  "seed": 1000,
  "lambda": 1.0,
  "test_value_mse": 0.00033980782609432936,
  "test_grad_mse": 0.004309142008423805,
  "best_epoch": 498,
  "time_s": 13.10613465309143,
  "n_epochs_actual": 500,
  "key": "poly_trig_d5_n512_noise0.0_s1000_dml_gradnorm",
  "timestamp": "2026-04-06T15:10:04.277734"
}