{
  "method": "vanilla",
  "func_type": "poly_trig",
  "dim": 50,
  "n_samples": 256,
  "noise_level": 0.2,
  "seed": 123,
  "lambda": 1.0,
  "test_value_mse": 1.8240604400634766,
  "test_grad_mse": 0.8213329911231995,
  "best_epoch": 33,
  "time_s": 3.0451266765594482,
  "n_epochs_actual": 84,
  "key": "poly_trig_d50_n256_noise0.2_s123_vanilla",
  "timestamp": "2026-04-06T23:54:34.852059"
}