{
  "method": "dml_gradnorm",
  "func_type": "poly_trig",
  "dim": 100,
  "n_samples": 4096,
  "noise_level": 0.5,
  "seed": 123,
  "lambda": 1.0,
  "test_value_mse": 2.2609305381774902,
  "test_grad_mse": 0.29855215549468994,
  "best_epoch": 496,
  "time_s": 77.26665019989014,
  "n_epochs_actual": 500,
  "key": "poly_trig_d100_n4096_noise0.5_s123_dml_gradnorm",
  "timestamp": "2026-04-07T02:14:21.764188"
}