{
  "method": "dml_gradnorm",
  "func_type": "poly_trig",
  "dim": 50,
  "n_samples": 256,
  "noise_level": 0.2,
  "seed": 42,
  "lambda": 1.0,
  "test_value_mse": 2.0235445499420166,
  "test_grad_mse": 0.5579953789710999,
  "best_epoch": 499,
  "time_s": 26.28184962272644,
  "n_epochs_actual": 500,
  "key": "poly_trig_d50_n256_noise0.2_s42_dml_gradnorm",
  "timestamp": "2026-04-06T23:54:25.520089"
}