{
  "method": "dml_gradnorm",
  "func_type": "poly_trig",
  "dim": 5,
  "n_samples": 4096,
  "noise_level": 0.5,
  "seed": 42,
  "lambda": 1.0,
  "test_value_mse": 0.003494126722216606,
  "test_grad_mse": 0.014025349169969559,
  "best_epoch": 30,
  "time_s": 12.382836103439331,
  "n_epochs_actual": 81,
  "key": "poly_trig_d5_n4096_noise0.5_s42_dml_gradnorm",
  "timestamp": "2026-04-06T16:53:13.040234"
}