{
  "method": "dml_relobralo",
  "func_type": "poly_trig",
  "dim": 50,
  "n_samples": 4096,
  "noise_level": 0.1,
  "seed": 1000,
  "lambda": 1.0,
  "test_value_mse": 2.2372660636901855,
  "test_grad_mse": 0.6490954756736755,
  "best_epoch": 37,
  "time_s": 7.978705644607544,
  "n_epochs_actual": 88,
  "key": "poly_trig_d50_n4096_noise0.1_s1000_dml_relobralo",
  "timestamp": "2026-04-26T09:48:55.253431"
}