{
  "method": "dml_fixed",
  "func_type": "poly_trig",
  "dim": 10,
  "n_samples": 4096,
  "noise_level": 0.2,
  "seed": 123,
  "lambda": 1.0,
  "test_value_mse": 0.003188209142535925,
  "test_grad_mse": 0.006765064783394337,
  "best_epoch": 182,
  "time_s": 12.95624303817749,
  "n_epochs_actual": 233,
  "key": "poly_trig_d10_n4096_noise0.2_s123_dml_fixed",
  "timestamp": "2026-04-06T19:32:23.023827"
}