{
  "method": "dml_gradnorm",
  "func_type": "poly_trig",
  "dim": 100,
  "n_samples": 4096,
  "noise_level": 0.1,
  "seed": 456,
  "lambda": 1.0,
  "test_value_mse": 1.0925228595733643,
  "test_grad_mse": 0.13064226508140564,
  "best_epoch": 498,
  "time_s": 73.823805809021,
  "n_epochs_actual": 500,
  "key": "poly_trig_d100_n4096_noise0.1_s456_dml_gradnorm",
  "timestamp": "2026-04-07T01:56:53.480302"
}