{
  "method": "dml_relobralo",
  "func_type": "poly_trig",
  "dim": 10,
  "n_samples": 2048,
  "noise_level": 0.0,
  "seed": 456,
  "lambda": 1.0,
  "test_value_mse": 0.0012604069197550416,
  "test_grad_mse": 0.0046775322407484055,
  "best_epoch": 493,
  "time_s": 22.115180492401123,
  "n_epochs_actual": 500,
  "key": "poly_trig_d10_n2048_noise0.0_s456_dml_relobralo",
  "timestamp": "2026-04-26T09:04:14.367902"
}