{
  "method": "dml_relobralo",
  "func_type": "poly_trig",
  "dim": 100,
  "n_samples": 512,
  "noise_level": 0.0,
  "seed": 1000,
  "lambda": 1.0,
  "test_value_mse": 5.340392112731934,
  "test_grad_mse": 0.7364315390586853,
  "best_epoch": 207,
  "time_s": 6.092041730880737,
  "n_epochs_actual": 258,
  "key": "poly_trig_d100_n512_noise0.0_s1000_dml_relobralo",
  "timestamp": "2026-04-26T09:56:02.272205"
}