{
  "method": "baseline_rf",
  "func_type": "poly_trig",
  "dim": 2,
  "n_samples": 4096,
  "noise_level": 0.2,
  "seed": 456,
  "lambda": 1.0,
  "test_value_mse": 0.00010411473515258146,
  "test_grad_mse": 113.07803483701649,
  "time_s": 1.4932665824890137,
  "key": "poly_trig_d2_n4096_noise0.2_s456_baseline_rf",
  "timestamp": "2026-04-06T14:20:42.395142"
}