{
  "method": "dml_gradnorm",
  "func_type": "poly_trig",
  "dim": 100,
  "n_samples": 1024,
  "noise_level": 0.2,
  "seed": 1000,
  "lambda": 1.0,
  "test_value_mse": 4.264013767242432,
  "test_grad_mse": 0.42153018712997437,
  "best_epoch": 498,
  "time_s": 40.92902731895447,
  "n_epochs_actual": 500,
  "key": "poly_trig_d100_n1024_noise0.2_s1000_dml_gradnorm",
  "timestamp": "2026-04-07T01:30:01.737725"
}