{
  "method": "dml_gradnorm",
  "func_type": "poly_trig",
  "dim": 5,
  "n_samples": 256,
  "noise_level": 0.1,
  "seed": 123,
  "lambda": 1.0,
  "test_value_mse": 0.0012728319270536304,
  "test_grad_mse": 0.011014391668140888,
  "best_epoch": 353,
  "time_s": 9.015626430511475,
  "n_epochs_actual": 404,
  "key": "poly_trig_d5_n256_noise0.1_s123_dml_gradnorm",
  "timestamp": "2026-04-06T15:01:08.366352"
}