{
  "method": "dml_fixed",
  "func_type": "poly_trig",
  "dim": 5,
  "n_samples": 4096,
  "noise_level": 0.2,
  "seed": 789,
  "lambda": 1.0,
  "test_value_mse": 0.00023083323321770877,
  "test_grad_mse": 0.0015232808655127883,
  "best_epoch": 159,
  "time_s": 11.419987678527832,
  "n_epochs_actual": 210,
  "key": "poly_trig_d5_n4096_noise0.2_s789_dml_fixed",
  "timestamp": "2026-04-06T16:43:04.303312"
}