{
  "method": "dml_fixed",
  "func_type": "poly_trig",
  "dim": 50,
  "n_samples": 4096,
  "noise_level": 0.1,
  "seed": 1000,
  "lambda": 1.0,
  "test_value_mse": 0.1426871418952942,
  "test_grad_mse": 0.05095362663269043,
  "best_epoch": 499,
  "time_s": 30.17763662338257,
  "n_epochs_actual": 500,
  "key": "poly_trig_d50_n4096_noise0.1_s1000_dml_fixed",
  "timestamp": "2026-04-07T00:41:39.555678"
}