{
  "method": "dml_fixed",
  "func_type": "poly_trig",
  "dim": 10,
  "n_samples": 1024,
  "noise_level": 0.2,
  "seed": 456,
  "lambda": 1.0,
  "test_value_mse": 0.0062222410924732685,
  "test_grad_mse": 0.013442816212773323,
  "best_epoch": 223,
  "time_s": 7.580380916595459,
  "n_epochs_actual": 274,
  "key": "poly_trig_d10_n1024_noise0.2_s456_dml_fixed",
  "timestamp": "2026-04-06T17:44:13.058372"
}