{
  "method": "dml_gradnorm",
  "func_type": "poly_trig",
  "dim": 100,
  "n_samples": 512,
  "noise_level": 0.0,
  "seed": 789,
  "lambda": 1.0,
  "test_value_mse": 3.4171955585479736,
  "test_grad_mse": 0.47350582480430603,
  "best_epoch": 499,
  "time_s": 14.843016862869263,
  "n_epochs_actual": 500,
  "key": "poly_trig_d100_n512_noise0.0_s789_dml_gradnorm",
  "timestamp": "2026-04-07T01:15:26.593583"
}