{
  "method": "baseline_gp",
  "func_type": "poly_trig",
  "dim": 10,
  "n_samples": 1024,
  "noise_level": 0.1,
  "seed": 456,
  "lambda": 1.0,
  "test_value_mse": 0.0007251011808539959,
  "test_grad_mse": 0.004233194960658952,
  "time_s": 21.452269554138184,
  "key": "poly_trig_d10_n1024_noise0.1_s456_baseline_gp",
  "timestamp": "2026-04-06T17:37:01.663370"
}