{
  "method": "vanilla",
  "func_type": "poly_trig",
  "dim": 2,
  "n_samples": 512,
  "noise_level": 0.0,
  "seed": 1000,
  "lambda": 1.0,
  "test_value_mse": 9.800697625905741e-06,
  "test_grad_mse": 0.0018597417511045933,
  "best_epoch": 499,
  "time_s": 9.44663691520691,
  "n_epochs_actual": 500,
  "key": "poly_trig_d2_n512_noise0.0_s1000_vanilla",
  "timestamp": "2026-04-06T12:53:19.177590"
}