{
  "method": "dml_relobralo",
  "func_type": "poly_trig",
  "dim": 5,
  "n_samples": 4096,
  "noise_level": 0.5,
  "seed": 789,
  "lambda": 1.0,
  "test_value_mse": 0.0007902635261416435,
  "test_grad_mse": 0.00425808597356081,
  "best_epoch": 102,
  "time_s": 14.859397649765015,
  "n_epochs_actual": 153,
  "key": "poly_trig_d5_n4096_noise0.5_s789_dml_relobralo",
  "timestamp": "2026-04-26T08:54:37.925108"
}