{
  "method": "dml_gradnorm",
  "func_type": "poly_trig",
  "dim": 50,
  "n_samples": 1024,
  "noise_level": 0.2,
  "seed": 456,
  "lambda": 1.0,
  "test_value_mse": 0.8831057548522949,
  "test_grad_mse": 0.3116869032382965,
  "best_epoch": 499,
  "time_s": 23.8726544380188,
  "n_epochs_actual": 500,
  "key": "poly_trig_d50_n1024_noise0.2_s456_dml_gradnorm",
  "timestamp": "2026-04-07T00:10:59.092072"
}