{
  "method": "dml_gradnorm",
  "func_type": "poly_trig",
  "dim": 20,
  "n_samples": 4096,
  "noise_level": 0.1,
  "seed": 1000,
  "lambda": 1.0,
  "test_value_mse": 0.00524284178391099,
  "test_grad_mse": 0.005697349086403847,
  "best_epoch": 440,
  "time_s": 63.96909809112549,
  "n_epochs_actual": 491,
  "key": "poly_trig_d20_n4096_noise0.1_s1000_dml_gradnorm",
  "timestamp": "2026-04-06T22:40:12.018292"
}