{
  "method": "dml_gradnorm",
  "func_type": "poly_trig",
  "dim": 2,
  "n_samples": 1024,
  "noise_level": 0.5,
  "seed": 42,
  "lambda": 1.0,
  "test_value_mse": 0.001313266810029745,
  "test_grad_mse": 0.013717051595449448,
  "best_epoch": 58,
  "time_s": 6.674313068389893,
  "n_epochs_actual": 109,
  "key": "poly_trig_d2_n1024_noise0.5_s42_dml_gradnorm",
  "timestamp": "2026-04-06T13:04:25.665926"
}