{
  "method": "dml_relobralo",
  "func_type": "poly_trig",
  "dim": 20,
  "n_samples": 2048,
  "noise_level": 0.0,
  "seed": 42,
  "lambda": 1.0,
  "test_value_mse": 0.02269802615046501,
  "test_grad_mse": 0.026441479101777077,
  "best_epoch": 484,
  "time_s": 21.287540674209595,
  "n_epochs_actual": 500,
  "key": "poly_trig_d20_n2048_noise0.0_s42_dml_relobralo",
  "timestamp": "2026-04-26T09:26:12.831333"
}