{
  "method": "baseline_rf",
  "func_type": "poly_trig",
  "dim": 20,
  "n_samples": 256,
  "noise_level": 0.1,
  "seed": 789,
  "lambda": 1.0,
  "test_value_mse": 1.8899624555110313,
  "test_grad_mse": 1.3569890351042286,
  "time_s": 6.529762268066406,
  "key": "poly_trig_d20_n256_noise0.1_s789_baseline_rf",
  "timestamp": "2026-04-06T20:36:14.320106"
}