{
  "method": "dml_fixed",
  "func_type": "poly_trig",
  "dim": 20,
  "n_samples": 256,
  "noise_level": 0.2,
  "seed": 42,
  "lambda": 1.0,
  "test_value_mse": 0.2618529200553894,
  "test_grad_mse": 0.20085710287094116,
  "best_epoch": 289,
  "time_s": 6.688257217407227,
  "n_epochs_actual": 340,
  "key": "poly_trig_d20_n256_noise0.2_s42_dml_fixed",
  "timestamp": "2026-04-06T20:36:59.856165"
}