{
  "method": "dml_gradnorm",
  "func_type": "poly_trig",
  "dim": 2,
  "n_samples": 4096,
  "noise_level": 0.2,
  "seed": 1000,
  "lambda": 1.0,
  "test_value_mse": 0.0013306309701874852,
  "test_grad_mse": 0.00230531208217144,
  "best_epoch": 32,
  "time_s": 11.59532117843628,
  "n_epochs_actual": 83,
  "key": "poly_trig_d2_n4096_noise0.2_s1000_dml_gradnorm",
  "timestamp": "2026-04-06T14:27:21.013121"
}