{
  "method": "dml_gradnorm",
  "func_type": "poly_trig",
  "dim": 2,
  "n_samples": 4096,
  "noise_level": 0.05,
  "seed": 42,
  "lambda": 1.0,
  "test_value_mse": 6.315074188023573e-06,
  "test_grad_mse": 9.162483911495656e-05,
  "best_epoch": 120,
  "time_s": 22.784830570220947,
  "n_epochs_actual": 171,
  "key": "poly_trig_d2_n4096_noise0.05_s42_dml_gradnorm",
  "timestamp": "2026-04-06T13:17:21.324776"
}