{
  "method": "dml_gradnorm",
  "func_type": "poly_trig",
  "dim": 100,
  "n_samples": 256,
  "noise_level": 0.5,
  "seed": 123,
  "lambda": 1.0,
  "test_value_mse": 4.296139717102051,
  "test_grad_mse": 0.6476476788520813,
  "best_epoch": 498,
  "time_s": 12.769193887710571,
  "n_epochs_actual": 500,
  "key": "poly_trig_d100_n256_noise0.5_s123_dml_gradnorm",
  "timestamp": "2026-04-07T01:10:40.080237"
}