{
  "method": "vanilla",
  "func_type": "poly_trig",
  "dim": 2,
  "n_samples": 256,
  "noise_level": 0.1,
  "seed": 1000,
  "lambda": 1.0,
  "test_value_mse": 0.0002383981045568362,
  "test_grad_mse": 0.008180340752005577,
  "best_epoch": 246,
  "time_s": 7.310232639312744,
  "n_epochs_actual": 297,
  "key": "poly_trig_d2_n256_noise0.1_s1000_vanilla",
  "timestamp": "2026-04-06T12:47:11.514319"
}