{
  "method": "dml_fixed",
  "func_type": "poly_trig",
  "dim": 10,
  "n_samples": 1024,
  "noise_level": 0.05,
  "seed": 1000,
  "lambda": 1.0,
  "test_value_mse": 0.001637074165046215,
  "test_grad_mse": 0.00451370095834136,
  "best_epoch": 492,
  "time_s": 13.478104829788208,
  "n_epochs_actual": 500,
  "key": "poly_trig_d10_n1024_noise0.05_s1000_dml_fixed",
  "timestamp": "2026-04-06T17:32:08.434709"
}