{
  "method": "vanilla",
  "func_type": "poly_trig",
  "dim": 2,
  "n_samples": 512,
  "noise_level": 0.0,
  "seed": 123,
  "lambda": 1.0,
  "test_value_mse": 4.3933090637438e-05,
  "test_grad_mse": 0.0067576817236840725,
  "best_epoch": 494,
  "time_s": 11.612233877182007,
  "n_epochs_actual": 500,
  "key": "poly_trig_d2_n512_noise0.0_s123_vanilla",
  "timestamp": "2026-04-06T12:51:32.112307"
}