{
  "method": "baseline_krr",
  "func_type": "poly_trig",
  "dim": 10,
  "n_samples": 2048,
  "noise_level": 0.0,
  "seed": 123,
  "lambda": 1.0,
  "test_value_mse": 0.19759699702262878,
  "test_grad_mse": 0.6230611876781221,
  "time_s": 1.710277795791626,
  "key": "poly_trig_d10_n2048_noise0.0_s123_baseline_krr",
  "timestamp": "2026-04-06T18:03:21.129991"
}