{
  "method": "dml_relobralo",
  "func_type": "poly_trig",
  "dim": 2,
  "n_samples": 1024,
  "noise_level": 0.2,
  "seed": 123,
  "lambda": 1.0,
  "test_value_mse": 7.352334796451032e-05,
  "test_grad_mse": 0.0012236809125170112,
  "best_epoch": 102,
  "time_s": 5.682712078094482,
  "n_epochs_actual": 153,
  "key": "poly_trig_d2_n1024_noise0.2_s123_dml_relobralo",
  "timestamp": "2026-04-26T08:29:02.172861"
}