{
  "method": "dml_gradnorm",
  "func_type": "poly_trig",
  "dim": 50,
  "n_samples": 4096,
  "noise_level": 0.05,
  "seed": 1000,
  "lambda": 1.0,
  "test_value_mse": 0.11380127817392349,
  "test_grad_mse": 0.028539080172777176,
  "best_epoch": 490,
  "time_s": 71.99780225753784,
  "n_epochs_actual": 500,
  "key": "poly_trig_d50_n4096_noise0.05_s1000_dml_gradnorm",
  "timestamp": "2026-04-07T00:32:52.775263"
}