{
  "method": "vanilla",
  "func_type": "poly_trig",
  "dim": 2,
  "n_samples": 256,
  "noise_level": 0.2,
  "seed": 123,
  "lambda": 1.0,
  "test_value_mse": 7.153363549150527e-05,
  "test_grad_mse": 0.007045202422887087,
  "best_epoch": 499,
  "time_s": 9.687602996826172,
  "n_epochs_actual": 500,
  "key": "poly_trig_d2_n256_noise0.2_s123_vanilla",
  "timestamp": "2026-04-06T12:48:01.786145"
}