{
  "method": "dml_gradnorm",
  "func_type": "poly_trig",
  "dim": 50,
  "n_samples": 2048,
  "noise_level": 0.0,
  "seed": 123,
  "lambda": 1.0,
  "test_value_mse": 0.4676096737384796,
  "test_grad_mse": 0.11577904969453812,
  "best_epoch": 498,
  "time_s": 40.400840520858765,
  "n_epochs_actual": 500,
  "key": "poly_trig_d50_n2048_noise0.0_s123_dml_gradnorm",
  "timestamp": "2026-04-07T00:18:57.367393"
}