{
  "method": "dml_gradnorm",
  "func_type": "poly_trig",
  "dim": 20,
  "n_samples": 256,
  "noise_level": 0.5,
  "seed": 789,
  "lambda": 1.0,
  "test_value_mse": 0.63001549243927,
  "test_grad_mse": 0.8001369833946228,
  "best_epoch": 43,
  "time_s": 4.214015960693359,
  "n_epochs_actual": 94,
  "key": "poly_trig_d20_n256_noise0.5_s789_dml_gradnorm",
  "timestamp": "2026-04-06T20:42:05.699288"
}