{
  "method": "vanilla",
  "func_type": "poly_trig",
  "dim": 20,
  "n_samples": 256,
  "noise_level": 0.5,
  "seed": 456,
  "lambda": 1.0,
  "test_value_mse": 0.7447087168693542,
  "test_grad_mse": 0.6464653611183167,
  "best_epoch": 81,
  "time_s": 3.528074264526367,
  "n_epochs_actual": 132,
  "key": "poly_trig_d20_n256_noise0.5_s456_vanilla",
  "timestamp": "2026-04-06T20:41:19.879685"
}