{
  "method": "dml_gradnorm",
  "func_type": "poly_trig",
  "dim": 50,
  "n_samples": 1024,
  "noise_level": 0.5,
  "seed": 42,
  "lambda": 1.0,
  "test_value_mse": 1.5419843196868896,
  "test_grad_mse": 0.4264315068721771,
  "best_epoch": 496,
  "time_s": 26.467899560928345,
  "n_epochs_actual": 500,
  "key": "poly_trig_d50_n1024_noise0.5_s42_dml_gradnorm",
  "timestamp": "2026-04-07T00:13:29.772079"
}