{
  "method": "vanilla",
  "func_type": "poly_trig",
  "dim": 20,
  "n_samples": 2048,
  "noise_level": 0.0,
  "seed": 789,
  "lambda": 1.0,
  "test_value_mse": 0.33747899532318115,
  "test_grad_mse": 0.48750928044319153,
  "best_epoch": 82,
  "time_s": 5.908490180969238,
  "n_epochs_actual": 133,
  "key": "poly_trig_d20_n2048_noise0.0_s789_vanilla",
  "timestamp": "2026-04-06T21:26:25.526163"
}