{
  "method": "dml_fixed",
  "func_type": "poly_trig",
  "dim": 100,
  "n_samples": 2048,
  "noise_level": 0.0,
  "seed": 123,
  "lambda": 1.0,
  "test_value_mse": 3.1223013401031494,
  "test_grad_mse": 0.42965081334114075,
  "best_epoch": 131,
  "time_s": 7.865447998046875,
  "n_epochs_actual": 182,
  "key": "poly_trig_d100_n2048_noise0.0_s123_dml_fixed",
  "timestamp": "2026-04-07T01:36:02.262124"
}