{
  "method": "dml_fixed",
  "func_type": "poly_trig",
  "dim": 10,
  "n_samples": 512,
  "noise_level": 0.0,
  "seed": 123,
  "lambda": 1.0,
  "test_value_mse": 0.005012841429561377,
  "test_grad_mse": 0.014413291588425636,
  "best_epoch": 499,
  "time_s": 9.43438720703125,
  "n_epochs_actual": 500,
  "key": "poly_trig_d10_n512_noise0.0_s123_dml_fixed",
  "timestamp": "2026-04-06T17:22:54.677407"
}