{
  "method": "baseline_gp",
  "func_type": "poly_trig",
  "dim": 20,
  "n_samples": 512,
  "noise_level": 0.0,
  "seed": 1000,
  "lambda": 1.0,
  "test_value_mse": 0.5525035285475918,
  "test_grad_mse": 0.495051675842586,
  "time_s": 10.748924970626831,
  "key": "poly_trig_d20_n512_noise0.0_s1000_baseline_gp",
  "timestamp": "2026-04-06T20:47:14.602207"
}