{
  "method": "baseline_rf",
  "func_type": "poly_trig",
  "dim": 10,
  "n_samples": 256,
  "noise_level": 0.05,
  "seed": 456,
  "lambda": 1.0,
  "test_value_mse": 0.5830356434814871,
  "test_grad_mse": 0.958271839927726,
  "time_s": 1.4925875663757324,
  "key": "poly_trig_d10_n256_noise0.05_s456_baseline_rf",
  "timestamp": "2026-04-06T17:12:58.275267"
}