{
  "method": "baseline_rf",
  "func_type": "poly_trig",
  "dim": 20,
  "n_samples": 2048,
  "noise_level": 0.0,
  "seed": 1000,
  "lambda": 1.0,
  "test_value_mse": 1.2047193456842098,
  "test_grad_mse": 449.2438885332486,
  "time_s": 7.512152910232544,
  "key": "poly_trig_d20_n2048_noise0.0_s1000_baseline_rf",
  "timestamp": "2026-04-06T21:31:44.314692"
}