{
  "method": "dml_relobralo",
  "func_type": "poly_trig",
  "dim": 10,
  "n_samples": 256,
  "noise_level": 0.05,
  "seed": 1000,
  "lambda": 1.0,
  "test_value_mse": 0.012214718386530876,
  "test_grad_mse": 0.04260660707950592,
  "best_epoch": 499,
  "time_s": 9.131198167800903,
  "n_epochs_actual": 500,
  "key": "poly_trig_d10_n256_noise0.05_s1000_dml_relobralo",
  "timestamp": "2026-04-26T08:55:30.339110"
}