{
  "method": "dml_relobralo",
  "func_type": "poly_trig",
  "dim": 50,
  "n_samples": 1024,
  "noise_level": 0.2,
  "seed": 123,
  "lambda": 1.0,
  "test_value_mse": 2.126154661178589,
  "test_grad_mse": 0.8098129630088806,
  "best_epoch": 37,
  "time_s": 3.3759968280792236,
  "n_epochs_actual": 88,
  "key": "poly_trig_d50_n1024_noise0.2_s123_dml_relobralo",
  "timestamp": "2026-04-26T09:44:32.481360"
}