{
  "method": "dml_gradnorm",
  "func_type": "poly_trig",
  "dim": 50,
  "n_samples": 4096,
  "noise_level": 0.05,
  "seed": 456,
  "lambda": 1.0,
  "test_value_mse": 0.10010307282209396,
  "test_grad_mse": 0.028443817049264908,
  "best_epoch": 411,
  "time_s": 65.98189425468445,
  "n_epochs_actual": 462,
  "key": "poly_trig_d50_n4096_noise0.05_s456_dml_gradnorm",
  "timestamp": "2026-04-07T00:28:42.792201"
}