{
  "method": "baseline_rf",
  "func_type": "poly_trig",
  "dim": 10,
  "n_samples": 2048,
  "noise_level": 0.0,
  "seed": 42,
  "lambda": 1.0,
  "test_value_mse": 0.3184938519574136,
  "test_grad_mse": 36.34504382241061,
  "time_s": 4.5586583614349365,
  "key": "poly_trig_d10_n2048_noise0.0_s42_baseline_rf",
  "timestamp": "2026-04-06T17:59:10.459572"
}