{
  "method": "dml_gradnorm",
  "func_type": "poly_trig",
  "dim": 50,
  "n_samples": 256,
  "noise_level": 0.1,
  "seed": 1000,
  "lambda": 1.0,
  "test_value_mse": 2.2660439014434814,
  "test_grad_mse": 0.6307886242866516,
  "best_epoch": 473,
  "time_s": 14.317189455032349,
  "n_epochs_actual": 500,
  "key": "poly_trig_d50_n256_noise0.1_s1000_dml_gradnorm",
  "timestamp": "2026-04-06T23:53:43.045081"
}