{
  "method": "baseline_krr",
  "func_type": "poly_trig",
  "dim": 5,
  "n_samples": 256,
  "noise_level": 0.2,
  "seed": 123,
  "lambda": 1.0,
  "test_value_mse": 0.09994985163211823,
  "test_grad_mse": 0.5934303787307307,
  "time_s": 0.02294754981994629,
  "key": "poly_trig_d5_n256_noise0.2_s123_baseline_krr",
  "timestamp": "2026-04-06T15:03:46.447593"
}