{
  "method": "dml_relobralo",
  "func_type": "poly_trig",
  "dim": 10,
  "n_samples": 4096,
  "noise_level": 0.5,
  "seed": 123,
  "lambda": 1.0,
  "test_value_mse": 0.005125030875205994,
  "test_grad_mse": 0.017385194078087807,
  "best_epoch": 191,
  "time_s": 20.319560527801514,
  "n_epochs_actual": 242,
  "key": "poly_trig_d10_n4096_noise0.5_s123_dml_relobralo",
  "timestamp": "2026-04-26T09:15:59.669167"
}