{
  "method": "dml_fixed",
  "func_type": "poly_trig",
  "dim": 100,
  "n_samples": 4096,
  "noise_level": 0.1,
  "seed": 123,
  "lambda": 1.0,
  "test_value_mse": 1.4891648292541504,
  "test_grad_mse": 0.20032864809036255,
  "best_epoch": 496,
  "time_s": 32.546411991119385,
  "n_epochs_actual": 500,
  "key": "poly_trig_d100_n4096_noise0.1_s123_dml_fixed",
  "timestamp": "2026-04-07T01:53:39.969565"
}