{
  "method": "dml_gradnorm",
  "func_type": "poly_trig",
  "dim": 20,
  "n_samples": 4096,
  "noise_level": 0.1,
  "seed": 123,
  "lambda": 1.0,
  "test_value_mse": 0.007616961840540171,
  "test_grad_mse": 0.008002339862287045,
  "best_epoch": 485,
  "time_s": 67.115483045578,
  "n_epochs_actual": 500,
  "key": "poly_trig_d20_n4096_noise0.1_s123_dml_gradnorm",
  "timestamp": "2026-04-06T22:17:39.241928"
}