{
  "method": "dml_gradnorm",
  "func_type": "poly_trig",
  "dim": 50,
  "n_samples": 1024,
  "noise_level": 0.2,
  "seed": 789,
  "lambda": 1.0,
  "test_value_mse": 1.1113163232803345,
  "test_grad_mse": 0.30116793513298035,
  "best_epoch": 498,
  "time_s": 32.70498251914978,
  "n_epochs_actual": 500,
  "key": "poly_trig_d50_n1024_noise0.2_s789_dml_gradnorm",
  "timestamp": "2026-04-07T00:11:55.922602"
}