{
  "method": "vanilla",
  "func_type": "poly_trig",
  "dim": 5,
  "n_samples": 256,
  "noise_level": 0.05,
  "seed": 456,
  "lambda": 1.0,
  "test_value_mse": 0.015161532908678055,
  "test_grad_mse": 0.09005245566368103,
  "best_epoch": 115,
  "time_s": 2.1741857528686523,
  "n_epochs_actual": 166,
  "key": "poly_trig_d5_n256_noise0.05_s456_vanilla",
  "timestamp": "2026-04-06T14:58:45.203425"
}