{
  "method": "dml_fixed",
  "func_type": "poly_trig",
  "dim": 20,
  "n_samples": 4096,
  "noise_level": 0.2,
  "seed": 456,
  "lambda": 1.0,
  "test_value_mse": 0.013914009556174278,
  "test_grad_mse": 0.012274147942662239,
  "best_epoch": 297,
  "time_s": 19.59625768661499,
  "n_epochs_actual": 348,
  "key": "poly_trig_d20_n4096_noise0.2_s456_dml_fixed",
  "timestamp": "2026-04-06T23:00:20.551961"
}