{
  "method": "baseline_rf",
  "func_type": "poly_trig",
  "dim": 10,
  "n_samples": 4096,
  "noise_level": 0.2,
  "seed": 456,
  "lambda": 1.0,
  "test_value_mse": 0.2610697832984421,
  "test_grad_mse": 95.7497081366595,
  "time_s": 3.283637046813965,
  "key": "poly_trig_d10_n4096_noise0.2_s456_baseline_rf",
  "timestamp": "2026-04-06T19:45:53.918468"
}