{
  "method": "vanilla",
  "func_type": "poly_trig",
  "dim": 100,
  "n_samples": 512,
  "noise_level": 0.0,
  "seed": 456,
  "lambda": 1.0,
  "test_value_mse": 5.216579437255859,
  "test_grad_mse": 0.7049645185470581,
  "best_epoch": 108,
  "time_s": 5.592061281204224,
  "n_epochs_actual": 159,
  "key": "poly_trig_d100_n512_noise0.0_s456_vanilla",
  "timestamp": "2026-04-07T01:14:12.401825"
}