{
  "method": "baseline_krr",
  "func_type": "poly_trig",
  "dim": 2,
  "n_samples": 1024,
  "noise_level": 0.1,
  "seed": 789,
  "lambda": 1.0,
  "test_value_mse": 0.005802655126899481,
  "test_grad_mse": 0.1292285001529624,
  "time_s": 0.10066795349121094,
  "key": "poly_trig_d2_n1024_noise0.1_s789_baseline_krr",
  "timestamp": "2026-04-06T13:00:06.267244"
}