{
  "method": "baseline_rf",
  "func_type": "poly_trig",
  "dim": 20,
  "n_samples": 1024,
  "noise_level": 0.1,
  "seed": 789,
  "lambda": 1.0,
  "test_value_mse": 1.6238506280101679,
  "test_grad_mse": 41.540783328766906,
  "time_s": 7.8281028270721436,
  "key": "poly_trig_d20_n1024_noise0.1_s789_baseline_rf",
  "timestamp": "2026-04-06T21:02:40.891900"
}