{
  "method": "dml_relobralo",
  "func_type": "poly_trig",
  "dim": 10,
  "n_samples": 256,
  "noise_level": 0.05,
  "seed": 42,
  "lambda": 1.0,
  "test_value_mse": 0.07359698414802551,
  "test_grad_mse": 0.1605614870786667,
  "best_epoch": 275,
  "time_s": 6.92138934135437,
  "n_epochs_actual": 326,
  "key": "poly_trig_d10_n256_noise0.05_s42_dml_relobralo",
  "timestamp": "2026-04-26T08:54:55.558142"
}