{
  "method": "baseline_rf",
  "func_type": "poly_trig",
  "dim": 5,
  "n_samples": 4096,
  "noise_level": 0.1,
  "seed": 456,
  "lambda": 1.0,
  "test_value_mse": 0.043451507569579516,
  "test_grad_mse": 158.54080864332767,
  "time_s": 2.893846273422241,
  "key": "poly_trig_d5_n4096_noise0.1_s456_baseline_rf",
  "timestamp": "2026-04-06T16:18:35.200735"
}