{
  "method": "dml_relobralo",
  "func_type": "poly_trig",
  "dim": 5,
  "n_samples": 1024,
  "noise_level": 0.05,
  "seed": 456,
  "lambda": 1.0,
  "test_value_mse": 0.00010938377090496942,
  "test_grad_mse": 0.001107818796299398,
  "best_epoch": 490,
  "time_s": 15.517415523529053,
  "n_epochs_actual": 500,
  "key": "poly_trig_d5_n1024_noise0.05_s456_dml_relobralo",
  "timestamp": "2026-04-26T08:40:52.269711"
}