{
  "method": "baseline_gp",
  "func_type": "poly_trig",
  "dim": 10,
  "n_samples": 256,
  "noise_level": 0.05,
  "seed": 42,
  "lambda": 1.0,
  "test_value_mse": 0.40173833932834374,
  "test_grad_mse": 0.8448743280768595,
  "time_s": 0.5670182704925537,
  "key": "poly_trig_d10_n256_noise0.05_s42_baseline_gp",
  "timestamp": "2026-04-06T17:11:47.221472"
}