{
  "method": "baseline_gp",
  "func_type": "poly_trig",
  "dim": 2,
  "n_samples": 1024,
  "noise_level": 0.05,
  "seed": 456,
  "lambda": 1.0,
  "test_value_mse": 3.118399487019642e-08,
  "test_grad_mse": 4.3882723730691395e-06,
  "time_s": 3.5755703449249268,
  "key": "poly_trig_d2_n1024_noise0.05_s456_baseline_gp",
  "timestamp": "2026-04-06T12:56:02.712171"
}