{
  "method": "dml_relobralo",
  "func_type": "poly_trig",
  "dim": 100,
  "n_samples": 2048,
  "noise_level": 0.0,
  "seed": 1000,
  "lambda": 1.0,
  "test_value_mse": 3.6007015705108643,
  "test_grad_mse": 0.7620678544044495,
  "best_epoch": 16,
  "time_s": 4.014855146408081,
  "n_epochs_actual": 67,
  "key": "poly_trig_d100_n2048_noise0.0_s1000_dml_relobralo",
  "timestamp": "2026-04-26T09:59:15.591983"
}