{
  "method": "dml_fixed",
  "func_type": "poly_trig",
  "dim": 10,
  "n_samples": 4096,
  "noise_level": 0.1,
  "seed": 1000,
  "lambda": 1.0,
  "test_value_mse": 0.0008921008557081223,
  "test_grad_mse": 0.002729714149609208,
  "best_epoch": 405,
  "time_s": 24.09329628944397,
  "n_epochs_actual": 456,
  "key": "poly_trig_d10_n4096_noise0.1_s1000_dml_fixed",
  "timestamp": "2026-04-06T19:22:25.359908"
}