{
  "method": "dml_relobralo",
  "func_type": "poly_trig",
  "dim": 2,
  "n_samples": 4096,
  "noise_level": 0.05,
  "seed": 1000,
  "lambda": 1.0,
  "test_value_mse": 2.4968724119389663e-06,
  "test_grad_mse": 6.21609142399393e-05,
  "best_epoch": 284,
  "time_s": 34.306649923324585,
  "n_epochs_actual": 335,
  "key": "poly_trig_d2_n4096_noise0.05_s1000_dml_relobralo",
  "timestamp": "2026-04-26T08:33:06.150316"
}