{
  "method": "dml_gradnorm",
  "func_type": "poly_trig",
  "dim": 2,
  "n_samples": 4096,
  "noise_level": 0.1,
  "seed": 456,
  "lambda": 1.0,
  "test_value_mse": 4.993182756152237e-06,
  "test_grad_mse": 0.0001170546020148322,
  "best_epoch": 80,
  "time_s": 17.983649253845215,
  "n_epochs_actual": 131,
  "key": "poly_trig_d2_n4096_noise0.1_s456_dml_gradnorm",
  "timestamp": "2026-04-06T13:54:56.630371"
}