{
  "method": "dml_relobralo",
  "func_type": "poly_trig",
  "dim": 50,
  "n_samples": 256,
  "noise_level": 0.5,
  "seed": 123,
  "lambda": 1.0,
  "test_value_mse": 1.8662147521972656,
  "test_grad_mse": 0.6816822290420532,
  "best_epoch": 277,
  "time_s": 6.973477602005005,
  "n_epochs_actual": 328,
  "key": "poly_trig_d50_n256_noise0.5_s123_dml_relobralo",
  "timestamp": "2026-04-26T09:42:48.549310"
}