{
  "method": "dml_gradnorm",
  "func_type": "poly_trig",
  "dim": 50,
  "n_samples": 256,
  "noise_level": 0.5,
  "seed": 123,
  "lambda": 1.0,
  "test_value_mse": 1.8158485889434814,
  "test_grad_mse": 0.6843829154968262,
  "best_epoch": 214,
  "time_s": 7.400311470031738,
  "n_epochs_actual": 265,
  "key": "poly_trig_d50_n256_noise0.5_s123_dml_gradnorm",
  "timestamp": "2026-04-06T23:56:58.951320"
}