{
  "method": "dml_relobralo",
  "func_type": "poly_trig",
  "dim": 2,
  "n_samples": 512,
  "noise_level": 0.0,
  "seed": 1000,
  "lambda": 1.0,
  "test_value_mse": 2.899249921028968e-06,
  "test_grad_mse": 0.00021394953364506364,
  "best_epoch": 150,
  "time_s": 5.162652015686035,
  "n_epochs_actual": 201,
  "key": "poly_trig_d2_n512_noise0.0_s1000_dml_relobralo",
  "timestamp": "2026-04-26T08:27:08.124301"
}