{
  "method": "baseline_krr",
  "func_type": "poly_trig",
  "dim": 2,
  "n_samples": 1024,
  "noise_level": 0.2,
  "seed": 123,
  "lambda": 1.0,
  "test_value_mse": 0.003949934616684914,
  "test_grad_mse": 0.08912554855620781,
  "time_s": 0.014861583709716797,
  "key": "poly_trig_d2_n1024_noise0.2_s123_baseline_krr",
  "timestamp": "2026-04-06T13:02:04.780066"
}