{
  "method": "vanilla",
  "func_type": "poly_trig",
  "dim": 100,
  "n_samples": 2048,
  "noise_level": 0.0,
  "seed": 789,
  "lambda": 1.0,
  "test_value_mse": 3.241469383239746,
  "test_grad_mse": 0.5835927724838257,
  "best_epoch": 20,
  "time_s": 4.031910181045532,
  "n_epochs_actual": 71,
  "key": "poly_trig_d100_n2048_noise0.0_s789_vanilla",
  "timestamp": "2026-04-07T01:38:09.137400"
}