{
  "method": "dml_gradnorm",
  "func_type": "poly_trig",
  "dim": 5,
  "n_samples": 1024,
  "noise_level": 0.1,
  "seed": 123,
  "lambda": 1.0,
  "test_value_mse": 0.00030735592008568347,
  "test_grad_mse": 0.0022188767325133085,
  "best_epoch": 278,
  "time_s": 15.931397914886475,
  "n_epochs_actual": 329,
  "key": "poly_trig_d5_n1024_noise0.1_s123_dml_gradnorm",
  "timestamp": "2026-04-06T15:17:31.283602"
}