{
  "method": "dml_fixed",
  "func_type": "poly_trig",
  "dim": 50,
  "n_samples": 1024,
  "noise_level": 0.05,
  "seed": 42,
  "lambda": 1.0,
  "test_value_mse": 0.95184725522995,
  "test_grad_mse": 0.3169698119163513,
  "best_epoch": 414,
  "time_s": 12.503279685974121,
  "n_epochs_actual": 465,
  "key": "poly_trig_d50_n1024_noise0.05_s42_dml_fixed",
  "timestamp": "2026-04-07T00:00:42.325729"
}