{
  "method": "dml_relobralo",
  "func_type": "poly_trig",
  "dim": 2,
  "n_samples": 4096,
  "noise_level": 0.05,
  "seed": 123,
  "lambda": 1.0,
  "test_value_mse": 1.725687070575077e-06,
  "test_grad_mse": 5.8545469073578715e-05,
  "best_epoch": 203,
  "time_s": 24.470994234085083,
  "n_epochs_actual": 254,
  "key": "poly_trig_d2_n4096_noise0.05_s123_dml_relobralo",
  "timestamp": "2026-04-26T08:31:50.048540"
}