{
  "method": "dml_fixed",
  "func_type": "poly_trig",
  "dim": 2,
  "n_samples": 4096,
  "noise_level": 0.5,
  "seed": 42,
  "lambda": 1.0,
  "test_value_mse": 0.0002502601419109851,
  "test_grad_mse": 0.003350803628563881,
  "best_epoch": 113,
  "time_s": 9.35682201385498,
  "n_epochs_actual": 164,
  "key": "poly_trig_d2_n4096_noise0.5_s42_dml_fixed",
  "timestamp": "2026-04-06T14:35:43.732622"
}