{
  "method": "dml_fixed",
  "func_type": "poly_trig",
  "dim": 5,
  "n_samples": 512,
  "noise_level": 0.0,
  "seed": 789,
  "lambda": 1.0,
  "test_value_mse": 0.00043581920908764005,
  "test_grad_mse": 0.0035378877073526382,
  "best_epoch": 227,
  "time_s": 7.2268970012664795,
  "n_epochs_actual": 278,
  "key": "poly_trig_d5_n512_noise0.0_s789_dml_fixed",
  "timestamp": "2026-04-06T15:09:12.248319"
}