{
  "method": "vanilla",
  "func_type": "poly_trig",
  "dim": 5,
  "n_samples": 1024,
  "noise_level": 0.5,
  "seed": 789,
  "lambda": 1.0,
  "test_value_mse": 0.0006080244202166796,
  "test_grad_mse": 0.009513108059763908,
  "best_epoch": 494,
  "time_s": 10.615844964981079,
  "n_epochs_actual": 500,
  "key": "poly_trig_d5_n1024_noise0.5_s789_vanilla",
  "timestamp": "2026-04-06T15:27:49.196937"
}