{
  "method": "dml_gradnorm",
  "func_type": "poly_trig",
  "dim": 20,
  "n_samples": 4096,
  "noise_level": 0.2,
  "seed": 123,
  "lambda": 1.0,
  "test_value_mse": 0.01881260797381401,
  "test_grad_mse": 0.01825094036757946,
  "best_epoch": 329,
  "time_s": 52.36616897583008,
  "n_epochs_actual": 380,
  "key": "poly_trig_d20_n4096_noise0.2_s123_dml_gradnorm",
  "timestamp": "2026-04-06T22:53:09.309052"
}