{
  "method": "dml_fixed",
  "func_type": "poly_trig",
  "dim": 10,
  "n_samples": 4096,
  "noise_level": 0.1,
  "seed": 789,
  "lambda": 1.0,
  "test_value_mse": 0.0006495665293186903,
  "test_grad_mse": 0.0020653600804507732,
  "best_epoch": 474,
  "time_s": 29.56980562210083,
  "n_epochs_actual": 500,
  "key": "poly_trig_d10_n4096_noise0.1_s789_dml_fixed",
  "timestamp": "2026-04-06T19:15:27.661689"
}