{
  "method": "dml_relobralo",
  "func_type": "poly_trig",
  "dim": 5,
  "n_samples": 256,
  "noise_level": 0.5,
  "seed": 123,
  "lambda": 1.0,
  "test_value_mse": 0.010529214516282082,
  "test_grad_mse": 0.0502028688788414,
  "best_epoch": 128,
  "time_s": 3.7412667274475098,
  "n_epochs_actual": 179,
  "key": "poly_trig_d5_n256_noise0.5_s123_dml_relobralo",
  "timestamp": "2026-04-26T08:38:52.791791"
}