{
  "method": "baseline_rf",
  "func_type": "poly_trig",
  "dim": 20,
  "n_samples": 256,
  "noise_level": 0.05,
  "seed": 1000,
  "lambda": 1.0,
  "test_value_mse": 1.601725214113911,
  "test_grad_mse": 1.0908262011682859,
  "time_s": 6.925891637802124,
  "key": "poly_trig_d20_n256_noise0.05_s1000_baseline_rf",
  "timestamp": "2026-04-06T20:33:31.287767"
}