{
  "method": "dml_gradnorm",
  "func_type": "poly_trig",
  "dim": 10,
  "n_samples": 256,
  "noise_level": 0.1,
  "seed": 42,
  "lambda": 1.0,
  "test_value_mse": 0.02749478816986084,
  "test_grad_mse": 0.08560038357973099,
  "best_epoch": 332,
  "time_s": 9.000113010406494,
  "n_epochs_actual": 383,
  "key": "poly_trig_d10_n256_noise0.1_s42_dml_gradnorm",
  "timestamp": "2026-04-06T17:14:20.137838"
}