{
  "method": "dml_gradnorm",
  "func_type": "poly_trig",
  "dim": 20,
  "n_samples": 1024,
  "noise_level": 0.2,
  "seed": 789,
  "lambda": 1.0,
  "test_value_mse": 0.047909460961818695,
  "test_grad_mse": 0.05051428824663162,
  "best_epoch": 478,
  "time_s": 26.5740385055542,
  "n_epochs_actual": 500,
  "key": "poly_trig_d20_n1024_noise0.2_s789_dml_gradnorm",
  "timestamp": "2026-04-06T21:08:56.256329"
}