{
  "method": "dml_fixed",
  "func_type": "poly_trig",
  "dim": 100,
  "n_samples": 1024,
  "noise_level": 0.5,
  "seed": 123,
  "lambda": 1.0,
  "test_value_mse": 4.07418155670166,
  "test_grad_mse": 0.47935521602630615,
  "best_epoch": 153,
  "time_s": 8.53741192817688,
  "n_epochs_actual": 204,
  "key": "poly_trig_d100_n1024_noise0.5_s123_dml_fixed",
  "timestamp": "2026-04-07T01:31:18.826987"
}