{
  "method": "baseline_krr",
  "func_type": "poly_trig",
  "dim": 2,
  "n_samples": 256,
  "noise_level": 0.05,
  "seed": 789,
  "lambda": 1.0,
  "test_value_mse": 0.0213845856487751,
  "test_grad_mse": 0.3603462325858749,
  "time_s": 0.0039556026458740234,
  "key": "poly_trig_d2_n256_noise0.05_s789_baseline_krr",
  "timestamp": "2026-04-06T12:44:40.582469"
}