{
  "method": "dml_gradnorm",
  "func_type": "poly_trig",
  "dim": 10,
  "n_samples": 2048,
  "noise_level": 0.0,
  "seed": 1000,
  "lambda": 1.0,
  "test_value_mse": 0.0010113968746736646,
  "test_grad_mse": 0.0037248560693114996,
  "best_epoch": 490,
  "time_s": 34.16639184951782,
  "n_epochs_actual": 500,
  "key": "poly_trig_d10_n2048_noise0.0_s1000_dml_gradnorm",
  "timestamp": "2026-04-06T18:11:34.732748"
}