{
  "method": "baseline_gp",
  "func_type": "poly_trig",
  "dim": 20,
  "n_samples": 256,
  "noise_level": 0.5,
  "seed": 42,
  "lambda": 1.0,
  "test_value_mse": 0.7246024089254978,
  "test_grad_mse": 0.6643300013214604,
  "time_s": 6.165031433105469,
  "key": "poly_trig_d20_n256_noise0.5_s42_baseline_gp",
  "timestamp": "2026-04-06T20:40:41.149955"
}