{
  "method": "vanilla",
  "func_type": "poly_trig",
  "dim": 20,
  "n_samples": 2048,
  "noise_level": 0.0,
  "seed": 123,
  "lambda": 1.0,
  "test_value_mse": 0.43635863065719604,
  "test_grad_mse": 0.6156138777732849,
  "best_epoch": 77,
  "time_s": 4.658823251724243,
  "n_epochs_actual": 128,
  "key": "poly_trig_d20_n2048_noise0.0_s123_vanilla",
  "timestamp": "2026-04-06T21:20:31.254277"
}