{
  "method": "dml_gradnorm",
  "func_type": "poly_trig",
  "dim": 10,
  "n_samples": 2048,
  "noise_level": 0.0,
  "seed": 42,
  "lambda": 1.0,
  "test_value_mse": 0.0011904763523489237,
  "test_grad_mse": 0.0039225006476044655,
  "best_epoch": 489,
  "time_s": 34.38062810897827,
  "n_epochs_actual": 500,
  "key": "poly_trig_d10_n2048_noise0.0_s42_dml_gradnorm",
  "timestamp": "2026-04-06T17:57:53.021396"
}