{
  "method": "dml_relobralo",
  "func_type": "poly_trig",
  "dim": 100,
  "n_samples": 1024,
  "noise_level": 0.2,
  "seed": 1000,
  "lambda": 1.0,
  "test_value_mse": 4.655735015869141,
  "test_grad_mse": 0.7374693155288696,
  "best_epoch": 34,
  "time_s": 3.9142613410949707,
  "n_epochs_actual": 85,
  "key": "poly_trig_d100_n1024_noise0.2_s1000_dml_relobralo",
  "timestamp": "2026-04-26T09:57:45.915317"
}