{
  "method": "vanilla",
  "func_type": "poly_trig",
  "dim": 10,
  "n_samples": 1024,
  "noise_level": 0.05,
  "seed": 789,
  "lambda": 1.0,
  "test_value_mse": 0.08000103384256363,
  "test_grad_mse": 0.21728280186653137,
  "best_epoch": 229,
  "time_s": 6.684558391571045,
  "n_epochs_actual": 280,
  "key": "poly_trig_d10_n1024_noise0.05_s789_vanilla",
  "timestamp": "2026-04-06T17:30:14.267018"
}