{
  "method": "dml_relobralo",
  "func_type": "poly_trig",
  "dim": 100,
  "n_samples": 256,
  "noise_level": 0.05,
  "seed": 42,
  "lambda": 1.0,
  "test_value_mse": 7.721452713012695,
  "test_grad_mse": 0.7630468010902405,
  "best_epoch": 151,
  "time_s": 4.47173810005188,
  "n_epochs_actual": 202,
  "key": "poly_trig_d100_n256_noise0.05_s42_dml_relobralo",
  "timestamp": "2026-04-26T09:52:03.636686"
}