{
  "method": "baseline_gp",
  "func_type": "poly_trig",
  "dim": 2,
  "n_samples": 1024,
  "noise_level": 0.5,
  "seed": 789,
  "lambda": 1.0,
  "test_value_mse": 1.9920286009794822e-08,
  "test_grad_mse": 2.901453079330086e-06,
  "time_s": 7.897412061691284,
  "key": "poly_trig_d2_n1024_noise0.5_s789_baseline_gp",
  "timestamp": "2026-04-06T13:06:12.866436"
}