{
  "method": "dml_gradnorm",
  "func_type": "poly_trig",
  "dim": 5,
  "n_samples": 4096,
  "noise_level": 0.1,
  "seed": 123,
  "lambda": 1.0,
  "test_value_mse": 9.092838445212692e-05,
  "test_grad_mse": 0.0006754979840479791,
  "best_epoch": 155,
  "time_s": 27.029797315597534,
  "n_epochs_actual": 206,
  "key": "poly_trig_d5_n4096_noise0.1_s123_dml_gradnorm",
  "timestamp": "2026-04-06T16:10:38.485719"
}