{
  "method": "dml_relobralo",
  "func_type": "poly_trig",
  "dim": 10,
  "n_samples": 512,
  "noise_level": 0.0,
  "seed": 1000,
  "lambda": 1.0,
  "test_value_mse": 0.006953173317015171,
  "test_grad_mse": 0.02379421517252922,
  "best_epoch": 499,
  "time_s": 10.152999639511108,
  "n_epochs_actual": 500,
  "key": "poly_trig_d10_n512_noise0.0_s1000_dml_relobralo",
  "timestamp": "2026-04-26T08:58:22.204357"
}