{
  "method": "baseline_rf",
  "func_type": "poly_trig",
  "dim": 2,
  "n_samples": 256,
  "noise_level": 0.05,
  "seed": 456,
  "lambda": 1.0,
  "test_value_mse": 0.005508087975017447,
  "test_grad_mse": 78.4101454309139,
  "time_s": 1.1296894550323486,
  "key": "poly_trig_d2_n256_noise0.05_s456_baseline_rf",
  "timestamp": "2026-04-06T12:44:04.338159"
}