{
  "method": "vanilla",
  "func_type": "poly_trig",
  "dim": 5,
  "n_samples": 4096,
  "noise_level": 0.5,
  "seed": 42,
  "lambda": 1.0,
  "test_value_mse": 0.00017433962784707546,
  "test_grad_mse": 0.004731275141239166,
  "best_epoch": 492,
  "time_s": 28.0613911151886,
  "n_epochs_actual": 500,
  "key": "poly_trig_d5_n4096_noise0.5_s42_vanilla",
  "timestamp": "2026-04-06T16:52:50.362774"
}