{
  "method": "dml_fixed",
  "func_type": "poly_trig",
  "dim": 100,
  "n_samples": 1024,
  "noise_level": 0.2,
  "seed": 1000,
  "lambda": 1.0,
  "test_value_mse": 3.7846381664276123,
  "test_grad_mse": 0.410301148891449,
  "best_epoch": 164,
  "time_s": 7.825165748596191,
  "n_epochs_actual": 215,
  "key": "poly_trig_d100_n1024_noise0.2_s1000_dml_fixed",
  "timestamp": "2026-04-07T01:29:20.808164"
}