{
  "method": "baseline_krr",
  "func_type": "poly_trig",
  "dim": 20,
  "n_samples": 4096,
  "noise_level": 0.5,
  "seed": 123,
  "lambda": 1.0,
  "test_value_mse": 0.49056971073150635,
  "test_grad_mse": 0.9014946575956987,
  "time_s": 7.388529300689697,
  "key": "poly_trig_d20_n4096_noise0.5_s123_baseline_krr",
  "timestamp": "2026-04-06T23:32:23.882080"
}