{
  "method": "dml_fixed",
  "func_type": "poly_trig",
  "dim": 5,
  "n_samples": 4096,
  "noise_level": 0.5,
  "seed": 456,
  "lambda": 1.0,
  "test_value_mse": 0.002842344343662262,
  "test_grad_mse": 0.007385425269603729,
  "best_epoch": 35,
  "time_s": 6.228277206420898,
  "n_epochs_actual": 86,
  "key": "poly_trig_d5_n4096_noise0.5_s456_dml_fixed",
  "timestamp": "2026-04-06T17:01:49.274169"
}