{
  "method": "baseline_rf",
  "func_type": "poly_trig",
  "dim": 2,
  "n_samples": 256,
  "noise_level": 0.5,
  "seed": 456,
  "lambda": 1.0,
  "test_value_mse": 0.005508087975017441,
  "test_grad_mse": 78.41014543092824,
  "time_s": 0.9051141738891602,
  "key": "poly_trig_d2_n256_noise0.5_s456_baseline_rf",
  "timestamp": "2026-04-06T12:49:53.624527"
}