{
  "method": "vanilla",
  "func_type": "poly_trig",
  "dim": 20,
  "n_samples": 256,
  "noise_level": 0.2,
  "seed": 789,
  "lambda": 1.0,
  "test_value_mse": 0.8085730671882629,
  "test_grad_mse": 0.8573254346847534,
  "best_epoch": 49,
  "time_s": 3.432465076446533,
  "n_epochs_actual": 100,
  "key": "poly_trig_d20_n256_noise0.2_s789_vanilla",
  "timestamp": "2026-04-06T20:39:04.570297"
}