{
  "method": "dml_fixed",
  "func_type": "poly_trig",
  "dim": 10,
  "n_samples": 2048,
  "noise_level": 0.0,
  "seed": 123,
  "lambda": 1.0,
  "test_value_mse": 0.0006640549981966615,
  "test_grad_mse": 0.0021802911069244146,
  "best_epoch": 496,
  "time_s": 18.72078251838684,
  "n_epochs_actual": 500,
  "key": "poly_trig_d10_n2048_noise0.0_s123_dml_fixed",
  "timestamp": "2026-04-06T17:59:43.451785"
}