{
  "method": "dml_relobralo",
  "func_type": "poly_trig",
  "dim": 20,
  "n_samples": 2048,
  "noise_level": 0.0,
  "seed": 456,
  "lambda": 1.0,
  "test_value_mse": 0.02140164002776146,
  "test_grad_mse": 0.025493154302239418,
  "best_epoch": 498,
  "time_s": 25.758750438690186,
  "n_epochs_actual": 500,
  "key": "poly_trig_d20_n2048_noise0.0_s456_dml_relobralo",
  "timestamp": "2026-04-26T09:27:02.089076"
}