{
  "method": "baseline_krr",
  "func_type": "poly_trig",
  "dim": 10,
  "n_samples": 256,
  "noise_level": 0.05,
  "seed": 123,
  "lambda": 1.0,
  "test_value_mse": 0.3251992464065552,
  "test_grad_mse": 0.8360930957912086,
  "time_s": 0.027122974395751953,
  "key": "poly_trig_d10_n256_noise0.05_s123_baseline_krr",
  "timestamp": "2026-04-06T17:12:14.967297"
}