{
  "method": "dml_gradnorm",
  "func_type": "poly_trig",
  "dim": 2,
  "n_samples": 256,
  "noise_level": 0.05,
  "seed": 123,
  "lambda": 1.0,
  "test_value_mse": 3.759939500014298e-05,
  "test_grad_mse": 0.001061673043295741,
  "best_epoch": 132,
  "time_s": 6.3991265296936035,
  "n_epochs_actual": 183,
  "key": "poly_trig_d2_n256_noise0.05_s123_dml_gradnorm",
  "timestamp": "2026-04-06T12:43:32.290737"
}