{
  "method": "baseline_gp",
  "func_type": "poly_trig",
  "dim": 2,
  "n_samples": 256,
  "noise_level": 0.05,
  "seed": 123,
  "lambda": 1.0,
  "test_value_mse": 5.853919470988263e-08,
  "test_grad_mse": 5.803012201218009e-06,
  "time_s": 1.294893503189087,
  "key": "poly_trig_d2_n256_noise0.05_s123_baseline_gp",
  "timestamp": "2026-04-06T12:43:39.230136"
}