{
  "method": "dml_relobralo",
  "func_type": "poly_trig",
  "dim": 5,
  "n_samples": 1024,
  "noise_level": 0.2,
  "seed": 789,
  "lambda": 1.0,
  "test_value_mse": 0.00044015792082063854,
  "test_grad_mse": 0.0036236795131117105,
  "best_epoch": 182,
  "time_s": 6.67195200920105,
  "n_epochs_actual": 233,
  "key": "poly_trig_d5_n1024_noise0.2_s789_dml_relobralo",
  "timestamp": "2026-04-26T08:42:59.523813"
}