{
  "method": "dml_fixed",
  "func_type": "poly_trig",
  "dim": 50,
  "n_samples": 1024,
  "noise_level": 0.1,
  "seed": 42,
  "lambda": 1.0,
  "test_value_mse": 0.9570692181587219,
  "test_grad_mse": 0.2864045798778534,
  "best_epoch": 499,
  "time_s": 13.359336614608765,
  "n_epochs_actual": 500,
  "key": "poly_trig_d50_n1024_noise0.1_s42_dml_fixed",
  "timestamp": "2026-04-07T00:04:48.622800"
}