{
  "method": "dml_relobralo",
  "func_type": "poly_trig",
  "dim": 2,
  "n_samples": 512,
  "noise_level": 0.0,
  "seed": 456,
  "lambda": 1.0,
  "test_value_mse": 2.403108965154388e-06,
  "test_grad_mse": 9.468061034567654e-05,
  "best_epoch": 200,
  "time_s": 5.202001333236694,
  "n_epochs_actual": 251,
  "key": "poly_trig_d2_n512_noise0.0_s456_dml_relobralo",
  "timestamp": "2026-04-26T08:26:52.938117"
}