{
  "method": "dml_relobralo",
  "func_type": "poly_trig",
  "dim": 20,
  "n_samples": 256,
  "noise_level": 0.2,
  "seed": 456,
  "lambda": 1.0,
  "test_value_mse": 0.27891233563423157,
  "test_grad_mse": 0.2274617701768875,
  "best_epoch": 496,
  "time_s": 9.675928592681885,
  "n_epochs_actual": 500,
  "key": "poly_trig_d20_n256_noise0.2_s456_dml_relobralo",
  "timestamp": "2026-04-26T09:18:49.581439"
}