{
  "method": "dml_relobralo",
  "func_type": "poly_trig",
  "dim": 10,
  "n_samples": 1024,
  "noise_level": 0.1,
  "seed": 1000,
  "lambda": 1.0,
  "test_value_mse": 0.0027232926804572344,
  "test_grad_mse": 0.009210532531142235,
  "best_epoch": 499,
  "time_s": 16.58114743232727,
  "n_epochs_actual": 500,
  "key": "poly_trig_d10_n1024_noise0.1_s1000_dml_relobralo",
  "timestamp": "2026-04-26T09:01:16.571480"
}