{
  "method": "baseline_rf",
  "func_type": "poly_trig",
  "dim": 20,
  "n_samples": 4096,
  "noise_level": 0.1,
  "seed": 123,
  "lambda": 1.0,
  "test_value_mse": 1.0667869509473082,
  "test_grad_mse": 226.12254798251072,
  "time_s": 9.328843593597412,
  "key": "poly_trig_d20_n4096_noise0.1_s123_baseline_rf",
  "timestamp": "2026-04-06T22:23:22.743710"
}