{
  "method": "baseline_gp",
  "func_type": "poly_trig",
  "dim": 20,
  "n_samples": 512,
  "noise_level": 0.0,
  "seed": 789,
  "lambda": 1.0,
  "test_value_mse": 0.3848131220364079,
  "test_grad_mse": 0.6038604951426045,
  "time_s": 6.817571640014648,
  "key": "poly_trig_d20_n512_noise0.0_s789_baseline_gp",
  "timestamp": "2026-04-06T20:46:15.234134"
}