{
  "method": "dml_fixed",
  "func_type": "poly_trig",
  "dim": 20,
  "n_samples": 2048,
  "noise_level": 0.0,
  "seed": 42,
  "lambda": 1.0,
  "test_value_mse": 0.008482969366014004,
  "test_grad_mse": 0.010948370210826397,
  "best_epoch": 498,
  "time_s": 19.89105772972107,
  "n_epochs_actual": 500,
  "key": "poly_trig_d20_n2048_noise0.0_s42_dml_fixed",
  "timestamp": "2026-04-06T21:18:38.838533"
}