{
  "method": "dml_gradnorm",
  "func_type": "poly_trig",
  "dim": 50,
  "n_samples": 1024,
  "noise_level": 0.1,
  "seed": 42,
  "lambda": 1.0,
  "test_value_mse": 1.0912128686904907,
  "test_grad_mse": 0.34386366605758667,
  "best_epoch": 499,
  "time_s": 25.427921056747437,
  "n_epochs_actual": 500,
  "key": "poly_trig_d50_n1024_noise0.1_s42_dml_gradnorm",
  "timestamp": "2026-04-07T00:05:14.051322"
}