{
  "method": "vanilla",
  "func_type": "poly_trig",
  "dim": 100,
  "n_samples": 4096,
  "noise_level": 0.1,
  "seed": 789,
  "lambda": 1.0,
  "test_value_mse": 3.116931200027466,
  "test_grad_mse": 0.5721102952957153,
  "best_epoch": 23,
  "time_s": 6.139863729476929,
  "n_epochs_actual": 74,
  "key": "poly_trig_d100_n4096_noise0.1_s789_vanilla",
  "timestamp": "2026-04-07T01:57:09.635595"
}