{
  "method": "vanilla",
  "func_type": "poly_trig",
  "dim": 5,
  "n_samples": 2048,
  "noise_level": 0.0,
  "seed": 42,
  "lambda": 1.0,
  "test_value_mse": 0.0006384553853422403,
  "test_grad_mse": 0.011402427218854427,
  "best_epoch": 482,
  "time_s": 10.48045563697815,
  "n_epochs_actual": 500,
  "key": "poly_trig_d5_n2048_noise0.0_s42_vanilla",
  "timestamp": "2026-04-06T15:29:17.062916"
}