{
  "method": "baseline_gp",
  "func_type": "poly_trig",
  "dim": 5,
  "n_samples": 4096,
  "noise_level": 0.05,
  "seed": 456,
  "lambda": 1.0,
  "test_value_mse": 1.9750926690996036e-07,
  "test_grad_mse": 6.1456753157025145e-06,
  "time_s": 228.3606014251709,
  "key": "poly_trig_d5_n4096_noise0.05_s456_baseline_gp",
  "timestamp": "2026-04-06T15:57:44.000350"
}