{
  "method": "dml_fixed",
  "func_type": "poly_trig",
  "dim": 5,
  "n_samples": 1024,
  "noise_level": 0.5,
  "seed": 1000,
  "lambda": 1.0,
  "test_value_mse": 0.01063557155430317,
  "test_grad_mse": 0.03287701681256294,
  "best_epoch": 79,
  "time_s": 5.4270782470703125,
  "n_epochs_actual": 130,
  "key": "poly_trig_d5_n1024_noise0.5_s1000_dml_fixed",
  "timestamp": "2026-04-06T15:28:42.119375"
}