{
  "method": "dml_fixed",
  "func_type": "poly_trig",
  "dim": 50,
  "n_samples": 256,
  "noise_level": 0.5,
  "seed": 42,
  "lambda": 1.0,
  "test_value_mse": 1.6902508735656738,
  "test_grad_mse": 0.5681413412094116,
  "best_epoch": 127,
  "time_s": 5.3178606033325195,
  "n_epochs_actual": 178,
  "key": "poly_trig_d50_n256_noise0.5_s42_dml_fixed",
  "timestamp": "2026-04-06T23:56:25.615684"
}