{
  "method": "dml_relobralo",
  "func_type": "poly_trig",
  "dim": 5,
  "n_samples": 256,
  "noise_level": 0.2,
  "seed": 123,
  "lambda": 1.0,
  "test_value_mse": 0.002238109242171049,
  "test_grad_mse": 0.01914401911199093,
  "best_epoch": 211,
  "time_s": 5.038907766342163,
  "n_epochs_actual": 262,
  "key": "poly_trig_d5_n256_noise0.2_s123_dml_relobralo",
  "timestamp": "2026-04-26T08:38:27.931278"
}