{
  "method": "dml_relobralo",
  "func_type": "poly_trig",
  "dim": 10,
  "n_samples": 1024,
  "noise_level": 0.5,
  "seed": 456,
  "lambda": 1.0,
  "test_value_mse": 0.022609872743487358,
  "test_grad_mse": 0.05902853608131409,
  "best_epoch": 99,
  "time_s": 6.11470627784729,
  "n_epochs_actual": 150,
  "key": "poly_trig_d10_n1024_noise0.5_s456_dml_relobralo",
  "timestamp": "2026-04-26T09:02:45.501924"
}