{
  "method": "dml_relobralo",
  "func_type": "poly_trig",
  "dim": 5,
  "n_samples": 512,
  "noise_level": 0.0,
  "seed": 1000,
  "lambda": 1.0,
  "test_value_mse": 0.00035722297616302967,
  "test_grad_mse": 0.005440815351903439,
  "best_epoch": 499,
  "time_s": 13.530869722366333,
  "n_epochs_actual": 500,
  "key": "poly_trig_d5_n512_noise0.0_s1000_dml_relobralo",
  "timestamp": "2026-04-26T08:40:03.500104"
}