{
  "method": "baseline_rf",
  "func_type": "poly_trig",
  "dim": 5,
  "n_samples": 1024,
  "noise_level": 0.1,
  "seed": 789,
  "lambda": 1.0,
  "test_value_mse": 0.12162740107353495,
  "test_grad_mse": 1312.2400170042226,
  "time_s": 1.7622110843658447,
  "key": "poly_trig_d5_n1024_noise0.1_s789_baseline_rf",
  "timestamp": "2026-04-06T15:19:53.995649"
}