{
  "method": "dml_relobralo",
  "func_type": "poly_trig",
  "dim": 50,
  "n_samples": 1024,
  "noise_level": 0.05,
  "seed": 1000,
  "lambda": 1.0,
  "test_value_mse": 1.9155436754226685,
  "test_grad_mse": 0.8215274214744568,
  "best_epoch": 22,
  "time_s": 3.2035207748413086,
  "n_epochs_actual": 73,
  "key": "poly_trig_d50_n1024_noise0.05_s1000_dml_relobralo",
  "timestamp": "2026-04-26T09:43:55.276979"
}