{
  "method": "baseline_gp",
  "func_type": "poly_trig",
  "dim": 20,
  "n_samples": 1024,
  "noise_level": 0.1,
  "seed": 456,
  "lambda": 1.0,
  "test_value_mse": 0.2958450963855686,
  "test_grad_mse": 0.44283885896857467,
  "time_s": 8.47031855583191,
  "key": "poly_trig_d20_n1024_noise0.1_s456_baseline_gp",
  "timestamp": "2026-04-06T21:00:10.592602"
}