{
  "method": "dml_gradnorm",
  "func_type": "poly_trig",
  "dim": 2,
  "n_samples": 256,
  "noise_level": 0.5,
  "seed": 123,
  "lambda": 1.0,
  "test_value_mse": 0.0008783551747910678,
  "test_grad_mse": 0.024569766595959663,
  "best_epoch": 94,
  "time_s": 4.460498571395874,
  "n_epochs_actual": 145,
  "key": "poly_trig_d2_n256_noise0.5_s123_dml_gradnorm",
  "timestamp": "2026-04-06T12:49:33.618488"
}