{
  "method": "dml_fixed",
  "func_type": "poly_trig",
  "dim": 10,
  "n_samples": 256,
  "noise_level": 0.5,
  "seed": 456,
  "lambda": 1.0,
  "test_value_mse": 0.05541517585515976,
  "test_grad_mse": 0.08099827170372009,
  "best_epoch": 104,
  "time_s": 4.172193765640259,
  "n_epochs_actual": 155,
  "key": "poly_trig_d10_n256_noise0.5_s456_dml_fixed",
  "timestamp": "2026-04-06T17:20:56.809197"
}