{
  "method": "vanilla",
  "func_type": "poly_trig",
  "dim": 50,
  "n_samples": 256,
  "noise_level": 0.5,
  "seed": 456,
  "lambda": 1.0,
  "test_value_mse": 2.337709426879883,
  "test_grad_mse": 0.7586413621902466,
  "best_epoch": 53,
  "time_s": 3.24908709526062,
  "n_epochs_actual": 104,
  "key": "poly_trig_d50_n256_noise0.5_s456_vanilla",
  "timestamp": "2026-04-06T23:57:07.413522"
}