{
  "method": "baseline_rf",
  "func_type": "poly_trig",
  "dim": 10,
  "n_samples": 256,
  "noise_level": 0.05,
  "seed": 123,
  "lambda": 1.0,
  "test_value_mse": 0.45322956272099935,
  "test_grad_mse": 1.1020288756279553,
  "time_s": 3.2005562782287598,
  "key": "poly_trig_d10_n256_noise0.05_s123_baseline_rf",
  "timestamp": "2026-04-06T17:12:18.168057"
}