{
  "method": "dml_fixed",
  "func_type": "poly_trig",
  "dim": 5,
  "n_samples": 1024,
  "noise_level": 0.5,
  "seed": 789,
  "lambda": 1.0,
  "test_value_mse": 0.0061570946127176285,
  "test_grad_mse": 0.016611343249678612,
  "best_epoch": 72,
  "time_s": 3.5764899253845215,
  "n_epochs_actual": 123,
  "key": "poly_trig_d5_n1024_noise0.5_s789_dml_fixed",
  "timestamp": "2026-04-06T15:27:52.773966"
}