{
  "method": "vanilla",
  "func_type": "poly_trig",
  "dim": 10,
  "n_samples": 512,
  "noise_level": 0.0,
  "seed": 42,
  "lambda": 1.0,
  "test_value_mse": 0.3314790427684784,
  "test_grad_mse": 0.7472067475318909,
  "best_epoch": 97,
  "time_s": 3.8099842071533203,
  "n_epochs_actual": 148,
  "key": "poly_trig_d10_n512_noise0.0_s42_vanilla",
  "timestamp": "2026-04-06T17:22:06.818483"
}