{
  "method": "vanilla",
  "func_type": "poly_trig",
  "dim": 10,
  "n_samples": 256,
  "noise_level": 0.2,
  "seed": 42,
  "lambda": 1.0,
  "test_value_mse": 0.5056309103965759,
  "test_grad_mse": 0.940571665763855,
  "best_epoch": 70,
  "time_s": 3.4281086921691895,
  "n_epochs_actual": 121,
  "key": "poly_trig_d10_n256_noise0.2_s42_vanilla",
  "timestamp": "2026-04-06T17:17:09.102509"
}