{
  "method": "dml_relobralo",
  "func_type": "poly_trig",
  "dim": 5,
  "n_samples": 4096,
  "noise_level": 0.05,
  "seed": 42,
  "lambda": 1.0,
  "test_value_mse": 2.7527463316801004e-05,
  "test_grad_mse": 0.0004082495579496026,
  "best_epoch": 493,
  "time_s": 51.35352635383606,
  "n_epochs_actual": 500,
  "key": "poly_trig_d5_n4096_noise0.05_s42_dml_relobralo",
  "timestamp": "2026-04-26T08:46:27.880260"
}