{
  "method": "dml_gradnorm",
  "func_type": "poly_trig",
  "dim": 100,
  "n_samples": 4096,
  "noise_level": 0.5,
  "seed": 42,
  "lambda": 1.0,
  "test_value_mse": 2.9941720962524414,
  "test_grad_mse": 0.3281240165233612,
  "best_epoch": 412,
  "time_s": 70.78965258598328,
  "n_epochs_actual": 463,
  "key": "poly_trig_d100_n4096_noise0.5_s42_dml_gradnorm",
  "timestamp": "2026-04-07T02:12:14.891275"
}