{
  "method": "dml_gradnorm",
  "func_type": "poly_trig",
  "dim": 20,
  "n_samples": 256,
  "noise_level": 0.05,
  "seed": 1000,
  "lambda": 1.0,
  "test_value_mse": 0.34850025177001953,
  "test_grad_mse": 0.1838660091161728,
  "best_epoch": 495,
  "time_s": 16.172534942626953,
  "n_epochs_actual": 500,
  "key": "poly_trig_d20_n256_noise0.05_s1000_dml_gradnorm",
  "timestamp": "2026-04-06T20:32:56.703085"
}