{
  "method": "dml_fixed",
  "func_type": "poly_trig",
  "dim": 5,
  "n_samples": 512,
  "noise_level": 0.0,
  "seed": 123,
  "lambda": 1.0,
  "test_value_mse": 0.0002977097756229341,
  "test_grad_mse": 0.002786504803225398,
  "best_epoch": 200,
  "time_s": 4.392899990081787,
  "n_epochs_actual": 251,
  "key": "poly_trig_d5_n512_noise0.0_s123_dml_fixed",
  "timestamp": "2026-04-06T15:07:57.575403"
}