{
  "method": "baseline_rf",
  "func_type": "poly_trig",
  "dim": 5,
  "n_samples": 1024,
  "noise_level": 0.2,
  "seed": 123,
  "lambda": 1.0,
  "test_value_mse": 0.03655337400568532,
  "test_grad_mse": 1210.3185868557728,
  "time_s": 2.0095596313476562,
  "key": "poly_trig_d5_n1024_noise0.2_s123_baseline_rf",
  "timestamp": "2026-04-06T15:22:26.371727"
}