{
  "method": "baseline_gp",
  "func_type": "poly_trig",
  "dim": 5,
  "n_samples": 512,
  "noise_level": 0.0,
  "seed": 1000,
  "lambda": 1.0,
  "test_value_mse": 0.00010564718234216329,
  "test_grad_mse": 0.0014416972756245193,
  "time_s": 0.5102081298828125,
  "key": "poly_trig_d5_n512_noise0.0_s1000_baseline_gp",
  "timestamp": "2026-04-06T15:10:12.731749"
}