{
  "method": "dml_fixed",
  "func_type": "poly_trig",
  "dim": 10,
  "n_samples": 256,
  "noise_level": 0.05,
  "seed": 789,
  "lambda": 1.0,
  "test_value_mse": 0.00664878822863102,
  "test_grad_mse": 0.020826872438192368,
  "best_epoch": 331,
  "time_s": 6.313914060592651,
  "n_epochs_actual": 382,
  "key": "poly_trig_d10_n256_noise0.05_s789_dml_fixed",
  "timestamp": "2026-04-06T17:13:08.035383"
}