{
  "method": "vanilla",
  "func_type": "poly_trig",
  "dim": 100,
  "n_samples": 4096,
  "noise_level": 0.5,
  "seed": 42,
  "lambda": 1.0,
  "test_value_mse": 3.801978349685669,
  "test_grad_mse": 0.7332012057304382,
  "best_epoch": 20,
  "time_s": 6.407689809799194,
  "n_epochs_actual": 71,
  "key": "poly_trig_d100_n4096_noise0.5_s42_vanilla",
  "timestamp": "2026-04-07T02:10:53.081177"
}