{
  "method": "dml_fixed",
  "func_type": "poly_trig",
  "dim": 100,
  "n_samples": 1024,
  "noise_level": 0.1,
  "seed": 1000,
  "lambda": 1.0,
  "test_value_mse": 3.8124840259552,
  "test_grad_mse": 0.4034154415130615,
  "best_epoch": 210,
  "time_s": 12.328364372253418,
  "n_epochs_actual": 261,
  "key": "poly_trig_d100_n1024_noise0.1_s1000_dml_fixed",
  "timestamp": "2026-04-07T01:24:44.277193"
}