{
  "method": "baseline_krr",
  "func_type": "poly_trig",
  "dim": 2,
  "n_samples": 2048,
  "noise_level": 0.0,
  "seed": 789,
  "lambda": 1.0,
  "test_value_mse": 0.0033422138076275587,
  "test_grad_mse": 0.09191389125572735,
  "time_s": 0.662966251373291,
  "key": "poly_trig_d2_n2048_noise0.0_s789_baseline_krr",
  "timestamp": "2026-04-06T13:14:23.654144"
}