{
  "method": "dml_relobralo",
  "func_type": "poly_trig",
  "dim": 50,
  "n_samples": 256,
  "noise_level": 0.5,
  "seed": 456,
  "lambda": 1.0,
  "test_value_mse": 2.152973175048828,
  "test_grad_mse": 0.7749389410018921,
  "best_epoch": 41,
  "time_s": 2.6290440559387207,
  "n_epochs_actual": 92,
  "key": "poly_trig_d50_n256_noise0.5_s456_dml_relobralo",
  "timestamp": "2026-04-26T09:42:52.466353"
}