{
  "method": "dml_relobralo",
  "func_type": "poly_trig",
  "dim": 2,
  "n_samples": 1024,
  "noise_level": 0.5,
  "seed": 123,
  "lambda": 1.0,
  "test_value_mse": 0.0003312113112770021,
  "test_grad_mse": 0.005882851779460907,
  "best_epoch": 66,
  "time_s": 3.714322805404663,
  "n_epochs_actual": 117,
  "key": "poly_trig_d2_n1024_noise0.5_s123_dml_relobralo",
  "timestamp": "2026-04-26T08:29:24.670850"
}