{
  "method": "dml_relobralo",
  "func_type": "poly_trig",
  "dim": 100,
  "n_samples": 4096,
  "noise_level": 0.05,
  "seed": 1000,
  "lambda": 1.0,
  "test_value_mse": 4.350709915161133,
  "test_grad_mse": 0.7011469602584839,
  "best_epoch": 37,
  "time_s": 9.415762186050415,
  "n_epochs_actual": 88,
  "key": "poly_trig_d100_n4096_noise0.05_s1000_dml_relobralo",
  "timestamp": "2026-04-26T10:00:19.698881"
}