{
  "method": "dml_fixed",
  "func_type": "poly_trig",
  "dim": 100,
  "n_samples": 2048,
  "noise_level": 0.0,
  "seed": 42,
  "lambda": 1.0,
  "test_value_mse": 2.8759031295776367,
  "test_grad_mse": 0.4135974049568176,
  "best_epoch": 151,
  "time_s": 8.62641191482544,
  "n_epochs_actual": 202,
  "key": "poly_trig_d100_n2048_noise0.0_s42_dml_fixed",
  "timestamp": "2026-04-07T01:35:05.394089"
}