{
  "method": "dml_fixed",
  "func_type": "poly_trig",
  "dim": 20,
  "n_samples": 1024,
  "noise_level": 0.2,
  "seed": 1000,
  "lambda": 1.0,
  "test_value_mse": 0.0467706173658371,
  "test_grad_mse": 0.034324102103710175,
  "best_epoch": 482,
  "time_s": 11.801806211471558,
  "n_epochs_actual": 500,
  "key": "poly_trig_d20_n1024_noise0.2_s1000_dml_fixed",
  "timestamp": "2026-04-06T21:09:55.596767"
}