{
  "method": "dml_fixed",
  "func_type": "poly_trig",
  "dim": 100,
  "n_samples": 256,
  "noise_level": 0.2,
  "seed": 42,
  "lambda": 1.0,
  "test_value_mse": 6.640992164611816,
  "test_grad_mse": 0.5948823690414429,
  "best_epoch": 117,
  "time_s": 7.119393587112427,
  "n_epochs_actual": 168,
  "key": "poly_trig_d100_n256_noise0.2_s42_dml_fixed",
  "timestamp": "2026-04-07T01:07:05.556170"
}