{
  "method": "baseline_rf",
  "func_type": "poly_trig",
  "dim": 10,
  "n_samples": 256,
  "noise_level": 0.2,
  "seed": 456,
  "lambda": 1.0,
  "test_value_mse": 0.583035643481487,
  "test_grad_mse": 0.9582718399260085,
  "time_s": 3.3469836711883545,
  "key": "poly_trig_d10_n256_noise0.2_s456_baseline_rf",
  "timestamp": "2026-04-06T17:18:41.796877"
}