{
  "method": "dml_relobralo",
  "func_type": "poly_trig",
  "dim": 10,
  "n_samples": 4096,
  "noise_level": 0.1,
  "seed": 42,
  "lambda": 1.0,
  "test_value_mse": 0.000986828119494021,
  "test_grad_mse": 0.0036155381239950657,
  "best_epoch": 499,
  "time_s": 49.27373647689819,
  "n_epochs_actual": 500,
  "key": "poly_trig_d10_n4096_noise0.1_s42_dml_relobralo",
  "timestamp": "2026-04-26T09:09:47.388109"
}