{
  "method": "dml_fixed",
  "func_type": "poly_trig",
  "dim": 10,
  "n_samples": 256,
  "noise_level": 0.2,
  "seed": 789,
  "lambda": 1.0,
  "test_value_mse": 0.018439851701259613,
  "test_grad_mse": 0.046566396951675415,
  "best_epoch": 182,
  "time_s": 5.5335533618927,
  "n_epochs_actual": 233,
  "key": "poly_trig_d10_n256_noise0.2_s789_dml_fixed",
  "timestamp": "2026-04-06T17:18:52.124608"
}