{
  "method": "vanilla",
  "func_type": "poly_trig",
  "dim": 100,
  "n_samples": 1024,
  "noise_level": 0.05,
  "seed": 1000,
  "lambda": 1.0,
  "test_value_mse": 4.61993932723999,
  "test_grad_mse": 0.7554125785827637,
  "best_epoch": 19,
  "time_s": 4.335923194885254,
  "n_epochs_actual": 70,
  "key": "poly_trig_d100_n1024_noise0.05_s1000_vanilla",
  "timestamp": "2026-04-07T01:19:56.713546"
}