{
  "method": "dml_relobralo",
  "func_type": "poly_trig",
  "dim": 5,
  "n_samples": 512,
  "noise_level": 0.0,
  "seed": 123,
  "lambda": 1.0,
  "test_value_mse": 0.00020680562010966241,
  "test_grad_mse": 0.0031117291655391455,
  "best_epoch": 499,
  "time_s": 10.922162532806396,
  "n_epochs_actual": 500,
  "key": "poly_trig_d5_n512_noise0.0_s123_dml_relobralo",
  "timestamp": "2026-04-26T08:39:28.260937"
}