{
  "method": "dml_fixed",
  "func_type": "poly_trig",
  "dim": 50,
  "n_samples": 1024,
  "noise_level": 0.5,
  "seed": 789,
  "lambda": 1.0,
  "test_value_mse": 1.1618704795837402,
  "test_grad_mse": 0.2944277226924896,
  "best_epoch": 294,
  "time_s": 10.589797019958496,
  "n_epochs_actual": 345,
  "key": "poly_trig_d50_n1024_noise0.5_s789_dml_fixed",
  "timestamp": "2026-04-07T00:15:11.372153"
}