{
  "method": "dml_fixed",
  "func_type": "poly_trig",
  "dim": 10,
  "n_samples": 4096,
  "noise_level": 0.1,
  "seed": 123,
  "lambda": 1.0,
  "test_value_mse": 0.0009565884247422218,
  "test_grad_mse": 0.0027368180453777313,
  "best_epoch": 384,
  "time_s": 24.710554599761963,
  "n_epochs_actual": 435,
  "key": "poly_trig_d10_n4096_noise0.1_s123_dml_fixed",
  "timestamp": "2026-04-06T18:55:23.149033"
}