{
  "method": "dml_fixed",
  "func_type": "poly_trig",
  "dim": 50,
  "n_samples": 2048,
  "noise_level": 0.0,
  "seed": 123,
  "lambda": 1.0,
  "test_value_mse": 0.48343709111213684,
  "test_grad_mse": 0.11731940507888794,
  "best_epoch": 483,
  "time_s": 18.14944863319397,
  "n_epochs_actual": 500,
  "key": "poly_trig_d50_n2048_noise0.0_s123_dml_fixed",
  "timestamp": "2026-04-07T00:18:16.966002"
}