{
  "method": "dml_fixed",
  "func_type": "poly_trig",
  "dim": 50,
  "n_samples": 4096,
  "noise_level": 0.05,
  "seed": 456,
  "lambda": 1.0,
  "test_value_mse": 0.09888336062431335,
  "test_grad_mse": 0.02983432449400425,
  "best_epoch": 498,
  "time_s": 32.77310132980347,
  "n_epochs_actual": 500,
  "key": "poly_trig_d50_n4096_noise0.05_s456_dml_fixed",
  "timestamp": "2026-04-07T00:27:36.809732"
}