{
  "method": "baseline_gp",
  "func_type": "poly_trig",
  "dim": 10,
  "n_samples": 4096,
  "noise_level": 0.05,
  "seed": 42,
  "lambda": 1.0,
  "test_value_mse": 0.0002608513612354822,
  "test_grad_mse": 0.004210057548895342,
  "time_s": 233.2062633037567,
  "key": "poly_trig_d10_n4096_noise0.05_s42_baseline_gp",
  "timestamp": "2026-04-06T18:18:55.690740"
}