{
  "method": "dml_fixed",
  "func_type": "poly_trig",
  "dim": 20,
  "n_samples": 256,
  "noise_level": 0.05,
  "seed": 42,
  "lambda": 1.0,
  "test_value_mse": 0.23137515783309937,
  "test_grad_mse": 0.15450768172740936,
  "best_epoch": 425,
  "time_s": 12.847220182418823,
  "n_epochs_actual": 476,
  "key": "poly_trig_d20_n256_noise0.05_s42_dml_fixed",
  "timestamp": "2026-04-06T20:30:17.250749"
}