{
  "method": "baseline_rf",
  "func_type": "poly_trig",
  "dim": 5,
  "n_samples": 512,
  "noise_level": 0.0,
  "seed": 456,
  "lambda": 1.0,
  "test_value_mse": 0.11014646810378487,
  "test_grad_mse": 1.2375185623954756,
  "time_s": 0.4383676052093506,
  "key": "poly_trig_d5_n512_noise0.0_s456_baseline_rf",
  "timestamp": "2026-04-06T15:08:58.764504"
}