{
  "method": "baseline_krr",
  "func_type": "poly_trig",
  "dim": 5,
  "n_samples": 2048,
  "noise_level": 0.0,
  "seed": 42,
  "lambda": 1.0,
  "test_value_mse": 0.059523969888687134,
  "test_grad_mse": 0.46131257319515095,
  "time_s": 0.3921170234680176,
  "key": "poly_trig_d5_n2048_noise0.0_s42_baseline_krr",
  "timestamp": "2026-04-06T15:31:09.919606"
}