{
  "method": "dml_gradnorm",
  "func_type": "poly_trig",
  "dim": 20,
  "n_samples": 1024,
  "noise_level": 0.05,
  "seed": 123,
  "lambda": 1.0,
  "test_value_mse": 0.04785904660820961,
  "test_grad_mse": 0.0498027540743351,
  "best_epoch": 490,
  "time_s": 26.955769062042236,
  "n_epochs_actual": 500,
  "key": "poly_trig_d20_n1024_noise0.05_s123_dml_gradnorm",
  "timestamp": "2026-04-06T20:50:01.013482"
}