{
  "method": "dml_relobralo",
  "func_type": "poly_trig",
  "dim": 10,
  "n_samples": 1024,
  "noise_level": 0.1,
  "seed": 123,
  "lambda": 1.0,
  "test_value_mse": 0.005116169806569815,
  "test_grad_mse": 0.015188109129667282,
  "best_epoch": 498,
  "time_s": 16.303593397140503,
  "n_epochs_actual": 500,
  "key": "poly_trig_d10_n1024_noise0.1_s123_dml_relobralo",
  "timestamp": "2026-04-26T09:00:24.646869"
}