{
  "method": "dml_relobralo",
  "func_type": "poly_trig",
  "dim": 5,
  "n_samples": 256,
  "noise_level": 0.2,
  "seed": 789,
  "lambda": 1.0,
  "test_value_mse": 0.0015135856810957193,
  "test_grad_mse": 0.009117214940488338,
  "best_epoch": 240,
  "time_s": 5.832792043685913,
  "n_epochs_actual": 291,
  "key": "poly_trig_d5_n256_noise0.2_s789_dml_relobralo",
  "timestamp": "2026-04-26T08:38:39.143418"
}