{
  "method": "dml_relobralo",
  "func_type": "poly_trig",
  "dim": 50,
  "n_samples": 4096,
  "noise_level": 0.1,
  "seed": 789,
  "lambda": 1.0,
  "test_value_mse": 0.7566213011741638,
  "test_grad_mse": 0.3361745774745941,
  "best_epoch": 154,
  "time_s": 18.981951236724854,
  "n_epochs_actual": 205,
  "key": "poly_trig_d50_n4096_noise0.1_s789_dml_relobralo",
  "timestamp": "2026-04-26T09:48:45.946374"
}