{
  "method": "baseline_rf",
  "func_type": "poly_trig",
  "dim": 2,
  "n_samples": 256,
  "noise_level": 0.1,
  "seed": 1000,
  "lambda": 1.0,
  "test_value_mse": 0.007180945447493493,
  "test_grad_mse": 1.074715548497371,
  "time_s": 1.1606061458587646,
  "key": "poly_trig_d2_n256_noise0.1_s1000_baseline_rf",
  "timestamp": "2026-04-06T12:47:36.975524"
}