{
  "method": "dml_fixed",
  "func_type": "step",
  "dim": 5,
  "n_samples": 4096,
  "noise_level": 0.0,
  "seed": 123,
  "lambda": 1.0,
  "test_value_mse": 0.14131143343996136,
  "test_grad_mse": 0.1936508312961472,
  "best_epoch": 36,
  "time_s": 7.651445150375366,
  "n_epochs_actual": 87,
  "key": "step_d5_n4096_noise0.0_s123_dml_fixed",
  "timestamp": "2026-04-07T03:19:08.604056"
}