{
  "method": "baseline_gp",
  "func_type": "step",
  "dim": 10,
  "n_samples": 1024,
  "noise_level": 0.0,
  "seed": 1000,
  "lambda": 1.0,
  "test_value_mse": 0.4503479740485871,
  "test_grad_mse": 7.999438516620221e-11,
  "time_s": 100.07179498672485,
  "key": "step_d10_n1024_noise0.0_s1000_baseline_gp",
  "timestamp": "2026-04-07T03:50:22.694205"
}