{
  "method": "dml_relobralo",
  "func_type": "step",
  "dim": 20,
  "n_samples": 256,
  "noise_level": 0.0,
  "seed": 42,
  "lambda": 1.0,
  "test_value_mse": 1.4755096241667198,
  "test_grad_mse": 0.2871757563720089,
  "best_epoch": 30,
  "time_s": 2.556126117706299,
  "n_epochs_actual": 81,
  "key": "step_d20_n256_noise0.0_s42_dml_relobralo",
  "timestamp": "2026-04-26T10:08:00.763394"
}