{
  "method": "dml_gradnorm",
  "func_type": "step",
  "dim": 2,
  "n_samples": 4096,
  "noise_level": 0.0,
  "seed": 1000,
  "lambda": 1.0,
  "test_value_mse": 0.1379958181498629,
  "test_grad_mse": 0.1354894304272663,
  "best_epoch": 275,
  "time_s": 42.84894251823425,
  "n_epochs_actual": 326,
  "key": "step_d2_n4096_noise0.0_s1000_dml_gradnorm",
  "timestamp": "2026-04-07T02:59:12.126402"
}