{
  "method": "baseline_rf",
  "func_type": "step",
  "dim": 20,
  "n_samples": 1024,
  "noise_level": 0.0,
  "seed": 456,
  "lambda": 1.0,
  "test_value_mse": 0.803066995600234,
  "test_grad_mse": 31.763283440263972,
  "time_s": 7.696246385574341,
  "key": "step_d20_n1024_noise0.0_s456_baseline_rf",
  "timestamp": "2026-04-07T04:20:35.687902"
}