{
  "method": "dml_gradnorm",
  "func_type": "step",
  "dim": 10,
  "n_samples": 1024,
  "noise_level": 0.0,
  "seed": 1000,
  "lambda": 1.0,
  "test_value_mse": 0.3565549894556123,
  "test_grad_mse": 0.33093629108726647,
  "best_epoch": 150,
  "time_s": 13.596677541732788,
  "n_epochs_actual": 201,
  "key": "step_d10_n1024_noise0.0_s1000_dml_gradnorm",
  "timestamp": "2026-04-07T03:48:37.792624"
}