{
  "method": "vanilla",
  "func_type": "step",
  "dim": 2,
  "n_samples": 4096,
  "noise_level": 0.0,
  "seed": 42,
  "lambda": 1.0,
  "test_value_mse": 0.002502976560975728,
  "test_grad_mse": 41.62449916739646,
  "best_epoch": 234,
  "time_s": 13.173359870910645,
  "n_epochs_actual": 285,
  "key": "step_d2_n4096_noise0.0_s42_vanilla",
  "timestamp": "2026-04-07T02:30:01.227249"
}