{
  "method": "baseline_gp",
  "func_type": "step",
  "dim": 20,
  "n_samples": 1024,
  "noise_level": 0.0,
  "seed": 1000,
  "lambda": 1.0,
  "test_value_mse": 1.3794109844098488,
  "test_grad_mse": 0.6166071906510657,
  "time_s": 15.92391324043274,
  "key": "step_d20_n1024_noise0.0_s1000_baseline_gp",
  "timestamp": "2026-04-07T04:22:40.959472"
}