{
  "method": "baseline_gp",
  "func_type": "step",
  "dim": 20,
  "n_samples": 256,
  "noise_level": 0.0,
  "seed": 42,
  "lambda": 1.0,
  "test_value_mse": 1.4570819868882965,
  "test_grad_mse": 0.24629112771853157,
  "time_s": 0.648432731628418,
  "key": "step_d20_n256_noise0.0_s42_baseline_gp",
  "timestamp": "2026-04-07T04:14:06.692147"
}