{
  "method": "dml_fixed",
  "func_type": "step",
  "dim": 2,
  "n_samples": 4096,
  "noise_level": 0.0,
  "seed": 42,
  "lambda": 1.0,
  "test_value_mse": 0.11978471240362049,
  "test_grad_mse": 0.1566953866840608,
  "best_epoch": 111,
  "time_s": 10.020046949386597,
  "n_epochs_actual": 162,
  "key": "step_d2_n4096_noise0.0_s42_dml_fixed",
  "timestamp": "2026-04-07T02:30:11.247857"
}