{
  "method": "dml_gradnorm",
  "func_type": "step",
  "dim": 5,
  "n_samples": 256,
  "noise_level": 0.0,
  "seed": 1000,
  "lambda": 1.0,
  "test_value_mse": 0.31019734972610163,
  "test_grad_mse": 0.4644898781624924,
  "best_epoch": 28,
  "time_s": 5.096170902252197,
  "n_epochs_actual": 79,
  "key": "step_d5_n256_noise0.0_s1000_dml_gradnorm",
  "timestamp": "2026-04-07T03:09:46.963030"
}