{
  "method": "baseline_gp",
  "func_type": "step",
  "dim": 2,
  "n_samples": 4096,
  "noise_level": 0.0,
  "seed": 456,
  "lambda": 1.0,
  "test_value_mse": 0.003938693432964608,
  "test_grad_mse": 14.015499946096476,
  "time_s": 418.8409860134125,
  "key": "step_d2_n4096_noise0.0_s456_baseline_gp",
  "timestamp": "2026-04-07T02:52:13.998283"
}