{
  "method": "dml_relobralo",
  "func_type": "step",
  "dim": 2,
  "n_samples": 1024,
  "noise_level": 0.0,
  "seed": 123,
  "lambda": 1.0,
  "test_value_mse": 0.04971644519895583,
  "test_grad_mse": 0.27558995264404,
  "best_epoch": 45,
  "time_s": 3.753610610961914,
  "n_epochs_actual": 96,
  "key": "step_d2_n1024_noise0.0_s123_dml_relobralo",
  "timestamp": "2026-04-26T10:03:28.538287"
}