{
  "method": "dml_gradnorm",
  "func_type": "step",
  "dim": 100,
  "n_samples": 256,
  "noise_level": 0.0,
  "seed": 42,
  "lambda": 1.0,
  "test_value_mse": 6.558681228857261,
  "test_grad_mse": 0.06275793574325797,
  "best_epoch": 16,
  "time_s": 4.586184501647949,
  "n_epochs_actual": 67,
  "key": "step_d100_n256_noise0.0_s42_dml_gradnorm",
  "timestamp": "2026-04-07T04:55:55.380557"
}