{
  "method": "baseline_krr",
  "func_type": "step",
  "dim": 10,
  "n_samples": 4096,
  "noise_level": 0.0,
  "seed": 123,
  "lambda": 1.0,
  "test_value_mse": 0.5086582922198261,
  "test_grad_mse": 0.546479983059257,
  "time_s": 1.4604792594909668,
  "key": "step_d10_n4096_noise0.0_s123_baseline_krr",
  "timestamp": "2026-04-07T03:59:55.630368"
}