{
  "method": "vanilla",
  "func_type": "step",
  "dim": 10,
  "n_samples": 1024,
  "noise_level": 0.0,
  "seed": 42,
  "lambda": 1.0,
  "test_value_mse": 0.4991567404381143,
  "test_grad_mse": 1.0264223330036946,
  "best_epoch": 45,
  "time_s": 4.700945138931274,
  "n_epochs_actual": 96,
  "key": "step_d10_n1024_noise0.0_s42_vanilla",
  "timestamp": "2026-04-07T03:45:05.613351"
}