{
  "method": "dml_relobralo",
  "func_type": "step",
  "dim": 10,
  "n_samples": 4096,
  "noise_level": 0.0,
  "seed": 1000,
  "lambda": 1.0,
  "test_value_mse": 0.47551417006612867,
  "test_grad_mse": 0.00010756303104675238,
  "best_epoch": 35,
  "time_s": 7.930514335632324,
  "n_epochs_actual": 86,
  "key": "step_d10_n4096_noise0.0_s1000_dml_relobralo",
  "timestamp": "2026-04-26T10:07:58.195562"
}