{
  "method": "vanilla",
  "func_type": "step",
  "dim": 20,
  "n_samples": 1024,
  "noise_level": 0.0,
  "seed": 1000,
  "lambda": 1.0,
  "test_value_mse": 1.4596317267251457,
  "test_grad_mse": 0.2788301450815797,
  "best_epoch": 16,
  "time_s": 3.9666290283203125,
  "n_epochs_actual": 67,
  "key": "step_d20_n1024_noise0.0_s1000_vanilla",
  "timestamp": "2026-04-07T04:21:54.563905"
}