{
  "method": "dml_relobralo",
  "func_type": "step",
  "dim": 100,
  "n_samples": 1024,
  "noise_level": 0.0,
  "seed": 789,
  "lambda": 1.0,
  "test_value_mse": 6.976597806845434,
  "test_grad_mse": 0.35699682700602736,
  "best_epoch": 33,
  "time_s": 4.725775718688965,
  "n_epochs_actual": 84,
  "key": "step_d100_n1024_noise0.0_s789_dml_relobralo",
  "timestamp": "2026-04-26T10:11:02.449597"
}