{
  "method": "dml_gradnorm",
  "func_type": "step",
  "dim": 5,
  "n_samples": 256,
  "noise_level": 0.0,
  "seed": 456,
  "lambda": 1.0,
  "test_value_mse": 0.32974369511295776,
  "test_grad_mse": 0.39318961160207316,
  "best_epoch": 40,
  "time_s": 4.752765893936157,
  "n_epochs_actual": 91,
  "key": "step_d5_n256_noise0.0_s456_dml_gradnorm",
  "timestamp": "2026-04-07T03:08:54.440740"
}