{
  "method": "baseline_rf",
  "func_type": "step",
  "dim": 10,
  "n_samples": 256,
  "noise_level": 0.0,
  "seed": 456,
  "lambda": 1.0,
  "test_value_mse": 0.38652112307920444,
  "test_grad_mse": 3.6452331641002873,
  "time_s": 3.733588695526123,
  "key": "step_d10_n256_noise0.0_s456_baseline_rf",
  "timestamp": "2026-04-07T03:44:08.783466"
}