{
  "method": "dml_fixed",
  "func_type": "step",
  "dim": 10,
  "n_samples": 256,
  "noise_level": 0.0,
  "seed": 1000,
  "lambda": 1.0,
  "test_value_mse": 0.4003058104654046,
  "test_grad_mse": 0.007888605896919936,
  "best_epoch": 15,
  "time_s": 3.9218199253082275,
  "n_epochs_actual": 66,
  "key": "step_d10_n256_noise0.0_s1000_dml_fixed",
  "timestamp": "2026-04-07T03:44:45.186607"
}