{
  "method": "vanilla",
  "func_type": "step",
  "dim": 5,
  "n_samples": 256,
  "noise_level": 0.0,
  "seed": 42,
  "lambda": 1.0,
  "test_value_mse": 0.2732627047616545,
  "test_grad_mse": 1.6373164336080617,
  "best_epoch": 40,
  "time_s": 4.023661136627197,
  "n_epochs_actual": 91,
  "key": "step_d5_n256_noise0.0_s42_vanilla",
  "timestamp": "2026-04-07T03:07:55.488611"
}