{
  "method": "dml_relobralo",
  "func_type": "step",
  "dim": 20,
  "n_samples": 1024,
  "noise_level": 0.0,
  "seed": 789,
  "lambda": 1.0,
  "test_value_mse": 1.2361209946298721,
  "test_grad_mse": 0.36831612841933536,
  "best_epoch": 20,
  "time_s": 3.4319844245910645,
  "n_epochs_actual": 71,
  "key": "step_d20_n1024_noise0.0_s789_dml_relobralo",
  "timestamp": "2026-04-26T10:08:26.963422"
}