{
  "method": "vanilla",
  "func_type": "step",
  "dim": 50,
  "n_samples": 4096,
  "noise_level": 0.0,
  "seed": 789,
  "lambda": 1.0,
  "test_value_mse": 3.155951318680482,
  "test_grad_mse": 0.38917707055521406,
  "best_epoch": 9,
  "time_s": 5.786504507064819,
  "n_epochs_actual": 60,
  "key": "step_d50_n4096_noise0.0_s789_vanilla",
  "timestamp": "2026-04-07T04:54:18.734496"
}