{
  "method": "baseline_rf",
  "func_type": "step",
  "dim": 20,
  "n_samples": 4096,
  "noise_level": 0.0,
  "seed": 456,
  "lambda": 1.0,
  "test_value_mse": 0.6807337873894277,
  "test_grad_mse": 363.43561165355453,
  "time_s": 9.31963586807251,
  "key": "step_d20_n4096_noise0.0_s456_baseline_rf",
  "timestamp": "2026-04-07T04:38:11.318114"
}