{
  "method": "baseline_gp",
  "func_type": "step",
  "dim": 2,
  "n_samples": 256,
  "noise_level": 0.0,
  "seed": 1000,
  "lambda": 1.0,
  "test_value_mse": 0.1924961783245499,
  "test_grad_mse": 0.0,
  "time_s": 0.7996771335601807,
  "key": "step_d2_n256_noise0.0_s1000_baseline_gp",
  "timestamp": "2026-04-07T02:22:18.816665"
}