{
  "method": "dml_gradnorm",
  "func_type": "step",
  "dim": 100,
  "n_samples": 256,
  "noise_level": 0.0,
  "seed": 456,
  "lambda": 1.0,
  "test_value_mse": 8.12003266665845,
  "test_grad_mse": 0.08842152646937274,
  "best_epoch": 499,
  "time_s": 14.598078727722168,
  "n_epochs_actual": 500,
  "key": "step_d100_n256_noise0.0_s456_dml_gradnorm",
  "timestamp": "2026-04-07T04:56:39.194299"
}