{
  "method": "dml_gradnorm",
  "func_type": "step",
  "dim": 50,
  "n_samples": 4096,
  "noise_level": 0.0,
  "seed": 123,
  "lambda": 1.0,
  "test_value_mse": 3.6540533493971292,
  "test_grad_mse": 0.07365733453952297,
  "best_epoch": 243,
  "time_s": 38.69440817832947,
  "n_epochs_actual": 294,
  "key": "step_d50_n4096_noise0.0_s123_dml_gradnorm",
  "timestamp": "2026-04-07T04:53:11.631891"
}