{
  "method": "dml_gradnorm",
  "func_type": "step",
  "dim": 2,
  "n_samples": 1024,
  "noise_level": 0.0,
  "seed": 123,
  "lambda": 1.0,
  "test_value_mse": 0.07035267000409513,
  "test_grad_mse": 0.10490645898657416,
  "best_epoch": 204,
  "time_s": 14.551442623138428,
  "n_epochs_actual": 255,
  "key": "step_d2_n1024_noise0.0_s123_dml_gradnorm",
  "timestamp": "2026-04-07T02:24:30.727807"
}