{
  "method": "baseline_gp",
  "func_type": "step",
  "dim": 10,
  "n_samples": 4096,
  "noise_level": 0.0,
  "seed": 1000,
  "lambda": 1.0,
  "test_value_mse": 0.4785192574642568,
  "test_grad_mse": 0.0,
  "time_s": 154.7651424407959,
  "key": "step_d10_n4096_noise0.0_s1000_baseline_gp",
  "timestamp": "2026-04-07T04:13:34.135569"
}