{
  "method": "dml_gradnorm",
  "func_type": "step",
  "dim": 10,
  "n_samples": 4096,
  "noise_level": 0.0,
  "seed": 42,
  "lambda": 1.0,
  "test_value_mse": 0.6935930562786827,
  "test_grad_mse": 0.01957223404192633,
  "best_epoch": 164,
  "time_s": 32.37119746208191,
  "n_epochs_actual": 215,
  "key": "step_d10_n4096_noise0.0_s42_dml_gradnorm",
  "timestamp": "2026-04-07T03:51:16.972309"
}