{
  "method": "baseline_krr",
  "func_type": "step",
  "dim": 20,
  "n_samples": 4096,
  "noise_level": 0.0,
  "seed": 123,
  "lambda": 1.0,
  "test_value_mse": 1.040000575101611,
  "test_grad_mse": 0.5403380155730849,
  "time_s": 2.1358742713928223,
  "key": "step_d20_n4096_noise0.0_s123_baseline_krr",
  "timestamp": "2026-04-07T04:32:35.182239"
}