{
  "method": "dml_fixed",
  "func_type": "step",
  "dim": 2,
  "n_samples": 1024,
  "noise_level": 0.0,
  "seed": 123,
  "lambda": 1.0,
  "test_value_mse": 0.06332343444393575,
  "test_grad_mse": 0.1332727753972896,
  "best_epoch": 65,
  "time_s": 5.786498308181763,
  "n_epochs_actual": 116,
  "key": "step_d2_n1024_noise0.0_s123_dml_fixed",
  "timestamp": "2026-04-07T02:24:16.175829"
}