{
  "method": "dml_fixed",
  "func_type": "step",
  "dim": 5,
  "n_samples": 256,
  "noise_level": 0.0,
  "seed": 456,
  "lambda": 1.0,
  "test_value_mse": 0.3779896352002798,
  "test_grad_mse": 0.13377898887019746,
  "best_epoch": 29,
  "time_s": 4.02680230140686,
  "n_epochs_actual": 80,
  "key": "step_d5_n256_noise0.0_s456_dml_fixed",
  "timestamp": "2026-04-07T03:08:49.687421"
}