{
  "method": "dml_relobralo",
  "func_type": "step",
  "dim": 5,
  "n_samples": 256,
  "noise_level": 0.0,
  "seed": 789,
  "lambda": 1.0,
  "test_value_mse": 0.3115935361084017,
  "test_grad_mse": 0.4158704755189506,
  "best_epoch": 36,
  "time_s": 2.6964612007141113,
  "n_epochs_actual": 87,
  "key": "step_d5_n256_noise0.0_s789_dml_relobralo",
  "timestamp": "2026-04-26T10:04:58.735804"
}