{
  "method": "dml_fixed",
  "func_type": "step",
  "dim": 20,
  "n_samples": 4096,
  "noise_level": 0.0,
  "seed": 789,
  "lambda": 1.0,
  "test_value_mse": 1.289004801919014,
  "test_grad_mse": 0.07239376680988041,
  "best_epoch": 33,
  "time_s": 6.581254243850708,
  "n_epochs_actual": 84,
  "key": "step_d20_n4096_noise0.0_s789_dml_fixed",
  "timestamp": "2026-04-07T04:38:24.180671"
}