{
  "method": "baseline_rf",
  "func_type": "step",
  "dim": 2,
  "n_samples": 256,
  "noise_level": 0.0,
  "seed": 42,
  "lambda": 1.0,
  "test_value_mse": 0.0019785339099038343,
  "test_grad_mse": 1.3796325082389328e-23,
  "time_s": 0.896604061126709,
  "key": "step_d2_n256_noise0.0_s42_baseline_rf",
  "timestamp": "2026-04-07T02:20:53.920479"
}