{
  "method": "vanilla",
  "func_type": "step",
  "dim": 2,
  "n_samples": 256,
  "noise_level": 0.0,
  "seed": 42,
  "lambda": 1.0,
  "test_value_mse": 0.009097376371870584,
  "test_grad_mse": 3.865036352881553,
  "best_epoch": 171,
  "time_s": 6.128897666931152,
  "n_epochs_actual": 222,
  "key": "step_d2_n256_noise0.0_s42_vanilla",
  "timestamp": "2026-04-07T02:20:34.549886"
}