{
  "method": "baseline_gp",
  "func_type": "step",
  "dim": 5,
  "n_samples": 1024,
  "noise_level": 0.0,
  "seed": 789,
  "lambda": 1.0,
  "test_value_mse": 0.39035910734850926,
  "test_grad_mse": 0.0,
  "time_s": 17.511892318725586,
  "key": "step_d5_n1024_noise0.0_s789_baseline_gp",
  "timestamp": "2026-04-07T03:12:56.239254"
}