{
  "method": "baseline_rf",
  "func_type": "step",
  "dim": 10,
  "n_samples": 256,
  "noise_level": 0.0,
  "seed": 1000,
  "lambda": 1.0,
  "test_value_mse": 0.2579180360101663,
  "test_grad_mse": 1.967411512420191e-21,
  "time_s": 3.4305508136749268,
  "key": "step_d10_n256_noise0.0_s1000_baseline_rf",
  "timestamp": "2026-04-07T03:45:00.872432"
}