{
  "method": "dml_gradnorm",
  "func_type": "step",
  "dim": 100,
  "n_samples": 4096,
  "noise_level": 0.0,
  "seed": 1000,
  "lambda": 1.0,
  "test_value_mse": 6.703327489342763,
  "test_grad_mse": 0.11774728214125442,
  "best_epoch": 92,
  "time_s": 23.323320388793945,
  "n_epochs_actual": 143,
  "key": "step_d100_n4096_noise0.0_s1000_dml_gradnorm",
  "timestamp": "2026-04-07T05:04:14.529705"
}