{
  "method": "dml_relobralo",
  "func_type": "step",
  "dim": 100,
  "n_samples": 1024,
  "noise_level": 0.0,
  "seed": 123,
  "lambda": 1.0,
  "test_value_mse": 6.057592120444821,
  "test_grad_mse": 0.2674163489637232,
  "best_epoch": 13,
  "time_s": 4.028935194015503,
  "n_epochs_actual": 64,
  "key": "step_d100_n1024_noise0.0_s123_dml_relobralo",
  "timestamp": "2026-04-26T10:10:54.219397"
}