{
  "method": "vanilla",
  "func_type": "step",
  "dim": 2,
  "n_samples": 4096,
  "noise_level": 0.0,
  "seed": 123,
  "lambda": 1.0,
  "test_value_mse": 0.0031309377549605232,
  "test_grad_mse": 35.83151623892614,
  "best_epoch": 404,
  "time_s": 21.123894214630127,
  "n_epochs_actual": 455,
  "key": "step_d2_n4096_noise0.0_s123_vanilla",
  "timestamp": "2026-04-07T02:37:08.313789"
}