{
  "method": "dml_gradnorm",
  "func_type": "step",
  "dim": 2,
  "n_samples": 256,
  "noise_level": 0.0,
  "seed": 789,
  "lambda": 1.0,
  "test_value_mse": 0.05829873710029657,
  "test_grad_mse": 0.17592561000628124,
  "best_epoch": 51,
  "time_s": 4.969738721847534,
  "n_epochs_actual": 102,
  "key": "step_d2_n256_noise0.0_s789_dml_gradnorm",
  "timestamp": "2026-04-07T02:21:51.397519"
}