{
  "method": "vanilla",
  "func_type": "step",
  "dim": 20,
  "n_samples": 4096,
  "noise_level": 0.0,
  "seed": 789,
  "lambda": 1.0,
  "test_value_mse": 1.0321731850528408,
  "test_grad_mse": 0.8615517555769986,
  "best_epoch": 19,
  "time_s": 5.9835991859436035,
  "n_epochs_actual": 70,
  "key": "step_d20_n4096_noise0.0_s789_vanilla",
  "timestamp": "2026-04-07T04:38:17.598879"
}