{
  "method": "baseline_rf",
  "func_type": "step",
  "dim": 10,
  "n_samples": 1024,
  "noise_level": 0.0,
  "seed": 123,
  "lambda": 1.0,
  "test_value_mse": 0.38490213840262977,
  "test_grad_mse": 1191.388818113538,
  "time_s": 4.142426252365112,
  "key": "step_d10_n1024_noise0.0_s123_baseline_rf",
  "timestamp": "2026-04-07T03:46:39.854271"
}