{
  "method": "baseline_gp",
  "func_type": "step",
  "dim": 5,
  "n_samples": 256,
  "noise_level": 0.0,
  "seed": 42,
  "lambda": 1.0,
  "test_value_mse": 0.5221151381649451,
  "test_grad_mse": 0.0,
  "time_s": 3.275759696960449,
  "key": "step_d5_n256_noise0.0_s42_baseline_gp",
  "timestamp": "2026-04-07T03:08:12.176001"
}