{
  "method": "baseline_rf",
  "func_type": "step",
  "dim": 5,
  "n_samples": 256,
  "noise_level": 0.0,
  "seed": 456,
  "lambda": 1.0,
  "test_value_mse": 0.21332699979042535,
  "test_grad_mse": 6.068160809392397e-22,
  "time_s": 1.8928616046905518,
  "key": "step_d5_n256_noise0.0_s456_baseline_rf",
  "timestamp": "2026-04-07T03:09:06.296871"
}