{
  "method": "dml_relobralo",
  "func_type": "step",
  "dim": 10,
  "n_samples": 256,
  "noise_level": 0.0,
  "seed": 123,
  "lambda": 1.0,
  "test_value_mse": 0.674740815774849,
  "test_grad_mse": 0.4485439756014988,
  "best_epoch": 22,
  "time_s": 2.6841297149658203,
  "n_epochs_actual": 73,
  "key": "step_d10_n256_noise0.0_s123_dml_relobralo",
  "timestamp": "2026-04-26T10:06:25.909778"
}