{
  "method": "dml_gradnorm",
  "func_type": "step",
  "dim": 10,
  "n_samples": 1024,
  "noise_level": 0.0,
  "seed": 123,
  "lambda": 1.0,
  "test_value_mse": 0.7155238149310934,
  "test_grad_mse": 0.9647468812014736,
  "best_epoch": 176,
  "time_s": 13.820982456207275,
  "n_epochs_actual": 227,
  "key": "step_d10_n1024_noise0.0_s123_dml_gradnorm",
  "timestamp": "2026-04-07T03:46:09.068628"
}