{
  "method": "baseline_rf",
  "func_type": "step",
  "dim": 20,
  "n_samples": 256,
  "noise_level": 0.0,
  "seed": 123,
  "lambda": 1.0,
  "test_value_mse": 1.097703595766638,
  "test_grad_mse": 477.70018019116355,
  "time_s": 6.814362525939941,
  "key": "step_d20_n256_noise0.0_s123_baseline_rf",
  "timestamp": "2026-04-07T04:14:49.560432"
}