{
  "method": "baseline_rf",
  "func_type": "step",
  "dim": 5,
  "n_samples": 4096,
  "noise_level": 0.0,
  "seed": 789,
  "lambda": 1.0,
  "test_value_mse": 0.033468090056607135,
  "test_grad_mse": 7870.002652415041,
  "time_s": 3.1296792030334473,
  "key": "step_d5_n4096_noise0.0_s789_baseline_rf",
  "timestamp": "2026-04-07T03:39:11.811553"
}