{
  "method": "vanilla",
  "func_type": "step",
  "dim": 50,
  "n_samples": 1024,
  "noise_level": 0.0,
  "seed": 789,
  "lambda": 1.0,
  "test_value_mse": 3.763891956035236,
  "test_grad_mse": 0.5326074553477728,
  "best_epoch": 18,
  "time_s": 4.441084384918213,
  "n_epochs_actual": 69,
  "key": "step_d50_n1024_noise0.0_s789_vanilla",
  "timestamp": "2026-04-07T04:50:20.724164"
}