{
  "method": "dml_fixed",
  "func_type": "step",
  "dim": 5,
  "n_samples": 256,
  "noise_level": 0.0,
  "seed": 123,
  "lambda": 1.0,
  "test_value_mse": 0.19737342628008187,
  "test_grad_mse": 0.1872970891199266,
  "best_epoch": 66,
  "time_s": 4.637951850891113,
  "n_epochs_actual": 117,
  "key": "step_d5_n256_noise0.0_s123_dml_fixed",
  "timestamp": "2026-04-07T03:08:24.468564"
}