{
  "method": "dml_gradnorm",
  "func_type": "step",
  "dim": 10,
  "n_samples": 1024,
  "noise_level": 0.0,
  "seed": 789,
  "lambda": 1.0,
  "test_value_mse": 0.4902846995425368,
  "test_grad_mse": 0.8360895689154677,
  "best_epoch": 164,
  "time_s": 13.57368278503418,
  "n_epochs_actual": 215,
  "key": "step_d10_n1024_noise0.0_s789_dml_gradnorm",
  "timestamp": "2026-04-07T03:47:50.590851"
}