{
  "method": "dml_fixed",
  "func_type": "step",
  "dim": 20,
  "n_samples": 256,
  "noise_level": 0.0,
  "seed": 456,
  "lambda": 1.0,
  "test_value_mse": 1.605333556167495,
  "test_grad_mse": 0.002672310275655826,
  "best_epoch": 18,
  "time_s": 3.8651626110076904,
  "n_epochs_actual": 69,
  "key": "step_d20_n256_noise0.0_s456_dml_fixed",
  "timestamp": "2026-04-07T04:14:57.043376"
}