{
  "method": "dml_fixed",
  "func_type": "step",
  "dim": 100,
  "n_samples": 1024,
  "noise_level": 0.0,
  "seed": 42,
  "lambda": 1.0,
  "test_value_mse": 6.279377740062256,
  "test_grad_mse": 0.03316547711627247,
  "best_epoch": 24,
  "time_s": 5.03420352935791,
  "n_epochs_actual": 75,
  "key": "step_d100_n1024_noise0.0_s42_dml_fixed",
  "timestamp": "2026-04-07T04:57:34.805595"
}