{
  "method": "dml_relobralo",
  "func_type": "step",
  "dim": 2,
  "n_samples": 1024,
  "noise_level": 0.0,
  "seed": 456,
  "lambda": 1.0,
  "test_value_mse": 0.11100419595915881,
  "test_grad_mse": 0.000725984916522514,
  "best_epoch": 105,
  "time_s": 5.928507566452026,
  "n_epochs_actual": 156,
  "key": "step_d2_n1024_noise0.0_s456_dml_relobralo",
  "timestamp": "2026-04-26T10:03:34.472954"
}