{
  "method": "dml_fixed",
  "func_type": "step",
  "dim": 50,
  "n_samples": 256,
  "noise_level": 0.0,
  "seed": 42,
  "lambda": 1.0,
  "test_value_mse": 4.087996527834336,
  "test_grad_mse": 0.11838664593775021,
  "best_epoch": 55,
  "time_s": 4.721661567687988,
  "n_epochs_actual": 106,
  "key": "step_d50_n256_noise0.0_s42_dml_fixed",
  "timestamp": "2026-04-07T04:46:01.582958"
}