{
  "method": "baseline_gp",
  "func_type": "step",
  "dim": 10,
  "n_samples": 256,
  "noise_level": 0.0,
  "seed": 42,
  "lambda": 1.0,
  "test_value_mse": 0.969593684647477,
  "test_grad_mse": 0.0,
  "time_s": 1.2404797077178955,
  "key": "step_d10_n256_noise0.0_s42_baseline_gp",
  "timestamp": "2026-04-07T03:43:23.066069"
}