{
  "method": "dml_gradnorm",
  "func_type": "step",
  "dim": 5,
  "n_samples": 256,
  "noise_level": 0.0,
  "seed": 789,
  "lambda": 1.0,
  "test_value_mse": 0.3112924555952811,
  "test_grad_mse": 0.33237114534640744,
  "best_epoch": 38,
  "time_s": 4.707661867141724,
  "n_epochs_actual": 89,
  "key": "step_d5_n256_noise0.0_s789_dml_gradnorm",
  "timestamp": "2026-04-07T03:09:18.934907"
}