{
  "method": "vanilla",
  "func_type": "step",
  "dim": 50,
  "n_samples": 256,
  "noise_level": 0.0,
  "seed": 456,
  "lambda": 1.0,
  "test_value_mse": 4.656822031416215,
  "test_grad_mse": 0.14914585443321804,
  "best_epoch": 19,
  "time_s": 4.098585605621338,
  "n_epochs_actual": 70,
  "key": "step_d50_n256_noise0.0_s456_vanilla",
  "timestamp": "2026-04-07T04:47:03.306618"
}