{
  "method": "vanilla",
  "func_type": "step",
  "dim": 5,
  "n_samples": 1024,
  "noise_level": 0.0,
  "seed": 789,
  "lambda": 1.0,
  "test_value_mse": 0.17122253628039624,
  "test_grad_mse": 3.03555050262284,
  "best_epoch": 94,
  "time_s": 4.758558034896851,
  "n_epochs_actual": 145,
  "key": "step_d5_n1024_noise0.0_s789_vanilla",
  "timestamp": "2026-04-07T03:12:14.570501"
}