{
  "method": "dml_relobralo",
  "func_type": "step",
  "dim": 2,
  "n_samples": 256,
  "noise_level": 0.0,
  "seed": 42,
  "lambda": 1.0,
  "test_value_mse": 0.08888341161449415,
  "test_grad_mse": 0.33923547710037655,
  "best_epoch": 39,
  "time_s": 2.695857048034668,
  "n_epochs_actual": 90,
  "key": "step_d2_n256_noise0.0_s42_dml_relobralo",
  "timestamp": "2026-04-26T10:03:07.274848"
}