{
  "method": "dml_relobralo",
  "func_type": "step",
  "dim": 20,
  "n_samples": 1024,
  "noise_level": 0.0,
  "seed": 123,
  "lambda": 1.0,
  "test_value_mse": 1.1553663702379562,
  "test_grad_mse": 0.44920001549895283,
  "best_epoch": 29,
  "time_s": 3.599431037902832,
  "n_epochs_actual": 80,
  "key": "step_d20_n1024_noise0.0_s123_dml_relobralo",
  "timestamp": "2026-04-26T10:08:20.055066"
}