{
  "method": "dml_relobralo",
  "func_type": "step",
  "dim": 100,
  "n_samples": 256,
  "noise_level": 0.0,
  "seed": 123,
  "lambda": 1.0,
  "test_value_mse": 6.656569347043982,
  "test_grad_mse": 0.022087364683507665,
  "best_epoch": 10,
  "time_s": 2.7023427486419678,
  "n_epochs_actual": 61,
  "key": "step_d100_n256_noise0.0_s123_dml_relobralo",
  "timestamp": "2026-04-26T10:10:37.604681"
}