{
  "method": "vanilla",
  "func_type": "step",
  "dim": 20,
  "n_samples": 4096,
  "noise_level": 0.0,
  "seed": 123,
  "lambda": 1.0,
  "test_value_mse": 0.9453951705020535,
  "test_grad_mse": 1.379207444609089,
  "best_epoch": 38,
  "time_s": 6.645308971405029,
  "n_epochs_actual": 89,
  "key": "step_d20_n4096_noise0.0_s123_vanilla",
  "timestamp": "2026-04-07T04:27:28.908397"
}