{
  "method": "dml_relobralo",
  "func_type": "step",
  "dim": 5,
  "n_samples": 4096,
  "noise_level": 0.0,
  "seed": 42,
  "lambda": 1.0,
  "test_value_mse": 0.4022292728549787,
  "test_grad_mse": 0.015445948293357825,
  "best_epoch": 89,
  "time_s": 12.887964248657227,
  "n_epochs_actual": 140,
  "key": "step_d5_n4096_noise0.0_s42_dml_relobralo",
  "timestamp": "2026-04-26T10:05:41.253344"
}