{
  "method": "dml_gradnorm",
  "func_type": "step",
  "dim": 20,
  "n_samples": 1024,
  "noise_level": 0.0,
  "seed": 42,
  "lambda": 1.0,
  "test_value_mse": 1.146782834830092,
  "test_grad_mse": 0.4720923517517398,
  "best_epoch": 499,
  "time_s": 31.450594186782837,
  "n_epochs_actual": 500,
  "key": "step_d20_n1024_noise0.0_s42_dml_gradnorm",
  "timestamp": "2026-04-07T04:17:04.436116"
}