{
  "method": "dml_fixed",
  "func_type": "step",
  "dim": 5,
  "n_samples": 1024,
  "noise_level": 0.0,
  "seed": 123,
  "lambda": 1.0,
  "test_value_mse": 0.15379024242070483,
  "test_grad_mse": 0.17323871304121666,
  "best_epoch": 78,
  "time_s": 5.903468370437622,
  "n_epochs_actual": 129,
  "key": "step_d5_n1024_noise0.0_s123_dml_fixed",
  "timestamp": "2026-04-07T03:10:45.435615"
}