{
  "method": "dml_fixed",
  "func_type": "step",
  "dim": 20,
  "n_samples": 256,
  "noise_level": 0.0,
  "seed": 789,
  "lambda": 1.0,
  "test_value_mse": 0.7821351420097062,
  "test_grad_mse": 0.1302080548557904,
  "best_epoch": 33,
  "time_s": 4.492807865142822,
  "n_epochs_actual": 84,
  "key": "step_d20_n256_noise0.0_s789_dml_fixed",
  "timestamp": "2026-04-07T04:15:19.691059"
}