{
  "method": "dml_relobralo",
  "func_type": "step",
  "dim": 50,
  "n_samples": 4096,
  "noise_level": 0.0,
  "seed": 456,
  "lambda": 1.0,
  "test_value_mse": 4.816791297974981,
  "test_grad_mse": 0.16797268774647622,
  "best_epoch": 34,
  "time_s": 10.525777101516724,
  "n_epochs_actual": 85,
  "key": "step_d50_n4096_noise0.0_s456_dml_relobralo",
  "timestamp": "2026-04-26T10:10:15.475385"
}