{
  "method": "dml_gradnorm",
  "func_type": "step",
  "dim": 20,
  "n_samples": 4096,
  "noise_level": 0.0,
  "seed": 1000,
  "lambda": 1.0,
  "test_value_mse": 1.7268903792556216,
  "test_grad_mse": 0.026491251362745716,
  "best_epoch": 146,
  "time_s": 29.738788604736328,
  "n_epochs_actual": 197,
  "key": "step_d20_n4096_noise0.0_s1000_dml_gradnorm",
  "timestamp": "2026-04-07T04:43:16.582663"
}