{
  "method": "baseline_rf",
  "func_type": "step",
  "dim": 5,
  "n_samples": 4096,
  "noise_level": 0.0,
  "seed": 1000,
  "lambda": 1.0,
  "test_value_mse": 0.02839152748464662,
  "test_grad_mse": 12334.763664332459,
  "time_s": 2.967604398727417,
  "key": "step_d5_n4096_noise0.0_s1000_baseline_rf",
  "timestamp": "2026-04-07T03:43:04.480160"
}