{
  "method": "dml_fixed",
  "func_type": "step",
  "dim": 2,
  "n_samples": 256,
  "noise_level": 0.0,
  "seed": 789,
  "lambda": 1.0,
  "test_value_mse": 0.06475487466405914,
  "test_grad_mse": 0.11603583923149557,
  "best_epoch": 42,
  "time_s": 4.06177830696106,
  "n_epochs_actual": 93,
  "key": "step_d2_n256_noise0.0_s789_dml_fixed",
  "timestamp": "2026-04-07T02:21:46.427289"
}