{
  "method": "dml_gradnorm",
  "func_type": "step",
  "dim": 5,
  "n_samples": 4096,
  "noise_level": 0.0,
  "seed": 1000,
  "lambda": 1.0,
  "test_value_mse": 0.28767870654019395,
  "test_grad_mse": 0.30643989365279845,
  "best_epoch": 97,
  "time_s": 22.491370677947998,
  "n_epochs_actual": 148,
  "key": "step_d5_n4096_noise0.0_s1000_dml_gradnorm",
  "timestamp": "2026-04-07T03:39:53.824525"
}