{
  "method": "dml_gradnorm",
  "func_type": "step",
  "dim": 20,
  "n_samples": 1024,
  "noise_level": 0.0,
  "seed": 1000,
  "lambda": 1.0,
  "test_value_mse": 1.5780855443577475,
  "test_grad_mse": 0.3075546771988708,
  "best_epoch": 223,
  "time_s": 21.092496156692505,
  "n_epochs_actual": 274,
  "key": "step_d20_n1024_noise0.0_s1000_dml_gradnorm",
  "timestamp": "2026-04-07T04:22:20.728054"
}