{
  "method": "dml_fixed",
  "func_type": "step",
  "dim": 100,
  "n_samples": 256,
  "noise_level": 0.0,
  "seed": 1000,
  "lambda": 1.0,
  "test_value_mse": 8.653557956678808,
  "test_grad_mse": 0.0023068563009360087,
  "best_epoch": 24,
  "time_s": 3.911648988723755,
  "n_epochs_actual": 75,
  "key": "step_d100_n256_noise0.0_s1000_dml_fixed",
  "timestamp": "2026-04-07T04:57:17.437061"
}