{
  "method": "dml_gradnorm",
  "func_type": "step",
  "dim": 50,
  "n_samples": 256,
  "noise_level": 0.0,
  "seed": 123,
  "lambda": 1.0,
  "test_value_mse": 2.6709182854701323,
  "test_grad_mse": 0.25501998219011907,
  "best_epoch": 499,
  "time_s": 17.696709394454956,
  "n_epochs_actual": 500,
  "key": "step_d50_n256_noise0.0_s123_dml_gradnorm",
  "timestamp": "2026-04-07T04:46:55.185065"
}