{
  "method": "vanilla",
  "func_type": "step",
  "dim": 20,
  "n_samples": 1024,
  "noise_level": 0.0,
  "seed": 456,
  "lambda": 1.0,
  "test_value_mse": 1.0717804356015448,
  "test_grad_mse": 0.9747542115852322,
  "best_epoch": 53,
  "time_s": 4.955025911331177,
  "n_epochs_actual": 104,
  "key": "step_d20_n1024_noise0.0_s456_vanilla",
  "timestamp": "2026-04-07T04:19:01.817378"
}