{
  "method": "baseline_rf",
  "func_type": "step",
  "dim": 10,
  "n_samples": 4096,
  "noise_level": 0.0,
  "seed": 42,
  "lambda": 1.0,
  "test_value_mse": 0.24925867035664068,
  "test_grad_mse": 935.6032643668235,
  "time_s": 5.42388129234314,
  "key": "step_d10_n4096_noise0.0_s42_baseline_rf",
  "timestamp": "2026-04-07T03:55:12.606346"
}