{
  "method": "vanilla",
  "func_type": "step",
  "dim": 2,
  "n_samples": 1024,
  "noise_level": 0.0,
  "seed": 789,
  "lambda": 1.0,
  "test_value_mse": 0.008800120016632275,
  "test_grad_mse": 4.531437105660181,
  "best_epoch": 112,
  "time_s": 6.153592586517334,
  "n_epochs_actual": 163,
  "key": "step_d2_n1024_noise0.0_s789_vanilla",
  "timestamp": "2026-04-07T02:26:20.566824"
}