{
  "method": "dml_gradnorm",
  "func_type": "step",
  "dim": 5,
  "n_samples": 1024,
  "noise_level": 0.0,
  "seed": 1000,
  "lambda": 1.0,
  "test_value_mse": 0.32140190321479334,
  "test_grad_mse": 0.3750196832437362,
  "best_epoch": 125,
  "time_s": 13.05071759223938,
  "n_epochs_actual": 176,
  "key": "step_d5_n1024_noise0.0_s1000_dml_gradnorm",
  "timestamp": "2026-04-07T03:13:22.683215"
}