{
  "method": "dml_gradnorm",
  "func_type": "step",
  "dim": 100,
  "n_samples": 1024,
  "noise_level": 0.0,
  "seed": 456,
  "lambda": 1.0,
  "test_value_mse": 7.751012280419584,
  "test_grad_mse": 0.1184680526454865,
  "best_epoch": 296,
  "time_s": 23.2249436378479,
  "n_epochs_actual": 347,
  "key": "step_d100_n1024_noise0.0_s456_dml_gradnorm",
  "timestamp": "2026-04-07T04:59:28.199446"
}