{
  "method": "dml_gradnorm",
  "func_type": "step",
  "dim": 50,
  "n_samples": 1024,
  "noise_level": 0.0,
  "seed": 1000,
  "lambda": 1.0,
  "test_value_mse": 3.5908236052549842,
  "test_grad_mse": 0.3018191557788459,
  "best_epoch": 322,
  "time_s": 24.522951364517212,
  "n_epochs_actual": 373,
  "key": "step_d50_n1024_noise0.0_s1000_dml_gradnorm",
  "timestamp": "2026-04-07T04:51:33.441653"
}