{
  "method": "dml_fixed",
  "func_type": "step",
  "dim": 20,
  "n_samples": 4096,
  "noise_level": 0.0,
  "seed": 1000,
  "lambda": 1.0,
  "test_value_mse": 1.5268771154510636,
  "test_grad_mse": 0.08294590872270871,
  "best_epoch": 16,
  "time_s": 6.460525274276733,
  "n_epochs_actual": 67,
  "key": "step_d20_n4096_noise0.0_s1000_dml_fixed",
  "timestamp": "2026-04-07T04:42:46.843369"
}