{
  "method": "vanilla",
  "func_type": "step",
  "dim": 50,
  "n_samples": 256,
  "noise_level": 0.0,
  "seed": 42,
  "lambda": 1.0,
  "test_value_mse": 5.0199007843924415,
  "test_grad_mse": 0.541812140762377,
  "best_epoch": 38,
  "time_s": 4.186066150665283,
  "n_epochs_actual": 89,
  "key": "step_d50_n256_noise0.0_s42_vanilla",
  "timestamp": "2026-04-07T04:45:56.860808"
}