{
  "method": "baseline_krr",
  "func_type": "step",
  "dim": 2,
  "n_samples": 4096,
  "noise_level": 0.0,
  "seed": 42,
  "lambda": 1.0,
  "test_value_mse": 0.08050136779447248,
  "test_grad_mse": 1.884947980639468,
  "time_s": 1.4125995635986328,
  "key": "step_d2_n4096_noise0.0_s42_baseline_krr",
  "timestamp": "2026-04-07T02:36:45.674009"
}