{
  "method": "vanilla",
  "func_type": "step",
  "dim": 50,
  "n_samples": 4096,
  "noise_level": 0.0,
  "seed": 456,
  "lambda": 1.0,
  "test_value_mse": 2.904884717647979,
  "test_grad_mse": 0.313013373451261,
  "best_epoch": 14,
  "time_s": 5.096740245819092,
  "n_epochs_actual": 65,
  "key": "step_d50_n4096_noise0.0_s456_vanilla",
  "timestamp": "2026-04-07T04:53:24.161927"
}