{
  "method": "vanilla",
  "func_type": "step",
  "dim": 50,
  "n_samples": 4096,
  "noise_level": 0.0,
  "seed": 123,
  "lambda": 1.0,
  "test_value_mse": 2.8791416194993382,
  "test_grad_mse": 0.4489231177608414,
  "best_epoch": 12,
  "time_s": 5.7282984256744385,
  "n_epochs_actual": 63,
  "key": "step_d50_n4096_noise0.0_s123_vanilla",
  "timestamp": "2026-04-07T04:52:26.157339"
}