{
  "method": "vanilla",
  "func_type": "step",
  "dim": 50,
  "n_samples": 4096,
  "noise_level": 0.0,
  "seed": 42,
  "lambda": 1.0,
  "test_value_mse": 2.725327179496964,
  "test_grad_mse": 0.32533916900599774,
  "best_epoch": 9,
  "time_s": 5.91164755821228,
  "n_epochs_actual": 60,
  "key": "step_d50_n4096_noise0.0_s42_vanilla",
  "timestamp": "2026-04-07T04:51:44.931610"
}