{
  "method": "dml_gradnorm",
  "func_type": "step",
  "dim": 20,
  "n_samples": 1024,
  "noise_level": 0.0,
  "seed": 789,
  "lambda": 1.0,
  "test_value_mse": 1.2595293459448282,
  "test_grad_mse": 0.5899181043055506,
  "best_epoch": 499,
  "time_s": 29.149507522583008,
  "n_epochs_actual": 500,
  "key": "step_d20_n1024_noise0.0_s789_dml_gradnorm",
  "timestamp": "2026-04-07T04:21:13.750573"
}