{
  "method": "baseline_krr",
  "func_type": "step",
  "dim": 10,
  "n_samples": 1024,
  "noise_level": 0.0,
  "seed": 789,
  "lambda": 1.0,
  "test_value_mse": 0.4193090093782242,
  "test_grad_mse": 0.31795186142765774,
  "time_s": 1.380758285522461,
  "key": "step_d10_n1024_noise0.0_s789_baseline_krr",
  "timestamp": "2026-04-07T03:48:11.439127"
}