{
  "method": "dml_relobralo",
  "func_type": "step",
  "dim": 20,
  "n_samples": 4096,
  "noise_level": 0.0,
  "seed": 123,
  "lambda": 1.0,
  "test_value_mse": 1.0022017005118014,
  "test_grad_mse": 0.6124927251529392,
  "best_epoch": 20,
  "time_s": 7.027130126953125,
  "n_epochs_actual": 71,
  "key": "step_d20_n4096_noise0.0_s123_dml_relobralo",
  "timestamp": "2026-04-26T10:08:45.540024"
}