{
  "method": "dml_gradnorm",
  "func_type": "step",
  "dim": 50,
  "n_samples": 4096,
  "noise_level": 0.0,
  "seed": 42,
  "lambda": 1.0,
  "test_value_mse": 3.3459745241583,
  "test_grad_mse": 0.03401649780706552,
  "best_epoch": 73,
  "time_s": 21.254042387008667,
  "n_epochs_actual": 124,
  "key": "step_d50_n4096_noise0.0_s42_dml_gradnorm",
  "timestamp": "2026-04-07T04:52:13.419005"
}