{
  "method": "baseline_gp",
  "func_type": "step",
  "dim": 20,
  "n_samples": 256,
  "noise_level": 0.0,
  "seed": 123,
  "lambda": 1.0,
  "test_value_mse": 0.8289537803978875,
  "test_grad_mse": 0.5882584969547642,
  "time_s": 2.920469045639038,
  "key": "step_d20_n256_noise0.0_s123_baseline_gp",
  "timestamp": "2026-04-07T04:14:42.647413"
}