{
  "method": "dml_gradnorm",
  "func_type": "step",
  "dim": 5,
  "n_samples": 4096,
  "noise_level": 0.0,
  "seed": 123,
  "lambda": 1.0,
  "test_value_mse": 0.20940697529952854,
  "test_grad_mse": 0.08078569934588323,
  "best_epoch": 292,
  "time_s": 46.32254409790039,
  "n_epochs_actual": 343,
  "key": "step_d5_n4096_noise0.0_s123_dml_gradnorm",
  "timestamp": "2026-04-07T03:19:54.927128"
}