{
  "method": "dml_fixed",
  "func_type": "step",
  "dim": 50,
  "n_samples": 1024,
  "noise_level": 0.0,
  "seed": 789,
  "lambda": 1.0,
  "test_value_mse": 3.390891450060813,
  "test_grad_mse": 0.08882635359593692,
  "best_epoch": 31,
  "time_s": 5.389845371246338,
  "n_epochs_actual": 82,
  "key": "step_d50_n1024_noise0.0_s789_dml_fixed",
  "timestamp": "2026-04-07T04:50:26.114542"
}