{
  "method": "dml_relobralo",
  "func_type": "step",
  "dim": 5,
  "n_samples": 256,
  "noise_level": 0.0,
  "seed": 1000,
  "lambda": 1.0,
  "test_value_mse": 0.30586832957396226,
  "test_grad_mse": 0.4891860880314256,
  "best_epoch": 50,
  "time_s": 2.944852590560913,
  "n_epochs_actual": 101,
  "key": "step_d5_n256_noise0.0_s1000_dml_relobralo",
  "timestamp": "2026-04-26T10:05:01.685169"
}