{
  "method": "vanilla",
  "func_type": "step",
  "dim": 5,
  "n_samples": 1024,
  "noise_level": 0.0,
  "seed": 42,
  "lambda": 1.0,
  "test_value_mse": 0.19370596408545376,
  "test_grad_mse": 4.40808494560552,
  "best_epoch": 78,
  "time_s": 5.449429750442505,
  "n_epochs_actual": 129,
  "key": "step_d5_n1024_noise0.0_s42_vanilla",
  "timestamp": "2026-04-07T03:09:59.585014"
}