{
  "method": "baseline_rf",
  "func_type": "step",
  "dim": 10,
  "n_samples": 256,
  "noise_level": 0.0,
  "seed": 789,
  "lambda": 1.0,
  "test_value_mse": 0.4328077270103614,
  "test_grad_mse": 2.1636785885989765e-21,
  "time_s": 3.630614995956421,
  "key": "step_d10_n256_noise0.0_s789_baseline_rf",
  "timestamp": "2026-04-07T03:44:37.321251"
}