{
  "method": "dml_relobralo",
  "func_type": "step",
  "dim": 2,
  "n_samples": 1024,
  "noise_level": 0.0,
  "seed": 42,
  "lambda": 1.0,
  "test_value_mse": 0.08459050988483592,
  "test_grad_mse": 0.3845713888671947,
  "best_epoch": 84,
  "time_s": 5.418844699859619,
  "n_epochs_actual": 135,
  "key": "step_d2_n1024_noise0.0_s42_dml_relobralo",
  "timestamp": "2026-04-26T10:03:24.775433"
}