{
  "method": "dml_fixed",
  "func_type": "step",
  "dim": 2,
  "n_samples": 256,
  "noise_level": 0.0,
  "seed": 123,
  "lambda": 1.0,
  "test_value_mse": 0.07953919323195188,
  "test_grad_mse": 0.12815660769233156,
  "best_epoch": 42,
  "time_s": 3.7786004543304443,
  "n_epochs_actual": 93,
  "key": "step_d2_n256_noise0.0_s123_dml_fixed",
  "timestamp": "2026-04-07T02:21:03.386374"
}