{
  "method": "dml_fixed",
  "func_type": "step",
  "dim": 5,
  "n_samples": 1024,
  "noise_level": 0.0,
  "seed": 456,
  "lambda": 1.0,
  "test_value_mse": 0.3592480984005166,
  "test_grad_mse": 0.17474688522005216,
  "best_epoch": 69,
  "time_s": 5.736382246017456,
  "n_epochs_actual": 120,
  "key": "step_d5_n1024_noise0.0_s456_dml_fixed",
  "timestamp": "2026-04-07T03:11:27.864691"
}