{
  "method": "dml_fixed",
  "func_type": "trig",
  "dim": 10,
  "n_samples": 1024,
  "noise_level": 0.2,
  "seed": 1000,
  "lambda": 1.0,
  "test_value_mse": 6.6792168617248535,
  "test_grad_mse": 3.361135244369507,
  "best_epoch": 59,
  "time_s": 6.808129549026489,
  "n_epochs_actual": 110,
  "key": "trig_d10_n1024_noise0.2_s1000_dml_fixed",
  "timestamp": "2026-04-07T10:19:18.701488"
}