{
  "method": "vanilla",
  "func_type": "trig",
  "dim": 100,
  "n_samples": 256,
  "noise_level": 0.5,
  "seed": 123,
  "lambda": 1.0,
  "test_value_mse": 65.1044692993164,
  "test_grad_mse": 8.036438941955566,
  "best_epoch": 10,
  "time_s": 4.254782676696777,
  "n_epochs_actual": 61,
  "key": "trig_d100_n256_noise0.5_s123_vanilla",
  "timestamp": "2026-04-07T14:08:07.039015"
}