{
  "method": "dml_relobralo",
  "func_type": "trig",
  "dim": 50,
  "n_samples": 512,
  "noise_level": 0.0,
  "seed": 123,
  "lambda": 1.0,
  "test_value_mse": 47.433868408203125,
  "test_grad_mse": 6.651943206787109,
  "best_epoch": 23,
  "time_s": 3.120560884475708,
  "n_epochs_actual": 74,
  "key": "trig_d50_n512_noise0.0_s123_dml_relobralo",
  "timestamp": "2026-04-26T11:04:58.497757"
}