{
  "method": "dml_relobralo",
  "func_type": "trig",
  "dim": 20,
  "n_samples": 4096,
  "noise_level": 0.5,
  "seed": 456,
  "lambda": 1.0,
  "test_value_mse": 11.121254920959473,
  "test_grad_mse": 5.671262741088867,
  "best_epoch": 9,
  "time_s": 6.816939353942871,
  "n_epochs_actual": 60,
  "key": "trig_d20_n4096_noise0.5_s456_dml_relobralo",
  "timestamp": "2026-04-26T11:03:47.176159"
}