{
  "method": "dml_relobralo",
  "func_type": "trig",
  "dim": 50,
  "n_samples": 1024,
  "noise_level": 0.05,
  "seed": 789,
  "lambda": 1.0,
  "test_value_mse": 53.621368408203125,
  "test_grad_mse": 10.866663932800293,
  "best_epoch": 22,
  "time_s": 3.5318636894226074,
  "n_epochs_actual": 73,
  "key": "trig_d50_n1024_noise0.05_s789_dml_relobralo",
  "timestamp": "2026-04-26T11:05:21.187576"
}