{
  "method": "vanilla",
  "func_type": "trig",
  "dim": 10,
  "n_samples": 4096,
  "noise_level": 0.5,
  "seed": 789,
  "lambda": 1.0,
  "test_value_mse": 10.868390083312988,
  "test_grad_mse": 13.83790111541748,
  "best_epoch": 24,
  "time_s": 5.907827138900757,
  "n_epochs_actual": 75,
  "key": "trig_d10_n4096_noise0.5_s789_vanilla",
  "timestamp": "2026-04-07T11:42:59.812284"
}