{
  "method": "dml_relobralo",
  "func_type": "trig",
  "dim": 2,
  "n_samples": 256,
  "noise_level": 0.5,
  "seed": 123,
  "lambda": 1.0,
  "test_value_mse": 0.013253310695290565,
  "test_grad_mse": 0.009570721536874771,
  "best_epoch": 69,
  "time_s": 3.5415127277374268,
  "n_epochs_actual": 120,
  "key": "trig_d2_n256_noise0.5_s123_dml_relobralo",
  "timestamp": "2026-04-26T10:14:11.298585"
}