{
  "method": "dml_gradnorm",
  "func_type": "trig",
  "dim": 2,
  "n_samples": 256,
  "noise_level": 0.5,
  "seed": 456,
  "lambda": 1.0,
  "test_value_mse": 0.8410126566886902,
  "test_grad_mse": 5.665832996368408,
  "best_epoch": 15,
  "time_s": 4.4806787967681885,
  "n_epochs_actual": 66,
  "key": "trig_d2_n256_noise0.5_s456_dml_gradnorm",
  "timestamp": "2026-04-07T05:14:18.492800"
}