{
  "method": "baseline_rf",
  "func_type": "trig",
  "dim": 2,
  "n_samples": 1024,
  "noise_level": 0.5,
  "seed": 456,
  "lambda": 1.0,
  "test_value_mse": 0.14263369546351962,
  "test_grad_mse": 5349.743307288941,
  "time_s": 0.6669034957885742,
  "key": "trig_d2_n1024_noise0.5_s456_baseline_rf",
  "timestamp": "2026-04-07T05:42:33.568588"
}