{
  "method": "dml_fixed",
  "func_type": "trig",
  "dim": 10,
  "n_samples": 4096,
  "noise_level": 0.1,
  "seed": 789,
  "lambda": 1.0,
  "test_value_mse": 10.4496431350708,
  "test_grad_mse": 10.505204200744629,
  "best_epoch": 59,
  "time_s": 10.26736855506897,
  "n_epochs_actual": 110,
  "key": "trig_d10_n4096_noise0.1_s789_dml_fixed",
  "timestamp": "2026-04-07T11:04:30.546988"
}