{
  "method": "dml_fixed",
  "func_type": "trig",
  "dim": 100,
  "n_samples": 1024,
  "noise_level": 0.1,
  "seed": 1000,
  "lambda": 1.0,
  "test_value_mse": 109.81050109863281,
  "test_grad_mse": 7.373953342437744,
  "best_epoch": 22,
  "time_s": 4.810869932174683,
  "n_epochs_actual": 73,
  "key": "trig_d100_n1024_noise0.1_s1000_dml_fixed",
  "timestamp": "2026-04-07T14:16:21.888021"
}