{
  "method": "dml_gradnorm",
  "func_type": "trig",
  "dim": 10,
  "n_samples": 2048,
  "noise_level": 0.0,
  "seed": 789,
  "lambda": 1.0,
  "test_value_mse": 13.019708633422852,
  "test_grad_mse": 13.67935848236084,
  "best_epoch": 9,
  "time_s": 7.034058332443237,
  "n_epochs_actual": 60,
  "key": "trig_d10_n2048_noise0.0_s789_dml_gradnorm",
  "timestamp": "2026-04-07T10:27:30.836853"
}