{
  "method": "baseline_krr",
  "func_type": "trig",
  "dim": 20,
  "n_samples": 4096,
  "noise_level": 0.5,
  "seed": 789,
  "lambda": 1.0,
  "test_value_mse": 23.871225357055664,
  "test_grad_mse": 14.873213508556766,
  "time_s": 6.529860019683838,
  "key": "trig_d20_n4096_noise0.5_s789_baseline_krr",
  "timestamp": "2026-04-07T13:30:06.594042"
}