{
  "method": "dml_relobralo",
  "func_type": "trig",
  "dim": 20,
  "n_samples": 4096,
  "noise_level": 0.1,
  "seed": 1000,
  "lambda": 1.0,
  "test_value_mse": 16.512218475341797,
  "test_grad_mse": 6.5964202880859375,
  "best_epoch": 6,
  "time_s": 6.727326154708862,
  "n_epochs_actual": 57,
  "key": "trig_d20_n4096_noise0.1_s1000_dml_relobralo",
  "timestamp": "2026-04-26T11:02:49.634432"
}