{
  "method": "baseline_krr",
  "func_type": "trig",
  "dim": 2,
  "n_samples": 512,
  "noise_level": 0.0,
  "seed": 789,
  "lambda": 1.0,
  "test_value_mse": 1.807660698890686,
  "test_grad_mse": 8.900083822537198,
  "time_s": 0.006833076477050781,
  "key": "trig_d2_n512_noise0.0_s789_baseline_krr",
  "timestamp": "2026-04-07T05:19:39.410180"
}