{
  "method": "baseline_gp",
  "func_type": "trig",
  "dim": 5,
  "n_samples": 256,
  "noise_level": 0.05,
  "seed": 789,
  "lambda": 1.0,
  "test_value_mse": 4.741622657142445,
  "test_grad_mse": 11.349781624314796,
  "time_s": 1.9908349514007568,
  "key": "trig_d5_n256_noise0.05_s789_baseline_gp",
  "timestamp": "2026-04-07T07:50:08.662793"
}