{
  "method": "dml_gradnorm",
  "func_type": "trig",
  "dim": 20,
  "n_samples": 4096,
  "noise_level": 0.5,
  "seed": 789,
  "lambda": 1.0,
  "test_value_mse": 24.118650436401367,
  "test_grad_mse": 14.873973846435547,
  "best_epoch": 4,
  "time_s": 9.748995780944824,
  "n_epochs_actual": 55,
  "key": "trig_d20_n4096_noise0.5_s789_dml_gradnorm",
  "timestamp": "2026-04-07T13:26:31.202181"
}