{
  "method": "dml_relobralo",
  "func_type": "trig",
  "dim": 20,
  "n_samples": 256,
  "noise_level": 0.1,
  "seed": 456,
  "lambda": 1.0,
  "test_value_mse": 18.116941452026367,
  "test_grad_mse": 5.6472272872924805,
  "best_epoch": 29,
  "time_s": 2.709491014480591,
  "n_epochs_actual": 80,
  "key": "trig_d20_n256_noise0.1_s456_dml_relobralo",
  "timestamp": "2026-04-26T10:59:15.959846"
}