{
  "method": "baseline_krr",
  "func_type": "trig",
  "dim": 2,
  "n_samples": 2048,
  "noise_level": 0.0,
  "seed": 42,
  "lambda": 1.0,
  "test_value_mse": 0.43749457597732544,
  "test_grad_mse": 4.333234481122594,
  "time_s": 0.44014430046081543,
  "key": "trig_d2_n2048_noise0.0_s42_baseline_krr",
  "timestamp": "2026-04-07T05:47:30.750020"
}