{
  "method": "dml_relobralo",
  "func_type": "trig",
  "dim": 10,
  "n_samples": 4096,
  "noise_level": 0.5,
  "seed": 1000,
  "lambda": 1.0,
  "test_value_mse": 5.393484592437744,
  "test_grad_mse": 3.8620493412017822,
  "best_epoch": 32,
  "time_s": 9.007045030593872,
  "n_epochs_actual": 83,
  "key": "trig_d10_n4096_noise0.5_s1000_dml_relobralo",
  "timestamp": "2026-04-26T10:58:52.979385"
}