{
  "method": "baseline_rf",
  "func_type": "trig",
  "dim": 2,
  "n_samples": 256,
  "noise_level": 0.5,
  "seed": 456,
  "lambda": 1.0,
  "test_value_mse": 0.2224338896864822,
  "test_grad_mse": 5.677430248015944,
  "time_s": 1.1660943031311035,
  "key": "trig_d2_n256_noise0.5_s456_baseline_rf",
  "timestamp": "2026-04-07T05:14:27.040963"
}