{
  "method": "dml_gradnorm",
  "func_type": "trig",
  "dim": 20,
  "n_samples": 1024,
  "noise_level": 0.1,
  "seed": 123,
  "lambda": 1.0,
  "test_value_mse": 14.252403259277344,
  "test_grad_mse": 7.581441402435303,
  "best_epoch": 10,
  "time_s": 6.216164827346802,
  "n_epochs_actual": 61,
  "key": "trig_d20_n1024_noise0.1_s123_dml_gradnorm",
  "timestamp": "2026-04-07T12:07:32.345508"
}