{
  "method": "baseline_rf",
  "func_type": "trig",
  "dim": 10,
  "n_samples": 512,
  "noise_level": 0.0,
  "seed": 42,
  "lambda": 1.0,
  "test_value_mse": 5.1383142551468755,
  "test_grad_mse": 3.6989393111591777,
  "time_s": 3.796074151992798,
  "key": "trig_d10_n512_noise0.0_s42_baseline_rf",
  "timestamp": "2026-04-07T10:05:46.445710"
}