{
  "method": "baseline_gp",
  "func_type": "trig",
  "dim": 5,
  "n_samples": 256,
  "noise_level": 0.05,
  "seed": 456,
  "lambda": 1.0,
  "test_value_mse": 4.428549817162993,
  "test_grad_mse": 5.903009349825782,
  "time_s": 2.7886250019073486,
  "key": "trig_d5_n256_noise0.05_s456_baseline_gp",
  "timestamp": "2026-04-07T07:49:48.679130"
}