{
  "method": "dml_relobralo",
  "func_type": "trig",
  "dim": 20,
  "n_samples": 256,
  "noise_level": 0.05,
  "seed": 123,
  "lambda": 1.0,
  "test_value_mse": 17.64389991760254,
  "test_grad_mse": 7.482079982757568,
  "best_epoch": 32,
  "time_s": 3.2464659214019775,
  "n_epochs_actual": 83,
  "key": "trig_d20_n256_noise0.05_s123_dml_relobralo",
  "timestamp": "2026-04-26T10:58:59.531788"
}