{
  "method": "vanilla",
  "func_type": "trig",
  "dim": 5,
  "n_samples": 256,
  "noise_level": 0.2,
  "seed": 1000,
  "lambda": 1.0,
  "test_value_mse": 3.571247100830078,
  "test_grad_mse": 2.3669705390930176,
  "best_epoch": 85,
  "time_s": 4.768173456192017,
  "n_epochs_actual": 136,
  "key": "trig_d5_n256_noise0.2_s1000_vanilla",
  "timestamp": "2026-04-07T07:54:00.283425"
}