{
  "method": "baseline_krr",
  "func_type": "trig",
  "dim": 2,
  "n_samples": 1024,
  "noise_level": 0.5,
  "seed": 789,
  "lambda": 1.0,
  "test_value_mse": 1.1514217853546143,
  "test_grad_mse": 7.369398057068803,
  "time_s": 0.9112250804901123,
  "key": "trig_d2_n1024_noise0.5_s789_baseline_krr",
  "timestamp": "2026-04-07T05:44:14.585718"
}