{
  "method": "dml_fixed",
  "func_type": "trig",
  "dim": 10,
  "n_samples": 256,
  "noise_level": 0.05,
  "seed": 42,
  "lambda": 1.0,
  "test_value_mse": 9.190155029296875,
  "test_grad_mse": 3.4076411724090576,
  "best_epoch": 53,
  "time_s": 4.633487224578857,
  "n_epochs_actual": 104,
  "key": "trig_d10_n256_noise0.05_s42_dml_fixed",
  "timestamp": "2026-04-07T09:57:52.722534"
}