{
  "method": "dml_relobralo",
  "func_type": "trig",
  "dim": 20,
  "n_samples": 1024,
  "noise_level": 0.1,
  "seed": 789,
  "lambda": 1.0,
  "test_value_mse": 24.05291748046875,
  "test_grad_mse": 15.109065055847168,
  "best_epoch": 8,
  "time_s": 2.859955072402954,
  "n_epochs_actual": 59,
  "key": "trig_d20_n1024_noise0.1_s789_dml_relobralo",
  "timestamp": "2026-04-26T11:00:33.678690"
}