{
  "method": "vanilla",
  "func_type": "trig",
  "dim": 10,
  "n_samples": 256,
  "noise_level": 0.5,
  "seed": 789,
  "lambda": 1.0,
  "test_value_mse": 12.51071548461914,
  "test_grad_mse": 13.913087844848633,
  "best_epoch": 34,
  "time_s": 3.9513230323791504,
  "n_epochs_actual": 85,
  "key": "trig_d10_n256_noise0.5_s789_vanilla",
  "timestamp": "2026-04-07T10:04:46.193224"
}