{
  "method": "baseline_krr",
  "func_type": "trig",
  "dim": 5,
  "n_samples": 256,
  "noise_level": 0.5,
  "seed": 123,
  "lambda": 1.0,
  "test_value_mse": 1.8248097896575928,
  "test_grad_mse": 3.816254002856357,
  "time_s": 0.006643056869506836,
  "key": "trig_d5_n256_noise0.5_s123_baseline_krr",
  "timestamp": "2026-04-07T07:55:01.968865"
}