{
  "method": "dml_fixed",
  "func_type": "trig",
  "dim": 2,
  "n_samples": 4096,
  "noise_level": 0.5,
  "seed": 789,
  "lambda": 1.0,
  "test_value_mse": 0.025754211470484734,
  "test_grad_mse": 0.18428054451942444,
  "best_epoch": 191,
  "time_s": 14.590548753738403,
  "n_epochs_actual": 242,
  "key": "trig_d2_n4096_noise0.5_s789_dml_fixed",
  "timestamp": "2026-04-07T07:37:22.525757"
}