{
  "method": "baseline_krr",
  "func_type": "trig",
  "dim": 5,
  "n_samples": 1024,
  "noise_level": 0.5,
  "seed": 42,
  "lambda": 1.0,
  "test_value_mse": 1.0888820886611938,
  "test_grad_mse": 2.695970740500892,
  "time_s": 0.5890741348266602,
  "key": "trig_d5_n1024_noise0.5_s42_baseline_krr",
  "timestamp": "2026-04-07T08:11:23.487113"
}