{
  "method": "dml_relobralo",
  "func_type": "trig",
  "dim": 20,
  "n_samples": 1024,
  "noise_level": 0.05,
  "seed": 456,
  "lambda": 1.0,
  "test_value_mse": 11.888948440551758,
  "test_grad_mse": 5.679521560668945,
  "best_epoch": 16,
  "time_s": 2.9881863594055176,
  "n_epochs_actual": 67,
  "key": "trig_d20_n1024_noise0.05_s456_dml_relobralo",
  "timestamp": "2026-04-26T11:00:14.048304"
}