{
  "method": "dml_gradnorm",
  "func_type": "trig",
  "dim": 5,
  "n_samples": 256,
  "noise_level": 0.05,
  "seed": 456,
  "lambda": 1.0,
  "test_value_mse": 4.516490459442139,
  "test_grad_mse": 5.659402370452881,
  "best_epoch": 61,
  "time_s": 5.536710262298584,
  "n_epochs_actual": 112,
  "key": "trig_d5_n256_noise0.05_s456_dml_gradnorm",
  "timestamp": "2026-04-07T07:49:41.579608"
}