{
  "method": "baseline_krr",
  "func_type": "trig",
  "dim": 20,
  "n_samples": 4096,
  "noise_level": 0.1,
  "seed": 123,
  "lambda": 1.0,
  "test_value_mse": 14.500760078430176,
  "test_grad_mse": 7.70288509863024,
  "time_s": 5.093359470367432,
  "key": "trig_d20_n4096_noise0.1_s123_baseline_krr",
  "timestamp": "2026-04-07T12:48:05.918192"
}