{
  "method": "vanilla",
  "func_type": "trig",
  "dim": 50,
  "n_samples": 4096,
  "noise_level": 0.05,
  "seed": 42,
  "lambda": 1.0,
  "test_value_mse": 37.81832504272461,
  "test_grad_mse": 6.663994789123535,
  "best_epoch": 6,
  "time_s": 5.237448453903198,
  "n_epochs_actual": 57,
  "key": "trig_d50_n4096_noise0.05_s42_vanilla",
  "timestamp": "2026-04-07T13:50:04.399338"
}