{
  "method": "dml_gradnorm",
  "func_type": "trig",
  "dim": 5,
  "n_samples": 4096,
  "noise_level": 0.5,
  "seed": 42,
  "lambda": 1.0,
  "test_value_mse": 0.45675036311149597,
  "test_grad_mse": 0.7907522916793823,
  "best_epoch": 66,
  "time_s": 19.917604446411133,
  "n_epochs_actual": 117,
  "key": "trig_d5_n4096_noise0.5_s42_dml_gradnorm",
  "timestamp": "2026-04-07T09:38:09.353249"
}