{
  "method": "dml_relobralo",
  "func_type": "trig",
  "dim": 2,
  "n_samples": 256,
  "noise_level": 0.2,
  "seed": 123,
  "lambda": 1.0,
  "test_value_mse": 0.0010717549594119191,
  "test_grad_mse": 0.0020563078578561544,
  "best_epoch": 122,
  "time_s": 4.395571708679199,
  "n_epochs_actual": 173,
  "key": "trig_d2_n256_noise0.2_s123_dml_relobralo",
  "timestamp": "2026-04-26T10:13:40.531518"
}