{
  "method": "dml_relobralo",
  "func_type": "trig",
  "dim": 5,
  "n_samples": 4096,
  "noise_level": 0.1,
  "seed": 1000,
  "lambda": 1.0,
  "test_value_mse": 0.004750304855406284,
  "test_grad_mse": 0.008781316690146923,
  "best_epoch": 485,
  "time_s": 46.566373109817505,
  "n_epochs_actual": 500,
  "key": "trig_d5_n4096_noise0.1_s1000_dml_relobralo",
  "timestamp": "2026-04-26T10:45:24.074586"
}