{
  "method": "dml_gradnorm",
  "func_type": "trig",
  "dim": 20,
  "n_samples": 256,
  "noise_level": 0.5,
  "seed": 123,
  "lambda": 1.0,
  "test_value_mse": 19.687477111816406,
  "test_grad_mse": 7.531691074371338,
  "best_epoch": 21,
  "time_s": 4.541762828826904,
  "n_epochs_actual": 72,
  "key": "trig_d20_n256_noise0.5_s123_dml_gradnorm",
  "timestamp": "2026-04-07T11:58:38.606874"
}