{
  "method": "dml_relobralo",
  "func_type": "trig",
  "dim": 50,
  "n_samples": 4096,
  "noise_level": 0.1,
  "seed": 456,
  "lambda": 1.0,
  "test_value_mse": 46.273902893066406,
  "test_grad_mse": 8.128904342651367,
  "best_epoch": 35,
  "time_s": 9.691750526428223,
  "n_epochs_actual": 86,
  "key": "trig_d50_n4096_noise0.1_s456_dml_relobralo",
  "timestamp": "2026-04-26T11:07:38.096072"
}