{
  "method": "dml_fixed",
  "func_type": "trig",
  "dim": 20,
  "n_samples": 4096,
  "noise_level": 0.2,
  "seed": 42,
  "lambda": 1.0,
  "test_value_mse": 13.691946029663086,
  "test_grad_mse": 4.288479804992676,
  "best_epoch": 48,
  "time_s": 7.819342851638794,
  "n_epochs_actual": 99,
  "key": "trig_d20_n4096_noise0.2_s42_dml_fixed",
  "timestamp": "2026-04-07T12:57:44.988010"
}