{
  "method": "dml_fixed",
  "func_type": "trig",
  "dim": 50,
  "n_samples": 512,
  "noise_level": 0.0,
  "seed": 1000,
  "lambda": 1.0,
  "test_value_mse": 48.6795768737793,
  "test_grad_mse": 7.140918731689453,
  "best_epoch": 34,
  "time_s": 4.8697896003723145,
  "n_epochs_actual": 85,
  "key": "trig_d50_n512_noise0.0_s1000_dml_fixed",
  "timestamp": "2026-04-07T13:40:05.299274"
}