{
  "method": "baseline_gp",
  "func_type": "trig",
  "dim": 20,
  "n_samples": 4096,
  "noise_level": 0.2,
  "seed": 42,
  "lambda": 1.0,
  "test_value_mse": 17.995536008670477,
  "test_grad_mse": 5.251691522646542,
  "time_s": 128.69771337509155,
  "key": "trig_d20_n4096_noise0.2_s42_baseline_gp",
  "timestamp": "2026-04-07T13:00:16.608343"
}