{
  "method": "baseline_gp",
  "func_type": "trig",
  "dim": 20,
  "n_samples": 1024,
  "noise_level": 0.05,
  "seed": 789,
  "lambda": 1.0,
  "test_value_mse": 24.50304333733902,
  "test_grad_mse": 15.102615691544356,
  "time_s": 9.236325740814209,
  "key": "trig_d20_n1024_noise0.05_s789_baseline_gp",
  "timestamp": "2026-04-07T12:05:53.695173"
}