{
  "method": "dml_relobralo",
  "func_type": "trig",
  "dim": 100,
  "n_samples": 2048,
  "noise_level": 0.0,
  "seed": 789,
  "lambda": 1.0,
  "test_value_mse": 99.70922088623047,
  "test_grad_mse": 10.678750991821289,
  "best_epoch": 10,
  "time_s": 4.383487939834595,
  "n_epochs_actual": 61,
  "key": "trig_d100_n2048_noise0.0_s789_dml_relobralo",
  "timestamp": "2026-04-26T11:11:42.414066"
}