{
  "method": "baseline_gp",
  "func_type": "trig",
  "dim": 10,
  "n_samples": 4096,
  "noise_level": 0.05,
  "seed": 42,
  "lambda": 1.0,
  "test_value_mse": 6.295040414661191,
  "test_grad_mse": 3.3855897822165284,
  "time_s": 144.9526083469391,
  "key": "trig_d10_n4096_noise0.05_s42_baseline_gp",
  "timestamp": "2026-04-07T10:33:16.754712"
}