{
  "method": "baseline_rf",
  "func_type": "trig",
  "dim": 10,
  "n_samples": 256,
  "noise_level": 0.5,
  "seed": 789,
  "lambda": 1.0,
  "test_value_mse": 10.51798789129887,
  "test_grad_mse": 13.851622983664608,
  "time_s": 3.810094118118286,
  "key": "trig_d10_n256_noise0.5_s789_baseline_rf",
  "timestamp": "2026-04-07T10:05:02.612923"
}