{
  "method": "vanilla",
  "func_type": "trig",
  "dim": 20,
  "n_samples": 1024,
  "noise_level": 0.1,
  "seed": 42,
  "lambda": 1.0,
  "test_value_mse": 16.6746826171875,
  "test_grad_mse": 5.477268695831299,
  "best_epoch": 14,
  "time_s": 4.158581972122192,
  "n_epochs_actual": 65,
  "key": "trig_d20_n1024_noise0.1_s42_vanilla",
  "timestamp": "2026-04-07T12:06:40.234800"
}