{
  "method": "baseline_gp",
  "func_type": "trig",
  "dim": 20,
  "n_samples": 256,
  "noise_level": 0.2,
  "seed": 1000,
  "lambda": 1.0,
  "test_value_mse": 16.01134800280255,
  "test_grad_mse": 6.691760321832026,
  "time_s": 0.3734455108642578,
  "key": "trig_d20_n256_noise0.2_s1000_baseline_gp",
  "timestamp": "2026-04-07T11:57:50.867067"
}