{
  "method": "dml_fixed",
  "func_type": "trig",
  "dim": 5,
  "n_samples": 4096,
  "noise_level": 0.5,
  "seed": 123,
  "lambda": 1.0,
  "test_value_mse": 0.2118939906358719,
  "test_grad_mse": 0.18523964285850525,
  "best_epoch": 101,
  "time_s": 13.25835108757019,
  "n_epochs_actual": 152,
  "key": "trig_d5_n4096_noise0.5_s123_dml_fixed",
  "timestamp": "2026-04-07T09:41:04.199360"
}