{
  "method": "dml_relobralo",
  "func_type": "trig",
  "dim": 20,
  "n_samples": 256,
  "noise_level": 0.05,
  "seed": 789,
  "lambda": 1.0,
  "test_value_mse": 24.938798904418945,
  "test_grad_mse": 15.09482192993164,
  "best_epoch": 19,
  "time_s": 2.4158413410186768,
  "n_epochs_actual": 70,
  "key": "trig_d20_n256_noise0.05_s789_dml_relobralo",
  "timestamp": "2026-04-26T10:59:04.814024"
}