{
  "method": "dml_gradnorm",
  "func_type": "trig",
  "dim": 5,
  "n_samples": 4096,
  "noise_level": 0.05,
  "seed": 789,
  "lambda": 1.0,
  "test_value_mse": 0.05359341576695442,
  "test_grad_mse": 0.08176382631063461,
  "best_epoch": 399,
  "time_s": 61.084925174713135,
  "n_epochs_actual": 450,
  "key": "trig_d5_n4096_noise0.05_s789_dml_gradnorm",
  "timestamp": "2026-04-07T08:40:41.232926"
}