{
  "method": "dml_relobralo",
  "func_type": "trig",
  "dim": 5,
  "n_samples": 512,
  "noise_level": 0.0,
  "seed": 789,
  "lambda": 1.0,
  "test_value_mse": 4.406827926635742,
  "test_grad_mse": 11.499468803405762,
  "best_epoch": 7,
  "time_s": 2.4218909740448,
  "n_epochs_actual": 58,
  "key": "trig_d5_n512_noise0.0_s789_dml_relobralo",
  "timestamp": "2026-04-26T10:31:52.375852"
}