{
  "method": "dml_gradnorm",
  "func_type": "trig",
  "dim": 100,
  "n_samples": 1024,
  "noise_level": 0.05,
  "seed": 123,
  "lambda": 1.0,
  "test_value_mse": 181.7392120361328,
  "test_grad_mse": 8.380484580993652,
  "best_epoch": 180,
  "time_s": 16.301135301589966,
  "n_epochs_actual": 231,
  "key": "trig_d100_n1024_noise0.05_s123_dml_gradnorm",
  "timestamp": "2026-04-07T14:12:48.914889"
}