{
  "method": "vanilla",
  "func_type": "trig",
  "dim": 5,
  "n_samples": 512,
  "noise_level": 0.0,
  "seed": 1000,
  "lambda": 1.0,
  "test_value_mse": 2.146146535873413,
  "test_grad_mse": 2.5398130416870117,
  "best_epoch": 161,
  "time_s": 5.881039619445801,
  "n_epochs_actual": 212,
  "key": "trig_d5_n512_noise0.0_s1000_vanilla",
  "timestamp": "2026-04-07T07:57:59.301123"
}