{
  "method": "vanilla",
  "func_type": "trig",
  "dim": 10,
  "n_samples": 256,
  "noise_level": 0.2,
  "seed": 456,
  "lambda": 1.0,
  "test_value_mse": 8.267212867736816,
  "test_grad_mse": 6.468647480010986,
  "best_epoch": 18,
  "time_s": 4.574843883514404,
  "n_epochs_actual": 69,
  "key": "trig_d10_n256_noise0.2_s456_vanilla",
  "timestamp": "2026-04-07T10:02:27.657071"
}