{
  "method": "dml_relobralo",
  "func_type": "trig",
  "dim": 5,
  "n_samples": 1024,
  "noise_level": 0.2,
  "seed": 789,
  "lambda": 1.0,
  "test_value_mse": 1.0085722208023071,
  "test_grad_mse": 1.9948432445526123,
  "best_epoch": 213,
  "time_s": 9.934125423431396,
  "n_epochs_actual": 264,
  "key": "trig_d5_n1024_noise0.2_s789_dml_relobralo",
  "timestamp": "2026-04-26T10:34:54.837140"
}