{
  "method": "dml_fixed",
  "func_type": "trig",
  "dim": 50,
  "n_samples": 4096,
  "noise_level": 0.5,
  "seed": 789,
  "lambda": 1.0,
  "test_value_mse": 53.940948486328125,
  "test_grad_mse": 10.837472915649414,
  "best_epoch": 8,
  "time_s": 6.177260637283325,
  "n_epochs_actual": 59,
  "key": "trig_d50_n4096_noise0.5_s789_dml_fixed",
  "timestamp": "2026-04-07T14:00:37.398190"
}