{
  "method": "vanilla",
  "func_type": "trig",
  "dim": 50,
  "n_samples": 256,
  "noise_level": 0.2,
  "seed": 456,
  "lambda": 1.0,
  "test_value_mse": 37.829368591308594,
  "test_grad_mse": 8.416133880615234,
  "best_epoch": 13,
  "time_s": 3.9519689083099365,
  "n_epochs_actual": 64,
  "key": "trig_d50_n256_noise0.2_s456_vanilla",
  "timestamp": "2026-04-07T13:36:25.741542"
}