{
  "method": "vanilla",
  "func_type": "trig",
  "dim": 20,
  "n_samples": 512,
  "noise_level": 0.0,
  "seed": 42,
  "lambda": 1.0,
  "test_value_mse": 17.072898864746094,
  "test_grad_mse": 5.394952297210693,
  "best_epoch": 33,
  "time_s": 4.149099349975586,
  "n_epochs_actual": 84,
  "key": "trig_d20_n512_noise0.0_s42_vanilla",
  "timestamp": "2026-04-07T12:00:15.218245"
}