{
  "method": "dml_relobralo",
  "func_type": "trig",
  "dim": 20,
  "n_samples": 4096,
  "noise_level": 0.2,
  "seed": 42,
  "lambda": 1.0,
  "test_value_mse": 15.295629501342773,
  "test_grad_mse": 5.308858871459961,
  "best_epoch": 13,
  "time_s": 7.500734090805054,
  "n_epochs_actual": 64,
  "key": "trig_d20_n4096_noise0.2_s42_dml_relobralo",
  "timestamp": "2026-04-26T11:02:57.149866"
}