{
  "method": "dml_gradnorm",
  "func_type": "trig",
  "dim": 20,
  "n_samples": 1024,
  "noise_level": 0.05,
  "seed": 789,
  "lambda": 1.0,
  "test_value_mse": 24.12213706970215,
  "test_grad_mse": 15.11394214630127,
  "best_epoch": 4,
  "time_s": 5.918192386627197,
  "n_epochs_actual": 55,
  "key": "trig_d20_n1024_noise0.05_s789_dml_gradnorm",
  "timestamp": "2026-04-07T12:05:40.001985"
}