{
  "method": "dml_gradnorm",
  "func_type": "trig",
  "dim": 2,
  "n_samples": 2048,
  "noise_level": 0.0,
  "seed": 42,
  "lambda": 1.0,
  "test_value_mse": 0.002838309621438384,
  "test_grad_mse": 0.01281980611383915,
  "best_epoch": 290,
  "time_s": 22.76685929298401,
  "n_epochs_actual": 341,
  "key": "trig_d2_n2048_noise0.0_s42_dml_gradnorm",
  "timestamp": "2026-04-07T05:46:23.995883"
}