{
  "method": "dml_fixed",
  "func_type": "trig",
  "dim": 20,
  "n_samples": 256,
  "noise_level": 0.2,
  "seed": 42,
  "lambda": 1.0,
  "test_value_mse": 23.34454345703125,
  "test_grad_mse": 5.462349891662598,
  "best_epoch": 28,
  "time_s": 4.512038469314575,
  "n_epochs_actual": 79,
  "key": "trig_d20_n256_noise0.2_s42_dml_fixed",
  "timestamp": "2026-04-07T11:55:59.697404"
}