{
  "method": "dml_gradnorm",
  "func_type": "trig",
  "dim": 20,
  "n_samples": 4096,
  "noise_level": 0.5,
  "seed": 456,
  "lambda": 1.0,
  "test_value_mse": 11.454636573791504,
  "test_grad_mse": 5.6692633628845215,
  "best_epoch": 5,
  "time_s": 10.378471612930298,
  "n_epochs_actual": 56,
  "key": "trig_d20_n4096_noise0.5_s456_dml_gradnorm",
  "timestamp": "2026-04-07T13:22:53.747645"
}