{
  "method": "vanilla",
  "func_type": "trig",
  "dim": 5,
  "n_samples": 1024,
  "noise_level": 0.5,
  "seed": 42,
  "lambda": 1.0,
  "test_value_mse": 1.0742042064666748,
  "test_grad_mse": 2.6055755615234375,
  "best_epoch": 49,
  "time_s": 4.9125282764434814,
  "n_epochs_actual": 100,
  "key": "trig_d5_n1024_noise0.5_s42_vanilla",
  "timestamp": "2026-04-07T08:10:59.020295"
}