{
  "method": "dml_fixed",
  "func_type": "trig",
  "dim": 50,
  "n_samples": 4096,
  "noise_level": 0.2,
  "seed": 123,
  "lambda": 1.0,
  "test_value_mse": 40.479190826416016,
  "test_grad_mse": 6.6429572105407715,
  "best_epoch": 8,
  "time_s": 6.233062982559204,
  "n_epochs_actual": 59,
  "key": "trig_d50_n4096_noise0.2_s123_dml_fixed",
  "timestamp": "2026-04-07T13:56:38.637079"
}