{
  "method": "baseline_gp",
  "func_type": "trig",
  "dim": 5,
  "n_samples": 1024,
  "noise_level": 0.05,
  "seed": 456,
  "lambda": 1.0,
  "test_value_mse": 2.6776524442369474,
  "test_grad_mse": 5.937038332432436,
  "time_s": 12.448269844055176,
  "key": "trig_d5_n1024_noise0.05_s456_baseline_gp",
  "timestamp": "2026-04-07T08:00:57.801951"
}