{
  "method": "dml_fixed",
  "func_type": "trig",
  "dim": 2,
  "n_samples": 1024,
  "noise_level": 0.1,
  "seed": 123,
  "lambda": 1.0,
  "test_value_mse": 0.00028748519252985716,
  "test_grad_mse": 0.00016984489047899842,
  "best_epoch": 168,
  "time_s": 6.844860792160034,
  "n_epochs_actual": 219,
  "key": "trig_d2_n1024_noise0.1_s123_dml_fixed",
  "timestamp": "2026-04-07T05:30:04.563163"
}