{
  "method": "dml_fixed",
  "func_type": "trig",
  "dim": 2,
  "n_samples": 256,
  "noise_level": 0.05,
  "seed": 789,
  "lambda": 1.0,
  "test_value_mse": 0.009189545176923275,
  "test_grad_mse": 0.10829133540391922,
  "best_epoch": 319,
  "time_s": 6.572096586227417,
  "n_epochs_actual": 370,
  "key": "trig_d2_n256_noise0.05_s789_dml_fixed",
  "timestamp": "2026-04-07T05:06:38.185487"
}