{
  "method": "dml_relobralo",
  "func_type": "trig",
  "dim": 10,
  "n_samples": 4096,
  "noise_level": 0.2,
  "seed": 123,
  "lambda": 1.0,
  "test_value_mse": 2.1991336345672607,
  "test_grad_mse": 2.265779972076416,
  "best_epoch": 143,
  "time_s": 18.769089460372925,
  "n_epochs_actual": 194,
  "key": "trig_d10_n4096_noise0.2_s123_dml_relobralo",
  "timestamp": "2026-04-26T10:56:54.305526"
}