{
  "method": "dml_relobralo",
  "func_type": "trig",
  "dim": 20,
  "n_samples": 4096,
  "noise_level": 0.05,
  "seed": 42,
  "lambda": 1.0,
  "test_value_mse": 15.236968994140625,
  "test_grad_mse": 5.18311882019043,
  "best_epoch": 33,
  "time_s": 9.149347305297852,
  "n_epochs_actual": 84,
  "key": "trig_d20_n4096_noise0.05_s42_dml_relobralo",
  "timestamp": "2026-04-26T11:01:42.965846"
}