{
  "method": "dml_fixed",
  "func_type": "trig",
  "dim": 50,
  "n_samples": 1024,
  "noise_level": 0.1,
  "seed": 1000,
  "lambda": 1.0,
  "test_value_mse": 51.40598678588867,
  "test_grad_mse": 7.0554704666137695,
  "best_epoch": 17,
  "time_s": 5.375558853149414,
  "n_epochs_actual": 68,
  "key": "trig_d50_n1024_noise0.1_s1000_dml_fixed",
  "timestamp": "2026-04-07T13:43:47.081183"
}