{
  "method": "dml_fixed",
  "func_type": "trig",
  "dim": 10,
  "n_samples": 1024,
  "noise_level": 0.2,
  "seed": 789,
  "lambda": 1.0,
  "test_value_mse": 13.523980140686035,
  "test_grad_mse": 13.40597152709961,
  "best_epoch": 19,
  "time_s": 4.384640216827393,
  "n_epochs_actual": 70,
  "key": "trig_d10_n1024_noise0.2_s789_dml_fixed",
  "timestamp": "2026-04-07T10:18:27.937814"
}