{
  "method": "dml_gradnorm",
  "func_type": "trig",
  "dim": 10,
  "n_samples": 4096,
  "noise_level": 0.1,
  "seed": 456,
  "lambda": 1.0,
  "test_value_mse": 4.280002117156982,
  "test_grad_mse": 3.3432772159576416,
  "best_epoch": 101,
  "time_s": 22.11262559890747,
  "n_epochs_actual": 152,
  "key": "trig_d10_n4096_noise0.1_s456_dml_gradnorm",
  "timestamp": "2026-04-07T11:01:07.298389"
}