{
  "method": "baseline_rf",
  "func_type": "trig",
  "dim": 10,
  "n_samples": 1024,
  "noise_level": 0.1,
  "seed": 123,
  "lambda": 1.0,
  "test_value_mse": 3.055891106372012,
  "test_grad_mse": 80.02644333848096,
  "time_s": 4.124000310897827,
  "key": "trig_d10_n1024_noise0.1_s123_baseline_rf",
  "timestamp": "2026-04-07T10:13:07.707370"
}