{
  "method": "dml_gradnorm",
  "func_type": "trig",
  "dim": 10,
  "n_samples": 1024,
  "noise_level": 0.1,
  "seed": 456,
  "lambda": 1.0,
  "test_value_mse": 6.956363201141357,
  "test_grad_mse": 6.531495094299316,
  "best_epoch": 14,
  "time_s": 6.250871896743774,
  "n_epochs_actual": 65,
  "key": "trig_d10_n1024_noise0.1_s456_dml_gradnorm",
  "timestamp": "2026-04-07T10:13:23.703521"
}