{
  "method": "dml_relobralo",
  "func_type": "trig",
  "dim": 5,
  "n_samples": 4096,
  "noise_level": 0.1,
  "seed": 456,
  "lambda": 1.0,
  "test_value_mse": 0.08934881538152695,
  "test_grad_mse": 0.08794694393873215,
  "best_epoch": 491,
  "time_s": 47.13298559188843,
  "n_epochs_actual": 500,
  "key": "trig_d5_n4096_noise0.1_s456_dml_relobralo",
  "timestamp": "2026-04-26T10:43:55.933800"
}