{
  "method": "vanilla",
  "func_type": "trig",
  "dim": 50,
  "n_samples": 4096,
  "noise_level": 0.2,
  "seed": 123,
  "lambda": 1.0,
  "test_value_mse": 37.867584228515625,
  "test_grad_mse": 6.698458671569824,
  "best_epoch": 7,
  "time_s": 6.337702751159668,
  "n_epochs_actual": 58,
  "key": "trig_d50_n4096_noise0.2_s123_vanilla",
  "timestamp": "2026-04-07T13:56:32.403502"
}