{
  "method": "dml_gradnorm",
  "func_type": "trig",
  "dim": 50,
  "n_samples": 256,
  "noise_level": 0.2,
  "seed": 456,
  "lambda": 1.0,
  "test_value_mse": 37.85874938964844,
  "test_grad_mse": 8.41600227355957,
  "best_epoch": 13,
  "time_s": 4.742864608764648,
  "n_epochs_actual": 64,
  "key": "trig_d50_n256_noise0.2_s456_dml_gradnorm",
  "timestamp": "2026-04-07T13:36:34.955382"
}