{
  "method": "baseline_rf",
  "func_type": "trig",
  "dim": 2,
  "n_samples": 1024,
  "noise_level": 0.2,
  "seed": 456,
  "lambda": 1.0,
  "test_value_mse": 0.1426336954635196,
  "test_grad_mse": 5349.743307288943,
  "time_s": 1.2138986587524414,
  "key": "trig_d2_n1024_noise0.2_s456_baseline_rf",
  "timestamp": "2026-04-07T05:37:45.516276"
}