{
  "method": "dml_fixed",
  "func_type": "trig",
  "dim": 10,
  "n_samples": 1024,
  "noise_level": 0.2,
  "seed": 456,
  "lambda": 1.0,
  "test_value_mse": 7.788705825805664,
  "test_grad_mse": 6.306896686553955,
  "best_epoch": 29,
  "time_s": 5.084513187408447,
  "n_epochs_actual": 80,
  "key": "trig_d10_n1024_noise0.2_s456_dml_fixed",
  "timestamp": "2026-04-07T10:17:48.528007"
}