{
  "method": "dml_fixed",
  "func_type": "trig",
  "dim": 10,
  "n_samples": 256,
  "noise_level": 0.05,
  "seed": 1000,
  "lambda": 1.0,
  "test_value_mse": 8.908307075500488,
  "test_grad_mse": 4.786660671234131,
  "best_epoch": 21,
  "time_s": 3.9947612285614014,
  "n_epochs_actual": 72,
  "key": "trig_d10_n256_noise0.05_s1000_dml_fixed",
  "timestamp": "2026-04-07T09:59:29.558294"
}