{
  "method": "vanilla",
  "func_type": "trig",
  "dim": 10,
  "n_samples": 4096,
  "noise_level": 0.1,
  "seed": 456,
  "lambda": 1.0,
  "test_value_mse": 6.945883750915527,
  "test_grad_mse": 6.213981628417969,
  "best_epoch": 24,
  "time_s": 6.149071216583252,
  "n_epochs_actual": 75,
  "key": "trig_d10_n4096_noise0.1_s456_vanilla",
  "timestamp": "2026-04-07T11:00:27.098309"
}