{
  "method": "dml_fixed",
  "func_type": "trig",
  "dim": 100,
  "n_samples": 4096,
  "noise_level": 0.1,
  "seed": 789,
  "lambda": 1.0,
  "test_value_mse": 101.10057067871094,
  "test_grad_mse": 10.561634063720703,
  "best_epoch": 11,
  "time_s": 7.361427545547485,
  "n_epochs_actual": 62,
  "key": "trig_d100_n4096_noise0.1_s789_dml_fixed",
  "timestamp": "2026-04-07T14:29:36.840972"
}