{
  "method": "dml_fixed",
  "func_type": "trig",
  "dim": 2,
  "n_samples": 512,
  "noise_level": 0.0,
  "seed": 789,
  "lambda": 1.0,
  "test_value_mse": 0.0011774224694818258,
  "test_grad_mse": 0.023690707981586456,
  "best_epoch": 499,
  "time_s": 15.086235523223877,
  "n_epochs_actual": 500,
  "key": "trig_d2_n512_noise0.0_s789_dml_fixed",
  "timestamp": "2026-04-07T05:18:53.344207"
}