{
  "method": "dml_fixed",
  "func_type": "trig",
  "dim": 2,
  "n_samples": 256,
  "noise_level": 0.05,
  "seed": 42,
  "lambda": 1.0,
  "test_value_mse": 0.005236988887190819,
  "test_grad_mse": 0.059259627014398575,
  "best_epoch": 497,
  "time_s": 9.035805463790894,
  "n_epochs_actual": 500,
  "key": "trig_d2_n256_noise0.05_s42_dml_fixed",
  "timestamp": "2026-04-07T05:04:37.395144"
}