{
  "method": "dml_relobralo",
  "func_type": "trig",
  "dim": 5,
  "n_samples": 4096,
  "noise_level": 0.5,
  "seed": 456,
  "lambda": 1.0,
  "test_value_mse": 1.4016759395599365,
  "test_grad_mse": 3.50789737701416,
  "best_epoch": 30,
  "time_s": 8.168867111206055,
  "n_epochs_actual": 81,
  "key": "trig_d5_n4096_noise0.5_s456_dml_relobralo",
  "timestamp": "2026-04-26T10:48:33.656659"
}