{
  "method": "dml_gradnorm",
  "func_type": "trig",
  "dim": 100,
  "n_samples": 4096,
  "noise_level": 0.5,
  "seed": 42,
  "lambda": 1.0,
  "test_value_mse": 113.41118621826172,
  "test_grad_mse": 7.524930000305176,
  "best_epoch": 63,
  "time_s": 18.841734170913696,
  "n_epochs_actual": 114,
  "key": "trig_d100_n4096_noise0.5_s42_dml_gradnorm",
  "timestamp": "2026-04-07T14:34:27.552396"
}