{
  "method": "dml_gradnorm",
  "func_type": "trig",
  "dim": 100,
  "n_samples": 4096,
  "noise_level": 0.2,
  "seed": 42,
  "lambda": 1.0,
  "test_value_mse": 114.23303985595703,
  "test_grad_mse": 7.547281265258789,
  "best_epoch": 68,
  "time_s": 19.027621030807495,
  "n_epochs_actual": 119,
  "key": "trig_d100_n4096_noise0.2_s42_dml_gradnorm",
  "timestamp": "2026-04-07T14:31:13.129129"
}