{
  "method": "dml_fixed",
  "func_type": "trig",
  "dim": 50,
  "n_samples": 4096,
  "noise_level": 0.05,
  "seed": 1000,
  "lambda": 1.0,
  "test_value_mse": 47.159603118896484,
  "test_grad_mse": 7.021851539611816,
  "best_epoch": 14,
  "time_s": 6.545170545578003,
  "n_epochs_actual": 65,
  "key": "trig_d50_n4096_noise0.05_s1000_dml_fixed",
  "timestamp": "2026-04-07T13:52:29.853971"
}