{
  "method": "baseline_rf",
  "func_type": "trig",
  "dim": 2,
  "n_samples": 4096,
  "noise_level": 0.2,
  "seed": 42,
  "lambda": 1.0,
  "test_value_mse": 0.05389889272293635,
  "test_grad_mse": 3103.747609870731,
  "time_s": 1.5592617988586426,
  "key": "trig_d2_n4096_noise0.2_s42_baseline_rf",
  "timestamp": "2026-04-07T06:58:24.473874"
}