{
  "method": "dml_gradnorm",
  "func_type": "trig",
  "dim": 20,
  "n_samples": 1024,
  "noise_level": 0.05,
  "seed": 456,
  "lambda": 1.0,
  "test_value_mse": 12.061165809631348,
  "test_grad_mse": 5.711415767669678,
  "best_epoch": 10,
  "time_s": 5.966669321060181,
  "n_epochs_actual": 61,
  "key": "trig_d20_n1024_noise0.05_s456_dml_gradnorm",
  "timestamp": "2026-04-07T12:04:59.572604"
}