{
  "method": "baseline_rf",
  "func_type": "trig",
  "dim": 2,
  "n_samples": 4096,
  "noise_level": 0.2,
  "seed": 789,
  "lambda": 1.0,
  "test_value_mse": 0.07101352775533097,
  "test_grad_mse": 33855.44896188392,
  "time_s": 1.6672401428222656,
  "key": "trig_d2_n4096_noise0.2_s789_baseline_rf",
  "timestamp": "2026-04-07T07:16:35.966250"
}