{
  "method": "dml_fixed",
  "func_type": "trig",
  "dim": 10,
  "n_samples": 256,
  "noise_level": 0.5,
  "seed": 42,
  "lambda": 1.0,
  "test_value_mse": 9.506462097167969,
  "test_grad_mse": 3.4754793643951416,
  "best_epoch": 63,
  "time_s": 4.613695383071899,
  "n_epochs_actual": 114,
  "key": "trig_d10_n256_noise0.5_s42_dml_fixed",
  "timestamp": "2026-04-07T10:03:38.956071"
}