{
  "method": "baseline_krr",
  "func_type": "trig",
  "dim": 2,
  "n_samples": 4096,
  "noise_level": 0.2,
  "seed": 789,
  "lambda": 1.0,
  "test_value_mse": 0.48672714829444885,
  "test_grad_mse": 4.916387649490971,
  "time_s": 1.3454809188842773,
  "key": "trig_d2_n4096_noise0.2_s789_baseline_krr",
  "timestamp": "2026-04-07T07:16:34.298010"
}