{
  "method": "baseline_rf",
  "func_type": "trig",
  "dim": 5,
  "n_samples": 1024,
  "noise_level": 0.5,
  "seed": 123,
  "lambda": 1.0,
  "test_value_mse": 1.0903755818600556,
  "test_grad_mse": 148.2691806559532,
  "time_s": 2.0327796936035156,
  "key": "trig_d5_n1024_noise0.5_s123_baseline_rf",
  "timestamp": "2026-04-07T08:12:00.125316"
}