{
  "method": "dml_relobralo",
  "func_type": "trig",
  "dim": 50,
  "n_samples": 4096,
  "noise_level": 0.5,
  "seed": 1000,
  "lambda": 1.0,
  "test_value_mse": 49.2638053894043,
  "test_grad_mse": 7.107165336608887,
  "best_epoch": 37,
  "time_s": 10.574951171875,
  "n_epochs_actual": 88,
  "key": "trig_d50_n4096_noise0.5_s1000_dml_relobralo",
  "timestamp": "2026-04-26T11:09:10.819847"
}