{
  "method": "baseline_gp",
  "func_type": "trig",
  "dim": 20,
  "n_samples": 4096,
  "noise_level": 0.05,
  "seed": 1000,
  "lambda": 1.0,
  "test_value_mse": 20.0339827476972,
  "test_grad_mse": 6.581816896585744,
  "time_s": 112.5872871875763,
  "key": "trig_d20_n4096_noise0.05_s1000_baseline_gp",
  "timestamp": "2026-04-07T12:41:40.640027"
}