{
  "method": "dml_relobralo",
  "func_type": "trig",
  "dim": 20,
  "n_samples": 4096,
  "noise_level": 0.5,
  "seed": 123,
  "lambda": 1.0,
  "test_value_mse": 14.085650444030762,
  "test_grad_mse": 7.7145891189575195,
  "best_epoch": 8,
  "time_s": 6.41335129737854,
  "n_epochs_actual": 59,
  "key": "trig_d20_n4096_noise0.5_s123_dml_relobralo",
  "timestamp": "2026-04-26T11:03:40.344780"
}