{
  "method": "dml_relobralo",
  "func_type": "trig",
  "dim": 5,
  "n_samples": 1024,
  "noise_level": 0.2,
  "seed": 456,
  "lambda": 1.0,
  "test_value_mse": 1.3298017978668213,
  "test_grad_mse": 3.8822052478790283,
  "best_epoch": 84,
  "time_s": 4.784959554672241,
  "n_epochs_actual": 135,
  "key": "trig_d5_n1024_noise0.2_s456_dml_relobralo",
  "timestamp": "2026-04-26T10:34:44.892789"
}