{
  "method": "dml_relobralo",
  "func_type": "trig",
  "dim": 10,
  "n_samples": 256,
  "noise_level": 0.2,
  "seed": 1000,
  "lambda": 1.0,
  "test_value_mse": 9.756494522094727,
  "test_grad_mse": 4.879479885101318,
  "best_epoch": 21,
  "time_s": 2.82625675201416,
  "n_epochs_actual": 72,
  "key": "trig_d10_n256_noise0.2_s1000_dml_relobralo",
  "timestamp": "2026-04-26T10:49:43.073686"
}