{
  "method": "dml_fixed",
  "func_type": "trig",
  "dim": 50,
  "n_samples": 4096,
  "noise_level": 0.1,
  "seed": 42,
  "lambda": 1.0,
  "test_value_mse": 42.3759765625,
  "test_grad_mse": 6.595829963684082,
  "best_epoch": 14,
  "time_s": 6.627743482589722,
  "n_epochs_actual": 65,
  "key": "trig_d50_n4096_noise0.1_s42_dml_fixed",
  "timestamp": "2026-04-07T13:53:05.744447"
}