{
  "method": "dml_gradnorm",
  "func_type": "trig",
  "dim": 50,
  "n_samples": 4096,
  "noise_level": 0.2,
  "seed": 123,
  "lambda": 1.0,
  "test_value_mse": 56.43418502807617,
  "test_grad_mse": 6.838970184326172,
  "best_epoch": 55,
  "time_s": 16.505562782287598,
  "n_epochs_actual": 106,
  "key": "trig_d50_n4096_noise0.2_s123_dml_gradnorm",
  "timestamp": "2026-04-07T13:56:55.143185"
}