{
  "method": "baseline_gp",
  "func_type": "trig",
  "dim": 5,
  "n_samples": 2048,
  "noise_level": 0.0,
  "seed": 456,
  "lambda": 1.0,
  "test_value_mse": 2.4518229213728793,
  "test_grad_mse": 5.09671566345463,
  "time_s": 41.3600549697876,
  "key": "trig_d5_n2048_noise0.0_s456_baseline_gp",
  "timestamp": "2026-04-07T08:19:56.898965"
}