{
  "method": "baseline_krr",
  "func_type": "trig",
  "dim": 2,
  "n_samples": 1024,
  "noise_level": 0.5,
  "seed": 123,
  "lambda": 1.0,
  "test_value_mse": 0.0006618116749450564,
  "test_grad_mse": 0.0033341879196706467,
  "time_s": 0.1264333724975586,
  "key": "trig_d2_n1024_noise0.5_s123_baseline_krr",
  "timestamp": "2026-04-07T05:41:33.589651"
}