{
  "method": "dml_fixed",
  "func_type": "trig",
  "dim": 20,
  "n_samples": 512,
  "noise_level": 0.0,
  "seed": 456,
  "lambda": 1.0,
  "test_value_mse": 12.444708824157715,
  "test_grad_mse": 5.6407151222229,
  "best_epoch": 38,
  "time_s": 5.416522741317749,
  "n_epochs_actual": 89,
  "key": "trig_d20_n512_noise0.0_s456_dml_fixed",
  "timestamp": "2026-04-07T12:01:46.537219"
}