{
  "method": "baseline_krr",
  "func_type": "trig",
  "dim": 5,
  "n_samples": 1024,
  "noise_level": 0.1,
  "seed": 1000,
  "lambda": 1.0,
  "test_value_mse": 2.498887062072754,
  "test_grad_mse": 2.3616566352899,
  "time_s": 0.13831758499145508,
  "key": "trig_d5_n1024_noise0.1_s1000_baseline_krr",
  "timestamp": "2026-04-07T08:07:05.696788"
}