{
  "method": "baseline_rf",
  "func_type": "trig",
  "dim": 5,
  "n_samples": 256,
  "noise_level": 0.1,
  "seed": 456,
  "lambda": 1.0,
  "test_value_mse": 3.3546776192222314,
  "test_grad_mse": 6.189890719837922,
  "time_s": 2.1690375804901123,
  "key": "trig_d5_n256_noise0.1_s456_baseline_rf",
  "timestamp": "2026-04-07T07:51:44.804059"
}