{
  "method": "baseline_rf",
  "func_type": "trig",
  "dim": 20,
  "n_samples": 1024,
  "noise_level": 0.5,
  "seed": 456,
  "lambda": 1.0,
  "test_value_mse": 9.838752085714129,
  "test_grad_mse": 514.8563970619326,
  "time_s": 7.794956684112549,
  "key": "trig_d20_n1024_noise0.5_s456_baseline_rf",
  "timestamp": "2026-04-07T12:17:42.146923"
}