{
  "method": "baseline_gp",
  "func_type": "trig",
  "dim": 5,
  "n_samples": 4096,
  "noise_level": 0.05,
  "seed": 456,
  "lambda": 1.0,
  "test_value_mse": 1.8248994343283187,
  "test_grad_mse": 4.536580489102326,
  "time_s": 182.25519847869873,
  "key": "trig_d5_n4096_noise0.05_s456_baseline_gp",
  "timestamp": "2026-04-07T08:38:51.438894"
}