{
  "method": "dml_fixed",
  "func_type": "trig",
  "dim": 5,
  "n_samples": 1024,
  "noise_level": 0.05,
  "seed": 1000,
  "lambda": 1.0,
  "test_value_mse": 0.01050599291920662,
  "test_grad_mse": 0.019032666459679604,
  "best_epoch": 384,
  "time_s": 12.331101417541504,
  "n_epochs_actual": 435,
  "key": "trig_d5_n1024_noise0.05_s1000_dml_fixed",
  "timestamp": "2026-04-07T08:02:08.486787"
}