{
  "method": "dml_gradnorm",
  "func_type": "trig",
  "dim": 20,
  "n_samples": 256,
  "noise_level": 0.5,
  "seed": 789,
  "lambda": 1.0,
  "test_value_mse": 26.53232765197754,
  "test_grad_mse": 15.093748092651367,
  "best_epoch": 3,
  "time_s": 4.231886625289917,
  "n_epochs_actual": 54,
  "key": "trig_d20_n256_noise0.5_s789_dml_gradnorm",
  "timestamp": "2026-04-07T11:59:26.747313"
}