{
  "method": "vanilla",
  "func_type": "trig",
  "dim": 100,
  "n_samples": 256,
  "noise_level": 0.05,
  "seed": 789,
  "lambda": 1.0,
  "test_value_mse": 94.13610076904297,
  "test_grad_mse": 10.5489501953125,
  "best_epoch": 19,
  "time_s": 3.267864465713501,
  "n_epochs_actual": 70,
  "key": "trig_d100_n256_noise0.05_s789_vanilla",
  "timestamp": "2026-04-07T14:03:02.854597"
}