{
  "method": "dml_gradnorm",
  "func_type": "trig",
  "dim": 50,
  "n_samples": 256,
  "noise_level": 0.05,
  "seed": 1000,
  "lambda": 1.0,
  "test_value_mse": 43.371700286865234,
  "test_grad_mse": 7.260954856872559,
  "best_epoch": 16,
  "time_s": 4.863808870315552,
  "n_epochs_actual": 67,
  "key": "trig_d50_n256_noise0.05_s1000_dml_gradnorm",
  "timestamp": "2026-04-07T13:34:10.474249"
}