{
  "method": "dml_relobralo",
  "func_type": "trig",
  "dim": 10,
  "n_samples": 2048,
  "noise_level": 0.0,
  "seed": 456,
  "lambda": 1.0,
  "test_value_mse": 6.183239936828613,
  "test_grad_mse": 5.579683303833008,
  "best_epoch": 66,
  "time_s": 5.786853551864624,
  "n_epochs_actual": 117,
  "key": "trig_d10_n2048_noise0.0_s456_dml_relobralo",
  "timestamp": "2026-04-26T10:52:19.083798"
}