{
  "method": "baseline_krr",
  "func_type": "trig",
  "dim": 10,
  "n_samples": 256,
  "noise_level": 0.2,
  "seed": 42,
  "lambda": 1.0,
  "test_value_mse": 6.633321285247803,
  "test_grad_mse": 3.575764609892445,
  "time_s": 0.011237859725952148,
  "key": "trig_d10_n256_noise0.2_s42_baseline_krr",
  "timestamp": "2026-04-07T10:01:53.890970"
}