{
  "method": "dml_relobralo",
  "func_type": "trig",
  "dim": 20,
  "n_samples": 2048,
  "noise_level": 0.0,
  "seed": 1000,
  "lambda": 1.0,
  "test_value_mse": 17.792673110961914,
  "test_grad_mse": 6.534061431884766,
  "best_epoch": 8,
  "time_s": 4.176556348800659,
  "n_epochs_actual": 59,
  "key": "trig_d20_n2048_noise0.0_s1000_dml_relobralo",
  "timestamp": "2026-04-26T11:01:33.717275"
}