{
  "method": "dml_gradnorm",
  "func_type": "trig",
  "dim": 100,
  "n_samples": 4096,
  "noise_level": 0.05,
  "seed": 456,
  "lambda": 1.0,
  "test_value_mse": 118.82744598388672,
  "test_grad_mse": 8.078047752380371,
  "best_epoch": 65,
  "time_s": 20.240596771240234,
  "n_epochs_actual": 116,
  "key": "trig_d100_n4096_noise0.05_s456_dml_gradnorm",
  "timestamp": "2026-04-07T14:26:01.674052"
}