{
  "method": "dml_gradnorm",
  "func_type": "trig",
  "dim": 10,
  "n_samples": 256,
  "noise_level": 0.05,
  "seed": 123,
  "lambda": 1.0,
  "test_value_mse": 5.2998576164245605,
  "test_grad_mse": 4.738945484161377,
  "best_epoch": 16,
  "time_s": 4.208245515823364,
  "n_epochs_actual": 67,
  "key": "trig_d10_n256_noise0.05_s123_dml_gradnorm",
  "timestamp": "2026-04-07T09:58:28.385645"
}