{
  "method": "dml_gradnorm",
  "func_type": "trig",
  "dim": 2,
  "n_samples": 4096,
  "noise_level": 0.05,
  "seed": 456,
  "lambda": 1.0,
  "test_value_mse": 0.002278063213452697,
  "test_grad_mse": 0.011145149357616901,
  "best_epoch": 168,
  "time_s": 29.633496046066284,
  "n_epochs_actual": 219,
  "key": "trig_d2_n4096_noise0.05_s456_dml_gradnorm",
  "timestamp": "2026-04-07T06:08:13.666758"
}