{
  "method": "baseline_krr",
  "func_type": "trig",
  "dim": 5,
  "n_samples": 256,
  "noise_level": 0.05,
  "seed": 789,
  "lambda": 1.0,
  "test_value_mse": 4.908580303192139,
  "test_grad_mse": 11.439003619440252,
  "time_s": 0.0065822601318359375,
  "key": "trig_d5_n256_noise0.05_s789_baseline_krr",
  "timestamp": "2026-04-07T07:50:08.669657"
}