{
  "method": "dml_gradnorm",
  "func_type": "trig",
  "dim": 5,
  "n_samples": 4096,
  "noise_level": 0.05,
  "seed": 1000,
  "lambda": 1.0,
  "test_value_mse": 0.0030299872159957886,
  "test_grad_mse": 0.006525896489620209,
  "best_epoch": 189,
  "time_s": 37.18347191810608,
  "n_epochs_actual": 240,
  "key": "trig_d5_n4096_noise0.05_s1000_dml_gradnorm",
  "timestamp": "2026-04-07T08:45:39.683284"
}