{
  "method": "baseline_krr",
  "func_type": "trig",
  "dim": 10,
  "n_samples": 512,
  "noise_level": 0.0,
  "seed": 42,
  "lambda": 1.0,
  "test_value_mse": 6.356283664703369,
  "test_grad_mse": 3.5905406309016454,
  "time_s": 0.05989956855773926,
  "key": "trig_d10_n512_noise0.0_s42_baseline_krr",
  "timestamp": "2026-04-07T10:05:42.649138"
}