{
  "method": "baseline_krr",
  "func_type": "trig",
  "dim": 2,
  "n_samples": 2048,
  "noise_level": 0.0,
  "seed": 123,
  "lambda": 1.0,
  "test_value_mse": 0.00024661023053340614,
  "test_grad_mse": 0.002214643764287863,
  "time_s": 0.19397592544555664,
  "key": "trig_d2_n2048_noise0.0_s123_baseline_krr",
  "timestamp": "2026-04-07T05:50:11.871852"
}