{
  "method": "baseline_krr",
  "func_type": "trig",
  "dim": 2,
  "n_samples": 256,
  "noise_level": 0.1,
  "seed": 789,
  "lambda": 1.0,
  "test_value_mse": 1.8712220191955566,
  "test_grad_mse": 9.625785472496593,
  "time_s": 0.004263401031494141,
  "key": "trig_d2_n256_noise0.1_s789_baseline_krr",
  "timestamp": "2026-04-07T05:09:55.838621"
}