{
  "method": "dml_gradnorm",
  "func_type": "trig",
  "dim": 20,
  "n_samples": 1024,
  "noise_level": 0.2,
  "seed": 1000,
  "lambda": 1.0,
  "test_value_mse": 18.05291175842285,
  "test_grad_mse": 6.508818626403809,
  "best_epoch": 19,
  "time_s": 6.402477025985718,
  "n_epochs_actual": 70,
  "key": "trig_d20_n1024_noise0.2_s1000_dml_gradnorm",
  "timestamp": "2026-04-07T12:14:36.576923"
}