{
  "method": "dml_gradnorm",
  "func_type": "trig",
  "dim": 2,
  "n_samples": 1024,
  "noise_level": 0.5,
  "seed": 123,
  "lambda": 1.0,
  "test_value_mse": 0.003281698329374194,
  "test_grad_mse": 0.0030183878261595964,
  "best_epoch": 61,
  "time_s": 8.639034986495972,
  "n_epochs_actual": 112,
  "key": "trig_d2_n1024_noise0.5_s123_dml_gradnorm",
  "timestamp": "2026-04-07T05:41:05.477595"
}