{
  "method": "baseline_krr",
  "func_type": "trig",
  "dim": 10,
  "n_samples": 2048,
  "noise_level": 0.0,
  "seed": 456,
  "lambda": 1.0,
  "test_value_mse": 7.301633358001709,
  "test_grad_mse": 6.534047894225669,
  "time_s": 0.5037016868591309,
  "key": "trig_d10_n2048_noise0.0_s456_baseline_krr",
  "timestamp": "2026-04-07T10:27:08.701440"
}