{
  "method": "vanilla",
  "func_type": "trig",
  "dim": 20,
  "n_samples": 4096,
  "noise_level": 0.05,
  "seed": 42,
  "lambda": 1.0,
  "test_value_mse": 15.398399353027344,
  "test_grad_mse": 5.3326311111450195,
  "best_epoch": 9,
  "time_s": 5.383410930633545,
  "n_epochs_actual": 60,
  "key": "trig_d20_n4096_noise0.05_s42_vanilla",
  "timestamp": "2026-04-07T12:24:14.081137"
}