{
  "method": "dml_gradnorm",
  "func_type": "trig",
  "dim": 20,
  "n_samples": 256,
  "noise_level": 0.2,
  "seed": 456,
  "lambda": 1.0,
  "test_value_mse": 18.604822158813477,
  "test_grad_mse": 5.656585693359375,
  "best_epoch": 43,
  "time_s": 5.259305715560913,
  "n_epochs_actual": 94,
  "key": "trig_d20_n256_noise0.2_s456_dml_gradnorm",
  "timestamp": "2026-04-07T11:56:56.335162"
}