{
  "method": "dml_relobralo",
  "func_type": "trig",
  "dim": 20,
  "n_samples": 256,
  "noise_level": 0.1,
  "seed": 42,
  "lambda": 1.0,
  "test_value_mse": 22.976367950439453,
  "test_grad_mse": 5.513073921203613,
  "best_epoch": 31,
  "time_s": 2.769740104675293,
  "n_epochs_actual": 82,
  "key": "trig_d20_n256_noise0.1_s42_dml_relobralo",
  "timestamp": "2026-04-26T10:59:10.604855"
}