{
  "method": "dml_gradnorm",
  "func_type": "trig",
  "dim": 5,
  "n_samples": 512,
  "noise_level": 0.0,
  "seed": 789,
  "lambda": 1.0,
  "test_value_mse": 4.165693283081055,
  "test_grad_mse": 11.439791679382324,
  "best_epoch": 13,
  "time_s": 4.215672969818115,
  "n_epochs_actual": 64,
  "key": "trig_d5_n512_noise0.0_s789_dml_gradnorm",
  "timestamp": "2026-04-07T07:57:45.399517"
}