{
  "method": "vanilla",
  "func_type": "trig",
  "dim": 50,
  "n_samples": 2048,
  "noise_level": 0.0,
  "seed": 42,
  "lambda": 1.0,
  "test_value_mse": 43.674407958984375,
  "test_grad_mse": 6.703888893127441,
  "best_epoch": 11,
  "time_s": 5.033766508102417,
  "n_epochs_actual": 62,
  "key": "trig_d50_n2048_noise0.0_s42_vanilla",
  "timestamp": "2026-04-07T13:47:51.741507"
}