{
  "method": "dml_fixed",
  "func_type": "trig",
  "dim": 10,
  "n_samples": 2048,
  "noise_level": 0.0,
  "seed": 123,
  "lambda": 1.0,
  "test_value_mse": 6.03261137008667,
  "test_grad_mse": 4.038876533508301,
  "best_epoch": 52,
  "time_s": 6.14348578453064,
  "n_epochs_actual": 103,
  "key": "trig_d10_n2048_noise0.0_s123_dml_fixed",
  "timestamp": "2026-04-07T10:24:46.004510"
}