{
  "method": "dml_fixed",
  "func_type": "trig",
  "dim": 5,
  "n_samples": 4096,
  "noise_level": 0.2,
  "seed": 456,
  "lambda": 1.0,
  "test_value_mse": 0.15458224713802338,
  "test_grad_mse": 0.2542547285556793,
  "best_epoch": 257,
  "time_s": 23.346752882003784,
  "n_epochs_actual": 308,
  "key": "trig_d5_n4096_noise0.2_s456_dml_fixed",
  "timestamp": "2026-04-07T09:22:25.781119"
}