{
  "method": "baseline_rf",
  "func_type": "trig",
  "dim": 2,
  "n_samples": 4096,
  "noise_level": 0.5,
  "seed": 42,
  "lambda": 1.0,
  "test_value_mse": 0.05389889272293635,
  "test_grad_mse": 3103.7476098707316,
  "time_s": 1.683185338973999,
  "key": "trig_d2_n4096_noise0.5_s42_baseline_rf",
  "timestamp": "2026-04-07T07:26:31.733659"
}