{
  "method": "baseline_rf",
  "func_type": "trig",
  "dim": 2,
  "n_samples": 512,
  "noise_level": 0.0,
  "seed": 456,
  "lambda": 1.0,
  "test_value_mse": 0.18742085673130518,
  "test_grad_mse": 46.72371073026713,
  "time_s": 0.4690120220184326,
  "key": "trig_d2_n512_noise0.0_s456_baseline_rf",
  "timestamp": "2026-04-07T05:18:27.638707"
}