{
  "method": "dml_gradnorm",
  "func_type": "trig",
  "dim": 50,
  "n_samples": 4096,
  "noise_level": 0.05,
  "seed": 456,
  "lambda": 1.0,
  "test_value_mse": 51.60127258300781,
  "test_grad_mse": 8.249823570251465,
  "best_epoch": 49,
  "time_s": 15.2091703414917,
  "n_epochs_actual": 100,
  "key": "trig_d50_n4096_noise0.05_s456_dml_gradnorm",
  "timestamp": "2026-04-07T13:51:36.313234"
}