{
  "method": "vanilla",
  "func_type": "trig",
  "dim": 20,
  "n_samples": 4096,
  "noise_level": 0.2,
  "seed": 1000,
  "lambda": 1.0,
  "test_value_mse": 17.155916213989258,
  "test_grad_mse": 6.6244635581970215,
  "best_epoch": 11,
  "time_s": 5.56022047996521,
  "n_epochs_actual": 62,
  "key": "trig_d20_n4096_noise0.2_s1000_vanilla",
  "timestamp": "2026-04-07T13:12:13.460229"
}