{
  "method": "dml_relobralo",
  "func_type": "trig",
  "dim": 50,
  "n_samples": 2048,
  "noise_level": 0.0,
  "seed": 456,
  "lambda": 1.0,
  "test_value_mse": 40.331764221191406,
  "test_grad_mse": 8.106733322143555,
  "best_epoch": 5,
  "time_s": 3.5330655574798584,
  "n_epochs_actual": 56,
  "key": "trig_d50_n2048_noise0.0_s456_dml_relobralo",
  "timestamp": "2026-04-26T11:06:29.708254"
}