{
  "method": "dml_relobralo",
  "func_type": "trig",
  "dim": 100,
  "n_samples": 1024,
  "noise_level": 0.1,
  "seed": 789,
  "lambda": 1.0,
  "test_value_mse": 97.58606719970703,
  "test_grad_mse": 10.67192268371582,
  "best_epoch": 16,
  "time_s": 3.3201706409454346,
  "n_epochs_actual": 67,
  "key": "trig_d100_n1024_noise0.1_s789_dml_relobralo",
  "timestamp": "2026-04-26T11:10:48.059409"
}