{
  "method": "baseline_gp",
  "func_type": "trig",
  "dim": 20,
  "n_samples": 1024,
  "noise_level": 0.1,
  "seed": 42,
  "lambda": 1.0,
  "test_value_mse": 19.579580165299806,
  "test_grad_mse": 5.458230757648801,
  "time_s": 11.353331327438354,
  "key": "trig_d20_n1024_noise0.1_s42_baseline_gp",
  "timestamp": "2026-04-07T12:07:08.467181"
}