{
  "method": "baseline_krr",
  "func_type": "trig",
  "dim": 20,
  "n_samples": 256,
  "noise_level": 0.1,
  "seed": 42,
  "lambda": 1.0,
  "test_value_mse": 20.834461212158203,
  "test_grad_mse": 5.424297487340639,
  "time_s": 0.033531904220581055,
  "key": "trig_d20_n256_noise0.1_s42_baseline_krr",
  "timestamp": "2026-04-07T11:54:06.817829"
}