{
  "method": "baseline_rf",
  "func_type": "trig",
  "dim": 10,
  "n_samples": 256,
  "noise_level": 0.2,
  "seed": 123,
  "lambda": 1.0,
  "test_value_mse": 3.6398880976204846,
  "test_grad_mse": 1788.2674147405273,
  "time_s": 1.3924858570098877,
  "key": "trig_d10_n256_noise0.2_s123_baseline_rf",
  "timestamp": "2026-04-07T10:02:23.070421"
}