{
  "method": "dml_fixed",
  "func_type": "trig",
  "dim": 2,
  "n_samples": 2048,
  "noise_level": 0.0,
  "seed": 1000,
  "lambda": 1.0,
  "test_value_mse": 7.445853952958714e-06,
  "test_grad_mse": 0.00013338326243683696,
  "best_epoch": 496,
  "time_s": 16.473873138427734,
  "n_epochs_actual": 500,
  "key": "trig_d2_n2048_noise0.0_s1000_dml_fixed",
  "timestamp": "2026-04-07T05:55:01.724756"
}