{
  "method": "dml_relobralo",
  "func_type": "trig",
  "dim": 5,
  "n_samples": 4096,
  "noise_level": 0.05,
  "seed": 42,
  "lambda": 1.0,
  "test_value_mse": 0.002691445639356971,
  "test_grad_mse": 0.007767010014504194,
  "best_epoch": 493,
  "time_s": 49.759703397750854,
  "n_epochs_actual": 500,
  "key": "trig_d5_n4096_noise0.05_s42_dml_relobralo",
  "timestamp": "2026-04-26T10:38:43.518100"
}