{
  "method": "baseline_gp",
  "func_type": "trig",
  "dim": 10,
  "n_samples": 4096,
  "noise_level": 0.5,
  "seed": 123,
  "lambda": 1.0,
  "test_value_mse": 4.314947010186109,
  "test_grad_mse": 4.329719356128407,
  "time_s": 204.3263988494873,
  "key": "trig_d10_n4096_noise0.5_s123_baseline_gp",
  "timestamp": "2026-04-07T11:39:33.027546"
}