{
  "method": "dml_relobralo",
  "func_type": "trig",
  "dim": 5,
  "n_samples": 4096,
  "noise_level": 0.5,
  "seed": 123,
  "lambda": 1.0,
  "test_value_mse": 0.10772036015987396,
  "test_grad_mse": 0.16009387373924255,
  "best_epoch": 117,
  "time_s": 18.9324152469635,
  "n_epochs_actual": 168,
  "key": "trig_d5_n4096_noise0.5_s123_dml_relobralo",
  "timestamp": "2026-04-26T10:48:25.476771"
}