{
  "method": "dml_gradnorm",
  "func_type": "trig",
  "dim": 50,
  "n_samples": 1024,
  "noise_level": 0.1,
  "seed": 1000,
  "lambda": 1.0,
  "test_value_mse": 68.9266128540039,
  "test_grad_mse": 7.263705730438232,
  "best_epoch": 134,
  "time_s": 13.26374340057373,
  "n_epochs_actual": 185,
  "key": "trig_d50_n1024_noise0.1_s1000_dml_gradnorm",
  "timestamp": "2026-04-07T13:44:00.345457"
}