{
  "method": "dml_gradnorm",
  "func_type": "trig",
  "dim": 20,
  "n_samples": 1024,
  "noise_level": 0.5,
  "seed": 789,
  "lambda": 1.0,
  "test_value_mse": 24.073814392089844,
  "test_grad_mse": 15.114031791687012,
  "best_epoch": 4,
  "time_s": 5.896559238433838,
  "n_epochs_actual": 55,
  "key": "trig_d20_n1024_noise0.5_s789_dml_gradnorm",
  "timestamp": "2026-04-07T12:17:57.402957"
}