{
  "method": "baseline_rf",
  "func_type": "trig",
  "dim": 10,
  "n_samples": 256,
  "noise_level": 0.1,
  "seed": 123,
  "lambda": 1.0,
  "test_value_mse": 3.639888097620485,
  "test_grad_mse": 1788.2674147404807,
  "time_s": 3.763650894165039,
  "key": "trig_d10_n256_noise0.1_s123_baseline_rf",
  "timestamp": "2026-04-07T10:00:24.805957"
}