{
  "method": "dml_relobralo",
  "func_type": "trig",
  "dim": 100,
  "n_samples": 4096,
  "noise_level": 0.1,
  "seed": 123,
  "lambda": 1.0,
  "test_value_mse": 83.10309600830078,
  "test_grad_mse": 7.947505950927734,
  "best_epoch": 12,
  "time_s": 6.474340915679932,
  "n_epochs_actual": 63,
  "key": "trig_d100_n4096_noise0.1_s123_dml_relobralo",
  "timestamp": "2026-04-26T11:12:36.280753"
}