{
  "method": "baseline_krr",
  "func_type": "trig",
  "dim": 20,
  "n_samples": 2048,
  "noise_level": 0.0,
  "seed": 789,
  "lambda": 1.0,
  "test_value_mse": 22.61249351501465,
  "test_grad_mse": 14.81237047161,
  "time_s": 0.460216760635376,
  "key": "trig_d20_n2048_noise0.0_s789_baseline_krr",
  "timestamp": "2026-04-07T12:22:59.107688"
}