{
  "method": "dml_gradnorm",
  "func_type": "trig",
  "dim": 100,
  "n_samples": 256,
  "noise_level": 0.1,
  "seed": 42,
  "lambda": 1.0,
  "test_value_mse": 198.54737854003906,
  "test_grad_mse": 7.776736259460449,
  "best_epoch": 255,
  "time_s": 17.32008957862854,
  "n_epochs_actual": 306,
  "key": "trig_d100_n256_noise0.1_s42_dml_gradnorm",
  "timestamp": "2026-04-07T14:04:10.174175"
}