{
  "method": "dml_fixed",
  "func_type": "trig",
  "dim": 50,
  "n_samples": 256,
  "noise_level": 0.1,
  "seed": 42,
  "lambda": 1.0,
  "test_value_mse": 33.45639419555664,
  "test_grad_mse": 6.578437328338623,
  "best_epoch": 28,
  "time_s": 4.6051459312438965,
  "n_epochs_actual": 79,
  "key": "trig_d50_n256_noise0.1_s42_dml_fixed",
  "timestamp": "2026-04-07T13:34:22.735966"
}