{
  "method": "dml_fixed",
  "func_type": "trig",
  "dim": 5,
  "n_samples": 1024,
  "noise_level": 0.5,
  "seed": 789,
  "lambda": 1.0,
  "test_value_mse": 3.4836373329162598,
  "test_grad_mse": 4.007930278778076,
  "best_epoch": 124,
  "time_s": 6.352496385574341,
  "n_epochs_actual": 175,
  "key": "trig_d5_n1024_noise0.5_s789_dml_fixed",
  "timestamp": "2026-04-07T08:12:45.411499"
}