{
  "method": "dml_fixed",
  "func_type": "trig",
  "dim": 100,
  "n_samples": 1024,
  "noise_level": 0.2,
  "seed": 1000,
  "lambda": 1.0,
  "test_value_mse": 109.65361022949219,
  "test_grad_mse": 7.373892307281494,
  "best_epoch": 22,
  "time_s": 5.172834157943726,
  "n_epochs_actual": 73,
  "key": "trig_d100_n1024_noise0.2_s1000_dml_fixed",
  "timestamp": "2026-04-07T14:18:51.585753"
}