{
  "method": "dml_relobralo",
  "func_type": "trig",
  "dim": 5,
  "n_samples": 256,
  "noise_level": 0.1,
  "seed": 456,
  "lambda": 1.0,
  "test_value_mse": 4.641058921813965,
  "test_grad_mse": 5.756202697753906,
  "best_epoch": 90,
  "time_s": 3.929436445236206,
  "n_epochs_actual": 141,
  "key": "trig_d5_n256_noise0.1_s456_dml_relobralo",
  "timestamp": "2026-04-26T10:30:56.883068"
}