{
  "method": "vanilla",
  "func_type": "trig",
  "dim": 10,
  "n_samples": 256,
  "noise_level": 0.2,
  "seed": 1000,
  "lambda": 1.0,
  "test_value_mse": 8.623602867126465,
  "test_grad_mse": 4.954925537109375,
  "best_epoch": 24,
  "time_s": 4.218576192855835,
  "n_epochs_actual": 75,
  "key": "trig_d10_n256_noise0.2_s1000_vanilla",
  "timestamp": "2026-04-07T10:03:12.215943"
}