{
  "method": "dml_fixed",
  "func_type": "trig",
  "dim": 2,
  "n_samples": 256,
  "noise_level": 0.5,
  "seed": 1000,
  "lambda": 1.0,
  "test_value_mse": 0.15248416364192963,
  "test_grad_mse": 0.3484058082103729,
  "best_epoch": 143,
  "time_s": 5.73231840133667,
  "n_epochs_actual": 194,
  "key": "trig_d2_n256_noise0.5_s1000_dml_fixed",
  "timestamp": "2026-04-07T05:15:17.122421"
}