{
  "method": "vanilla",
  "func_type": "trig",
  "dim": 2,
  "n_samples": 512,
  "noise_level": 0.0,
  "seed": 123,
  "lambda": 1.0,
  "test_value_mse": 0.00036163971526548266,
  "test_grad_mse": 0.004385002423077822,
  "best_epoch": 499,
  "time_s": 12.04529356956482,
  "n_epochs_actual": 500,
  "key": "trig_d2_n512_noise0.0_s123_vanilla",
  "timestamp": "2026-04-07T05:16:30.579869"
}