{
  "method": "dml_relobralo",
  "func_type": "trig",
  "dim": 100,
  "n_samples": 2048,
  "noise_level": 0.0,
  "seed": 1000,
  "lambda": 1.0,
  "test_value_mse": 101.49344635009766,
  "test_grad_mse": 7.434440612792969,
  "best_epoch": 4,
  "time_s": 4.055539131164551,
  "n_epochs_actual": 55,
  "key": "trig_d100_n2048_noise0.0_s1000_dml_relobralo",
  "timestamp": "2026-04-26T11:11:46.483012"
}