{
  "method": "dml_relobralo",
  "func_type": "trig",
  "dim": 2,
  "n_samples": 4096,
  "noise_level": 0.2,
  "seed": 789,
  "lambda": 1.0,
  "test_value_mse": 0.03973519057035446,
  "test_grad_mse": 0.10570500791072845,
  "best_epoch": 99,
  "time_s": 15.616856813430786,
  "n_epochs_actual": 150,
  "key": "trig_d2_n4096_noise0.2_s789_dml_relobralo",
  "timestamp": "2026-04-26T10:28:20.545731"
}