{
  "method": "dml_fixed",
  "func_type": "trig",
  "dim": 2,
  "n_samples": 256,
  "noise_level": 0.2,
  "seed": 42,
  "lambda": 1.0,
  "test_value_mse": 0.027457255870103836,
  "test_grad_mse": 0.15550269186496735,
  "best_epoch": 218,
  "time_s": 6.045478582382202,
  "n_epochs_actual": 269,
  "key": "trig_d2_n256_noise0.2_s42_dml_fixed",
  "timestamp": "2026-04-07T05:10:50.175158"
}