{
  "method": "baseline_krr",
  "func_type": "trig",
  "dim": 5,
  "n_samples": 256,
  "noise_level": 0.1,
  "seed": 456,
  "lambda": 1.0,
  "test_value_mse": 4.81934928894043,
  "test_grad_mse": 5.88340480268586,
  "time_s": 0.006648540496826172,
  "key": "trig_d5_n256_noise0.1_s456_baseline_krr",
  "timestamp": "2026-04-07T07:51:42.634806"
}