{
  "method": "dml_gradnorm",
  "func_type": "trig",
  "dim": 50,
  "n_samples": 1024,
  "noise_level": 0.2,
  "seed": 42,
  "lambda": 1.0,
  "test_value_mse": 39.64630126953125,
  "test_grad_mse": 6.77293062210083,
  "best_epoch": 17,
  "time_s": 6.377988338470459,
  "n_epochs_actual": 68,
  "key": "trig_d50_n1024_noise0.2_s42_dml_gradnorm",
  "timestamp": "2026-04-07T13:44:22.034219"
}