{
  "method": "vanilla",
  "func_type": "trig",
  "dim": 2,
  "n_samples": 1024,
  "noise_level": 0.2,
  "seed": 42,
  "lambda": 1.0,
  "test_value_mse": 0.005813253112137318,
  "test_grad_mse": 0.12058530747890472,
  "best_epoch": 489,
  "time_s": 10.281525373458862,
  "n_epochs_actual": 500,
  "key": "trig_d2_n1024_noise0.2_s42_vanilla",
  "timestamp": "2026-04-07T05:34:29.704804"
}