{
  "method": "dml_relobralo",
  "func_type": "trig",
  "dim": 2,
  "n_samples": 1024,
  "noise_level": 0.5,
  "seed": 456,
  "lambda": 1.0,
  "test_value_mse": 0.1658247411251068,
  "test_grad_mse": 0.7310749292373657,
  "best_epoch": 108,
  "time_s": 6.060820579528809,
  "n_epochs_actual": 159,
  "key": "trig_d2_n1024_noise0.5_s456_dml_relobralo",
  "timestamp": "2026-04-26T10:18:39.942934"
}