{
  "method": "dml_relobralo",
  "func_type": "trig",
  "dim": 5,
  "n_samples": 4096,
  "noise_level": 0.2,
  "seed": 456,
  "lambda": 1.0,
  "test_value_mse": 0.13636989891529083,
  "test_grad_mse": 0.24351342022418976,
  "best_epoch": 410,
  "time_s": 39.74176526069641,
  "n_epochs_actual": 461,
  "key": "trig_d5_n4096_noise0.2_s456_dml_relobralo",
  "timestamp": "2026-04-26T10:47:00.621032"
}