{
  "method": "dml_relobralo",
  "func_type": "trig",
  "dim": 20,
  "n_samples": 4096,
  "noise_level": 0.1,
  "seed": 123,
  "lambda": 1.0,
  "test_value_mse": 14.251373291015625,
  "test_grad_mse": 7.717927932739258,
  "best_epoch": 13,
  "time_s": 8.176156759262085,
  "n_epochs_actual": 64,
  "key": "trig_d20_n4096_noise0.1_s123_dml_relobralo",
  "timestamp": "2026-04-26T11:02:29.142584"
}