{
  "method": "dml_fixed",
  "func_type": "trig",
  "dim": 10,
  "n_samples": 1024,
  "noise_level": 0.1,
  "seed": 456,
  "lambda": 1.0,
  "test_value_mse": 7.952353477478027,
  "test_grad_mse": 6.3074798583984375,
  "best_epoch": 29,
  "time_s": 5.012175559997559,
  "n_epochs_actual": 80,
  "key": "trig_d10_n1024_noise0.1_s456_dml_fixed",
  "timestamp": "2026-04-07T10:13:17.452009"
}