{
  "method": "dml_relobralo",
  "func_type": "trig",
  "dim": 5,
  "n_samples": 4096,
  "noise_level": 0.05,
  "seed": 123,
  "lambda": 1.0,
  "test_value_mse": 0.0025768205523490906,
  "test_grad_mse": 0.008880702778697014,
  "best_epoch": 499,
  "time_s": 39.48566174507141,
  "n_epochs_actual": 500,
  "key": "trig_d5_n4096_noise0.05_s123_dml_relobralo",
  "timestamp": "2026-04-26T10:39:23.017479"
}