{
  "method": "dml_gradnorm",
  "func_type": "trig",
  "dim": 5,
  "n_samples": 1024,
  "noise_level": 0.1,
  "seed": 456,
  "lambda": 1.0,
  "test_value_mse": 1.704214096069336,
  "test_grad_mse": 4.531110763549805,
  "best_epoch": 41,
  "time_s": 6.626350164413452,
  "n_epochs_actual": 92,
  "key": "trig_d5_n1024_noise0.1_s456_dml_gradnorm",
  "timestamp": "2026-04-07T08:05:00.288755"
}