{
  "method": "baseline_krr",
  "func_type": "trig",
  "dim": 5,
  "n_samples": 1024,
  "noise_level": 0.2,
  "seed": 1000,
  "lambda": 1.0,
  "test_value_mse": 2.498887062072754,
  "test_grad_mse": 2.3616566352899,
  "time_s": 0.3390970230102539,
  "key": "trig_d5_n1024_noise0.2_s1000_baseline_krr",
  "timestamp": "2026-04-07T08:10:52.234820"
}