{
  "method": "baseline_krr",
  "func_type": "trig",
  "dim": 2,
  "n_samples": 1024,
  "noise_level": 0.2,
  "seed": 456,
  "lambda": 1.0,
  "test_value_mse": 0.6445366144180298,
  "test_grad_mse": 5.5203086617229,
  "time_s": 0.3950998783111572,
  "key": "trig_d2_n1024_noise0.2_s456_baseline_krr",
  "timestamp": "2026-04-07T05:37:44.301989"
}