{
  "method": "baseline_krr",
  "func_type": "trig",
  "dim": 5,
  "n_samples": 2048,
  "noise_level": 0.0,
  "seed": 42,
  "lambda": 1.0,
  "test_value_mse": 0.9118756651878357,
  "test_grad_mse": 2.570375283175643,
  "time_s": 1.6257858276367188,
  "key": "trig_d5_n2048_noise0.0_s42_baseline_krr",
  "timestamp": "2026-04-07T08:15:48.001954"
}