{
  "method": "baseline_gp",
  "func_type": "trig",
  "dim": 2,
  "n_samples": 256,
  "noise_level": 0.5,
  "seed": 1000,
  "lambda": 1.0,
  "test_value_mse": 0.002838916189266098,
  "test_grad_mse": 0.011174774717610766,
  "time_s": 3.831940174102783,
  "key": "trig_d2_n256_noise0.5_s1000_baseline_gp",
  "timestamp": "2026-04-07T05:15:35.795277"
}