{
  "method": "baseline_krr",
  "func_type": "trig",
  "dim": 20,
  "n_samples": 4096,
  "noise_level": 0.05,
  "seed": 456,
  "lambda": 1.0,
  "test_value_mse": 12.050064086914062,
  "test_grad_mse": 5.679451533518542,
  "time_s": 1.7920866012573242,
  "key": "trig_d20_n4096_noise0.05_s456_baseline_krr",
  "timestamp": "2026-04-07T12:34:17.950218"
}