{
  "method": "dml_relobralo",
  "func_type": "trig",
  "dim": 5,
  "n_samples": 1024,
  "noise_level": 0.05,
  "seed": 123,
  "lambda": 1.0,
  "test_value_mse": 0.06862117350101471,
  "test_grad_mse": 0.18137900531291962,
  "best_epoch": 497,
  "time_s": 17.75239086151123,
  "n_epochs_actual": 500,
  "key": "trig_d5_n1024_noise0.05_s123_dml_relobralo",
  "timestamp": "2026-04-26T10:32:39.082649"
}