{
  "method": "baseline_gp",
  "func_type": "trig",
  "dim": 5,
  "n_samples": 256,
  "noise_level": 0.2,
  "seed": 42,
  "lambda": 1.0,
  "test_value_mse": 1.5648350248078517,
  "test_grad_mse": 3.342811895534463,
  "time_s": 0.7406036853790283,
  "key": "trig_d5_n256_noise0.2_s42_baseline_gp",
  "timestamp": "2026-04-07T07:52:49.328174"
}