{
  "method": "dml_fixed",
  "func_type": "trig",
  "dim": 20,
  "n_samples": 4096,
  "noise_level": 0.1,
  "seed": 1000,
  "lambda": 1.0,
  "test_value_mse": 15.275285720825195,
  "test_grad_mse": 5.3577680587768555,
  "best_epoch": 54,
  "time_s": 8.05083680152893,
  "n_epochs_actual": 105,
  "key": "trig_d20_n4096_noise0.1_s1000_dml_fixed",
  "timestamp": "2026-04-07T12:54:54.660054"
}