{
  "method": "dml_relobralo",
  "func_type": "trig",
  "dim": 100,
  "n_samples": 4096,
  "noise_level": 0.1,
  "seed": 1000,
  "lambda": 1.0,
  "test_value_mse": 97.1222915649414,
  "test_grad_mse": 7.5012593269348145,
  "best_epoch": 37,
  "time_s": 9.56563138961792,
  "n_epochs_actual": 88,
  "key": "trig_d100_n4096_noise0.1_s1000_dml_relobralo",
  "timestamp": "2026-04-26T11:13:00.594988"
}