{
  "method": "dml_gradnorm",
  "func_type": "trig",
  "dim": 10,
  "n_samples": 256,
  "noise_level": 0.1,
  "seed": 42,
  "lambda": 1.0,
  "test_value_mse": 6.995409965515137,
  "test_grad_mse": 3.674248456954956,
  "best_epoch": 34,
  "time_s": 5.185044765472412,
  "n_epochs_actual": 85,
  "key": "trig_d10_n256_noise0.1_s42_dml_gradnorm",
  "timestamp": "2026-04-07T09:59:55.066322"
}