{
  "method": "dml_relobralo",
  "func_type": "trig",
  "dim": 50,
  "n_samples": 4096,
  "noise_level": 0.1,
  "seed": 1000,
  "lambda": 1.0,
  "test_value_mse": 48.4603271484375,
  "test_grad_mse": 7.102108001708984,
  "best_epoch": 37,
  "time_s": 8.917089223861694,
  "n_epochs_actual": 88,
  "key": "trig_d50_n4096_noise0.1_s1000_dml_relobralo",
  "timestamp": "2026-04-26T11:07:54.442122"
}