{
  "method": "baseline_krr",
  "func_type": "trig",
  "dim": 2,
  "n_samples": 256,
  "noise_level": 0.05,
  "seed": 789,
  "lambda": 1.0,
  "test_value_mse": 1.8712220191955566,
  "test_grad_mse": 9.625785472496593,
  "time_s": 0.003958702087402344,
  "key": "trig_d2_n256_noise0.05_s789_baseline_krr",
  "timestamp": "2026-04-07T05:06:59.245942"
}