{
  "method": "vanilla",
  "func_type": "trig",
  "dim": 100,
  "n_samples": 4096,
  "noise_level": 0.1,
  "seed": 1000,
  "lambda": 1.0,
  "test_value_mse": 83.10689544677734,
  "test_grad_mse": 7.444214344024658,
  "best_epoch": 8,
  "time_s": 6.14391565322876,
  "n_epochs_actual": 59,
  "key": "trig_d100_n4096_noise0.1_s1000_vanilla",
  "timestamp": "2026-04-07T14:30:07.459375"
}