{
  "method": "dml_fixed",
  "func_type": "trig",
  "dim": 100,
  "n_samples": 256,
  "noise_level": 0.1,
  "seed": 42,
  "lambda": 1.0,
  "test_value_mse": 80.67388153076172,
  "test_grad_mse": 7.4285807609558105,
  "best_epoch": 33,
  "time_s": 4.246753454208374,
  "n_epochs_actual": 84,
  "key": "trig_d100_n256_noise0.1_s42_dml_fixed",
  "timestamp": "2026-04-07T14:03:52.853567"
}