{
  "method": "baseline_krr",
  "func_type": "trig",
  "dim": 5,
  "n_samples": 2048,
  "noise_level": 0.0,
  "seed": 123,
  "lambda": 1.0,
  "test_value_mse": 1.3247519731521606,
  "test_grad_mse": 4.104213885642601,
  "time_s": 0.38794994354248047,
  "key": "trig_d5_n2048_noise0.0_s123_baseline_krr",
  "timestamp": "2026-04-07T08:17:45.702281"
}