{
  "method": "dml_relobralo",
  "func_type": "trig",
  "dim": 5,
  "n_samples": 1024,
  "noise_level": 0.2,
  "seed": 42,
  "lambda": 1.0,
  "test_value_mse": 0.4947165250778198,
  "test_grad_mse": 0.7949051856994629,
  "best_epoch": 233,
  "time_s": 9.337572813034058,
  "n_epochs_actual": 284,
  "key": "trig_d5_n1024_noise0.2_s42_dml_relobralo",
  "timestamp": "2026-04-26T10:34:28.426544"
}