{
  "method": "dml_gradnorm",
  "func_type": "trig",
  "dim": 2,
  "n_samples": 1024,
  "noise_level": 0.1,
  "seed": 456,
  "lambda": 1.0,
  "test_value_mse": 0.057860638946294785,
  "test_grad_mse": 0.050579797476530075,
  "best_epoch": 265,
  "time_s": 20.77629804611206,
  "n_epochs_actual": 316,
  "key": "trig_d2_n1024_noise0.1_s456_dml_gradnorm",
  "timestamp": "2026-04-07T05:31:34.702655"
}