{
  "method": "baseline_rf",
  "func_type": "trig",
  "dim": 10,
  "n_samples": 4096,
  "noise_level": 0.05,
  "seed": 42,
  "lambda": 1.0,
  "test_value_mse": 3.3465165486015427,
  "test_grad_mse": 1056.7223581308222,
  "time_s": 5.427446126937866,
  "key": "trig_d10_n4096_noise0.05_s42_baseline_rf",
  "timestamp": "2026-04-07T10:33:26.953873"
}