{
  "method": "baseline_rf",
  "func_type": "trig",
  "dim": 2,
  "n_samples": 2048,
  "noise_level": 0.0,
  "seed": 42,
  "lambda": 1.0,
  "test_value_mse": 0.10386030626229525,
  "test_grad_mse": 131.19291421894172,
  "time_s": 1.404797077178955,
  "key": "trig_d2_n2048_noise0.0_s42_baseline_rf",
  "timestamp": "2026-04-07T05:47:32.155288"
}