{
  "method": "dml_fixed",
  "func_type": "trig",
  "dim": 20,
  "n_samples": 256,
  "noise_level": 0.2,
  "seed": 1000,
  "lambda": 1.0,
  "test_value_mse": 15.838520050048828,
  "test_grad_mse": 6.630948543548584,
  "best_epoch": 20,
  "time_s": 4.197465419769287,
  "n_epochs_actual": 71,
  "key": "trig_d20_n256_noise0.2_s1000_dml_fixed",
  "timestamp": "2026-04-07T11:57:41.557040"
}