{
  "method": "dml_relobralo",
  "func_type": "trig",
  "dim": 10,
  "n_samples": 256,
  "noise_level": 0.1,
  "seed": 789,
  "lambda": 1.0,
  "test_value_mse": 11.901430130004883,
  "test_grad_mse": 13.842947006225586,
  "best_epoch": 21,
  "time_s": 2.5845139026641846,
  "n_epochs_actual": 72,
  "key": "trig_d10_n256_noise0.1_s789_dml_relobralo",
  "timestamp": "2026-04-26T10:49:27.078384"
}