{
  "method": "vanilla",
  "func_type": "trig",
  "dim": 2,
  "n_samples": 256,
  "noise_level": 0.5,
  "seed": 42,
  "lambda": 1.0,
  "test_value_mse": 0.16857647895812988,
  "test_grad_mse": 1.5337042808532715,
  "best_epoch": 459,
  "time_s": 8.643918752670288,
  "n_epochs_actual": 500,
  "key": "trig_d2_n256_noise0.5_s42_vanilla",
  "timestamp": "2026-04-07T05:13:18.679514"
}