{
  "method": "dml_gradnorm",
  "func_type": "trig",
  "dim": 10,
  "n_samples": 1024,
  "noise_level": 0.2,
  "seed": 1000,
  "lambda": 1.0,
  "test_value_mse": 7.3391523361206055,
  "test_grad_mse": 4.250695705413818,
  "best_epoch": 60,
  "time_s": 7.842907667160034,
  "n_epochs_actual": 111,
  "key": "trig_d10_n1024_noise0.2_s1000_dml_gradnorm",
  "timestamp": "2026-04-07T10:19:26.544930"
}