{
  "method": "dml_gradnorm",
  "func_type": "trig",
  "dim": 10,
  "n_samples": 256,
  "noise_level": 0.2,
  "seed": 456,
  "lambda": 1.0,
  "test_value_mse": 8.090898513793945,
  "test_grad_mse": 6.465255260467529,
  "best_epoch": 13,
  "time_s": 4.70906400680542,
  "n_epochs_actual": 64,
  "key": "trig_d10_n256_noise0.2_s456_dml_gradnorm",
  "timestamp": "2026-04-07T10:02:37.102144"
}