{
  "method": "dml_fixed",
  "func_type": "trig",
  "dim": 10,
  "n_samples": 1024,
  "noise_level": 0.2,
  "seed": 42,
  "lambda": 1.0,
  "test_value_mse": 4.73262882232666,
  "test_grad_mse": 2.3273069858551025,
  "best_epoch": 59,
  "time_s": 6.545111179351807,
  "n_epochs_actual": 110,
  "key": "trig_d10_n1024_noise0.2_s42_dml_fixed",
  "timestamp": "2026-04-07T10:16:11.259859"
}