{
  "method": "baseline_krr",
  "func_type": "trig",
  "dim": 2,
  "n_samples": 4096,
  "noise_level": 0.5,
  "seed": 42,
  "lambda": 1.0,
  "test_value_mse": 0.34046825766563416,
  "test_grad_mse": 3.801810481381599,
  "time_s": 5.906122922897339,
  "key": "trig_d2_n4096_noise0.5_s42_baseline_krr",
  "timestamp": "2026-04-07T07:26:30.050033"
}