{
  "method": "vanilla",
  "func_type": "trig",
  "dim": 10,
  "n_samples": 1024,
  "noise_level": 0.2,
  "seed": 123,
  "lambda": 1.0,
  "test_value_mse": 4.511538505554199,
  "test_grad_mse": 4.379714012145996,
  "best_epoch": 24,
  "time_s": 4.8280768394470215,
  "n_epochs_actual": 75,
  "key": "trig_d10_n1024_noise0.2_s123_vanilla",
  "timestamp": "2026-04-07T10:16:54.025138"
}