{
  "method": "dml_relobralo",
  "func_type": "trig",
  "dim": 5,
  "n_samples": 1024,
  "noise_level": 0.5,
  "seed": 789,
  "lambda": 1.0,
  "test_value_mse": 2.192925214767456,
  "test_grad_mse": 3.1397204399108887,
  "best_epoch": 168,
  "time_s": 9.411642789840698,
  "n_epochs_actual": 219,
  "key": "trig_d5_n1024_noise0.5_s789_dml_relobralo",
  "timestamp": "2026-04-26T10:35:43.110393"
}