{
  "method": "dml_gradnorm",
  "func_type": "trig",
  "dim": 50,
  "n_samples": 256,
  "noise_level": 0.05,
  "seed": 42,
  "lambda": 1.0,
  "test_value_mse": 45.95347213745117,
  "test_grad_mse": 6.809232234954834,
  "best_epoch": 147,
  "time_s": 8.099339723587036,
  "n_epochs_actual": 198,
  "key": "trig_d50_n256_noise0.05_s42_dml_gradnorm",
  "timestamp": "2026-04-07T13:32:59.882422"
}