{
  "method": "dml_gradnorm",
  "func_type": "trig",
  "dim": 20,
  "n_samples": 1024,
  "noise_level": 0.5,
  "seed": 42,
  "lambda": 1.0,
  "test_value_mse": 16.10396385192871,
  "test_grad_mse": 5.47822380065918,
  "best_epoch": 14,
  "time_s": 6.419070720672607,
  "n_epochs_actual": 65,
  "key": "trig_d20_n1024_noise0.5_s42_dml_gradnorm",
  "timestamp": "2026-04-07T12:15:15.715186"
}