{
  "method": "dml_relobralo",
  "func_type": "trig",
  "dim": 10,
  "n_samples": 512,
  "noise_level": 0.0,
  "seed": 789,
  "lambda": 1.0,
  "test_value_mse": 13.868316650390625,
  "test_grad_mse": 13.306312561035156,
  "best_epoch": 14,
  "time_s": 2.5367703437805176,
  "n_epochs_actual": 65,
  "key": "trig_d10_n512_noise0.0_s789_dml_relobralo",
  "timestamp": "2026-04-26T10:50:06.119764"
}