{
  "method": "vanilla",
  "func_type": "trig",
  "dim": 20,
  "n_samples": 256,
  "noise_level": 0.05,
  "seed": 1000,
  "lambda": 1.0,
  "test_value_mse": 18.772579193115234,
  "test_grad_mse": 6.852785110473633,
  "best_epoch": 28,
  "time_s": 4.302688360214233,
  "n_epochs_actual": 79,
  "key": "trig_d20_n256_noise0.05_s1000_vanilla",
  "timestamp": "2026-04-07T11:53:26.832588"
}