{
  "method": "dml_fixed",
  "func_type": "trig",
  "dim": 5,
  "n_samples": 512,
  "noise_level": 0.0,
  "seed": 456,
  "lambda": 1.0,
  "test_value_mse": 2.643237590789795,
  "test_grad_mse": 4.506169319152832,
  "best_epoch": 73,
  "time_s": 4.636933326721191,
  "n_epochs_actual": 124,
  "key": "trig_d5_n512_noise0.0_s456_dml_fixed",
  "timestamp": "2026-04-07T07:57:13.808228"
}