{
  "method": "baseline_rf",
  "func_type": "trig",
  "dim": 2,
  "n_samples": 2048,
  "noise_level": 0.0,
  "seed": 123,
  "lambda": 1.0,
  "test_value_mse": 0.003962550400246591,
  "test_grad_mse": 45.85803879402794,
  "time_s": 1.215216875076294,
  "key": "trig_d2_n2048_noise0.0_s123_baseline_rf",
  "timestamp": "2026-04-07T05:50:13.087486"
}