{
  "method": "vanilla",
  "func_type": "trig",
  "dim": 50,
  "n_samples": 4096,
  "noise_level": 0.05,
  "seed": 789,
  "lambda": 1.0,
  "test_value_mse": 51.68286895751953,
  "test_grad_mse": 10.928144454956055,
  "best_epoch": 10,
  "time_s": 5.78066611289978,
  "n_epochs_actual": 61,
  "key": "trig_d50_n4096_noise0.05_s789_vanilla",
  "timestamp": "2026-04-07T13:51:48.335723"
}