{
  "method": "baseline_gp",
  "func_type": "trig",
  "dim": 10,
  "n_samples": 256,
  "noise_level": 0.5,
  "seed": 456,
  "lambda": 1.0,
  "test_value_mse": 7.843908766799781,
  "test_grad_mse": 6.473389933353365,
  "time_s": 0.38705873489379883,
  "key": "trig_d10_n256_noise0.5_s456_baseline_gp",
  "timestamp": "2026-04-07T10:04:38.471195"
}