{
  "method": "dml_gradnorm",
  "func_type": "trig",
  "dim": 5,
  "n_samples": 256,
  "noise_level": 0.1,
  "seed": 42,
  "lambda": 1.0,
  "test_value_mse": 1.486053705215454,
  "test_grad_mse": 2.8617684841156006,
  "best_epoch": 61,
  "time_s": 6.191796064376831,
  "n_epochs_actual": 112,
  "key": "trig_d5_n256_noise0.1_s42_dml_gradnorm",
  "timestamp": "2026-04-07T07:50:50.815388"
}