{
  "method": "dml_gradnorm",
  "func_type": "trig",
  "dim": 50,
  "n_samples": 256,
  "noise_level": 0.2,
  "seed": 1000,
  "lambda": 1.0,
  "test_value_mse": 43.25791549682617,
  "test_grad_mse": 7.261515140533447,
  "best_epoch": 16,
  "time_s": 4.308440685272217,
  "n_epochs_actual": 67,
  "key": "trig_d50_n256_noise0.2_s1000_dml_gradnorm",
  "timestamp": "2026-04-07T13:37:09.342730"
}