{
  "method": "dml_fixed",
  "func_type": "trig",
  "dim": 50,
  "n_samples": 1024,
  "noise_level": 0.1,
  "seed": 456,
  "lambda": 1.0,
  "test_value_mse": 39.103668212890625,
  "test_grad_mse": 8.09024715423584,
  "best_epoch": 22,
  "time_s": 5.199340581893921,
  "n_epochs_actual": 73,
  "key": "trig_d50_n1024_noise0.1_s456_dml_fixed",
  "timestamp": "2026-04-07T13:43:05.673609"
}