{
  "method": "dml_relobralo",
  "func_type": "trig",
  "dim": 100,
  "n_samples": 1024,
  "noise_level": 0.5,
  "seed": 1000,
  "lambda": 1.0,
  "test_value_mse": 100.15003967285156,
  "test_grad_mse": 7.465035915374756,
  "best_epoch": 23,
  "time_s": 3.9455575942993164,
  "n_epochs_actual": 74,
  "key": "trig_d100_n1024_noise0.5_s1000_dml_relobralo",
  "timestamp": "2026-04-26T11:11:25.671379"
}