{
  "method": "vanilla",
  "func_type": "trig",
  "dim": 100,
  "n_samples": 256,
  "noise_level": 0.2,
  "seed": 42,
  "lambda": 1.0,
  "test_value_mse": 72.48898315429688,
  "test_grad_mse": 7.45445442199707,
  "best_epoch": 13,
  "time_s": 3.8934106826782227,
  "n_epochs_actual": 64,
  "key": "trig_d100_n256_noise0.2_s42_vanilla",
  "timestamp": "2026-04-07T14:05:42.502124"
}