{
  "method": "dml_fixed",
  "func_type": "trig",
  "dim": 2,
  "n_samples": 256,
  "noise_level": 0.2,
  "seed": 123,
  "lambda": 1.0,
  "test_value_mse": 0.001884130877442658,
  "test_grad_mse": 0.0028352108784019947,
  "best_epoch": 65,
  "time_s": 4.671785354614258,
  "n_epochs_actual": 116,
  "key": "trig_d2_n256_noise0.2_s123_dml_fixed",
  "timestamp": "2026-04-07T05:11:23.093501"
}