{
  "method": "baseline_gp",
  "func_type": "trig",
  "dim": 20,
  "n_samples": 4096,
  "noise_level": 0.2,
  "seed": 456,
  "lambda": 1.0,
  "test_value_mse": 10.94701037952734,
  "test_grad_mse": 5.678056914098953,
  "time_s": 167.86896538734436,
  "key": "trig_d20_n4096_noise0.2_s456_baseline_gp",
  "timestamp": "2026-04-07T13:07:41.829702"
}