{
  "method": "dml_gradnorm",
  "func_type": "trig",
  "dim": 5,
  "n_samples": 256,
  "noise_level": 0.5,
  "seed": 42,
  "lambda": 1.0,
  "test_value_mse": 1.7381261587142944,
  "test_grad_mse": 2.9722771644592285,
  "best_epoch": 51,
  "time_s": 5.073698043823242,
  "n_epochs_actual": 102,
  "key": "trig_d5_n256_noise0.5_s42_dml_gradnorm",
  "timestamp": "2026-04-07T07:54:35.517572"
}