{
  "method": "dml_gradnorm",
  "func_type": "trig",
  "dim": 50,
  "n_samples": 256,
  "noise_level": 0.5,
  "seed": 123,
  "lambda": 1.0,
  "test_value_mse": 47.532127380371094,
  "test_grad_mse": 6.635482311248779,
  "best_epoch": 31,
  "time_s": 5.381926774978638,
  "n_epochs_actual": 82,
  "key": "trig_d50_n256_noise0.5_s123_dml_gradnorm",
  "timestamp": "2026-04-07T13:37:45.100639"
}