{
  "method": "dml_relobralo",
  "func_type": "trig",
  "dim": 50,
  "n_samples": 1024,
  "noise_level": 0.05,
  "seed": 123,
  "lambda": 1.0,
  "test_value_mse": 43.121360778808594,
  "test_grad_mse": 6.707427501678467,
  "best_epoch": 18,
  "time_s": 4.0704121589660645,
  "n_epochs_actual": 69,
  "key": "trig_d50_n1024_noise0.05_s123_dml_relobralo",
  "timestamp": "2026-04-26T11:05:14.677923"
}