{
  "method": "baseline_gp",
  "func_type": "trig",
  "dim": 10,
  "n_samples": 512,
  "noise_level": 0.0,
  "seed": 1000,
  "lambda": 1.0,
  "test_value_mse": 9.76057149887198,
  "test_grad_mse": 4.642535127243556,
  "time_s": 6.74301290512085,
  "key": "trig_d10_n512_noise0.0_s1000_baseline_gp",
  "timestamp": "2026-04-07T10:08:02.136455"
}