{
  "method": "dml_gradnorm",
  "func_type": "trig",
  "dim": 50,
  "n_samples": 4096,
  "noise_level": 0.05,
  "seed": 1000,
  "lambda": 1.0,
  "test_value_mse": 56.734413146972656,
  "test_grad_mse": 7.212408542633057,
  "best_epoch": 55,
  "time_s": 16.96286630630493,
  "n_epochs_actual": 106,
  "key": "trig_d50_n4096_noise0.05_s1000_dml_gradnorm",
  "timestamp": "2026-04-07T13:52:46.817334"
}