{
  "method": "baseline_gp",
  "func_type": "trig",
  "dim": 10,
  "n_samples": 4096,
  "noise_level": 0.5,
  "seed": 789,
  "lambda": 1.0,
  "test_value_mse": 12.007687765067505,
  "test_grad_mse": 14.131523629788333,
  "time_s": 260.9404389858246,
  "key": "trig_d10_n4096_noise0.5_s789_baseline_gp",
  "timestamp": "2026-04-07T11:47:44.639956"
}