{
  "method": "dml_gradnorm",
  "func_type": "trig",
  "dim": 2,
  "n_samples": 4096,
  "noise_level": 0.5,
  "seed": 123,
  "lambda": 1.0,
  "test_value_mse": 0.0020037712529301643,
  "test_grad_mse": 0.0031029812525957823,
  "best_epoch": 17,
  "time_s": 10.89111590385437,
  "n_epochs_actual": 68,
  "key": "trig_d2_n4096_noise0.5_s123_dml_gradnorm",
  "timestamp": "2026-04-07T07:27:18.670066"
}