{
  "method": "baseline_krr",
  "func_type": "trig",
  "dim": 5,
  "n_samples": 4096,
  "noise_level": 0.05,
  "seed": 456,
  "lambda": 1.0,
  "test_value_mse": 2.729914426803589,
  "test_grad_mse": 5.960062666602135,
  "time_s": 2.0906591415405273,
  "key": "trig_d5_n4096_noise0.05_s456_baseline_krr",
  "timestamp": "2026-04-07T08:38:53.529992"
}