{
  "method": "dml_fixed",
  "func_type": "trig",
  "dim": 50,
  "n_samples": 4096,
  "noise_level": 0.5,
  "seed": 456,
  "lambda": 1.0,
  "test_value_mse": 40.400665283203125,
  "test_grad_mse": 8.03925609588623,
  "best_epoch": 6,
  "time_s": 6.170838117599487,
  "n_epochs_actual": 57,
  "key": "trig_d50_n4096_noise0.5_s456_dml_fixed",
  "timestamp": "2026-04-07T14:00:05.726207"
}