{
  "method": "dml_gradnorm",
  "func_type": "trig",
  "dim": 20,
  "n_samples": 1024,
  "noise_level": 0.05,
  "seed": 1000,
  "lambda": 1.0,
  "test_value_mse": 17.790386199951172,
  "test_grad_mse": 6.517000675201416,
  "best_epoch": 20,
  "time_s": 6.215208530426025,
  "n_epochs_actual": 71,
  "key": "trig_d20_n1024_noise0.05_s1000_dml_gradnorm",
  "timestamp": "2026-04-07T12:06:19.295014"
}