{
  "method": "dml_relobralo",
  "func_type": "trig",
  "dim": 2,
  "n_samples": 1024,
  "noise_level": 0.5,
  "seed": 789,
  "lambda": 1.0,
  "test_value_mse": 0.10968847572803497,
  "test_grad_mse": 0.5508332848548889,
  "best_epoch": 228,
  "time_s": 10.488312244415283,
  "n_epochs_actual": 279,
  "key": "trig_d2_n1024_noise0.5_s789_dml_relobralo",
  "timestamp": "2026-04-26T10:18:50.440857"
}