{
  "method": "baseline_rf",
  "func_type": "trig",
  "dim": 20,
  "n_samples": 1024,
  "noise_level": 0.05,
  "seed": 789,
  "lambda": 1.0,
  "test_value_mse": 20.26487881433471,
  "test_grad_mse": 15.101302390429868,
  "time_s": 7.987980365753174,
  "key": "trig_d20_n1024_noise0.05_s789_baseline_rf",
  "timestamp": "2026-04-07T12:06:04.330319"
}