{
  "method": "baseline_gp",
  "func_type": "trig",
  "dim": 20,
  "n_samples": 1024,
  "noise_level": 0.05,
  "seed": 456,
  "lambda": 1.0,
  "test_value_mse": 11.298184791285575,
  "test_grad_mse": 5.6843344885325955,
  "time_s": 10.924014806747437,
  "key": "trig_d20_n1024_noise0.05_s456_baseline_gp",
  "timestamp": "2026-04-07T12:05:14.985549"
}