{
  "method": "dml_relobralo",
  "func_type": "trig",
  "dim": 50,
  "n_samples": 4096,
  "noise_level": 0.2,
  "seed": 456,
  "lambda": 1.0,
  "test_value_mse": 44.97119903564453,
  "test_grad_mse": 8.114879608154297,
  "best_epoch": 36,
  "time_s": 8.815828323364258,
  "n_epochs_actual": 87,
  "key": "trig_d50_n4096_noise0.2_s456_dml_relobralo",
  "timestamp": "2026-04-26T11:08:16.491336"
}