{
  "method": "dml_relobralo",
  "func_type": "trig",
  "dim": 20,
  "n_samples": 256,
  "noise_level": 0.5,
  "seed": 789,
  "lambda": 1.0,
  "test_value_mse": 24.594758987426758,
  "test_grad_mse": 15.0949125289917,
  "best_epoch": 19,
  "time_s": 2.4420418739318848,
  "n_epochs_actual": 70,
  "key": "trig_d20_n256_noise0.5_s789_dml_relobralo",
  "timestamp": "2026-04-26T10:59:47.198459"
}