{
  "method": "baseline_krr",
  "func_type": "trig",
  "dim": 10,
  "n_samples": 4096,
  "noise_level": 0.1,
  "seed": 42,
  "lambda": 1.0,
  "test_value_mse": 6.115240097045898,
  "test_grad_mse": 3.329551808553257,
  "time_s": 1.79573392868042,
  "key": "trig_d10_n4096_noise0.1_s42_baseline_krr",
  "timestamp": "2026-04-07T10:54:52.721052"
}