{
  "method": "dml_fixed",
  "func_type": "trig",
  "dim": 50,
  "n_samples": 4096,
  "noise_level": 0.1,
  "seed": 789,
  "lambda": 1.0,
  "test_value_mse": 54.207096099853516,
  "test_grad_mse": 10.837039947509766,
  "best_epoch": 8,
  "time_s": 5.8899102210998535,
  "n_epochs_actual": 59,
  "key": "trig_d50_n4096_noise0.1_s789_dml_fixed",
  "timestamp": "2026-04-07T13:54:51.332115"
}