{
  "method": "dml_fixed",
  "func_type": "trig",
  "dim": 50,
  "n_samples": 2048,
  "noise_level": 0.0,
  "seed": 123,
  "lambda": 1.0,
  "test_value_mse": 42.227439880371094,
  "test_grad_mse": 6.632686614990234,
  "best_epoch": 17,
  "time_s": 5.0578391551971436,
  "n_epochs_actual": 68,
  "key": "trig_d50_n2048_noise0.0_s123_dml_fixed",
  "timestamp": "2026-04-07T13:48:24.665811"
}