{
  "method": "baseline_rf",
  "func_type": "trig",
  "dim": 5,
  "n_samples": 256,
  "noise_level": 0.2,
  "seed": 42,
  "lambda": 1.0,
  "test_value_mse": 1.2665911037617998,
  "test_grad_mse": 3.4429870641634324,
  "time_s": 2.0068562030792236,
  "key": "trig_d5_n256_noise0.2_s42_baseline_rf",
  "timestamp": "2026-04-07T07:52:51.344740"
}