{
  "method": "dml_fixed",
  "func_type": "trig",
  "dim": 10,
  "n_samples": 256,
  "noise_level": 0.2,
  "seed": 789,
  "lambda": 1.0,
  "test_value_mse": 14.979551315307617,
  "test_grad_mse": 13.659228324890137,
  "best_epoch": 21,
  "time_s": 4.29338002204895,
  "n_epochs_actual": 72,
  "key": "trig_d10_n256_noise0.2_s789_dml_fixed",
  "timestamp": "2026-04-07T10:02:54.174637"
}