{
  "method": "baseline_rf",
  "func_type": "trig",
  "dim": 5,
  "n_samples": 4096,
  "noise_level": 0.1,
  "seed": 42,
  "lambda": 1.0,
  "test_value_mse": 0.7434006133840346,
  "test_grad_mse": 687.6220563120924,
  "time_s": 2.9999730587005615,
  "key": "trig_d5_n4096_noise0.1_s42_baseline_rf",
  "timestamp": "2026-04-07T08:52:33.845849"
}