{
  "method": "dml_relobralo",
  "func_type": "trig",
  "dim": 20,
  "n_samples": 1024,
  "noise_level": 0.5,
  "seed": 42,
  "lambda": 1.0,
  "test_value_mse": 16.35976791381836,
  "test_grad_mse": 5.465874195098877,
  "best_epoch": 22,
  "time_s": 3.772385835647583,
  "n_epochs_actual": 73,
  "key": "trig_d20_n1024_noise0.5_s42_dml_relobralo",
  "timestamp": "2026-04-26T11:00:58.393013"
}