{
  "method": "baseline_krr",
  "func_type": "trig",
  "dim": 2,
  "n_samples": 512,
  "noise_level": 0.0,
  "seed": 42,
  "lambda": 1.0,
  "test_value_mse": 0.7840035557746887,
  "test_grad_mse": 5.069990945592472,
  "time_s": 0.006927013397216797,
  "key": "trig_d2_n512_noise0.0_s42_baseline_krr",
  "timestamp": "2026-04-07T05:16:17.378736"
}