{
  "method": "dml_fixed",
  "func_type": "trig",
  "dim": 10,
  "n_samples": 4096,
  "noise_level": 0.1,
  "seed": 456,
  "lambda": 1.0,
  "test_value_mse": 2.1515424251556396,
  "test_grad_mse": 1.6299324035644531,
  "best_epoch": 190,
  "time_s": 18.086388111114502,
  "n_epochs_actual": 241,
  "key": "trig_d10_n4096_noise0.1_s456_dml_fixed",
  "timestamp": "2026-04-07T11:00:45.185270"
}