{
  "method": "dml_gradnorm",
  "func_type": "trig",
  "dim": 100,
  "n_samples": 1024,
  "noise_level": 0.2,
  "seed": 1000,
  "lambda": 1.0,
  "test_value_mse": 105.45110321044922,
  "test_grad_mse": 7.4748125076293945,
  "best_epoch": 112,
  "time_s": 12.647526502609253,
  "n_epochs_actual": 163,
  "key": "trig_d100_n1024_noise0.2_s1000_dml_gradnorm",
  "timestamp": "2026-04-07T14:19:04.233829"
}