{
  "method": "dml_relobralo",
  "func_type": "trig",
  "dim": 10,
  "n_samples": 256,
  "noise_level": 0.2,
  "seed": 456,
  "lambda": 1.0,
  "test_value_mse": 8.685543060302734,
  "test_grad_mse": 6.479616165161133,
  "best_epoch": 22,
  "time_s": 2.5623648166656494,
  "n_epochs_actual": 73,
  "key": "trig_d10_n256_noise0.2_s456_dml_relobralo",
  "timestamp": "2026-04-26T10:49:37.761858"
}