{
  "method": "baseline_rf",
  "func_type": "trig",
  "dim": 5,
  "n_samples": 1024,
  "noise_level": 0.5,
  "seed": 42,
  "lambda": 1.0,
  "test_value_mse": 1.1103377707923463,
  "test_grad_mse": 412.71264224300955,
  "time_s": 1.8748388290405273,
  "key": "trig_d5_n1024_noise0.5_s42_baseline_rf",
  "timestamp": "2026-04-07T08:11:25.362229"
}