{
  "method": "dml_fixed",
  "func_type": "trig",
  "dim": 5,
  "n_samples": 4096,
  "noise_level": 0.05,
  "seed": 456,
  "lambda": 1.0,
  "test_value_mse": 0.009699848480522633,
  "test_grad_mse": 0.027491522952914238,
  "best_epoch": 425,
  "time_s": 30.384719371795654,
  "n_epochs_actual": 476,
  "key": "trig_d5_n4096_noise0.05_s456_dml_fixed",
  "timestamp": "2026-04-07T08:34:12.241361"
}