{
  "method": "dml_gradnorm",
  "func_type": "trig",
  "dim": 50,
  "n_samples": 4096,
  "noise_level": 0.5,
  "seed": 789,
  "lambda": 1.0,
  "test_value_mse": 72.42781829833984,
  "test_grad_mse": 11.107547760009766,
  "best_epoch": 51,
  "time_s": 15.827476024627686,
  "n_epochs_actual": 102,
  "key": "trig_d50_n4096_noise0.5_s789_dml_gradnorm",
  "timestamp": "2026-04-07T14:00:53.226217"
}