{
  "method": "baseline_krr",
  "func_type": "trig",
  "dim": 20,
  "n_samples": 512,
  "noise_level": 0.0,
  "seed": 1000,
  "lambda": 1.0,
  "test_value_mse": 14.825933456420898,
  "test_grad_mse": 6.619581770401164,
  "time_s": 0.3697469234466553,
  "key": "trig_d20_n512_noise0.0_s1000_baseline_krr",
  "timestamp": "2026-04-07T12:03:21.464513"
}