{
  "method": "dml_fixed",
  "func_type": "trig",
  "dim": 100,
  "n_samples": 1024,
  "noise_level": 0.2,
  "seed": 123,
  "lambda": 1.0,
  "test_value_mse": 92.58946228027344,
  "test_grad_mse": 7.905483245849609,
  "best_epoch": 25,
  "time_s": 5.486766576766968,
  "n_epochs_actual": 76,
  "key": "trig_d100_n1024_noise0.2_s123_dml_fixed",
  "timestamp": "2026-04-07T14:17:21.096749"
}