{
  "method": "dml_fixed",
  "func_type": "trig",
  "dim": 10,
  "n_samples": 256,
  "noise_level": 0.5,
  "seed": 123,
  "lambda": 1.0,
  "test_value_mse": 8.664680480957031,
  "test_grad_mse": 4.917819023132324,
  "best_epoch": 35,
  "time_s": 4.658673048019409,
  "n_epochs_actual": 86,
  "key": "trig_d10_n256_noise0.5_s123_dml_fixed",
  "timestamp": "2026-04-07T10:04:01.884733"
}