{
  "method": "dml_fixed",
  "func_type": "trig",
  "dim": 10,
  "n_samples": 256,
  "noise_level": 0.1,
  "seed": 456,
  "lambda": 1.0,
  "test_value_mse": 8.20818042755127,
  "test_grad_mse": 6.467577934265137,
  "best_epoch": 19,
  "time_s": 4.040148735046387,
  "n_epochs_actual": 70,
  "key": "trig_d10_n256_noise0.1_s456_dml_fixed",
  "timestamp": "2026-04-07T10:00:33.035646"
}