{
  "method": "vanilla",
  "func_type": "trig",
  "dim": 2,
  "n_samples": 1024,
  "noise_level": 0.1,
  "seed": 456,
  "lambda": 1.0,
  "test_value_mse": 0.006858002860099077,
  "test_grad_mse": 0.341449111700058,
  "best_epoch": 499,
  "time_s": 14.770651817321777,
  "n_epochs_actual": 500,
  "key": "trig_d2_n1024_noise0.1_s456_vanilla",
  "timestamp": "2026-04-07T05:30:59.854615"
}