{
  "method": "dml_gradnorm",
  "func_type": "trig",
  "dim": 100,
  "n_samples": 1024,
  "noise_level": 0.5,
  "seed": 123,
  "lambda": 1.0,
  "test_value_mse": 164.9807891845703,
  "test_grad_mse": 8.199649810791016,
  "best_epoch": 152,
  "time_s": 14.597305297851562,
  "n_epochs_actual": 203,
  "key": "trig_d100_n1024_noise0.5_s123_dml_gradnorm",
  "timestamp": "2026-04-07T14:20:08.647032"
}