{
  "method": "dml_relobralo",
  "func_type": "trig",
  "dim": 100,
  "n_samples": 1024,
  "noise_level": 0.2,
  "seed": 456,
  "lambda": 1.0,
  "test_value_mse": 94.89188385009766,
  "test_grad_mse": 8.182044982910156,
  "best_epoch": 12,
  "time_s": 2.956834316253662,
  "n_epochs_actual": 63,
  "key": "trig_d100_n1024_noise0.2_s456_dml_relobralo",
  "timestamp": "2026-04-26T11:11:01.610897"
}