{
  "method": "baseline_rf",
  "func_type": "trig",
  "dim": 20,
  "n_samples": 4096,
  "noise_level": 0.05,
  "seed": 456,
  "lambda": 1.0,
  "test_value_mse": 9.357900281603461,
  "test_grad_mse": 149.9054162453257,
  "time_s": 9.522663593292236,
  "key": "trig_d20_n4096_noise0.05_s456_baseline_rf",
  "timestamp": "2026-04-07T12:34:27.473780"
}