{
  "method": "dml_relobralo",
  "func_type": "trig",
  "dim": 20,
  "n_samples": 256,
  "noise_level": 0.5,
  "seed": 42,
  "lambda": 1.0,
  "test_value_mse": 23.090919494628906,
  "test_grad_mse": 5.512208938598633,
  "best_epoch": 31,
  "time_s": 2.8202788829803467,
  "n_epochs_actual": 82,
  "key": "trig_d20_n256_noise0.5_s42_dml_relobralo",
  "timestamp": "2026-04-26T10:59:39.427749"
}