{
  "method": "dml_fixed",
  "func_type": "trig",
  "dim": 20,
  "n_samples": 1024,
  "noise_level": 0.1,
  "seed": 456,
  "lambda": 1.0,
  "test_value_mse": 12.230589866638184,
  "test_grad_mse": 5.654226303100586,
  "best_epoch": 14,
  "time_s": 4.20540714263916,
  "n_epochs_actual": 65,
  "key": "trig_d20_n1024_noise0.1_s456_dml_fixed",
  "timestamp": "2026-04-07T12:08:51.032295"
}