{
  "method": "dml_relobralo",
  "func_type": "trig",
  "dim": 100,
  "n_samples": 4096,
  "noise_level": 0.5,
  "seed": 1000,
  "lambda": 1.0,
  "test_value_mse": 124.00467681884766,
  "test_grad_mse": 7.659980773925781,
  "best_epoch": 34,
  "time_s": 9.000689268112183,
  "n_epochs_actual": 85,
  "key": "trig_d100_n4096_noise0.5_s1000_dml_relobralo",
  "timestamp": "2026-04-26T11:14:15.182042"
}