{
  "method": "dml_relobralo",
  "func_type": "trig",
  "dim": 50,
  "n_samples": 1024,
  "noise_level": 0.1,
  "seed": 789,
  "lambda": 1.0,
  "test_value_mse": 53.60569763183594,
  "test_grad_mse": 10.866389274597168,
  "best_epoch": 22,
  "time_s": 4.0139665603637695,
  "n_epochs_actual": 73,
  "key": "trig_d50_n1024_noise0.1_s789_dml_relobralo",
  "timestamp": "2026-04-26T11:05:38.671340"
}