{
  "method": "dml_relobralo",
  "func_type": "trig",
  "dim": 50,
  "n_samples": 4096,
  "noise_level": 0.5,
  "seed": 789,
  "lambda": 1.0,
  "test_value_mse": 50.753517150878906,
  "test_grad_mse": 10.928789138793945,
  "best_epoch": 7,
  "time_s": 6.15285849571228,
  "n_epochs_actual": 58,
  "key": "trig_d50_n4096_noise0.5_s789_dml_relobralo",
  "timestamp": "2026-04-26T11:09:00.226337"
}