{
  "method": "dml_fixed",
  "func_type": "trig",
  "dim": 20,
  "n_samples": 2048,
  "noise_level": 0.0,
  "seed": 789,
  "lambda": 1.0,
  "test_value_mse": 24.90315818786621,
  "test_grad_mse": 14.712762832641602,
  "best_epoch": 13,
  "time_s": 4.496270418167114,
  "n_epochs_actual": 64,
  "key": "trig_d20_n2048_noise0.0_s789_dml_fixed",
  "timestamp": "2026-04-07T12:22:11.489164"
}