{
  "method": "dml_relobralo",
  "func_type": "trig",
  "dim": 100,
  "n_samples": 4096,
  "noise_level": 0.2,
  "seed": 123,
  "lambda": 1.0,
  "test_value_mse": 83.15137481689453,
  "test_grad_mse": 7.947569370269775,
  "best_epoch": 12,
  "time_s": 6.5781965255737305,
  "n_epochs_actual": 63,
  "key": "trig_d100_n4096_noise0.2_s123_dml_relobralo",
  "timestamp": "2026-04-26T11:13:12.804995"
}