{
  "method": "dml_fixed",
  "func_type": "trig",
  "dim": 10,
  "n_samples": 256,
  "noise_level": 0.2,
  "seed": 456,
  "lambda": 1.0,
  "test_value_mse": 8.364096641540527,
  "test_grad_mse": 6.458896160125732,
  "best_epoch": 18,
  "time_s": 4.734987020492554,
  "n_epochs_actual": 69,
  "key": "trig_d10_n256_noise0.2_s456_dml_fixed",
  "timestamp": "2026-04-07T10:02:32.392620"
}