{
  "method": "baseline_rf",
  "func_type": "trig",
  "dim": 10,
  "n_samples": 512,
  "noise_level": 0.0,
  "seed": 123,
  "lambda": 1.0,
  "test_value_mse": 4.159092120058241,
  "test_grad_mse": 4.558845058268707,
  "time_s": 2.446388006210327,
  "key": "trig_d10_n512_noise0.0_s123_baseline_rf",
  "timestamp": "2026-04-07T10:06:09.585080"
}