{
  "method": "dml_gradnorm",
  "func_type": "trig",
  "dim": 2,
  "n_samples": 256,
  "noise_level": 0.05,
  "seed": 123,
  "lambda": 1.0,
  "test_value_mse": 3.950645259465091e-05,
  "test_grad_mse": 0.00015490061196032912,
  "best_epoch": 227,
  "time_s": 12.80924129486084,
  "n_epochs_actual": 278,
  "key": "trig_d2_n256_noise0.05_s123_dml_gradnorm",
  "timestamp": "2026-04-07T05:05:28.554690"
}