{
  "method": "vanilla",
  "func_type": "trig",
  "dim": 50,
  "n_samples": 256,
  "noise_level": 0.5,
  "seed": 1000,
  "lambda": 1.0,
  "test_value_mse": 45.502254486083984,
  "test_grad_mse": 7.261560916900635,
  "best_epoch": 16,
  "time_s": 4.219652891159058,
  "n_epochs_actual": 67,
  "key": "trig_d50_n256_noise0.5_s1000_vanilla",
  "timestamp": "2026-04-07T13:38:27.297661"
}