{
  "method": "dml_relobralo",
  "func_type": "trig",
  "dim": 5,
  "n_samples": 512,
  "noise_level": 0.0,
  "seed": 123,
  "lambda": 1.0,
  "test_value_mse": 2.100273847579956,
  "test_grad_mse": 4.258350849151611,
  "best_epoch": 19,
  "time_s": 2.9617414474487305,
  "n_epochs_actual": 70,
  "key": "trig_d5_n512_noise0.0_s123_dml_relobralo",
  "timestamp": "2026-04-26T10:31:45.170180"
}