{
  "method": "dml_relobralo",
  "func_type": "trig",
  "dim": 100,
  "n_samples": 2048,
  "noise_level": 0.0,
  "seed": 42,
  "lambda": 1.0,
  "test_value_mse": 85.263427734375,
  "test_grad_mse": 7.360062599182129,
  "best_epoch": 10,
  "time_s": 3.925015449523926,
  "n_epochs_actual": 61,
  "key": "trig_d100_n2048_noise0.0_s42_dml_relobralo",
  "timestamp": "2026-04-26T11:11:29.688511"
}