{
  "method": "dml_fixed",
  "func_type": "trig",
  "dim": 20,
  "n_samples": 1024,
  "noise_level": 0.1,
  "seed": 1000,
  "lambda": 1.0,
  "test_value_mse": 18.92599105834961,
  "test_grad_mse": 6.416090965270996,
  "best_epoch": 17,
  "time_s": 4.335822105407715,
  "n_epochs_actual": 68,
  "key": "trig_d20_n1024_noise0.1_s1000_dml_fixed",
  "timestamp": "2026-04-07T12:10:33.151632"
}