{
  "method": "dml_fixed",
  "func_type": "trig",
  "dim": 50,
  "n_samples": 1024,
  "noise_level": 0.2,
  "seed": 789,
  "lambda": 1.0,
  "test_value_mse": 60.26569747924805,
  "test_grad_mse": 10.777941703796387,
  "best_epoch": 14,
  "time_s": 4.993694067001343,
  "n_epochs_actual": 65,
  "key": "trig_d50_n1024_noise0.2_s789_dml_fixed",
  "timestamp": "2026-04-07T13:45:23.129616"
}