{
  "method": "dml_relobralo",
  "func_type": "trig",
  "dim": 10,
  "n_samples": 512,
  "noise_level": 0.0,
  "seed": 42,
  "lambda": 1.0,
  "test_value_mse": 6.712190628051758,
  "test_grad_mse": 3.709542751312256,
  "best_epoch": 32,
  "time_s": 2.819878101348877,
  "n_epochs_actual": 83,
  "key": "trig_d10_n512_noise0.0_s42_dml_relobralo",
  "timestamp": "2026-04-26T10:49:58.301510"
}