{
  "method": "baseline_rf",
  "func_type": "trig",
  "dim": 10,
  "n_samples": 1024,
  "noise_level": 0.05,
  "seed": 42,
  "lambda": 1.0,
  "test_value_mse": 4.4321308791303515,
  "test_grad_mse": 3.763633772643617,
  "time_s": 4.1274237632751465,
  "key": "trig_d10_n1024_noise0.05_s42_baseline_rf",
  "timestamp": "2026-04-07T10:08:52.138458"
}