{
  "method": "vanilla",
  "func_type": "trig",
  "dim": 10,
  "n_samples": 1024,
  "noise_level": 0.1,
  "seed": 456,
  "lambda": 1.0,
  "test_value_mse": 7.133310794830322,
  "test_grad_mse": 6.543030738830566,
  "best_epoch": 20,
  "time_s": 4.71933650970459,
  "n_epochs_actual": 71,
  "key": "trig_d10_n1024_noise0.1_s456_vanilla",
  "timestamp": "2026-04-07T10:13:12.439242"
}