{
  "method": "baseline_rf",
  "func_type": "trig",
  "dim": 10,
  "n_samples": 4096,
  "noise_level": 0.05,
  "seed": 456,
  "lambda": 1.0,
  "test_value_mse": 3.9384078833936944,
  "test_grad_mse": 701.6301357854611,
  "time_s": 5.226407051086426,
  "key": "trig_d10_n4096_noise0.05_s456_baseline_rf",
  "timestamp": "2026-04-07T10:41:38.418762"
}