{
  "method": "dml_relobralo",
  "func_type": "trig",
  "dim": 50,
  "n_samples": 4096,
  "noise_level": 0.1,
  "seed": 42,
  "lambda": 1.0,
  "test_value_mse": 37.69215774536133,
  "test_grad_mse": 6.672815322875977,
  "best_epoch": 8,
  "time_s": 6.3518226146698,
  "n_epochs_actual": 59,
  "key": "trig_d50_n4096_noise0.1_s42_dml_relobralo",
  "timestamp": "2026-04-26T11:07:21.398838"
}