{
  "method": "vanilla",
  "func_type": "trig",
  "dim": 20,
  "n_samples": 256,
  "noise_level": 0.1,
  "seed": 789,
  "lambda": 1.0,
  "test_value_mse": 28.093198776245117,
  "test_grad_mse": 15.130303382873535,
  "best_epoch": 20,
  "time_s": 3.847536325454712,
  "n_epochs_actual": 71,
  "key": "trig_d20_n256_noise0.1_s789_vanilla",
  "timestamp": "2026-04-07T11:55:06.525432"
}