{
  "method": "baseline_rf",
  "func_type": "trig",
  "dim": 20,
  "n_samples": 512,
  "noise_level": 0.0,
  "seed": 42,
  "lambda": 1.0,
  "test_value_mse": 13.47721359463154,
  "test_grad_mse": 5.334539694202976,
  "time_s": 7.2378990650177,
  "key": "trig_d20_n512_noise0.0_s42_baseline_rf",
  "timestamp": "2026-04-07T12:00:44.431778"
}