{
  "method": "dml_fixed",
  "func_type": "trig",
  "dim": 20,
  "n_samples": 1024,
  "noise_level": 0.05,
  "seed": 42,
  "lambda": 1.0,
  "test_value_mse": 19.943973541259766,
  "test_grad_mse": 5.346619606018066,
  "best_epoch": 51,
  "time_s": 5.093876600265503,
  "n_epochs_actual": 102,
  "key": "trig_d20_n1024_noise0.05_s42_dml_fixed",
  "timestamp": "2026-04-07T12:03:37.827889"
}