{
  "method": "dml_gradnorm",
  "func_type": "trig",
  "dim": 100,
  "n_samples": 4096,
  "noise_level": 0.5,
  "seed": 789,
  "lambda": 1.0,
  "test_value_mse": 133.3009490966797,
  "test_grad_mse": 10.805635452270508,
  "best_epoch": 57,
  "time_s": 17.77919054031372,
  "n_epochs_actual": 108,
  "key": "trig_d100_n4096_noise0.5_s789_dml_gradnorm",
  "timestamp": "2026-04-07T14:36:20.830313"
}