{
  "method": "dml_fixed",
  "func_type": "trig",
  "dim": 5,
  "n_samples": 4096,
  "noise_level": 0.2,
  "seed": 123,
  "lambda": 1.0,
  "test_value_mse": 0.03735559061169624,
  "test_grad_mse": 0.04051796346902847,
  "best_epoch": 165,
  "time_s": 15.61886978149414,
  "n_epochs_actual": 216,
  "key": "trig_d5_n4096_noise0.2_s123_dml_fixed",
  "timestamp": "2026-04-07T09:17:45.937497"
}