{
  "method": "dml_relobralo",
  "func_type": "trig",
  "dim": 100,
  "n_samples": 256,
  "noise_level": 0.05,
  "seed": 456,
  "lambda": 1.0,
  "test_value_mse": 86.31316375732422,
  "test_grad_mse": 8.102232933044434,
  "best_epoch": 26,
  "time_s": 3.0026495456695557,
  "n_epochs_actual": 77,
  "key": "trig_d100_n256_noise0.05_s456_dml_relobralo",
  "timestamp": "2026-04-26T11:09:19.405803"
}