{
  "method": "baseline_rf",
  "func_type": "trig",
  "dim": 10,
  "n_samples": 2048,
  "noise_level": 0.0,
  "seed": 42,
  "lambda": 1.0,
  "test_value_mse": 4.053603336706021,
  "test_grad_mse": 2586.8155173031523,
  "time_s": 4.560242652893066,
  "key": "trig_d10_n2048_noise0.0_s42_baseline_rf",
  "timestamp": "2026-04-07T10:24:34.266567"
}