{
  "method": "dml_gradnorm",
  "func_type": "trig",
  "dim": 2,
  "n_samples": 256,
  "noise_level": 0.1,
  "seed": 1000,
  "lambda": 1.0,
  "test_value_mse": 0.011718226596713066,
  "test_grad_mse": 0.02765459567308426,
  "best_epoch": 286,
  "time_s": 10.727429866790771,
  "n_epochs_actual": 337,
  "key": "trig_d2_n256_noise0.1_s1000_dml_gradnorm",
  "timestamp": "2026-04-07T05:10:27.801338"
}