{
  "method": "vanilla",
  "func_type": "trig",
  "dim": 100,
  "n_samples": 2048,
  "noise_level": 0.0,
  "seed": 1000,
  "lambda": 1.0,
  "test_value_mse": 84.13894653320312,
  "test_grad_mse": 7.448488712310791,
  "best_epoch": 7,
  "time_s": 4.845141172409058,
  "n_epochs_actual": 58,
  "key": "trig_d100_n2048_noise0.0_s1000_vanilla",
  "timestamp": "2026-04-07T14:23:41.848290"
}