{
  "method": "baseline_gp",
  "func_type": "trig",
  "dim": 2,
  "n_samples": 512,
  "noise_level": 0.0,
  "seed": 789,
  "lambda": 1.0,
  "test_value_mse": 0.0005037395158285578,
  "test_grad_mse": 0.011554941656847307,
  "time_s": 17.63115096092224,
  "key": "trig_d2_n512_noise0.0_s789_baseline_gp",
  "timestamp": "2026-04-07T05:19:39.403007"
}