{
  "method": "baseline_rf",
  "func_type": "trig",
  "dim": 5,
  "n_samples": 1024,
  "noise_level": 0.1,
  "seed": 42,
  "lambda": 1.0,
  "test_value_mse": 1.1103377707923465,
  "test_grad_mse": 412.7126422429636,
  "time_s": 2.302560329437256,
  "key": "trig_d5_n1024_noise0.1_s42_baseline_rf",
  "timestamp": "2026-04-07T08:03:25.809880"
}