{
  "method": "dml_relobralo",
  "func_type": "trig",
  "dim": 2,
  "n_samples": 256,
  "noise_level": 0.2,
  "seed": 1000,
  "lambda": 1.0,
  "test_value_mse": 0.02148909494280815,
  "test_grad_mse": 0.08537682890892029,
  "best_epoch": 139,
  "time_s": 4.302467584609985,
  "n_epochs_actual": 190,
  "key": "trig_d2_n256_noise0.2_s1000_dml_relobralo",
  "timestamp": "2026-04-26T10:14:00.866217"
}