{
  "method": "dml_gradnorm",
  "func_type": "trig",
  "dim": 5,
  "n_samples": 4096,
  "noise_level": 0.1,
  "seed": 456,
  "lambda": 1.0,
  "test_value_mse": 0.04858384653925896,
  "test_grad_mse": 0.05179443955421448,
  "best_epoch": 307,
  "time_s": 50.53698921203613,
  "n_epochs_actual": 358,
  "key": "trig_d5_n4096_noise0.1_s456_dml_gradnorm",
  "timestamp": "2026-04-07T08:58:58.375497"
}