{
  "method": "baseline_krr",
  "func_type": "trig",
  "dim": 10,
  "n_samples": 512,
  "noise_level": 0.0,
  "seed": 1000,
  "lambda": 1.0,
  "test_value_mse": 9.803323745727539,
  "test_grad_mse": 4.597594229336436,
  "time_s": 0.11773538589477539,
  "key": "trig_d10_n512_noise0.0_s1000_baseline_krr",
  "timestamp": "2026-04-07T10:08:02.268036"
}