{
  "method": "baseline_krr",
  "func_type": "trig",
  "dim": 20,
  "n_samples": 4096,
  "noise_level": 0.5,
  "seed": 456,
  "lambda": 1.0,
  "test_value_mse": 12.050064086914062,
  "test_grad_mse": 5.679451533518542,
  "time_s": 4.760879993438721,
  "key": "trig_d20_n4096_noise0.5_s456_baseline_krr",
  "timestamp": "2026-04-07T13:26:00.532091"
}