{
  "method": "baseline_rf",
  "func_type": "trig",
  "dim": 10,
  "n_samples": 1024,
  "noise_level": 0.2,
  "seed": 456,
  "lambda": 1.0,
  "test_value_mse": 5.0134575525686405,
  "test_grad_mse": 448.0756114515949,
  "time_s": 4.314344882965088,
  "key": "trig_d10_n1024_noise0.2_s456_baseline_rf",
  "timestamp": "2026-04-07T10:18:19.450007"
}