{
  "method": "vanilla",
  "func_type": "trig",
  "dim": 10,
  "n_samples": 1024,
  "noise_level": 0.05,
  "seed": 42,
  "lambda": 1.0,
  "test_value_mse": 7.388650417327881,
  "test_grad_mse": 3.808107614517212,
  "best_epoch": 9,
  "time_s": 4.04066276550293,
  "n_epochs_actual": 60,
  "key": "trig_d10_n1024_noise0.05_s42_vanilla",
  "timestamp": "2026-04-07T10:08:10.279541"
}