{
  "method": "dml_gradnorm",
  "func_type": "trig",
  "dim": 2,
  "n_samples": 2048,
  "noise_level": 0.0,
  "seed": 789,
  "lambda": 1.0,
  "test_value_mse": 0.000916691089514643,
  "test_grad_mse": 0.01175217516720295,
  "best_epoch": 242,
  "time_s": 21.151103019714355,
  "n_epochs_actual": 293,
  "key": "trig_d2_n2048_noise0.0_s789_dml_gradnorm",
  "timestamp": "2026-04-07T05:53:24.495318"
}