{
  "method": "baseline_krr",
  "func_type": "trig",
  "dim": 5,
  "n_samples": 1024,
  "noise_level": 0.05,
  "seed": 456,
  "lambda": 1.0,
  "test_value_mse": 3.0571420192718506,
  "test_grad_mse": 6.304066776587624,
  "time_s": 0.3074789047241211,
  "key": "trig_d5_n1024_noise0.05_s456_baseline_krr",
  "timestamp": "2026-04-07T08:00:58.109798"
}