{
  "method": "dml_gradnorm",
  "func_type": "trig",
  "dim": 20,
  "n_samples": 1024,
  "noise_level": 0.1,
  "seed": 1000,
  "lambda": 1.0,
  "test_value_mse": 17.625080108642578,
  "test_grad_mse": 6.5219855308532715,
  "best_epoch": 20,
  "time_s": 6.649172306060791,
  "n_epochs_actual": 71,
  "key": "trig_d20_n1024_noise0.1_s1000_dml_gradnorm",
  "timestamp": "2026-04-07T12:10:39.801321"
}