{
  "method": "baseline_rf",
  "func_type": "trig",
  "dim": 5,
  "n_samples": 512,
  "noise_level": 0.0,
  "seed": 789,
  "lambda": 1.0,
  "test_value_mse": 1.711781090479475,
  "test_grad_mse": 731.611138879649,
  "time_s": 2.110267162322998,
  "key": "trig_d5_n512_noise0.0_s789_baseline_rf",
  "timestamp": "2026-04-07T07:57:53.408213"
}