{
  "method": "baseline_gp",
  "func_type": "trig",
  "dim": 20,
  "n_samples": 512,
  "noise_level": 0.0,
  "seed": 789,
  "lambda": 1.0,
  "test_value_mse": 21.504581201727888,
  "test_grad_mse": 15.102299760520655,
  "time_s": 3.9733426570892334,
  "key": "trig_d20_n512_noise0.0_s789_baseline_gp",
  "timestamp": "2026-04-07T12:02:27.148898"
}