{
  "method": "dml_gradnorm",
  "func_type": "trig",
  "dim": 20,
  "n_samples": 4096,
  "noise_level": 0.2,
  "seed": 123,
  "lambda": 1.0,
  "test_value_mse": 14.724771499633789,
  "test_grad_mse": 7.724347114562988,
  "best_epoch": 11,
  "time_s": 10.422815799713135,
  "n_epochs_actual": 62,
  "key": "trig_d20_n4096_noise0.2_s123_dml_gradnorm",
  "timestamp": "2026-04-07T13:00:54.070387"
}