{
  "method": "dml_fixed",
  "func_type": "trig",
  "dim": 2,
  "n_samples": 1024,
  "noise_level": 0.05,
  "seed": 1000,
  "lambda": 1.0,
  "test_value_mse": 0.0003803552535828203,
  "test_grad_mse": 0.001955486601218581,
  "best_epoch": 277,
  "time_s": 9.21592092514038,
  "n_epochs_actual": 328,
  "key": "trig_d2_n1024_noise0.05_s1000_dml_fixed",
  "timestamp": "2026-04-07T05:26:18.983583"
}