{
  "method": "vanilla",
  "func_type": "trig",
  "dim": 2,
  "n_samples": 1024,
  "noise_level": 0.1,
  "seed": 789,
  "lambda": 1.0,
  "test_value_mse": 0.013141501694917679,
  "test_grad_mse": 0.6860572099685669,
  "best_epoch": 496,
  "time_s": 13.734546661376953,
  "n_epochs_actual": 500,
  "key": "trig_d2_n1024_noise0.1_s789_vanilla",
  "timestamp": "2026-04-07T05:32:19.272840"
}