{
  "method": "dml_gradnorm",
  "func_type": "trig",
  "dim": 20,
  "n_samples": 512,
  "noise_level": 0.0,
  "seed": 789,
  "lambda": 1.0,
  "test_value_mse": 21.217987060546875,
  "test_grad_mse": 15.08444881439209,
  "best_epoch": 21,
  "time_s": 4.858043909072876,
  "n_epochs_actual": 72,
  "key": "trig_d20_n512_noise0.0_s789_dml_gradnorm",
  "timestamp": "2026-04-07T12:02:19.106406"
}