{
  "method": "baseline_krr",
  "func_type": "trig",
  "dim": 10,
  "n_samples": 256,
  "noise_level": 0.05,
  "seed": 1000,
  "lambda": 1.0,
  "test_value_mse": 8.304819107055664,
  "test_grad_mse": 4.809387972287327,
  "time_s": 0.011144638061523438,
  "key": "trig_d10_n256_noise0.05_s1000_baseline_krr",
  "timestamp": "2026-04-07T09:59:38.109515"
}