{
  "method": "dml_gradnorm",
  "func_type": "trig",
  "dim": 20,
  "n_samples": 1024,
  "noise_level": 0.1,
  "seed": 789,
  "lambda": 1.0,
  "test_value_mse": 24.119098663330078,
  "test_grad_mse": 15.113947868347168,
  "best_epoch": 4,
  "time_s": 5.527112722396851,
  "n_epochs_actual": 55,
  "key": "trig_d20_n1024_noise0.1_s789_dml_gradnorm",
  "timestamp": "2026-04-07T12:09:44.568166"
}