{
  "method": "dml_relobralo",
  "func_type": "trig",
  "dim": 20,
  "n_samples": 4096,
  "noise_level": 0.5,
  "seed": 789,
  "lambda": 1.0,
  "test_value_mse": 23.629423141479492,
  "test_grad_mse": 14.877179145812988,
  "best_epoch": 11,
  "time_s": 6.190258979797363,
  "n_epochs_actual": 62,
  "key": "trig_d20_n4096_noise0.5_s789_dml_relobralo",
  "timestamp": "2026-04-26T11:03:53.379033"
}