{
  "method": "baseline_krr",
  "func_type": "trig",
  "dim": 2,
  "n_samples": 512,
  "noise_level": 0.0,
  "seed": 123,
  "lambda": 1.0,
  "test_value_mse": 0.0030390454921871424,
  "test_grad_mse": 0.007024770081791862,
  "time_s": 0.00724482536315918,
  "key": "trig_d2_n512_noise0.0_s123_baseline_krr",
  "timestamp": "2026-04-07T05:17:27.179388"
}