{
  "method": "baseline_rf",
  "func_type": "trig",
  "dim": 10,
  "n_samples": 4096,
  "noise_level": 0.5,
  "seed": 123,
  "lambda": 1.0,
  "test_value_mse": 2.7656549139778583,
  "test_grad_mse": 301.30848539986175,
  "time_s": 5.197625637054443,
  "key": "trig_d10_n4096_noise0.5_s123_baseline_rf",
  "timestamp": "2026-04-07T11:39:39.378045"
}