{
  "method": "dml_gradnorm",
  "func_type": "trig",
  "dim": 100,
  "n_samples": 1024,
  "noise_level": 0.5,
  "seed": 789,
  "lambda": 1.0,
  "test_value_mse": 131.83067321777344,
  "test_grad_mse": 10.752181053161621,
  "best_epoch": 175,
  "time_s": 16.85646629333496,
  "n_epochs_actual": 226,
  "key": "trig_d100_n1024_noise0.5_s789_dml_gradnorm",
  "timestamp": "2026-04-07T14:21:07.594588"
}