{
  "method": "baseline_gp",
  "func_type": "trig",
  "dim": 20,
  "n_samples": 2048,
  "noise_level": 0.0,
  "seed": 1000,
  "lambda": 1.0,
  "test_value_mse": 21.901323685341882,
  "test_grad_mse": 6.492632241345629,
  "time_s": 30.71660327911377,
  "key": "trig_d20_n2048_noise0.0_s1000_baseline_gp",
  "timestamp": "2026-04-07T12:24:00.442811"
}