{
  "method": "baseline_gp",
  "func_type": "trig",
  "dim": 5,
  "n_samples": 4096,
  "noise_level": 0.1,
  "seed": 789,
  "lambda": 1.0,
  "test_value_mse": 3.455051103340214,
  "test_grad_mse": 9.043423035787706,
  "time_s": 173.7305142879486,
  "key": "trig_d5_n4096_noise0.1_s789_baseline_gp",
  "timestamp": "2026-04-07T09:07:35.825980"
}