{
  "method": "dml_fixed",
  "func_type": "trig",
  "dim": 5,
  "n_samples": 4096,
  "noise_level": 0.1,
  "seed": 42,
  "lambda": 1.0,
  "test_value_mse": 0.008908281102776527,
  "test_grad_mse": 0.016701819375157356,
  "best_epoch": 293,
  "time_s": 23.671578407287598,
  "n_epochs_actual": 344,
  "key": "trig_d5_n4096_noise0.1_s42_dml_fixed",
  "timestamp": "2026-04-07T08:49:38.974906"
}