{
  "method": "dml_relobralo",
  "func_type": "trig",
  "dim": 20,
  "n_samples": 512,
  "noise_level": 0.0,
  "seed": 456,
  "lambda": 1.0,
  "test_value_mse": 11.723002433776855,
  "test_grad_mse": 5.6609601974487305,
  "best_epoch": 33,
  "time_s": 2.819667339324951,
  "n_epochs_actual": 84,
  "key": "trig_d20_n512_noise0.0_s456_dml_relobralo",
  "timestamp": "2026-04-26T10:59:58.798083"
}