{
  "method": "baseline_krr",
  "func_type": "trig",
  "dim": 10,
  "n_samples": 4096,
  "noise_level": 0.1,
  "seed": 789,
  "lambda": 1.0,
  "test_value_mse": 12.091334342956543,
  "test_grad_mse": 14.073607189005129,
  "time_s": 2.9441885948181152,
  "key": "trig_d10_n4096_noise0.1_s789_baseline_krr",
  "timestamp": "2026-04-07T11:08:15.222065"
}