{
  "method": "vanilla",
  "func_type": "trig",
  "dim": 50,
  "n_samples": 512,
  "noise_level": 0.0,
  "seed": 1000,
  "lambda": 1.0,
  "test_value_mse": 48.45796203613281,
  "test_grad_mse": 7.189188480377197,
  "best_epoch": 20,
  "time_s": 3.4857356548309326,
  "n_epochs_actual": 71,
  "key": "trig_d50_n512_noise0.0_s1000_vanilla",
  "timestamp": "2026-04-07T13:40:00.428924"
}