{
  "method": "dml_relobralo",
  "func_type": "trig",
  "dim": 5,
  "n_samples": 1024,
  "noise_level": 0.05,
  "seed": 1000,
  "lambda": 1.0,
  "test_value_mse": 0.013551553711295128,
  "test_grad_mse": 0.030008209869265556,
  "best_epoch": 491,
  "time_s": 17.73765254020691,
  "n_epochs_actual": 500,
  "key": "trig_d5_n1024_noise0.05_s1000_dml_relobralo",
  "timestamp": "2026-04-26T10:33:15.086856"
}