{
  "method": "dml_gradnorm",
  "func_type": "trig",
  "dim": 10,
  "n_samples": 1024,
  "noise_level": 0.1,
  "seed": 789,
  "lambda": 1.0,
  "test_value_mse": 14.265824317932129,
  "test_grad_mse": 13.541730880737305,
  "best_epoch": 12,
  "time_s": 6.079050540924072,
  "n_epochs_actual": 63,
  "key": "trig_d10_n1024_noise0.1_s789_dml_gradnorm",
  "timestamp": "2026-04-07T10:13:58.812894"
}