{
  "method": "dml_gradnorm",
  "func_type": "trig",
  "dim": 50,
  "n_samples": 1024,
  "noise_level": 0.05,
  "seed": 42,
  "lambda": 1.0,
  "test_value_mse": 39.6493034362793,
  "test_grad_mse": 6.773903846740723,
  "best_epoch": 17,
  "time_s": 7.101712942123413,
  "n_epochs_actual": 68,
  "key": "trig_d50_n1024_noise0.05_s42_dml_gradnorm",
  "timestamp": "2026-04-07T13:40:33.724747"
}