{
  "method": "baseline_rf",
  "func_type": "trig",
  "dim": 5,
  "n_samples": 4096,
  "noise_level": 0.2,
  "seed": 789,
  "lambda": 1.0,
  "test_value_mse": 0.8571875210853206,
  "test_grad_mse": 2254.9735617765873,
  "time_s": 3.2308545112609863,
  "key": "trig_d5_n4096_noise0.2_s789_baseline_rf",
  "timestamp": "2026-04-07T09:32:05.169634"
}