{
  "method": "dml_gradnorm",
  "func_type": "trig",
  "dim": 2,
  "n_samples": 256,
  "noise_level": 0.1,
  "seed": 42,
  "lambda": 1.0,
  "test_value_mse": 0.2364603728055954,
  "test_grad_mse": 1.8632022142410278,
  "best_epoch": 115,
  "time_s": 6.221496105194092,
  "n_epochs_actual": 166,
  "key": "trig_d2_n256_noise0.1_s42_dml_gradnorm",
  "timestamp": "2026-04-07T05:08:12.071328"
}