{
  "method": "dml_fixed",
  "func_type": "trig",
  "dim": 5,
  "n_samples": 4096,
  "noise_level": 0.2,
  "seed": 1000,
  "lambda": 1.0,
  "test_value_mse": 0.024239223450422287,
  "test_grad_mse": 0.026226326823234558,
  "best_epoch": 162,
  "time_s": 16.915799856185913,
  "n_epochs_actual": 213,
  "key": "trig_d5_n4096_noise0.2_s1000_dml_fixed",
  "timestamp": "2026-04-07T09:32:48.824593"
}