{
  "method": "dml_fixed",
  "func_type": "trig",
  "dim": 20,
  "n_samples": 1024,
  "noise_level": 0.5,
  "seed": 42,
  "lambda": 1.0,
  "test_value_mse": 18.1171875,
  "test_grad_mse": 5.426618576049805,
  "best_epoch": 10,
  "time_s": 4.373834609985352,
  "n_epochs_actual": 61,
  "key": "trig_d20_n1024_noise0.5_s42_dml_fixed",
  "timestamp": "2026-04-07T12:15:09.295586"
}