{
  "method": "vanilla",
  "func_type": "trig",
  "dim": 50,
  "n_samples": 256,
  "noise_level": 0.2,
  "seed": 42,
  "lambda": 1.0,
  "test_value_mse": 32.04066848754883,
  "test_grad_mse": 6.598458766937256,
  "best_epoch": 13,
  "time_s": 4.29712438583374,
  "n_epochs_actual": 64,
  "key": "trig_d50_n256_noise0.2_s42_vanilla",
  "timestamp": "2026-04-07T13:35:47.631255"
}