{
  "method": "dml_relobralo",
  "func_type": "trig",
  "dim": 100,
  "n_samples": 256,
  "noise_level": 0.1,
  "seed": 42,
  "lambda": 1.0,
  "test_value_mse": 72.25199890136719,
  "test_grad_mse": 7.452205657958984,
  "best_epoch": 16,
  "time_s": 2.872101306915283,
  "n_epochs_actual": 67,
  "key": "trig_d100_n256_noise0.1_s42_dml_relobralo",
  "timestamp": "2026-04-26T11:09:27.831162"
}