{
  "method": "baseline_krr",
  "func_type": "trig",
  "dim": 20,
  "n_samples": 2048,
  "noise_level": 0.0,
  "seed": 1000,
  "lambda": 1.0,
  "test_value_mse": 18.843475341796875,
  "test_grad_mse": 6.480134357379277,
  "time_s": 0.6358754634857178,
  "key": "trig_d20_n2048_noise0.0_s1000_baseline_krr",
  "timestamp": "2026-04-07T12:24:01.094053"
}