{
  "method": "baseline_gp",
  "func_type": "trig",
  "dim": 10,
  "n_samples": 1024,
  "noise_level": 0.1,
  "seed": 123,
  "lambda": 1.0,
  "test_value_mse": 4.493799587070667,
  "test_grad_mse": 4.383107724298378,
  "time_s": 12.7771577835083,
  "key": "trig_d10_n1024_noise0.1_s123_baseline_gp",
  "timestamp": "2026-04-07T10:13:03.245381"
}