{
  "method": "baseline_rf",
  "func_type": "trig",
  "dim": 10,
  "n_samples": 1024,
  "noise_level": 0.5,
  "seed": 456,
  "lambda": 1.0,
  "test_value_mse": 5.013457552568641,
  "test_grad_mse": 448.0756114516372,
  "time_s": 4.087368726730347,
  "key": "trig_d10_n1024_noise0.5_s456_baseline_rf",
  "timestamp": "2026-04-07T10:22:13.594287"
}