{
  "method": "baseline_krr",
  "func_type": "trig",
  "dim": 2,
  "n_samples": 2048,
  "noise_level": 0.0,
  "seed": 1000,
  "lambda": 1.0,
  "test_value_mse": 0.08132084459066391,
  "test_grad_mse": 0.7163228262124476,
  "time_s": 0.19138669967651367,
  "key": "trig_d2_n2048_noise0.0_s1000_baseline_krr",
  "timestamp": "2026-04-07T05:56:37.806812"
}