{
  "method": "baseline_gp",
  "func_type": "trig",
  "dim": 2,
  "n_samples": 4096,
  "noise_level": 0.5,
  "seed": 1000,
  "lambda": 1.0,
  "test_value_mse": 5.461867605718853e-08,
  "test_grad_mse": 1.1852826675910265e-05,
  "time_s": 260.71453523635864,
  "key": "trig_d2_n4096_noise0.5_s1000_baseline_gp",
  "timestamp": "2026-04-07T07:48:38.211984"
}