{
  "method": "dml_relobralo",
  "func_type": "trig",
  "dim": 2,
  "n_samples": 1024,
  "noise_level": 0.05,
  "seed": 123,
  "lambda": 1.0,
  "test_value_mse": 9.516742466075812e-06,
  "test_grad_mse": 4.7638590331189334e-05,
  "best_epoch": 285,
  "time_s": 11.734753847122192,
  "n_epochs_actual": 336,
  "key": "trig_d2_n1024_noise0.05_s123_dml_relobralo",
  "timestamp": "2026-04-26T10:15:49.817603"
}