{
  "method": "baseline_rf",
  "func_type": "trig",
  "dim": 20,
  "n_samples": 256,
  "noise_level": 0.05,
  "seed": 789,
  "lambda": 1.0,
  "test_value_mse": 21.735572878759793,
  "test_grad_mse": 15.078072410574315,
  "time_s": 7.021082401275635,
  "key": "trig_d20_n256_noise0.05_s789_baseline_rf",
  "timestamp": "2026-04-07T11:53:22.504708"
}