{
  "method": "dml_relobralo",
  "func_type": "trig",
  "dim": 5,
  "n_samples": 1024,
  "noise_level": 0.5,
  "seed": 1000,
  "lambda": 1.0,
  "test_value_mse": 0.7667350769042969,
  "test_grad_mse": 0.8877647519111633,
  "best_epoch": 101,
  "time_s": 5.390604019165039,
  "n_epochs_actual": 152,
  "key": "trig_d5_n1024_noise0.5_s1000_dml_relobralo",
  "timestamp": "2026-04-26T10:35:48.511441"
}