{
  "method": "vanilla",
  "func_type": "trig",
  "dim": 10,
  "n_samples": 256,
  "noise_level": 0.05,
  "seed": 123,
  "lambda": 1.0,
  "test_value_mse": 5.298801898956299,
  "test_grad_mse": 4.738082408905029,
  "best_epoch": 16,
  "time_s": 3.7711544036865234,
  "n_epochs_actual": 67,
  "key": "trig_d10_n256_noise0.05_s123_vanilla",
  "timestamp": "2026-04-07T09:58:19.906959"
}