{
  "method": "dml_gradnorm",
  "func_type": "trig",
  "dim": 10,
  "n_samples": 1024,
  "noise_level": 0.05,
  "seed": 789,
  "lambda": 1.0,
  "test_value_mse": 14.321438789367676,
  "test_grad_mse": 13.541844367980957,
  "best_epoch": 12,
  "time_s": 5.9967334270477295,
  "n_epochs_actual": 63,
  "key": "trig_d10_n1024_noise0.05_s789_dml_gradnorm",
  "timestamp": "2026-04-07T10:10:47.856716"
}