{
  "method": "baseline_gp",
  "func_type": "trig",
  "dim": 10,
  "n_samples": 4096,
  "noise_level": 0.05,
  "seed": 456,
  "lambda": 1.0,
  "test_value_mse": 7.6552703885641575,
  "test_grad_mse": 6.416772470399463,
  "time_s": 153.18967485427856,
  "key": "trig_d10_n4096_noise0.05_s456_baseline_gp",
  "timestamp": "2026-04-07T10:41:31.895456"
}