{
  "method": "dml_relobralo",
  "func_type": "trig",
  "dim": 2,
  "n_samples": 1024,
  "noise_level": 0.1,
  "seed": 42,
  "lambda": 1.0,
  "test_value_mse": 0.00412259204313159,
  "test_grad_mse": 0.0165115837007761,
  "best_epoch": 366,
  "time_s": 13.77095627784729,
  "n_epochs_actual": 417,
  "key": "trig_d2_n1024_noise0.1_s42_dml_relobralo",
  "timestamp": "2026-04-26T10:16:40.775346"
}