{
  "method": "dml_relobralo",
  "func_type": "trig",
  "dim": 50,
  "n_samples": 2048,
  "noise_level": 0.0,
  "seed": 123,
  "lambda": 1.0,
  "test_value_mse": 38.2352294921875,
  "test_grad_mse": 6.686603546142578,
  "best_epoch": 13,
  "time_s": 3.7373971939086914,
  "n_epochs_actual": 64,
  "key": "trig_d50_n2048_noise0.0_s123_dml_relobralo",
  "timestamp": "2026-04-26T11:06:26.162718"
}