{
  "method": "dml_fixed",
  "func_type": "trig",
  "dim": 2,
  "n_samples": 4096,
  "noise_level": 0.1,
  "seed": 1000,
  "lambda": 1.0,
  "test_value_mse": 0.0006682004895992577,
  "test_grad_mse": 0.0017408037092536688,
  "best_epoch": 213,
  "time_s": 16.041651248931885,
  "n_epochs_actual": 264,
  "key": "trig_d2_n4096_noise0.1_s1000_dml_fixed",
  "timestamp": "2026-04-07T06:49:04.821683"
}