{
  "method": "dml_gradnorm",
  "func_type": "trig",
  "dim": 10,
  "n_samples": 1024,
  "noise_level": 0.05,
  "seed": 456,
  "lambda": 1.0,
  "test_value_mse": 6.954632759094238,
  "test_grad_mse": 6.531339645385742,
  "best_epoch": 14,
  "time_s": 6.388080835342407,
  "n_epochs_actual": 65,
  "key": "trig_d10_n1024_noise0.05_s456_dml_gradnorm",
  "timestamp": "2026-04-07T10:10:16.421204"
}