{
  "method": "baseline_krr",
  "func_type": "trig",
  "dim": 10,
  "n_samples": 512,
  "noise_level": 0.0,
  "seed": 123,
  "lambda": 1.0,
  "test_value_mse": 6.520724296569824,
  "test_grad_mse": 4.533555667647972,
  "time_s": 0.11569929122924805,
  "key": "trig_d10_n512_noise0.0_s123_baseline_krr",
  "timestamp": "2026-04-07T10:06:07.137946"
}