{
  "method": "vanilla",
  "func_type": "trig",
  "dim": 2,
  "n_samples": 256,
  "noise_level": 0.05,
  "seed": 123,
  "lambda": 1.0,
  "test_value_mse": 0.0010218602837994695,
  "test_grad_mse": 0.006215743720531464,
  "best_epoch": 103,
  "time_s": 4.854611396789551,
  "n_epochs_actual": 154,
  "key": "trig_d2_n256_noise0.05_s123_vanilla",
  "timestamp": "2026-04-07T05:05:09.146747"
}