{
  "method": "baseline_rf",
  "func_type": "trig",
  "dim": 20,
  "n_samples": 256,
  "noise_level": 0.2,
  "seed": 42,
  "lambda": 1.0,
  "test_value_mse": 17.23213042551224,
  "test_grad_mse": 5.445715883327454,
  "time_s": 7.0536229610443115,
  "key": "trig_d20_n256_noise0.2_s42_baseline_rf",
  "timestamp": "2026-04-07T11:56:16.120053"
}