{
  "method": "baseline_rf",
  "func_type": "trig",
  "dim": 5,
  "n_samples": 1024,
  "noise_level": 0.2,
  "seed": 1000,
  "lambda": 1.0,
  "test_value_mse": 1.7165592645744792,
  "test_grad_mse": 3.11436173216939,
  "time_s": 1.860713005065918,
  "key": "trig_d5_n1024_noise0.2_s1000_baseline_rf",
  "timestamp": "2026-04-07T08:10:54.095807"
}