{
  "method": "baseline_rf",
  "func_type": "trig",
  "dim": 5,
  "n_samples": 1024,
  "noise_level": 0.2,
  "seed": 123,
  "lambda": 1.0,
  "test_value_mse": 1.0903755818600556,
  "test_grad_mse": 148.2691806559536,
  "time_s": 2.168179988861084,
  "key": "trig_d5_n1024_noise0.2_s123_baseline_rf",
  "timestamp": "2026-04-07T08:08:29.333594"
}