{
  "method": "dml_fixed",
  "func_type": "trig",
  "dim": 100,
  "n_samples": 1024,
  "noise_level": 0.05,
  "seed": 123,
  "lambda": 1.0,
  "test_value_mse": 93.4037857055664,
  "test_grad_mse": 7.910780429840088,
  "best_epoch": 32,
  "time_s": 5.7075035572052,
  "n_epochs_actual": 83,
  "key": "trig_d100_n1024_noise0.05_s123_dml_fixed",
  "timestamp": "2026-04-07T14:12:32.613267"
}