{
  "method": "baseline_krr",
  "func_type": "trig",
  "dim": 5,
  "n_samples": 512,
  "noise_level": 0.0,
  "seed": 456,
  "lambda": 1.0,
  "test_value_mse": 3.723371982574463,
  "test_grad_mse": 6.330180603229525,
  "time_s": 0.0339970588684082,
  "key": "trig_d5_n512_noise0.0_s456_baseline_krr",
  "timestamp": "2026-04-07T07:57:31.016345"
}