{
  "method": "vanilla",
  "func_type": "trig",
  "dim": 10,
  "n_samples": 4096,
  "noise_level": 0.5,
  "seed": 123,
  "lambda": 1.0,
  "test_value_mse": 3.5816826820373535,
  "test_grad_mse": 4.14326286315918,
  "best_epoch": 40,
  "time_s": 6.374703884124756,
  "n_epochs_actual": 91,
  "key": "trig_d10_n4096_noise0.5_s123_vanilla",
  "timestamp": "2026-04-07T11:35:41.599061"
}