{
  "method": "baseline_krr",
  "func_type": "trig",
  "dim": 10,
  "n_samples": 4096,
  "noise_level": 0.5,
  "seed": 123,
  "lambda": 1.0,
  "test_value_mse": 4.0904951095581055,
  "test_grad_mse": 4.258782667528908,
  "time_s": 1.1513824462890625,
  "key": "trig_d10_n4096_noise0.5_s123_baseline_krr",
  "timestamp": "2026-04-07T11:39:34.179676"
}