{
  "method": "baseline_krr",
  "func_type": "trig",
  "dim": 10,
  "n_samples": 2048,
  "noise_level": 0.0,
  "seed": 1000,
  "lambda": 1.0,
  "test_value_mse": 7.541345596313477,
  "test_grad_mse": 4.483774819753645,
  "time_s": 0.40651702880859375,
  "key": "trig_d10_n2048_noise0.0_s1000_baseline_krr",
  "timestamp": "2026-04-07T10:29:28.433975"
}