{
  "method": "dml_relobralo",
  "func_type": "trig",
  "dim": 100,
  "n_samples": 256,
  "noise_level": 0.1,
  "seed": 789,
  "lambda": 1.0,
  "test_value_mse": 91.48970031738281,
  "test_grad_mse": 10.557116508483887,
  "best_epoch": 16,
  "time_s": 2.552741289138794,
  "n_epochs_actual": 67,
  "key": "trig_d100_n256_noise0.1_s789_dml_relobralo",
  "timestamp": "2026-04-26T11:09:36.153802"
}