{
  "method": "baseline_gp",
  "func_type": "trig",
  "dim": 2,
  "n_samples": 1024,
  "noise_level": 0.1,
  "seed": 42,
  "lambda": 1.0,
  "test_value_mse": 3.8766160715780586e-07,
  "test_grad_mse": 4.6010005534680036e-05,
  "time_s": 67.18963551521301,
  "key": "trig_d2_n1024_noise0.1_s42_baseline_gp",
  "timestamp": "2026-04-07T05:29:45.516640"
}