{
  "method": "dml_gradnorm",
  "func_type": "trig",
  "dim": 100,
  "n_samples": 1024,
  "noise_level": 0.05,
  "seed": 1000,
  "lambda": 1.0,
  "test_value_mse": 105.56381225585938,
  "test_grad_mse": 7.465566158294678,
  "best_epoch": 112,
  "time_s": 11.87980318069458,
  "n_epochs_actual": 163,
  "key": "trig_d100_n1024_noise0.05_s1000_dml_gradnorm",
  "timestamp": "2026-04-07T14:14:14.097590"
}