{
  "method": "dml_relobralo",
  "func_type": "trig",
  "dim": 5,
  "n_samples": 2048,
  "noise_level": 0.0,
  "seed": 456,
  "lambda": 1.0,
  "test_value_mse": 0.244523823261261,
  "test_grad_mse": 0.5912728905677795,
  "best_epoch": 498,
  "time_s": 22.69649076461792,
  "n_epochs_actual": 500,
  "key": "trig_d5_n2048_noise0.0_s456_dml_relobralo",
  "timestamp": "2026-04-26T10:36:58.666151"
}