{
  "method": "dml_relobralo",
  "func_type": "trig",
  "dim": 2,
  "n_samples": 256,
  "noise_level": 0.05,
  "seed": 123,
  "lambda": 1.0,
  "test_value_mse": 3.8049685826990753e-05,
  "test_grad_mse": 0.00015304438420571387,
  "best_epoch": 231,
  "time_s": 6.671386480331421,
  "n_epochs_actual": 282,
  "key": "trig_d2_n256_noise0.05_s123_dml_relobralo",
  "timestamp": "2026-04-26T10:12:06.499952"
}