{
  "method": "dml_gradnorm",
  "func_type": "trig",
  "dim": 5,
  "n_samples": 4096,
  "noise_level": 0.5,
  "seed": 1000,
  "lambda": 1.0,
  "test_value_mse": 0.2436107099056244,
  "test_grad_mse": 0.13670144975185394,
  "best_epoch": 125,
  "time_s": 27.37900972366333,
  "n_epochs_actual": 176,
  "key": "trig_d5_n4096_noise0.5_s1000_dml_gradnorm",
  "timestamp": "2026-04-07T09:54:32.369287"
}