{
  "method": "dml_fixed",
  "func_type": "trig",
  "dim": 2,
  "n_samples": 256,
  "noise_level": 0.5,
  "seed": 789,
  "lambda": 1.0,
  "test_value_mse": 0.5379809737205505,
  "test_grad_mse": 1.2645403146743774,
  "best_epoch": 125,
  "time_s": 5.848662614822388,
  "n_epochs_actual": 176,
  "key": "trig_d2_n256_noise0.5_s789_dml_fixed",
  "timestamp": "2026-04-07T05:14:36.742362"
}