{
  "method": "baseline_krr",
  "func_type": "trig",
  "dim": 5,
  "n_samples": 4096,
  "noise_level": 0.2,
  "seed": 789,
  "lambda": 1.0,
  "test_value_mse": 4.17951774597168,
  "test_grad_mse": 11.437542100865333,
  "time_s": 8.947624444961548,
  "key": "trig_d5_n4096_noise0.2_s789_baseline_krr",
  "timestamp": "2026-04-07T09:32:01.938012"
}