{
  "method": "vanilla",
  "func_type": "trig",
  "dim": 2,
  "n_samples": 4096,
  "noise_level": 0.2,
  "seed": 123,
  "lambda": 1.0,
  "test_value_mse": 1.4684853340440895e-05,
  "test_grad_mse": 0.00048770985449664295,
  "best_epoch": 495,
  "time_s": 23.412615060806274,
  "n_epochs_actual": 500,
  "key": "trig_d2_n4096_noise0.2_s123_vanilla",
  "timestamp": "2026-04-07T06:58:47.898596"
}