{
  "method": "dml_gradnorm",
  "func_type": "trig",
  "dim": 100,
  "n_samples": 2048,
  "noise_level": 0.0,
  "seed": 123,
  "lambda": 1.0,
  "test_value_mse": 138.20884704589844,
  "test_grad_mse": 8.104639053344727,
  "best_epoch": 112,
  "time_s": 12.966368198394775,
  "n_epochs_actual": 163,
  "key": "trig_d100_n2048_noise0.0_s123_dml_gradnorm",
  "timestamp": "2026-04-07T14:22:28.864759"
}