{
  "method": "baseline_krr",
  "func_type": "trig",
  "dim": 10,
  "n_samples": 256,
  "noise_level": 0.5,
  "seed": 456,
  "lambda": 1.0,
  "test_value_mse": 8.209819793701172,
  "test_grad_mse": 6.458820261065916,
  "time_s": 0.01110219955444336,
  "key": "trig_d10_n256_noise0.5_s456_baseline_krr",
  "timestamp": "2026-04-07T10:04:38.483129"
}