{
  "method": "dml_gradnorm",
  "func_type": "trig",
  "dim": 10,
  "n_samples": 256,
  "noise_level": 0.2,
  "seed": 42,
  "lambda": 1.0,
  "test_value_mse": 6.951059341430664,
  "test_grad_mse": 3.6740872859954834,
  "best_epoch": 34,
  "time_s": 5.291930437088013,
  "n_epochs_actual": 85,
  "key": "trig_d10_n256_noise0.2_s42_dml_gradnorm",
  "timestamp": "2026-04-07T10:01:48.877110"
}