{
  "method": "vanilla",
  "func_type": "trig",
  "dim": 5,
  "n_samples": 2048,
  "noise_level": 0.0,
  "seed": 42,
  "lambda": 1.0,
  "test_value_mse": 0.8562912344932556,
  "test_grad_mse": 2.518512725830078,
  "best_epoch": 65,
  "time_s": 5.213388919830322,
  "n_epochs_actual": 116,
  "key": "trig_d5_n2048_noise0.0_s42_vanilla",
  "timestamp": "2026-04-07T08:14:04.415549"
}