{
  "method": "dml_fixed",
  "func_type": "trig",
  "dim": 2,
  "n_samples": 512,
  "noise_level": 0.0,
  "seed": 1000,
  "lambda": 1.0,
  "test_value_mse": 0.009880514815449715,
  "test_grad_mse": 0.025600187480449677,
  "best_epoch": 158,
  "time_s": 5.461159944534302,
  "n_epochs_actual": 209,
  "key": "trig_d2_n512_noise0.0_s1000_dml_fixed",
  "timestamp": "2026-04-07T05:19:54.500295"
}