{
  "method": "baseline_krr",
  "func_type": "trig",
  "dim": 2,
  "n_samples": 256,
  "noise_level": 0.05,
  "seed": 456,
  "lambda": 1.0,
  "test_value_mse": 0.8057747483253479,
  "test_grad_mse": 5.367400257063342,
  "time_s": 0.004041194915771484,
  "key": "trig_d2_n256_noise0.05_s456_baseline_krr",
  "timestamp": "2026-04-07T05:06:26.574391"
}