{
  "method": "baseline_rf",
  "func_type": "trig",
  "dim": 20,
  "n_samples": 1024,
  "noise_level": 0.2,
  "seed": 789,
  "lambda": 1.0,
  "test_value_mse": 20.26487881433471,
  "test_grad_mse": 15.101302390429653,
  "time_s": 7.8948211669921875,
  "key": "trig_d20_n1024_noise0.2_s789_baseline_rf",
  "timestamp": "2026-04-07T12:14:21.050251"
}