{
  "method": "dml_gradnorm",
  "func_type": "trig",
  "dim": 10,
  "n_samples": 4096,
  "noise_level": 0.05,
  "seed": 456,
  "lambda": 1.0,
  "test_value_mse": 3.7482876777648926,
  "test_grad_mse": 3.072857618331909,
  "best_epoch": 123,
  "time_s": 25.5301456451416,
  "n_epochs_actual": 174,
  "key": "trig_d10_n4096_noise0.05_s456_dml_gradnorm",
  "timestamp": "2026-04-07T10:38:53.314104"
}