{
  "method": "dml_gradnorm",
  "func_type": "trig",
  "dim": 5,
  "n_samples": 1024,
  "noise_level": 0.1,
  "seed": 42,
  "lambda": 1.0,
  "test_value_mse": 1.0908890962600708,
  "test_grad_mse": 2.569026231765747,
  "best_epoch": 38,
  "time_s": 7.667110204696655,
  "n_epochs_actual": 89,
  "key": "trig_d5_n1024_noise0.1_s42_dml_gradnorm",
  "timestamp": "2026-04-07T08:03:11.527111"
}