{
  "method": "dml_relobralo",
  "func_type": "trig",
  "dim": 50,
  "n_samples": 256,
  "noise_level": 0.1,
  "seed": 789,
  "lambda": 1.0,
  "test_value_mse": 46.88524627685547,
  "test_grad_mse": 10.94121265411377,
  "best_epoch": 4,
  "time_s": 2.1872293949127197,
  "n_epochs_actual": 55,
  "key": "trig_d50_n256_noise0.1_s789_dml_relobralo",
  "timestamp": "2026-04-26T11:04:23.102830"
}