{
  "method": "dml_gradnorm",
  "func_type": "trig",
  "dim": 50,
  "n_samples": 256,
  "noise_level": 0.05,
  "seed": 789,
  "lambda": 1.0,
  "test_value_mse": 53.871849060058594,
  "test_grad_mse": 10.950179100036621,
  "best_epoch": 14,
  "time_s": 4.534440517425537,
  "n_epochs_actual": 65,
  "key": "trig_d50_n256_noise0.05_s789_dml_gradnorm",
  "timestamp": "2026-04-07T13:33:52.877065"
}