{
  "method": "dml_fixed",
  "func_type": "trig",
  "dim": 100,
  "n_samples": 1024,
  "noise_level": 0.05,
  "seed": 789,
  "lambda": 1.0,
  "test_value_mse": 98.66808319091797,
  "test_grad_mse": 10.577689170837402,
  "best_epoch": 23,
  "time_s": 5.63946008682251,
  "n_epochs_actual": 74,
  "key": "trig_d100_n1024_noise0.05_s789_dml_fixed",
  "timestamp": "2026-04-07T14:13:32.118530"
}