{
  "method": "dml_fixed",
  "func_type": "trig",
  "dim": 100,
  "n_samples": 256,
  "noise_level": 0.05,
  "seed": 456,
  "lambda": 1.0,
  "test_value_mse": 74.31640625,
  "test_grad_mse": 8.052823066711426,
  "best_epoch": 37,
  "time_s": 5.448353290557861,
  "n_epochs_actual": 88,
  "key": "trig_d100_n256_noise0.05_s456_dml_fixed",
  "timestamp": "2026-04-07T14:02:42.137629"
}