{
  "method": "dml_relobralo",
  "func_type": "trig",
  "dim": 5,
  "n_samples": 256,
  "noise_level": 0.05,
  "seed": 123,
  "lambda": 1.0,
  "test_value_mse": 2.216620922088623,
  "test_grad_mse": 3.933422088623047,
  "best_epoch": 47,
  "time_s": 3.1426925659179688,
  "n_epochs_actual": 98,
  "key": "trig_d5_n256_noise0.05_s123_dml_relobralo",
  "timestamp": "2026-04-26T10:30:36.094545"
}