{
  "method": "vanilla",
  "func_type": "trig",
  "dim": 20,
  "n_samples": 256,
  "noise_level": 0.1,
  "seed": 42,
  "lambda": 1.0,
  "test_value_mse": 19.725727081298828,
  "test_grad_mse": 5.474405765533447,
  "best_epoch": 21,
  "time_s": 3.958184003829956,
  "n_epochs_actual": 72,
  "key": "trig_d20_n256_noise0.1_s42_vanilla",
  "timestamp": "2026-04-07T11:53:52.362777"
}