{
  "method": "baseline_gp",
  "func_type": "trig",
  "dim": 2,
  "n_samples": 1024,
  "noise_level": 0.1,
  "seed": 1000,
  "lambda": 1.0,
  "test_value_mse": 3.330426434602981e-07,
  "test_grad_mse": 3.31181973064665e-05,
  "time_s": 10.822203159332275,
  "key": "trig_d2_n1024_noise0.1_s1000_baseline_gp",
  "timestamp": "2026-04-07T05:34:15.865980"
}