{
  "method": "dml_relobralo",
  "func_type": "trig",
  "dim": 100,
  "n_samples": 1024,
  "noise_level": 0.05,
  "seed": 1000,
  "lambda": 1.0,
  "test_value_mse": 114.17922973632812,
  "test_grad_mse": 7.439727783203125,
  "best_epoch": 16,
  "time_s": 3.365204095840454,
  "n_epochs_actual": 67,
  "key": "trig_d100_n1024_noise0.05_s1000_dml_relobralo",
  "timestamp": "2026-04-26T11:10:35.450428"
}