{
  "method": "baseline_gp",
  "func_type": "trig",
  "dim": 2,
  "n_samples": 512,
  "noise_level": 0.0,
  "seed": 1000,
  "lambda": 1.0,
  "test_value_mse": 9.405603380090428e-06,
  "test_grad_mse": 0.00038276028870339566,
  "time_s": 1.636061429977417,
  "key": "trig_d2_n512_noise0.0_s1000_baseline_gp",
  "timestamp": "2026-04-07T05:20:20.511421"
}