{
  "method": "dml_gradnorm",
  "func_type": "trig",
  "dim": 5,
  "n_samples": 4096,
  "noise_level": 0.5,
  "seed": 456,
  "lambda": 1.0,
  "test_value_mse": 1.618761658668518,
  "test_grad_mse": 4.007235050201416,
  "best_epoch": 20,
  "time_s": 13.932318687438965,
  "n_epochs_actual": 71,
  "key": "trig_d5_n4096_noise0.5_s456_dml_gradnorm",
  "timestamp": "2026-04-07T09:45:37.449827"
}