{
  "method": "dml_relobralo",
  "func_type": "trig",
  "dim": 2,
  "n_samples": 1024,
  "noise_level": 0.2,
  "seed": 1000,
  "lambda": 1.0,
  "test_value_mse": 0.024001311510801315,
  "test_grad_mse": 0.025994328781962395,
  "best_epoch": 93,
  "time_s": 5.814248561859131,
  "n_epochs_actual": 144,
  "key": "trig_d2_n1024_noise0.2_s1000_dml_relobralo",
  "timestamp": "2026-04-26T10:18:13.007913"
}