{
  "method": "dml_relobralo",
  "func_type": "trig",
  "dim": 10,
  "n_samples": 1024,
  "noise_level": 0.05,
  "seed": 456,
  "lambda": 1.0,
  "test_value_mse": 6.685895919799805,
  "test_grad_mse": 6.334661960601807,
  "best_epoch": 36,
  "time_s": 3.533008098602295,
  "n_epochs_actual": 87,
  "key": "trig_d10_n1024_noise0.05_s456_dml_relobralo",
  "timestamp": "2026-04-26T10:50:25.831493"
}