{
  "method": "baseline_rf",
  "func_type": "trig",
  "dim": 2,
  "n_samples": 1024,
  "noise_level": 0.1,
  "seed": 456,
  "lambda": 1.0,
  "test_value_mse": 0.14263369546351962,
  "test_grad_mse": 5349.74330728895,
  "time_s": 1.200598955154419,
  "key": "trig_d2_n1024_noise0.1_s456_baseline_rf",
  "timestamp": "2026-04-07T05:32:05.526474"
}