{
  "method": "dml_relobralo",
  "func_type": "trig",
  "dim": 10,
  "n_samples": 1024,
  "noise_level": 0.05,
  "seed": 42,
  "lambda": 1.0,
  "test_value_mse": 6.134645462036133,
  "test_grad_mse": 2.6773898601531982,
  "best_epoch": 163,
  "time_s": 8.428808212280273,
  "n_epochs_actual": 214,
  "key": "trig_d10_n1024_noise0.05_s42_dml_relobralo",
  "timestamp": "2026-04-26T10:50:17.957867"
}