{
  "method": "dml_gradnorm",
  "func_type": "trig",
  "dim": 50,
  "n_samples": 256,
  "noise_level": 0.1,
  "seed": 1000,
  "lambda": 1.0,
  "test_value_mse": 43.369876861572266,
  "test_grad_mse": 7.260972023010254,
  "best_epoch": 16,
  "time_s": 4.850953817367554,
  "n_epochs_actual": 67,
  "key": "trig_d50_n256_noise0.1_s1000_dml_gradnorm",
  "timestamp": "2026-04-07T13:35:39.114054"
}