{
  "method": "dml_gradnorm",
  "func_type": "trig",
  "dim": 2,
  "n_samples": 1024,
  "noise_level": 0.2,
  "seed": 123,
  "lambda": 1.0,
  "test_value_mse": 0.0004453353176359087,
  "test_grad_mse": 0.0006656127516180277,
  "best_epoch": 128,
  "time_s": 10.984910249710083,
  "n_epochs_actual": 179,
  "key": "trig_d2_n1024_noise0.2_s123_dml_gradnorm",
  "timestamp": "2026-04-07T05:35:59.551166"
}