{
  "method": "vanilla",
  "func_type": "trig",
  "dim": 5,
  "n_samples": 4096,
  "noise_level": 0.2,
  "seed": 42,
  "lambda": 1.0,
  "test_value_mse": 0.43565934896469116,
  "test_grad_mse": 1.3491485118865967,
  "best_epoch": 253,
  "time_s": 17.94426655769348,
  "n_epochs_actual": 304,
  "key": "trig_d5_n4096_noise0.2_s42_vanilla",
  "timestamp": "2026-04-07T09:13:01.224995"
}