{
  "method": "dml_gradnorm",
  "func_type": "trig",
  "dim": 100,
  "n_samples": 4096,
  "noise_level": 0.1,
  "seed": 1000,
  "lambda": 1.0,
  "test_value_mse": 131.38148498535156,
  "test_grad_mse": 7.626759052276611,
  "best_epoch": 79,
  "time_s": 21.47983455657959,
  "n_epochs_actual": 130,
  "key": "trig_d100_n4096_noise0.1_s1000_dml_gradnorm",
  "timestamp": "2026-04-07T14:30:35.007159"
}