{
  "method": "dml_fixed",
  "func_type": "trig",
  "dim": 100,
  "n_samples": 4096,
  "noise_level": 0.2,
  "seed": 123,
  "lambda": 1.0,
  "test_value_mse": 88.64458465576172,
  "test_grad_mse": 7.84080171585083,
  "best_epoch": 12,
  "time_s": 6.700602293014526,
  "n_epochs_actual": 63,
  "key": "trig_d100_n4096_noise0.2_s123_dml_fixed",
  "timestamp": "2026-04-07T14:31:32.380736"
}