{
  "method": "vanilla",
  "func_type": "trig",
  "dim": 100,
  "n_samples": 256,
  "noise_level": 0.5,
  "seed": 1000,
  "lambda": 1.0,
  "test_value_mse": 83.58082580566406,
  "test_grad_mse": 7.549975395202637,
  "best_epoch": 55,
  "time_s": 4.2620768547058105,
  "n_epochs_actual": 106,
  "key": "trig_d100_n256_noise0.5_s1000_vanilla",
  "timestamp": "2026-04-07T14:09:04.983168"
}