{
  "method": "dml_relobralo",
  "func_type": "trig",
  "dim": 50,
  "n_samples": 1024,
  "noise_level": 0.5,
  "seed": 1000,
  "lambda": 1.0,
  "test_value_mse": 46.9310417175293,
  "test_grad_mse": 7.103841304779053,
  "best_epoch": 8,
  "time_s": 3.535635471343994,
  "n_epochs_actual": 59,
  "key": "trig_d50_n1024_noise0.5_s1000_dml_relobralo",
  "timestamp": "2026-04-26T11:06:17.976060"
}