{
  "method": "baseline_rf",
  "func_type": "trig",
  "dim": 10,
  "n_samples": 1024,
  "noise_level": 0.2,
  "seed": 789,
  "lambda": 1.0,
  "test_value_mse": 9.998106565509396,
  "test_grad_mse": 965.6470159511886,
  "time_s": 4.060856103897095,
  "key": "trig_d10_n1024_noise0.2_s789_baseline_rf",
  "timestamp": "2026-04-07T10:19:07.670309"
}