{
  "method": "dml_gradnorm",
  "func_type": "trig",
  "dim": 50,
  "n_samples": 2048,
  "noise_level": 0.0,
  "seed": 1000,
  "lambda": 1.0,
  "test_value_mse": 56.974266052246094,
  "test_grad_mse": 7.3142242431640625,
  "best_epoch": 82,
  "time_s": 11.832698583602905,
  "n_epochs_actual": 133,
  "key": "trig_d50_n2048_noise0.0_s1000_dml_gradnorm",
  "timestamp": "2026-04-07T13:49:54.316924"
}