{
  "method": "vanilla",
  "func_type": "trig",
  "dim": 50,
  "n_samples": 512,
  "noise_level": 0.0,
  "seed": 42,
  "lambda": 1.0,
  "test_value_mse": 37.74684524536133,
  "test_grad_mse": 6.617092609405518,
  "best_epoch": 25,
  "time_s": 4.4157490730285645,
  "n_epochs_actual": 76,
  "key": "trig_d50_n512_noise0.0_s42_vanilla",
  "timestamp": "2026-04-07T13:38:45.559790"
}