{
  "method": "vanilla",
  "func_type": "trig",
  "dim": 20,
  "n_samples": 1024,
  "noise_level": 0.5,
  "seed": 456,
  "lambda": 1.0,
  "test_value_mse": 11.251593589782715,
  "test_grad_mse": 5.674627304077148,
  "best_epoch": 11,
  "time_s": 4.899589776992798,
  "n_epochs_actual": 62,
  "key": "trig_d20_n1024_noise0.5_s456_vanilla",
  "timestamp": "2026-04-07T12:17:04.616320"
}