{
  "method": "dml_relobralo",
  "func_type": "trig",
  "dim": 10,
  "n_samples": 256,
  "noise_level": 0.5,
  "seed": 789,
  "lambda": 1.0,
  "test_value_mse": 11.813053131103516,
  "test_grad_mse": 13.84133529663086,
  "best_epoch": 19,
  "time_s": 2.52901554107666,
  "n_epochs_actual": 70,
  "key": "trig_d10_n256_noise0.5_s789_dml_relobralo",
  "timestamp": "2026-04-26T10:49:53.011300"
}