{
  "method": "baseline_rf",
  "func_type": "trig",
  "dim": 2,
  "n_samples": 4096,
  "noise_level": 0.05,
  "seed": 456,
  "lambda": 1.0,
  "test_value_mse": 0.04428369559780699,
  "test_grad_mse": 1000.9378447847773,
  "time_s": 1.8236083984375,
  "key": "trig_d2_n4096_noise0.05_s456_baseline_rf",
  "timestamp": "2026-04-07T06:12:02.682069"
}