{
  "method": "dml_gradnorm",
  "func_type": "trig",
  "dim": 2,
  "n_samples": 1024,
  "noise_level": 0.5,
  "seed": 789,
  "lambda": 1.0,
  "test_value_mse": 0.47866684198379517,
  "test_grad_mse": 2.6680049896240234,
  "best_epoch": 37,
  "time_s": 7.305261611938477,
  "n_epochs_actual": 88,
  "key": "trig_d2_n1024_noise0.5_s789_dml_gradnorm",
  "timestamp": "2026-04-07T05:43:02.542968"
}