{
  "method": "baseline_gp",
  "func_type": "trig",
  "dim": 5,
  "n_samples": 4096,
  "noise_level": 0.2,
  "seed": 42,
  "lambda": 1.0,
  "test_value_mse": 1.1128946815943148,
  "test_grad_mse": 2.4748182833718064,
  "time_s": 184.18319845199585,
  "key": "trig_d5_n4096_noise0.2_s42_baseline_gp",
  "timestamp": "2026-04-07T09:17:16.301918"
}