{
  "method": "dml_relobralo",
  "func_type": "trig",
  "dim": 5,
  "n_samples": 1024,
  "noise_level": 0.05,
  "seed": 456,
  "lambda": 1.0,
  "test_value_mse": 1.2515689134597778,
  "test_grad_mse": 3.8848772048950195,
  "best_epoch": 82,
  "time_s": 5.256185054779053,
  "n_epochs_actual": 133,
  "key": "trig_d5_n1024_noise0.05_s456_dml_relobralo",
  "timestamp": "2026-04-26T10:32:44.349291"
}