{
  "method": "dml_gradnorm",
  "func_type": "trig",
  "dim": 50,
  "n_samples": 256,
  "noise_level": 0.5,
  "seed": 42,
  "lambda": 1.0,
  "test_value_mse": 32.044593811035156,
  "test_grad_mse": 6.598301410675049,
  "best_epoch": 13,
  "time_s": 4.456881999969482,
  "n_epochs_actual": 64,
  "key": "trig_d50_n256_noise0.5_s42_dml_gradnorm",
  "timestamp": "2026-04-07T13:37:25.665284"
}