{
  "method": "vanilla",
  "func_type": "trig",
  "dim": 50,
  "n_samples": 256,
  "noise_level": 0.1,
  "seed": 123,
  "lambda": 1.0,
  "test_value_mse": 52.10741424560547,
  "test_grad_mse": 6.710761547088623,
  "best_epoch": 75,
  "time_s": 4.784143924713135,
  "n_epochs_actual": 126,
  "key": "trig_d50_n256_noise0.1_s123_vanilla",
  "timestamp": "2026-04-07T13:34:36.810336"
}