{
  "method": "dml_fixed",
  "func_type": "trig",
  "dim": 20,
  "n_samples": 256,
  "noise_level": 0.5,
  "seed": 1000,
  "lambda": 1.0,
  "test_value_mse": 16.008533477783203,
  "test_grad_mse": 6.634665489196777,
  "best_epoch": 20,
  "time_s": 4.453524827957153,
  "n_epochs_actual": 71,
  "key": "trig_d20_n256_noise0.5_s1000_dml_fixed",
  "timestamp": "2026-04-07T11:59:43.710405"
}