{
  "method": "dml_relobralo",
  "func_type": "trig",
  "dim": 100,
  "n_samples": 256,
  "noise_level": 0.5,
  "seed": 1000,
  "lambda": 1.0,
  "test_value_mse": 79.35786437988281,
  "test_grad_mse": 7.550907611846924,
  "best_epoch": 30,
  "time_s": 2.7262253761291504,
  "n_epochs_actual": 81,
  "key": "trig_d100_n256_noise0.5_s1000_dml_relobralo",
  "timestamp": "2026-04-26T11:10:04.595425"
}