{
  "method": "dml_gradnorm",
  "func_type": "trig",
  "dim": 5,
  "n_samples": 1024,
  "noise_level": 0.5,
  "seed": 1000,
  "lambda": 1.0,
  "test_value_mse": 0.4960959553718567,
  "test_grad_mse": 0.37798523902893066,
  "best_epoch": 91,
  "time_s": 9.763629913330078,
  "n_epochs_actual": 142,
  "key": "trig_d5_n1024_noise0.5_s1000_dml_gradnorm",
  "timestamp": "2026-04-07T08:13:39.482097"
}