{
  "method": "dml_relobralo",
  "func_type": "trig",
  "dim": 100,
  "n_samples": 2048,
  "noise_level": 0.0,
  "seed": 456,
  "lambda": 1.0,
  "test_value_mse": 81.90824890136719,
  "test_grad_mse": 8.059646606445312,
  "best_epoch": 11,
  "time_s": 4.459391832351685,
  "n_epochs_actual": 62,
  "key": "trig_d100_n2048_noise0.0_s456_dml_relobralo",
  "timestamp": "2026-04-26T11:11:38.015044"
}