{
  "method": "baseline_rf",
  "func_type": "trig",
  "dim": 10,
  "n_samples": 4096,
  "noise_level": 0.5,
  "seed": 1000,
  "lambda": 1.0,
  "test_value_mse": 4.57981807212459,
  "test_grad_mse": 366.4455852295627,
  "time_s": 5.074728727340698,
  "key": "trig_d10_n4096_noise0.5_s1000_baseline_rf",
  "timestamp": "2026-04-07T11:51:33.451154"
}