{
  "method": "baseline_rf",
  "func_type": "trig",
  "dim": 20,
  "n_samples": 4096,
  "noise_level": 0.05,
  "seed": 42,
  "lambda": 1.0,
  "test_value_mse": 11.369112934878364,
  "test_grad_mse": 75.1632117274387,
  "time_s": 9.528353214263916,
  "key": "trig_d20_n4096_noise0.05_s42_baseline_rf",
  "timestamp": "2026-04-07T12:27:21.102257"
}