{
  "method": "baseline_gp",
  "func_type": "trig",
  "dim": 5,
  "n_samples": 256,
  "noise_level": 0.1,
  "seed": 1000,
  "lambda": 1.0,
  "test_value_mse": 5.013567969532293,
  "test_grad_mse": 2.5725422039387214,
  "time_s": 1.0944364070892334,
  "key": "trig_d5_n256_noise0.1_s1000_baseline_gp",
  "timestamp": "2026-04-07T07:52:27.395682"
}