{
  "method": "dml_fixed",
  "func_type": "trig",
  "dim": 2,
  "n_samples": 1024,
  "noise_level": 0.5,
  "seed": 42,
  "lambda": 1.0,
  "test_value_mse": 0.08778168261051178,
  "test_grad_mse": 0.2789539396762848,
  "best_epoch": 212,
  "time_s": 9.296599864959717,
  "n_epochs_actual": 263,
  "key": "trig_d2_n1024_noise0.5_s42_dml_fixed",
  "timestamp": "2026-04-07T05:40:13.595694"
}