{
  "method": "vanilla",
  "func_type": "trig",
  "dim": 5,
  "n_samples": 2048,
  "noise_level": 0.0,
  "seed": 456,
  "lambda": 1.0,
  "test_value_mse": 1.614382266998291,
  "test_grad_mse": 4.382186412811279,
  "best_epoch": 124,
  "time_s": 8.033023357391357,
  "n_epochs_actual": 175,
  "key": "trig_d5_n2048_noise0.0_s456_vanilla",
  "timestamp": "2026-04-07T08:17:56.207074"
}