{
  "method": "vanilla",
  "func_type": "trig",
  "dim": 100,
  "n_samples": 4096,
  "noise_level": 0.5,
  "seed": 456,
  "lambda": 1.0,
  "test_value_mse": 85.87320709228516,
  "test_grad_mse": 7.960763931274414,
  "best_epoch": 7,
  "time_s": 5.814101457595825,
  "n_epochs_actual": 58,
  "key": "trig_d100_n4096_noise0.5_s456_vanilla",
  "timestamp": "2026-04-07T14:35:17.859737"
}