{
  "method": "dml_fixed",
  "func_type": "trig",
  "dim": 20,
  "n_samples": 4096,
  "noise_level": 0.05,
  "seed": 42,
  "lambda": 1.0,
  "test_value_mse": 13.328241348266602,
  "test_grad_mse": 4.313918113708496,
  "best_epoch": 49,
  "time_s": 9.205535888671875,
  "n_epochs_actual": 100,
  "key": "trig_d20_n4096_noise0.05_s42_dml_fixed",
  "timestamp": "2026-04-07T12:24:23.287169"
}