{
  "method": "dml_relobralo",
  "func_type": "trig",
  "dim": 50,
  "n_samples": 256,
  "noise_level": 0.1,
  "seed": 1000,
  "lambda": 1.0,
  "test_value_mse": 46.394588470458984,
  "test_grad_mse": 7.23664665222168,
  "best_epoch": 10,
  "time_s": 2.499082326889038,
  "n_epochs_actual": 61,
  "key": "trig_d50_n256_noise0.1_s1000_dml_relobralo",
  "timestamp": "2026-04-26T11:04:25.612584"
}