{
  "method": "baseline_gp",
  "func_type": "trig",
  "dim": 10,
  "n_samples": 256,
  "noise_level": 0.1,
  "seed": 123,
  "lambda": 1.0,
  "test_value_mse": 5.7254636808243395,
  "test_grad_mse": 4.722125099263298,
  "time_s": 0.6750016212463379,
  "key": "trig_d10_n256_noise0.1_s123_baseline_gp",
  "timestamp": "2026-04-07T10:00:21.015915"
}