{
  "method": "dml_relobralo",
  "func_type": "trig",
  "dim": 100,
  "n_samples": 1024,
  "noise_level": 0.05,
  "seed": 789,
  "lambda": 1.0,
  "test_value_mse": 97.2061996459961,
  "test_grad_mse": 10.664605140686035,
  "best_epoch": 17,
  "time_s": 3.4757816791534424,
  "n_epochs_actual": 68,
  "key": "trig_d100_n1024_noise0.05_s789_dml_relobralo",
  "timestamp": "2026-04-26T11:10:32.070015"
}