{
  "method": "dml_gradnorm",
  "func_type": "trig",
  "dim": 100,
  "n_samples": 256,
  "noise_level": 0.05,
  "seed": 42,
  "lambda": 1.0,
  "test_value_mse": 498.9045715332031,
  "test_grad_mse": 9.65001106262207,
  "best_epoch": 499,
  "time_s": 14.8962881565094,
  "n_epochs_actual": 500,
  "key": "trig_d100_n256_noise0.05_s42_dml_gradnorm",
  "timestamp": "2026-04-07T14:01:58.829290"
}