{
  "method": "dml_relobralo",
  "func_type": "trig",
  "dim": 10,
  "n_samples": 4096,
  "noise_level": 0.2,
  "seed": 42,
  "lambda": 1.0,
  "test_value_mse": 1.9888830184936523,
  "test_grad_mse": 1.6244621276855469,
  "best_epoch": 86,
  "time_s": 12.08631420135498,
  "n_epochs_actual": 137,
  "key": "trig_d10_n4096_noise0.2_s42_dml_relobralo",
  "timestamp": "2026-04-26T10:56:35.523313"
}