{
  "method": "baseline_krr",
  "func_type": "trig",
  "dim": 20,
  "n_samples": 1024,
  "noise_level": 0.05,
  "seed": 42,
  "lambda": 1.0,
  "test_value_mse": 17.65654754638672,
  "test_grad_mse": 5.445912373536182,
  "time_s": 0.5209379196166992,
  "key": "trig_d20_n1024_noise0.05_s42_baseline_krr",
  "timestamp": "2026-04-07T12:03:57.926651"
}