{
  "method": "dml_fixed",
  "func_type": "trig",
  "dim": 50,
  "n_samples": 1024,
  "noise_level": 0.5,
  "seed": 123,
  "lambda": 1.0,
  "test_value_mse": 45.115928649902344,
  "test_grad_mse": 6.6468915939331055,
  "best_epoch": 20,
  "time_s": 4.776654958724976,
  "n_epochs_actual": 71,
  "key": "trig_d50_n1024_noise0.5_s123_dml_fixed",
  "timestamp": "2026-04-07T13:46:29.515376"
}