{
  "method": "dml_fixed",
  "func_type": "trig",
  "dim": 2,
  "n_samples": 256,
  "noise_level": 0.1,
  "seed": 456,
  "lambda": 1.0,
  "test_value_mse": 0.03196540102362633,
  "test_grad_mse": 0.33375900983810425,
  "best_epoch": 273,
  "time_s": 7.935272455215454,
  "n_epochs_actual": 324,
  "key": "trig_d2_n256_noise0.1_s456_dml_fixed",
  "timestamp": "2026-04-07T05:09:02.713385"
}