{
  "method": "dml_fixed",
  "func_type": "trig",
  "dim": 50,
  "n_samples": 1024,
  "noise_level": 0.05,
  "seed": 1000,
  "lambda": 1.0,
  "test_value_mse": 51.387420654296875,
  "test_grad_mse": 7.055432319641113,
  "best_epoch": 17,
  "time_s": 4.322821855545044,
  "n_epochs_actual": 68,
  "key": "trig_d50_n1024_noise0.05_s1000_dml_fixed",
  "timestamp": "2026-04-07T13:41:51.939511"
}