{
  "method": "dml_fixed",
  "func_type": "trig",
  "dim": 2,
  "n_samples": 256,
  "noise_level": 0.2,
  "seed": 456,
  "lambda": 1.0,
  "test_value_mse": 0.10608316212892532,
  "test_grad_mse": 0.591150164604187,
  "best_epoch": 323,
  "time_s": 7.458101987838745,
  "n_epochs_actual": 374,
  "key": "trig_d2_n256_noise0.2_s456_dml_fixed",
  "timestamp": "2026-04-07T05:11:51.991891"
}