{
  "method": "dml_relobralo",
  "func_type": "trig",
  "dim": 10,
  "n_samples": 256,
  "noise_level": 0.05,
  "seed": 789,
  "lambda": 1.0,
  "test_value_mse": 11.975370407104492,
  "test_grad_mse": 13.846549034118652,
  "best_epoch": 21,
  "time_s": 2.3973681926727295,
  "n_epochs_actual": 72,
  "key": "trig_d10_n256_noise0.05_s789_dml_relobralo",
  "timestamp": "2026-04-26T10:49:14.720951"
}