{
  "method": "baseline_rf",
  "func_type": "trig",
  "dim": 2,
  "n_samples": 512,
  "noise_level": 0.0,
  "seed": 123,
  "lambda": 1.0,
  "test_value_mse": 0.014764960252795428,
  "test_grad_mse": 0.2853665818018914,
  "time_s": 1.2106499671936035,
  "key": "trig_d2_n512_noise0.0_s123_baseline_rf",
  "timestamp": "2026-04-07T05:17:28.390283"
}