{
  "method": "dml_relobralo",
  "func_type": "trig",
  "dim": 100,
  "n_samples": 4096,
  "noise_level": 0.2,
  "seed": 789,
  "lambda": 1.0,
  "test_value_mse": 97.81903839111328,
  "test_grad_mse": 10.643842697143555,
  "best_epoch": 6,
  "time_s": 6.210600137710571,
  "n_epochs_actual": 57,
  "key": "trig_d100_n4096_noise0.2_s789_dml_relobralo",
  "timestamp": "2026-04-26T11:13:27.792425"
}