{
  "method": "vanilla",
  "func_type": "trig",
  "dim": 2,
  "n_samples": 512,
  "noise_level": 0.0,
  "seed": 456,
  "lambda": 1.0,
  "test_value_mse": 0.1376253366470337,
  "test_grad_mse": 1.5372999906539917,
  "best_epoch": 499,
  "time_s": 11.115238666534424,
  "n_epochs_actual": 500,
  "key": "trig_d2_n512_noise0.0_s456_vanilla",
  "timestamp": "2026-04-07T05:17:39.516690"
}