{
  "method": "vanilla",
  "func_type": "trig",
  "dim": 10,
  "n_samples": 4096,
  "noise_level": 0.1,
  "seed": 42,
  "lambda": 1.0,
  "test_value_mse": 5.5959391593933105,
  "test_grad_mse": 3.2473583221435547,
  "best_epoch": 44,
  "time_s": 6.8387956619262695,
  "n_epochs_actual": 95,
  "key": "trig_d10_n4096_noise0.1_s42_vanilla",
  "timestamp": "2026-04-07T10:50:24.840179"
}