{
  "method": "dml_gradnorm",
  "func_type": "trig",
  "dim": 10,
  "n_samples": 256,
  "noise_level": 0.05,
  "seed": 789,
  "lambda": 1.0,
  "test_value_mse": 12.505313873291016,
  "test_grad_mse": 13.87360668182373,
  "best_epoch": 18,
  "time_s": 4.875518560409546,
  "n_epochs_actual": 69,
  "key": "trig_d10_n256_noise0.05_s789_dml_gradnorm",
  "timestamp": "2026-04-07T09:59:12.896288"
}