{
  "method": "dml_gradnorm",
  "func_type": "trig",
  "dim": 5,
  "n_samples": 256,
  "noise_level": 0.05,
  "seed": 123,
  "lambda": 1.0,
  "test_value_mse": 1.9701664447784424,
  "test_grad_mse": 3.9903926849365234,
  "best_epoch": 34,
  "time_s": 5.475235939025879,
  "n_epochs_actual": 85,
  "key": "trig_d5_n256_noise0.05_s123_dml_gradnorm",
  "timestamp": "2026-04-07T07:49:20.422272"
}