{
  "method": "baseline_rf",
  "func_type": "trig",
  "dim": 20,
  "n_samples": 4096,
  "noise_level": 0.2,
  "seed": 42,
  "lambda": 1.0,
  "test_value_mse": 11.369112934878364,
  "test_grad_mse": 75.16321172744058,
  "time_s": 9.503079891204834,
  "key": "trig_d20_n4096_noise0.2_s42_baseline_rf",
  "timestamp": "2026-04-07T13:00:28.881920"
}