{
  "method": "dml_relobralo",
  "func_type": "trig",
  "dim": 100,
  "n_samples": 1024,
  "noise_level": 0.5,
  "seed": 789,
  "lambda": 1.0,
  "test_value_mse": 94.15180206298828,
  "test_grad_mse": 10.637866973876953,
  "best_epoch": 18,
  "time_s": 3.6155126094818115,
  "n_epochs_actual": 69,
  "key": "trig_d100_n1024_noise0.5_s789_dml_relobralo",
  "timestamp": "2026-04-26T11:11:21.711342"
}