{
  "method": "dml_gradnorm",
  "func_type": "trig",
  "dim": 2,
  "n_samples": 4096,
  "noise_level": 0.5,
  "seed": 456,
  "lambda": 1.0,
  "test_value_mse": 0.1979517936706543,
  "test_grad_mse": 1.4675923585891724,
  "best_epoch": 23,
  "time_s": 12.681227684020996,
  "n_epochs_actual": 74,
  "key": "trig_d2_n4096_noise0.5_s456_dml_gradnorm",
  "timestamp": "2026-04-07T07:33:32.088207"
}