{
  "method": "dml_gradnorm",
  "func_type": "trig",
  "dim": 5,
  "n_samples": 1024,
  "noise_level": 0.1,
  "seed": 123,
  "lambda": 1.0,
  "test_value_mse": 0.08347482234239578,
  "test_grad_mse": 0.17441090941429138,
  "best_epoch": 410,
  "time_s": 26.34312653541565,
  "n_epochs_actual": 461,
  "key": "trig_d5_n1024_noise0.1_s123_dml_gradnorm",
  "timestamp": "2026-04-07T08:04:11.462918"
}