{
  "method": "baseline_rf",
  "func_type": "trig",
  "dim": 10,
  "n_samples": 2048,
  "noise_level": 0.0,
  "seed": 789,
  "lambda": 1.0,
  "test_value_mse": 8.784766850736219,
  "test_grad_mse": 1004.185889351317,
  "time_s": 4.673603057861328,
  "key": "trig_d10_n2048_noise0.0_s789_baseline_rf",
  "timestamp": "2026-04-07T10:28:28.648282"
}