{
  "method": "baseline_gp",
  "func_type": "trig",
  "dim": 10,
  "n_samples": 256,
  "noise_level": 0.05,
  "seed": 789,
  "lambda": 1.0,
  "test_value_mse": 13.191377509571936,
  "test_grad_mse": 13.851622983660201,
  "time_s": 0.4652140140533447,
  "key": "trig_d10_n256_noise0.05_s789_baseline_gp",
  "timestamp": "2026-04-07T09:59:17.623325"
}