{
  "method": "baseline_gp",
  "func_type": "trig",
  "dim": 20,
  "n_samples": 1024,
  "noise_level": 0.05,
  "seed": 42,
  "lambda": 1.0,
  "test_value_mse": 19.579580165299806,
  "test_grad_mse": 5.458230757648801,
  "time_s": 8.89978313446045,
  "key": "trig_d20_n1024_noise0.05_s42_baseline_gp",
  "timestamp": "2026-04-07T12:03:57.405320"
}