{
  "method": "baseline_gp",
  "func_type": "trig",
  "dim": 2,
  "n_samples": 4096,
  "noise_level": 0.5,
  "seed": 42,
  "lambda": 1.0,
  "test_value_mse": 2.9263246088964348e-08,
  "test_grad_mse": 1.3809591302830646e-05,
  "time_s": 169.38415837287903,
  "key": "trig_d2_n4096_noise0.5_s42_baseline_gp",
  "timestamp": "2026-04-07T07:26:24.143436"
}