{
  "method": "baseline_krr",
  "func_type": "trig",
  "dim": 10,
  "n_samples": 1024,
  "noise_level": 0.2,
  "seed": 456,
  "lambda": 1.0,
  "test_value_mse": 6.7689924240112305,
  "test_grad_mse": 6.535811240292564,
  "time_s": 1.4290926456451416,
  "key": "trig_d10_n1024_noise0.2_s456_baseline_krr",
  "timestamp": "2026-04-07T10:18:15.134980"
}