{
  "method": "baseline_gp",
  "func_type": "trig",
  "dim": 5,
  "n_samples": 1024,
  "noise_level": 0.2,
  "seed": 789,
  "lambda": 1.0,
  "test_value_mse": 3.5460596206139843,
  "test_grad_mse": 11.05630108777822,
  "time_s": 13.110259771347046,
  "key": "trig_d5_n1024_noise0.2_s789_baseline_gp",
  "timestamp": "2026-04-07T08:09:55.881951"
}