{
  "method": "vanilla",
  "func_type": "trig",
  "dim": 20,
  "n_samples": 512,
  "noise_level": 0.0,
  "seed": 1000,
  "lambda": 1.0,
  "test_value_mse": 15.310270309448242,
  "test_grad_mse": 6.643895149230957,
  "best_epoch": 31,
  "time_s": 4.492368221282959,
  "n_epochs_actual": 82,
  "key": "trig_d20_n512_noise0.0_s1000_vanilla",
  "timestamp": "2026-04-07T12:02:39.428261"
}