{
  "method": "baseline_krr",
  "func_type": "trig",
  "dim": 10,
  "n_samples": 1024,
  "noise_level": 0.5,
  "seed": 456,
  "lambda": 1.0,
  "test_value_mse": 6.7689924240112305,
  "test_grad_mse": 6.535811240292564,
  "time_s": 1.1785175800323486,
  "key": "trig_d10_n1024_noise0.5_s456_baseline_krr",
  "timestamp": "2026-04-07T10:22:09.506278"
}