{
  "method": "dml_fixed",
  "func_type": "trig",
  "dim": 2,
  "n_samples": 2048,
  "noise_level": 0.0,
  "seed": 123,
  "lambda": 1.0,
  "test_value_mse": 3.536439692197746e-07,
  "test_grad_mse": 2.3325237634708174e-06,
  "best_epoch": 495,
  "time_s": 21.24403738975525,
  "n_epochs_actual": 500,
  "key": "trig_d2_n2048_noise0.0_s123_dml_fixed",
  "timestamp": "2026-04-07T05:48:07.380303"
}