{
  "method": "baseline_rf",
  "func_type": "trig",
  "dim": 20,
  "n_samples": 1024,
  "noise_level": 0.05,
  "seed": 1000,
  "lambda": 1.0,
  "test_value_mse": 14.503757484070263,
  "test_grad_mse": 580.0066050213757,
  "time_s": 6.310786485671997,
  "key": "trig_d20_n1024_noise0.05_s1000_baseline_rf",
  "timestamp": "2026-04-07T12:06:36.060139"
}