{
  "method": "dml_relobralo",
  "func_type": "trig",
  "dim": 2,
  "n_samples": 1024,
  "noise_level": 0.1,
  "seed": 123,
  "lambda": 1.0,
  "test_value_mse": 5.3076291806064546e-05,
  "test_grad_mse": 0.0001452644937671721,
  "best_epoch": 181,
  "time_s": 7.34351372718811,
  "n_epochs_actual": 232,
  "key": "trig_d2_n1024_noise0.1_s123_dml_relobralo",
  "timestamp": "2026-04-26T10:16:48.128702"
}