{
  "method": "baseline_gp",
  "func_type": "trig",
  "dim": 2,
  "n_samples": 1024,
  "noise_level": 0.1,
  "seed": 123,
  "lambda": 1.0,
  "test_value_mse": 5.2007494957865914e-08,
  "test_grad_mse": 1.2554181352339693e-06,
  "time_s": 17.116760730743408,
  "key": "trig_d2_n1024_noise0.1_s123_baseline_gp",
  "timestamp": "2026-04-07T05:30:43.726355"
}