{
  "method": "dml_gradnorm",
  "func_type": "trig",
  "dim": 2,
  "n_samples": 256,
  "noise_level": 0.5,
  "seed": 123,
  "lambda": 1.0,
  "test_value_mse": 0.01330253854393959,
  "test_grad_mse": 0.011521742679178715,
  "best_epoch": 76,
  "time_s": 5.985641002655029,
  "n_epochs_actual": 127,
  "key": "trig_d2_n256_noise0.5_s123_dml_gradnorm",
  "timestamp": "2026-04-07T05:13:55.090710"
}