{
  "method": "dml_fixed",
  "func_type": "trig",
  "dim": 100,
  "n_samples": 1024,
  "noise_level": 0.2,
  "seed": 789,
  "lambda": 1.0,
  "test_value_mse": 99.35448455810547,
  "test_grad_mse": 10.57750415802002,
  "best_epoch": 23,
  "time_s": 4.975465297698975,
  "n_epochs_actual": 74,
  "key": "trig_d100_n1024_noise0.2_s789_dml_fixed",
  "timestamp": "2026-04-07T14:18:16.224748"
}