{
  "method": "dml_fixed",
  "func_type": "trig",
  "dim": 20,
  "n_samples": 4096,
  "noise_level": 0.1,
  "seed": 789,
  "lambda": 1.0,
  "test_value_mse": 27.52509117126465,
  "test_grad_mse": 14.58253002166748,
  "best_epoch": 29,
  "time_s": 7.435434103012085,
  "n_epochs_actual": 80,
  "key": "trig_d20_n4096_noise0.1_s789_dml_fixed",
  "timestamp": "2026-04-07T12:51:14.669454"
}