{
  "method": "baseline_rf",
  "func_type": "trig",
  "dim": 20,
  "n_samples": 1024,
  "noise_level": 0.1,
  "seed": 789,
  "lambda": 1.0,
  "test_value_mse": 20.26487881433471,
  "test_grad_mse": 15.101302390423703,
  "time_s": 8.096157312393188,
  "key": "trig_d20_n1024_noise0.1_s789_baseline_rf",
  "timestamp": "2026-04-07T12:10:24.340103"
}