{
  "method": "dml_fixed",
  "func_type": "trig",
  "dim": 5,
  "n_samples": 1024,
  "noise_level": 0.05,
  "seed": 123,
  "lambda": 1.0,
  "test_value_mse": 0.03694678097963333,
  "test_grad_mse": 0.11804769933223724,
  "best_epoch": 499,
  "time_s": 13.878730058670044,
  "n_epochs_actual": 500,
  "key": "trig_d5_n1024_noise0.05_s123_dml_fixed",
  "timestamp": "2026-04-07T07:59:32.543953"
}