{
  "method": "vanilla",
  "func_type": "trig",
  "dim": 100,
  "n_samples": 512,
  "noise_level": 0.0,
  "seed": 123,
  "lambda": 1.0,
  "test_value_mse": 85.65213775634766,
  "test_grad_mse": 7.980345726013184,
  "best_epoch": 23,
  "time_s": 4.4891252517700195,
  "n_epochs_actual": 74,
  "key": "trig_d100_n512_noise0.0_s123_vanilla",
  "timestamp": "2026-04-07T14:10:04.259811"
}