{
  "method": "baseline_rf",
  "func_type": "trig",
  "dim": 5,
  "n_samples": 4096,
  "noise_level": 0.5,
  "seed": 456,
  "lambda": 1.0,
  "test_value_mse": 1.1506479744914757,
  "test_grad_mse": 873.4538168794153,
  "time_s": 3.115549325942993,
  "key": "trig_d5_n4096_noise0.5_s456_baseline_rf",
  "timestamp": "2026-04-07T09:49:08.886617"
}