{
  "method": "dml_gradnorm",
  "func_type": "trig",
  "dim": 10,
  "n_samples": 256,
  "noise_level": 0.1,
  "seed": 789,
  "lambda": 1.0,
  "test_value_mse": 12.680623054504395,
  "test_grad_mse": 13.867176055908203,
  "best_epoch": 17,
  "time_s": 4.928528308868408,
  "n_epochs_actual": 68,
  "key": "trig_d10_n256_noise0.1_s789_dml_gradnorm",
  "timestamp": "2026-04-07T10:01:00.444822"
}