{
  "method": "dml_fixed",
  "func_type": "trig",
  "dim": 50,
  "n_samples": 512,
  "noise_level": 0.0,
  "seed": 42,
  "lambda": 1.0,
  "test_value_mse": 34.84574890136719,
  "test_grad_mse": 6.579049587249756,
  "best_epoch": 34,
  "time_s": 4.626095294952393,
  "n_epochs_actual": 85,
  "key": "trig_d50_n512_noise0.0_s42_dml_fixed",
  "timestamp": "2026-04-07T13:38:50.186391"
}