{
  "method": "dml_fixed",
  "func_type": "trig",
  "dim": 20,
  "n_samples": 2048,
  "noise_level": 0.0,
  "seed": 1000,
  "lambda": 1.0,
  "test_value_mse": 20.717693328857422,
  "test_grad_mse": 6.221052646636963,
  "best_epoch": 53,
  "time_s": 6.853675842285156,
  "n_epochs_actual": 104,
  "key": "trig_d20_n2048_noise0.0_s1000_dml_fixed",
  "timestamp": "2026-04-07T12:23:18.581083"
}