{
  "method": "dml_fixed",
  "func_type": "trig",
  "dim": 50,
  "n_samples": 4096,
  "noise_level": 0.05,
  "seed": 123,
  "lambda": 1.0,
  "test_value_mse": 40.42525863647461,
  "test_grad_mse": 6.643391132354736,
  "best_epoch": 8,
  "time_s": 6.211653709411621,
  "n_epochs_actual": 59,
  "key": "trig_d50_n4096_noise0.05_s123_dml_fixed",
  "timestamp": "2026-04-07T13:50:46.492423"
}