{
  "method": "baseline_gp",
  "func_type": "trig",
  "dim": 5,
  "n_samples": 256,
  "noise_level": 0.5,
  "seed": 1000,
  "lambda": 1.0,
  "test_value_mse": 5.013567969532293,
  "test_grad_mse": 2.5725422039387214,
  "time_s": 0.4249744415283203,
  "key": "trig_d5_n256_noise0.5_s1000_baseline_gp",
  "timestamp": "2026-04-07T07:56:06.556537"
}