{
  "method": "dml_relobralo",
  "func_type": "trig",
  "dim": 100,
  "n_samples": 4096,
  "noise_level": 0.05,
  "seed": 456,
  "lambda": 1.0,
  "test_value_mse": 115.1697006225586,
  "test_grad_mse": 8.129870414733887,
  "best_epoch": 33,
  "time_s": 10.075309038162231,
  "n_epochs_actual": 84,
  "key": "trig_d100_n4096_noise0.05_s456_dml_relobralo",
  "timestamp": "2026-04-26T11:12:08.843324"
}