{
  "method": "dml_relobralo",
  "func_type": "trig",
  "dim": 50,
  "n_samples": 256,
  "noise_level": 0.05,
  "seed": 456,
  "lambda": 1.0,
  "test_value_mse": 37.26869583129883,
  "test_grad_mse": 8.389902114868164,
  "best_epoch": 15,
  "time_s": 2.4107816219329834,
  "n_epochs_actual": 66,
  "key": "trig_d50_n256_noise0.05_s456_dml_relobralo",
  "timestamp": "2026-04-26T11:04:07.672648"
}