{
  "method": "dml_gradnorm",
  "func_type": "trig",
  "dim": 10,
  "n_samples": 1024,
  "noise_level": 0.2,
  "seed": 456,
  "lambda": 1.0,
  "test_value_mse": 6.9491868019104,
  "test_grad_mse": 6.532452583312988,
  "best_epoch": 14,
  "time_s": 5.9434380531311035,
  "n_epochs_actual": 65,
  "key": "trig_d10_n1024_noise0.2_s456_dml_gradnorm",
  "timestamp": "2026-04-07T10:17:54.471931"
}