{
  "method": "dml_gradnorm",
  "func_type": "trig",
  "dim": 2,
  "n_samples": 256,
  "noise_level": 0.05,
  "seed": 789,
  "lambda": 1.0,
  "test_value_mse": 0.28730544447898865,
  "test_grad_mse": 2.493896484375,
  "best_epoch": 92,
  "time_s": 6.813452482223511,
  "n_epochs_actual": 143,
  "key": "trig_d2_n256_noise0.05_s789_dml_gradnorm",
  "timestamp": "2026-04-07T05:06:44.999950"
}