{
  "method": "dml_fixed",
  "func_type": "trig",
  "dim": 5,
  "n_samples": 1024,
  "noise_level": 0.05,
  "seed": 42,
  "lambda": 1.0,
  "test_value_mse": 1.334928035736084,
  "test_grad_mse": 2.622896909713745,
  "best_epoch": 28,
  "time_s": 4.910494327545166,
  "n_epochs_actual": 79,
  "key": "trig_d5_n1024_noise0.05_s42_dml_fixed",
  "timestamp": "2026-04-07T07:58:44.632412"
}