{
  "method": "baseline_rf",
  "func_type": "trig",
  "dim": 2,
  "n_samples": 256,
  "noise_level": 0.5,
  "seed": 1000,
  "lambda": 1.0,
  "test_value_mse": 0.7375418016991214,
  "test_grad_mse": 5.820468523545757,
  "time_s": 1.1623036861419678,
  "key": "trig_d2_n256_noise0.5_s1000_baseline_rf",
  "timestamp": "2026-04-07T05:15:36.976179"
}