{
  "method": "dml_fixed",
  "func_type": "trig",
  "dim": 100,
  "n_samples": 256,
  "noise_level": 0.5,
  "seed": 123,
  "lambda": 1.0,
  "test_value_mse": 70.39411926269531,
  "test_grad_mse": 8.009505271911621,
  "best_epoch": 40,
  "time_s": 4.384132623672485,
  "n_epochs_actual": 91,
  "key": "trig_d100_n256_noise0.5_s123_dml_fixed",
  "timestamp": "2026-04-07T14:08:11.423654"
}