{
  "method": "dml_fixed",
  "func_type": "trig",
  "dim": 5,
  "n_samples": 4096,
  "noise_level": 0.1,
  "seed": 456,
  "lambda": 1.0,
  "test_value_mse": 0.03450107201933861,
  "test_grad_mse": 0.07123247534036636,
  "best_epoch": 356,
  "time_s": 29.081762075424194,
  "n_epochs_actual": 407,
  "key": "trig_d5_n4096_noise0.1_s456_dml_fixed",
  "timestamp": "2026-04-07T08:58:07.837989"
}