{
  "method": "baseline_krr",
  "func_type": "trig",
  "dim": 10,
  "n_samples": 1024,
  "noise_level": 0.5,
  "seed": 1000,
  "lambda": 1.0,
  "test_value_mse": 8.587955474853516,
  "test_grad_mse": 4.492295602192057,
  "time_s": 1.378514051437378,
  "key": "trig_d10_n1024_noise0.5_s1000_baseline_krr",
  "timestamp": "2026-04-07T10:23:28.226983"
}