{
  "method": "dml_gradnorm",
  "func_type": "trig",
  "dim": 100,
  "n_samples": 4096,
  "noise_level": 0.2,
  "seed": 123,
  "lambda": 1.0,
  "test_value_mse": 120.70686340332031,
  "test_grad_mse": 8.05405330657959,
  "best_epoch": 79,
  "time_s": 21.21578812599182,
  "n_epochs_actual": 130,
  "key": "trig_d100_n4096_noise0.2_s123_dml_gradnorm",
  "timestamp": "2026-04-07T14:31:53.597042"
}