{
  "method": "vanilla",
  "func_type": "trig",
  "dim": 20,
  "n_samples": 256,
  "noise_level": 0.5,
  "seed": 123,
  "lambda": 1.0,
  "test_value_mse": 19.485700607299805,
  "test_grad_mse": 7.528265953063965,
  "best_epoch": 20,
  "time_s": 4.192682266235352,
  "n_epochs_actual": 71,
  "key": "trig_d20_n256_noise0.5_s123_vanilla",
  "timestamp": "2026-04-07T11:58:29.821029"
}