{
  "method": "dml_fixed",
  "func_type": "trig",
  "dim": 20,
  "n_samples": 256,
  "noise_level": 0.1,
  "seed": 1000,
  "lambda": 1.0,
  "test_value_mse": 15.801735877990723,
  "test_grad_mse": 6.629773139953613,
  "best_epoch": 20,
  "time_s": 3.9588987827301025,
  "n_epochs_actual": 71,
  "key": "trig_d20_n256_noise0.1_s1000_dml_fixed",
  "timestamp": "2026-04-07T11:55:34.482634"
}