{
  "method": "dml_fixed",
  "func_type": "trig",
  "dim": 50,
  "n_samples": 1024,
  "noise_level": 0.2,
  "seed": 456,
  "lambda": 1.0,
  "test_value_mse": 38.99742126464844,
  "test_grad_mse": 8.090930938720703,
  "best_epoch": 22,
  "time_s": 5.365923166275024,
  "n_epochs_actual": 73,
  "key": "trig_d50_n1024_noise0.2_s456_dml_fixed",
  "timestamp": "2026-04-07T13:45:01.520926"
}