{
  "method": "dml_relobralo",
  "func_type": "trig",
  "dim": 2,
  "n_samples": 1024,
  "noise_level": 0.2,
  "seed": 456,
  "lambda": 1.0,
  "test_value_mse": 0.009184127673506737,
  "test_grad_mse": 0.07449798285961151,
  "best_epoch": 326,
  "time_s": 12.102896928787231,
  "n_epochs_actual": 377,
  "key": "trig_d2_n1024_noise0.2_s456_dml_relobralo",
  "timestamp": "2026-04-26T10:17:56.881671"
}