{
  "method": "dml_relobralo",
  "func_type": "trig",
  "dim": 2,
  "n_samples": 4096,
  "noise_level": 0.2,
  "seed": 1000,
  "lambda": 1.0,
  "test_value_mse": 0.0017067831940948963,
  "test_grad_mse": 0.00627197977155447,
  "best_epoch": 182,
  "time_s": 21.884430170059204,
  "n_epochs_actual": 233,
  "key": "trig_d2_n4096_noise0.2_s1000_dml_relobralo",
  "timestamp": "2026-04-26T10:28:42.442754"
}