{
  "method": "dml_fixed",
  "func_type": "trig",
  "dim": 50,
  "n_samples": 256,
  "noise_level": 0.5,
  "seed": 456,
  "lambda": 1.0,
  "test_value_mse": 34.95438003540039,
  "test_grad_mse": 8.368837356567383,
  "best_epoch": 31,
  "time_s": 4.1118574142456055,
  "n_epochs_actual": 82,
  "key": "trig_d50_n256_noise0.5_s456_dml_fixed",
  "timestamp": "2026-04-07T13:37:57.968350"
}