{
  "method": "dml_gradnorm",
  "func_type": "trig",
  "dim": 20,
  "n_samples": 512,
  "noise_level": 0.0,
  "seed": 123,
  "lambda": 1.0,
  "test_value_mse": 20.682409286499023,
  "test_grad_mse": 7.336933135986328,
  "best_epoch": 33,
  "time_s": 4.518144607543945,
  "n_epochs_actual": 84,
  "key": "trig_d20_n512_noise0.0_s123_dml_gradnorm",
  "timestamp": "2026-04-07T12:00:58.679000"
}