{
  "method": "dml_relobralo",
  "func_type": "trig",
  "dim": 5,
  "n_samples": 2048,
  "noise_level": 0.0,
  "seed": 1000,
  "lambda": 1.0,
  "test_value_mse": 0.0014402726665139198,
  "test_grad_mse": 0.00492927385494113,
  "best_epoch": 497,
  "time_s": 30.06216073036194,
  "n_epochs_actual": 500,
  "key": "trig_d5_n2048_noise0.0_s1000_dml_relobralo",
  "timestamp": "2026-04-26T10:37:53.671688"
}