{
  "method": "dml_fixed",
  "func_type": "trig",
  "dim": 20,
  "n_samples": 4096,
  "noise_level": 0.05,
  "seed": 456,
  "lambda": 1.0,
  "test_value_mse": 12.35165786743164,
  "test_grad_mse": 5.5139055252075195,
  "best_epoch": 35,
  "time_s": 8.30481243133545,
  "n_epochs_actual": 86,
  "key": "trig_d20_n4096_noise0.05_s456_dml_fixed",
  "timestamp": "2026-04-07T12:31:36.240779"
}