{
  "method": "baseline_krr",
  "func_type": "trig",
  "dim": 2,
  "n_samples": 256,
  "noise_level": 0.5,
  "seed": 1000,
  "lambda": 1.0,
  "test_value_mse": 0.574303150177002,
  "test_grad_mse": 3.041442906170254,
  "time_s": 0.004003047943115234,
  "key": "trig_d2_n256_noise0.5_s1000_baseline_krr",
  "timestamp": "2026-04-07T05:15:35.799623"
}