{
  "method": "baseline_krr",
  "func_type": "trig",
  "dim": 5,
  "n_samples": 4096,
  "noise_level": 0.2,
  "seed": 42,
  "lambda": 1.0,
  "test_value_mse": 0.9184208512306213,
  "test_grad_mse": 2.5046938882665155,
  "time_s": 1.2096829414367676,
  "key": "trig_d5_n4096_noise0.2_s42_baseline_krr",
  "timestamp": "2026-04-07T09:17:17.512054"
}