{
  "method": "baseline_krr",
  "func_type": "trig",
  "dim": 20,
  "n_samples": 256,
  "noise_level": 0.2,
  "seed": 123,
  "lambda": 1.0,
  "test_value_mse": 20.967090606689453,
  "test_grad_mse": 7.4902218988664115,
  "time_s": 0.07571029663085938,
  "key": "trig_d20_n256_noise0.2_s123_baseline_krr",
  "timestamp": "2026-04-07T11:56:39.670674"
}