{
  "method": "dml_fixed",
  "func_type": "trig",
  "dim": 5,
  "n_samples": 512,
  "noise_level": 0.0,
  "seed": 123,
  "lambda": 1.0,
  "test_value_mse": 2.0871682167053223,
  "test_grad_mse": 4.23589563369751,
  "best_epoch": 14,
  "time_s": 3.658082962036133,
  "n_epochs_actual": 65,
  "key": "trig_d5_n512_noise0.0_s123_dml_fixed",
  "timestamp": "2026-04-07T07:56:46.886067"
}