{
  "method": "dml_fixed",
  "func_type": "trig",
  "dim": 2,
  "n_samples": 1024,
  "noise_level": 0.5,
  "seed": 1000,
  "lambda": 1.0,
  "test_value_mse": 0.045981746166944504,
  "test_grad_mse": 0.07915828377008438,
  "best_epoch": 89,
  "time_s": 6.4288434982299805,
  "n_epochs_actual": 140,
  "key": "trig_d2_n1024_noise0.5_s1000_dml_fixed",
  "timestamp": "2026-04-07T05:44:34.813777"
}