{
  "method": "dml_relobralo",
  "func_type": "trig",
  "dim": 2,
  "n_samples": 256,
  "noise_level": 0.1,
  "seed": 123,
  "lambda": 1.0,
  "test_value_mse": 0.00022610135783907026,
  "test_grad_mse": 0.0005887820734642446,
  "best_epoch": 200,
  "time_s": 5.238867521286011,
  "n_epochs_actual": 251,
  "key": "trig_d2_n256_noise0.1_s123_dml_relobralo",
  "timestamp": "2026-04-26T10:12:57.782580"
}