{
  "method": "vanilla",
  "func_type": "trig",
  "dim": 5,
  "n_samples": 2048,
  "noise_level": 0.0,
  "seed": 789,
  "lambda": 1.0,
  "test_value_mse": 3.8305318355560303,
  "test_grad_mse": 10.184351921081543,
  "best_epoch": 110,
  "time_s": 6.518894672393799,
  "n_epochs_actual": 161,
  "key": "trig_d5_n2048_noise0.0_s789_vanilla",
  "timestamp": "2026-04-07T08:20:07.675034"
}