{
  "method": "dml_gradnorm",
  "func_type": "trig",
  "dim": 10,
  "n_samples": 1024,
  "noise_level": 0.5,
  "seed": 789,
  "lambda": 1.0,
  "test_value_mse": 14.121691703796387,
  "test_grad_mse": 13.541316032409668,
  "best_epoch": 12,
  "time_s": 6.352589130401611,
  "n_epochs_actual": 63,
  "key": "trig_d10_n1024_noise0.5_s789_dml_gradnorm",
  "timestamp": "2026-04-07T10:22:28.272697"
}