{
  "method": "dml_warmup",
  "seed": 789,
  "n_monitor": 4,
  "test_value_mse": 0.34390403798273256,
  "test_grad_mse": 0.0029213535944051156,
  "best_epoch": 252,
  "time_s": 9.06,
  "data_gen_s": 0.0
}