{
  "method": "vanilla",
  "seed": 42,
  "n_monitor": 4,
  "test_value_mse": 0.3899327740571067,
  "test_grad_mse": 0.006888747848057455,
  "best_epoch": 22,
  "time_s": 7.23,
  "data_gen_s": 0.0
}