{
  "method": "dml_warmup",
  "seed": 456,
  "n_monitor": 4,
  "test_value_mse": 0.7645492621987922,
  "test_grad_mse": 0.0010989780130602539,
  "best_epoch": 342,
  "time_s": 20.84,
  "data_gen_s": 0.0
}