{
  "method": "dml_fixed",
  "seed": 123,
  "n_monitor": 4,
  "test_value_mse": 0.32898357193914235,
  "test_grad_mse": 0.0012894217922705068,
  "best_epoch": 82,
  "time_s": 12.95,
  "data_gen_s": 0.0
}