{
  "1": {
    "val_mse": 25.226652164482392,
    "delta_mse": 0.12777194631398167
  },
  "2": {
    "val_mse": 0.3264158843725471,
    "delta_mse": 0.006731504893014538
  },
  "3": {
    "val_mse": 0.1445954897934473,
    "delta_mse": 0.004835126757815203
  },
  "4": {
    "val_mse": 0.0282671549075016,
    "delta_mse": 0.0012668577487425217
  },
  "5": {
    "val_mse": 0.006477296619106141,
    "delta_mse": 0.0004659508956284126
  },
  "6": {
    "val_mse": 0.006396442474878735,
    "delta_mse": 0.00046321377470819064
  }
}