model,region,arm,sigma_star,status,mean_log_ratio_sigma0,std_log_ratio_sigma0,mean_log_ratio_max_sigma,n_seeds
siren,all,dml_da,1.0999564249831049,observed,-0.18854492431778833,0.13693250857171277,0.16752834933242614,3
siren,all,dml_train,1.098503244233813,observed,-0.09836717286916384,0.08052079186927007,0.1405377106857574,3
siren,far_extrap,dml_da,1.045942788706948,observed,-0.040648020472162795,0.1073736949297963,0.079885300602534,3
siren,far_extrap,dml_train,0.009334598967006563,observed,-0.019205420984668865,0.09450439902715904,0.017358630615729297,3
siren,interpolation,dml_da,0.41873702775963717,observed,-0.24436397741882754,0.15943370511922902,0.8914223846513721,3
siren,interpolation,dml_train,0.19697934749679752,observed,-0.37632046454340945,0.21114304234502596,0.9390832315912263,3
siren,near_extrap,dml_da,3.0,right_censored,-0.7432979917391842,0.5205082569543795,-0.0794148419410298,3
siren,near_extrap,dml_train,3.0,right_censored,-0.24161753746681316,0.20343737365421313,-0.0582653058517714,3
