{
  "key": "m2_poly_trig_d2_n2048_moderadial_s1337_vanilla",
  "method": "vanilla",
  "func_type": "poly_trig",
  "dim": 2,
  "n_train": 2048,
  "n_test": 2000,
  "noise_level": 0.0,
  "split_mode": "radial",
  "seed": 1337,
  "lambda": null,
  "test_value_mse": 0.004553728271275759,
  "test_grad_mse": 0.13300611078739166,
  "best_epoch": 496,
  "n_epochs_actual": 500,
  "time_s": 44.51,
  "dist_nn_min": 0.0049751680344343185,
  "dist_nn_mean": 0.17110973596572876,
  "dist_nn_p25": 0.09822195023298264,
  "dist_nn_p50": 0.17207732796669006,
  "dist_nn_p75": 0.24357490241527557,
  "dist_nn_max": 0.40994149446487427,
  "split_meta": {
    "split_kind": "extrapolation",
    "split_mode": "radial",
    "n_train": 2048,
    "n_test": 2000,
    "radial_threshold": 0.7070563735557286,
    "split_role": "train"
  },
  "hparams": {
    "n_epochs": 500,
    "batch_size": 256,
    "n_layers": 4,
    "hidden_size": 256,
    "activation": "softplus",
    "lr": 0.005,
    "lambda_": 1.0,
    "max_grad_norm": 1.0,
    "scheduler_patience": 20,
    "scheduler_factor": 0.5
  },
  "timestamp": "2026-04-30T23:29:16.364901"
}