{
  "key": "m2_poly_trig_d10_n2048_moderadial_s1337_vanilla",
  "method": "vanilla",
  "func_type": "poly_trig",
  "dim": 10,
  "n_train": 2048,
  "n_test": 2000,
  "noise_level": 0.0,
  "split_mode": "radial",
  "seed": 1337,
  "lambda": null,
  "test_value_mse": 0.03356064110994339,
  "test_grad_mse": 0.12309442460536957,
  "best_epoch": 341,
  "n_epochs_actual": 392,
  "time_s": 41.67,
  "dist_nn_min": 0.37411409616470337,
  "dist_nn_mean": 0.9574255347251892,
  "dist_nn_p25": 0.8624303340911865,
  "dist_nn_p50": 0.9581995010375977,
  "dist_nn_p75": 1.0535554885864258,
  "dist_nn_max": 1.6300814151763916,
  "split_meta": {
    "split_kind": "extrapolation",
    "split_mode": "radial",
    "n_train": 2048,
    "n_test": 2000,
    "radial_threshold": 0.9330294322984058,
    "split_role": "train"
  },
  "hparams": {
    "n_epochs": 500,
    "batch_size": 256,
    "n_layers": 4,
    "hidden_size": 256,
    "activation": "softplus",
    "lr": 0.005,
    "lambda_": 1.0,
    "max_grad_norm": 1.0,
    "scheduler_patience": 20,
    "scheduler_factor": 0.5
  },
  "timestamp": "2026-05-01T00:09:26.562612"
}