{
  "key": "m2_poly_trig_d5_n512_moderadial_s1337_dml_fixed",
  "method": "dml_fixed",
  "func_type": "poly_trig",
  "dim": 5,
  "n_train": 512,
  "n_test": 2000,
  "noise_level": 0.0,
  "split_mode": "radial",
  "seed": 1337,
  "lambda": 1.0,
  "test_value_mse": 0.0008248775266110897,
  "test_grad_mse": 0.014233395457267761,
  "best_epoch": 499,
  "n_epochs_actual": 500,
  "time_s": 16.24,
  "dist_nn_min": 0.1285063773393631,
  "dist_nn_mean": 0.4638981223106384,
  "dist_nn_p25": 0.3821755349636078,
  "dist_nn_p50": 0.45720475912094116,
  "dist_nn_p75": 0.5409470200538635,
  "dist_nn_max": 0.9527811408042908,
  "split_meta": {
    "split_kind": "extrapolation",
    "split_mode": "radial",
    "n_train": 512,
    "n_test": 2000,
    "radial_threshold": 0.8705472424092707,
    "split_role": "train"
  },
  "hparams": {
    "n_epochs": 500,
    "batch_size": 256,
    "n_layers": 4,
    "hidden_size": 256,
    "activation": "softplus",
    "lr": 0.005,
    "lambda_": 1.0,
    "max_grad_norm": 1.0,
    "scheduler_patience": 20,
    "scheduler_factor": 0.5
  },
  "timestamp": "2026-04-30T23:21:49.584610"
}