{
  "key": "m2_poly_trig_d2_n2048_modehalfspace_s456_dml_gradnorm",
  "method": "dml_gradnorm",
  "func_type": "poly_trig",
  "dim": 2,
  "n_train": 2048,
  "n_test": 2000,
  "noise_level": 0.0,
  "split_mode": "halfspace",
  "seed": 456,
  "lambda": 1.0,
  "test_value_mse": 0.008847728371620178,
  "test_grad_mse": 0.06650777906179428,
  "best_epoch": 499,
  "n_epochs_actual": 500,
  "time_s": 69.4,
  "dist_nn_min": 0.010190797038376331,
  "dist_nn_mean": 0.5062095522880554,
  "dist_nn_p25": 0.24673141539096832,
  "dist_nn_p50": 0.5127313733100891,
  "dist_nn_p75": 0.7660400867462158,
  "dist_nn_max": 1.0106239318847656,
  "split_meta": {
    "split_kind": "extrapolation",
    "split_mode": "halfspace",
    "n_train": 2048,
    "n_test": 2000,
    "halfspace_axis": 0,
    "halfspace_threshold": 0.0,
    "split_role": "train"
  },
  "hparams": {
    "n_epochs": 500,
    "batch_size": 256,
    "n_layers": 4,
    "hidden_size": 256,
    "activation": "softplus",
    "lr": 0.005,
    "lambda_": 1.0,
    "max_grad_norm": 1.0,
    "scheduler_patience": 20,
    "scheduler_factor": 0.5
  },
  "timestamp": "2026-04-30T23:10:19.386437"
}