{
  "key": "m2_poly_trig_d2_n512_moderadial_s1337_dml_gradnorm",
  "method": "dml_gradnorm",
  "func_type": "poly_trig",
  "dim": 2,
  "n_train": 512,
  "n_test": 2000,
  "noise_level": 0.0,
  "split_mode": "radial",
  "seed": 1337,
  "lambda": 1.0,
  "test_value_mse": 0.0012801566626876593,
  "test_grad_mse": 0.043672751635313034,
  "best_epoch": 404,
  "n_epochs_actual": 455,
  "time_s": 27.32,
  "dist_nn_min": 0.006695936433970928,
  "dist_nn_mean": 0.1865653395652771,
  "dist_nn_p25": 0.11290673911571503,
  "dist_nn_p50": 0.1880313754081726,
  "dist_nn_p75": 0.25741609930992126,
  "dist_nn_max": 0.4453875720500946,
  "split_meta": {
    "split_kind": "extrapolation",
    "split_mode": "radial",
    "n_train": 512,
    "n_test": 2000,
    "radial_threshold": 0.7070563735557286,
    "split_role": "train"
  },
  "hparams": {
    "n_epochs": 500,
    "batch_size": 256,
    "n_layers": 4,
    "hidden_size": 256,
    "activation": "softplus",
    "lr": 0.005,
    "lambda_": 1.0,
    "max_grad_norm": 1.0,
    "scheduler_patience": 20,
    "scheduler_factor": 0.5
  },
  "timestamp": "2026-04-30T23:16:09.741756"
}