{
  "key": "m2_poly_trig_d5_n2048_moderadial_s42_dml_gradnorm",
  "method": "dml_gradnorm",
  "func_type": "poly_trig",
  "dim": 5,
  "n_train": 2048,
  "n_test": 2000,
  "noise_level": 0.0,
  "split_mode": "radial",
  "seed": 42,
  "lambda": 1.0,
  "test_value_mse": 0.00014357278996612877,
  "test_grad_mse": 0.0024357521906495094,
  "best_epoch": 498,
  "n_epochs_actual": 500,
  "time_s": 87.76,
  "dist_nn_min": 0.07164108753204346,
  "dist_nn_mean": 0.3588694930076599,
  "dist_nn_p25": 0.29549115896224976,
  "dist_nn_p50": 0.3540530800819397,
  "dist_nn_p75": 0.416284441947937,
  "dist_nn_max": 0.728371262550354,
  "split_meta": {
    "split_kind": "extrapolation",
    "split_mode": "radial",
    "n_train": 2048,
    "n_test": 2000,
    "radial_threshold": 0.8705499406298391,
    "split_role": "train"
  },
  "hparams": {
    "n_epochs": 500,
    "batch_size": 256,
    "n_layers": 4,
    "hidden_size": 256,
    "activation": "softplus",
    "lr": 0.005,
    "lambda_": 1.0,
    "max_grad_norm": 1.0,
    "scheduler_patience": 20,
    "scheduler_factor": 0.5
  },
  "timestamp": "2026-04-30T23:44:50.249859"
}