{
  "key": "m2_poly_trig_d10_n2048_moderadial_s789_dml_gradnorm",
  "method": "dml_gradnorm",
  "func_type": "poly_trig",
  "dim": 10,
  "n_train": 2048,
  "n_test": 2000,
  "noise_level": 0.0,
  "split_mode": "radial",
  "seed": 789,
  "lambda": 1.0,
  "test_value_mse": 0.0003478442959021777,
  "test_grad_mse": 0.0017177631380036473,
  "best_epoch": 498,
  "n_epochs_actual": 500,
  "time_s": 74.89,
  "dist_nn_min": 0.3942219614982605,
  "dist_nn_mean": 0.9594221711158752,
  "dist_nn_p25": 0.8658891320228577,
  "dist_nn_p50": 0.9619616270065308,
  "dist_nn_p75": 1.0604814291000366,
  "dist_nn_max": 1.4623163938522339,
  "split_meta": {
    "split_kind": "extrapolation",
    "split_mode": "radial",
    "n_train": 2048,
    "n_test": 2000,
    "radial_threshold": 0.9330329915368074,
    "split_role": "train"
  },
  "hparams": {
    "n_epochs": 500,
    "batch_size": 256,
    "n_layers": 4,
    "hidden_size": 256,
    "activation": "softplus",
    "lr": 0.005,
    "lambda_": 1.0,
    "max_grad_norm": 1.0,
    "scheduler_patience": 20,
    "scheduler_factor": 0.5
  },
  "timestamp": "2026-04-30T23:49:09.379294"
}