{
  "key": "m2_poly_trig_d10_n512_moderadial_s1337_dml_fixed",
  "method": "dml_fixed",
  "func_type": "poly_trig",
  "dim": 10,
  "n_train": 512,
  "n_test": 2000,
  "noise_level": 0.0,
  "split_mode": "radial",
  "seed": 1337,
  "lambda": 1.0,
  "test_value_mse": 0.0034908715169876814,
  "test_grad_mse": 0.011412966065108776,
  "best_epoch": 485,
  "n_epochs_actual": 500,
  "time_s": 16.85,
  "dist_nn_min": 0.5272613167762756,
  "dist_nn_mean": 1.1200757026672363,
  "dist_nn_p25": 1.0018320083618164,
  "dist_nn_p50": 1.1201413869857788,
  "dist_nn_p75": 1.2415112257003784,
  "dist_nn_max": 1.7249184846878052,
  "split_meta": {
    "split_kind": "extrapolation",
    "split_mode": "radial",
    "n_train": 512,
    "n_test": 2000,
    "radial_threshold": 0.9330294322984058,
    "split_role": "train"
  },
  "hparams": {
    "n_epochs": 500,
    "batch_size": 256,
    "n_layers": 4,
    "hidden_size": 256,
    "activation": "softplus",
    "lr": 0.005,
    "lambda_": 1.0,
    "max_grad_norm": 1.0,
    "scheduler_patience": 20,
    "scheduler_factor": 0.5
  },
  "timestamp": "2026-04-30T23:37:40.109837"
}