{
  "key": "m2_poly_trig_d5_n2048_moderadial_s123_dml_gradnorm",
  "method": "dml_gradnorm",
  "func_type": "poly_trig",
  "dim": 5,
  "n_train": 2048,
  "n_test": 2000,
  "noise_level": 0.0,
  "split_mode": "radial",
  "seed": 123,
  "lambda": 1.0,
  "test_value_mse": 7.054754678392783e-05,
  "test_grad_mse": 0.0016717707039788365,
  "best_epoch": 499,
  "n_epochs_actual": 500,
  "time_s": 80.62,
  "dist_nn_min": 0.11035404354333878,
  "dist_nn_mean": 0.35498684644699097,
  "dist_nn_p25": 0.2966999113559723,
  "dist_nn_p50": 0.35175180435180664,
  "dist_nn_p75": 0.409973680973053,
  "dist_nn_max": 0.6831915378570557,
  "split_meta": {
    "split_kind": "extrapolation",
    "split_mode": "radial",
    "n_train": 2048,
    "n_test": 2000,
    "radial_threshold": 0.8705447517441307,
    "split_role": "train"
  },
  "hparams": {
    "n_epochs": 500,
    "batch_size": 256,
    "n_layers": 4,
    "hidden_size": 256,
    "activation": "softplus",
    "lr": 0.005,
    "lambda_": 1.0,
    "max_grad_norm": 1.0,
    "scheduler_patience": 20,
    "scheduler_factor": 0.5
  },
  "timestamp": "2026-04-30T23:30:08.028767"
}