{
  "key": "m2_poly_trig_d5_n2048_moderadial_s789_vanilla",
  "method": "vanilla",
  "func_type": "poly_trig",
  "dim": 5,
  "n_train": 2048,
  "n_test": 2000,
  "noise_level": 0.0,
  "split_mode": "radial",
  "seed": 789,
  "lambda": null,
  "test_value_mse": 0.001174303819425404,
  "test_grad_mse": 0.017271677032113075,
  "best_epoch": 497,
  "n_epochs_actual": 500,
  "time_s": 35.38,
  "dist_nn_min": 0.1187940388917923,
  "dist_nn_mean": 0.35440248250961304,
  "dist_nn_p25": 0.2959592938423157,
  "dist_nn_p50": 0.35023075342178345,
  "dist_nn_p75": 0.4070855677127838,
  "dist_nn_max": 1.0084770917892456,
  "split_meta": {
    "split_kind": "extrapolation",
    "split_mode": "radial",
    "n_train": 2048,
    "n_test": 2000,
    "radial_threshold": 0.8705505632961241,
    "split_role": "train"
  },
  "hparams": {
    "n_epochs": 500,
    "batch_size": 256,
    "n_layers": 4,
    "hidden_size": 256,
    "activation": "softplus",
    "lr": 0.005,
    "lambda_": 1.0,
    "max_grad_norm": 1.0,
    "scheduler_patience": 20,
    "scheduler_factor": 0.5
  },
  "timestamp": "2026-04-30T23:31:26.449245"
}