{
  "key": "m2_poly_trig_d10_n512_moderadial_s42_dml_gradnorm",
  "method": "dml_gradnorm",
  "func_type": "poly_trig",
  "dim": 10,
  "n_train": 512,
  "n_test": 2000,
  "noise_level": 0.0,
  "split_mode": "radial",
  "seed": 42,
  "lambda": 1.0,
  "test_value_mse": 0.006864436902105808,
  "test_grad_mse": 0.02738860249519348,
  "best_epoch": 495,
  "n_epochs_actual": 500,
  "time_s": 30.91,
  "dist_nn_min": 0.4154571294784546,
  "dist_nn_mean": 1.1173861026763916,
  "dist_nn_p25": 0.99720299243927,
  "dist_nn_p50": 1.1204514503479004,
  "dist_nn_p75": 1.234104037284851,
  "dist_nn_max": 1.7322916984558105,
  "split_meta": {
    "split_kind": "extrapolation",
    "split_mode": "radial",
    "n_train": 512,
    "n_test": 2000,
    "radial_threshold": 0.9330323241796071,
    "split_role": "train"
  },
  "hparams": {
    "n_epochs": 500,
    "batch_size": 256,
    "n_layers": 4,
    "hidden_size": 256,
    "activation": "softplus",
    "lr": 0.005,
    "lambda_": 1.0,
    "max_grad_norm": 1.0,
    "scheduler_patience": 20,
    "scheduler_factor": 0.5
  },
  "timestamp": "2026-04-30T23:53:59.368692"
}