{
  "key": "m2_poly_trig_d10_n2048_moderadial_s42_dml_fixed",
  "method": "dml_fixed",
  "func_type": "poly_trig",
  "dim": 10,
  "n_train": 2048,
  "n_test": 2000,
  "noise_level": 0.0,
  "split_mode": "radial",
  "seed": 42,
  "lambda": 1.0,
  "test_value_mse": 0.0006487757200375199,
  "test_grad_mse": 0.0030518164858222008,
  "best_epoch": 499,
  "n_epochs_actual": 500,
  "time_s": 38.34,
  "dist_nn_min": 0.41408324241638184,
  "dist_nn_mean": 0.9592697620391846,
  "dist_nn_p25": 0.8604708313941956,
  "dist_nn_p50": 0.9602075815200806,
  "dist_nn_p75": 1.0566794872283936,
  "dist_nn_max": 1.4819209575653076,
  "split_meta": {
    "split_kind": "extrapolation",
    "split_mode": "radial",
    "n_train": 2048,
    "n_test": 2000,
    "radial_threshold": 0.9330323241796071,
    "split_role": "train"
  },
  "hparams": {
    "n_epochs": 500,
    "batch_size": 256,
    "n_layers": 4,
    "hidden_size": 256,
    "activation": "softplus",
    "lr": 0.005,
    "lambda_": 1.0,
    "max_grad_norm": 1.0,
    "scheduler_patience": 20,
    "scheduler_factor": 0.5
  },
  "timestamp": "2026-04-30T23:45:17.471022"
}