{
  "key": "m2_poly_trig_d10_n2048_moderadial_s123_vanilla",
  "method": "vanilla",
  "func_type": "poly_trig",
  "dim": 10,
  "n_train": 2048,
  "n_test": 2000,
  "noise_level": 0.0,
  "split_mode": "radial",
  "seed": 123,
  "lambda": null,
  "test_value_mse": 0.03848470747470856,
  "test_grad_mse": 0.1399276852607727,
  "best_epoch": 274,
  "n_epochs_actual": 325,
  "time_s": 20.11,
  "dist_nn_min": 0.47044625878334045,
  "dist_nn_mean": 0.9574721455574036,
  "dist_nn_p25": 0.8558096289634705,
  "dist_nn_p50": 0.9570245742797852,
  "dist_nn_p75": 1.0579068660736084,
  "dist_nn_max": 1.4653022289276123,
  "split_meta": {
    "split_kind": "extrapolation",
    "split_mode": "radial",
    "n_train": 2048,
    "n_test": 2000,
    "radial_threshold": 0.9330294322984058,
    "split_role": "train"
  },
  "hparams": {
    "n_epochs": 500,
    "batch_size": 256,
    "n_layers": 4,
    "hidden_size": 256,
    "activation": "softplus",
    "lr": 0.005,
    "lambda_": 1.0,
    "max_grad_norm": 1.0,
    "scheduler_patience": 20,
    "scheduler_factor": 0.5
  },
  "timestamp": "2026-04-30T23:45:37.577601"
}