{
  "key": "m2_trig_d5_n512_moderadial_s42_dml_fixed",
  "method": "dml_fixed",
  "func_type": "trig",
  "dim": 5,
  "n_train": 512,
  "n_test": 2000,
  "noise_level": 0.0,
  "split_mode": "radial",
  "seed": 42,
  "lambda": 1.0,
  "test_value_mse": 0.7679798007011414,
  "test_grad_mse": 2.366795778274536,
  "best_epoch": 497,
  "n_epochs_actual": 500,
  "time_s": 14.29,
  "dist_nn_min": 0.36403533816337585,
  "dist_nn_mean": 1.465662956237793,
  "dist_nn_p25": 1.2068291902542114,
  "dist_nn_p50": 1.447814702987671,
  "dist_nn_p75": 1.7003905773162842,
  "dist_nn_max": 2.9570600986480713,
  "split_meta": {
    "split_kind": "extrapolation",
    "split_mode": "radial",
    "n_train": 512,
    "n_test": 2000,
    "radial_threshold": 2.734901009010955,
    "split_role": "train"
  },
  "hparams": {
    "n_epochs": 500,
    "batch_size": 256,
    "n_layers": 4,
    "hidden_size": 256,
    "activation": "softplus",
    "lr": 0.005,
    "lambda_": 1.0,
    "max_grad_norm": 1.0,
    "scheduler_patience": 20,
    "scheduler_factor": 0.5
  },
  "timestamp": "2026-04-30T22:48:43.492614"
}