{
  "key": "m2_trig_d2_n2048_moderadial_s42_dml_gradnorm",
  "method": "dml_gradnorm",
  "func_type": "trig",
  "dim": 2,
  "n_train": 2048,
  "n_test": 2000,
  "noise_level": 0.0,
  "split_mode": "radial",
  "seed": 42,
  "lambda": 1.0,
  "test_value_mse": 1.2024810314178467,
  "test_grad_mse": 8.433953285217285,
  "best_epoch": 369,
  "n_epochs_actual": 420,
  "time_s": 74.12,
  "dist_nn_min": 0.0135215288028121,
  "dist_nn_mean": 0.5476445555686951,
  "dist_nn_p25": 0.3034236431121826,
  "dist_nn_p50": 0.547580361366272,
  "dist_nn_p75": 0.7814728021621704,
  "dist_nn_max": 1.3761646747589111,
  "split_meta": {
    "split_kind": "extrapolation",
    "split_mode": "radial",
    "n_train": 2048,
    "n_test": 2000,
    "radial_threshold": 2.2211158200511316,
    "split_role": "train"
  },
  "hparams": {
    "n_epochs": 500,
    "batch_size": 256,
    "n_layers": 4,
    "hidden_size": 256,
    "activation": "softplus",
    "lr": 0.005,
    "lambda_": 1.0,
    "max_grad_norm": 1.0,
    "scheduler_patience": 20,
    "scheduler_factor": 0.5
  },
  "timestamp": "2026-04-30T22:45:49.850395"
}