{
  "key": "m2_trig_d5_n512_moderadial_s123_dml_gradnorm",
  "method": "dml_gradnorm",
  "func_type": "trig",
  "dim": 5,
  "n_train": 512,
  "n_test": 2000,
  "noise_level": 0.0,
  "split_mode": "radial",
  "seed": 123,
  "lambda": 1.0,
  "test_value_mse": 1.3256111145019531,
  "test_grad_mse": 2.2068920135498047,
  "best_epoch": 248,
  "n_epochs_actual": 299,
  "time_s": 14.92,
  "dist_nn_min": 0.38692933320999146,
  "dist_nn_mean": 1.4720168113708496,
  "dist_nn_p25": 1.2095766067504883,
  "dist_nn_p50": 1.4514203071594238,
  "dist_nn_p75": 1.7104312181472778,
  "dist_nn_max": 2.9657232761383057,
  "split_meta": {
    "split_kind": "extrapolation",
    "split_mode": "radial",
    "n_train": 512,
    "n_test": 2000,
    "radial_threshold": 2.7348951974589615,
    "split_role": "train"
  },
  "hparams": {
    "n_epochs": 500,
    "batch_size": 256,
    "n_layers": 4,
    "hidden_size": 256,
    "activation": "softplus",
    "lr": 0.005,
    "lambda_": 1.0,
    "max_grad_norm": 1.0,
    "scheduler_patience": 20,
    "scheduler_factor": 0.5
  },
  "timestamp": "2026-04-30T22:49:01.527202"
}