{
  "key": "m2_trig_d5_n512_moderadial_s1337_dml_gradnorm",
  "method": "dml_gradnorm",
  "func_type": "trig",
  "dim": 5,
  "n_train": 512,
  "n_test": 2000,
  "noise_level": 0.0,
  "split_mode": "radial",
  "seed": 1337,
  "lambda": 1.0,
  "test_value_mse": 1.2509558200836182,
  "test_grad_mse": 3.2363216876983643,
  "best_epoch": 358,
  "n_epochs_actual": 409,
  "time_s": 23.68,
  "dist_nn_min": 0.3472990095615387,
  "dist_nn_mean": 1.458673119544983,
  "dist_nn_p25": 1.2016470432281494,
  "dist_nn_p50": 1.4470560550689697,
  "dist_nn_p75": 1.6966780424118042,
  "dist_nn_max": 2.8272008895874023,
  "split_meta": {
    "split_kind": "extrapolation",
    "split_mode": "radial",
    "n_train": 512,
    "n_test": 2000,
    "radial_threshold": 2.7348541014841508,
    "split_role": "train"
  },
  "hparams": {
    "n_epochs": 500,
    "batch_size": 256,
    "n_layers": 4,
    "hidden_size": 256,
    "activation": "softplus",
    "lr": 0.005,
    "lambda_": 1.0,
    "max_grad_norm": 1.0,
    "scheduler_patience": 20,
    "scheduler_factor": 0.5
  },
  "timestamp": "2026-04-30T22:54:37.925654"
}