{
  "key": "m2_trig_d10_n2048_moderadial_s123_dml_gradnorm",
  "method": "dml_gradnorm",
  "func_type": "trig",
  "dim": 10,
  "n_train": 2048,
  "n_test": 2000,
  "noise_level": 0.0,
  "split_mode": "radial",
  "seed": 123,
  "lambda": 1.0,
  "test_value_mse": 3.928759813308716,
  "test_grad_mse": 4.2311906814575195,
  "best_epoch": 9,
  "n_epochs_actual": 60,
  "time_s": 10.01,
  "dist_nn_min": 1.267156720161438,
  "dist_nn_mean": 2.9971847534179688,
  "dist_nn_p25": 2.7071213722229004,
  "dist_nn_p50": 3.0041685104370117,
  "dist_nn_p75": 3.2875452041625977,
  "dist_nn_max": 4.815857410430908,
  "split_meta": {
    "split_kind": "extrapolation",
    "split_mode": "radial",
    "n_train": 2048,
    "n_test": 2000,
    "radial_threshold": 2.931191432240472,
    "split_role": "train"
  },
  "hparams": {
    "n_epochs": 500,
    "batch_size": 256,
    "n_layers": 4,
    "hidden_size": 256,
    "activation": "softplus",
    "lr": 0.005,
    "lambda_": 1.0,
    "max_grad_norm": 1.0,
    "scheduler_patience": 20,
    "scheduler_factor": 0.5
  },
  "timestamp": "2026-04-30T23:01:55.123241"
}