{
  "key": "m2_trig_d2_n512_moderadial_s1337_vanilla",
  "method": "vanilla",
  "func_type": "trig",
  "dim": 2,
  "n_train": 512,
  "n_test": 2000,
  "noise_level": 0.0,
  "split_mode": "radial",
  "seed": 1337,
  "lambda": null,
  "test_value_mse": 1.6043280363082886,
  "test_grad_mse": 2.527320146560669,
  "best_epoch": 499,
  "n_epochs_actual": 500,
  "time_s": 16.77,
  "dist_nn_min": 0.03687898442149162,
  "dist_nn_mean": 0.6001931428909302,
  "dist_nn_p25": 0.3617224097251892,
  "dist_nn_p50": 0.6072891354560852,
  "dist_nn_p75": 0.828720211982727,
  "dist_nn_max": 1.420152187347412,
  "split_meta": {
    "split_kind": "extrapolation",
    "split_mode": "radial",
    "n_train": 512,
    "n_test": 2000,
    "radial_threshold": 2.221391797615181,
    "split_role": "train"
  },
  "hparams": {
    "n_epochs": 500,
    "batch_size": 256,
    "n_layers": 4,
    "hidden_size": 256,
    "activation": "softplus",
    "lr": 0.005,
    "lambda_": 1.0,
    "max_grad_norm": 1.0,
    "scheduler_patience": 20,
    "scheduler_factor": 0.5
  },
  "timestamp": "2026-04-30T22:36:35.198489"
}