{
  "key": "m2_trig_d5_n2048_moderadial_s42_dml_gradnorm",
  "method": "dml_gradnorm",
  "func_type": "trig",
  "dim": 5,
  "n_train": 2048,
  "n_test": 2000,
  "noise_level": 0.0,
  "split_mode": "radial",
  "seed": 42,
  "lambda": 1.0,
  "test_value_mse": 0.07212402671575546,
  "test_grad_mse": 0.3842381238937378,
  "best_epoch": 484,
  "n_epochs_actual": 500,
  "time_s": 91.23,
  "dist_nn_min": 0.27465346455574036,
  "dist_nn_mean": 1.103294014930725,
  "dist_nn_p25": 0.9040001630783081,
  "dist_nn_p50": 1.083573341369629,
  "dist_nn_p75": 1.277085781097412,
  "dist_nn_max": 2.3591389656066895,
  "split_meta": {
    "split_kind": "extrapolation",
    "split_mode": "radial",
    "n_train": 2048,
    "n_test": 2000,
    "radial_threshold": 2.734910764116087,
    "split_role": "train"
  },
  "hparams": {
    "n_epochs": 500,
    "batch_size": 256,
    "n_layers": 4,
    "hidden_size": 256,
    "activation": "softplus",
    "lr": 0.005,
    "lambda_": 1.0,
    "max_grad_norm": 1.0,
    "scheduler_patience": 20,
    "scheduler_factor": 0.5
  },
  "timestamp": "2026-04-30T23:02:31.906055"
}