{
  "key": "m2_trig_d5_n2048_moderadial_s123_vanilla",
  "method": "vanilla",
  "func_type": "trig",
  "dim": 5,
  "n_train": 2048,
  "n_test": 2000,
  "noise_level": 0.0,
  "split_mode": "radial",
  "seed": 123,
  "lambda": null,
  "test_value_mse": 2.61266827583313,
  "test_grad_mse": 5.530258655548096,
  "best_epoch": 54,
  "n_epochs_actual": 105,
  "time_s": 6.85,
  "dist_nn_min": 0.28672435879707336,
  "dist_nn_mean": 1.1274386644363403,
  "dist_nn_p25": 0.9308578968048096,
  "dist_nn_p50": 1.1194852590560913,
  "dist_nn_p75": 1.30076265335083,
  "dist_nn_max": 2.4502644538879395,
  "split_meta": {
    "split_kind": "extrapolation",
    "split_mode": "radial",
    "n_train": 2048,
    "n_test": 2000,
    "radial_threshold": 2.7348983107903866,
    "split_role": "train"
  },
  "hparams": {
    "n_epochs": 500,
    "batch_size": 256,
    "n_layers": 4,
    "hidden_size": 256,
    "activation": "softplus",
    "lr": 0.005,
    "lambda_": 1.0,
    "max_grad_norm": 1.0,
    "scheduler_patience": 20,
    "scheduler_factor": 0.5
  },
  "timestamp": "2026-04-30T22:55:29.893000"
}