{
  "key": "m2_trig_d10_n512_moderadial_s1337_vanilla",
  "method": "vanilla",
  "func_type": "trig",
  "dim": 10,
  "n_train": 512,
  "n_test": 2000,
  "noise_level": 0.0,
  "split_mode": "radial",
  "seed": 1337,
  "lambda": null,
  "test_value_mse": 11.394888877868652,
  "test_grad_mse": 14.37324333190918,
  "best_epoch": 13,
  "n_epochs_actual": 64,
  "time_s": 3.04,
  "dist_nn_min": 1.6215592622756958,
  "dist_nn_mean": 3.5399234294891357,
  "dist_nn_p25": 3.1632163524627686,
  "dist_nn_p50": 3.556607723236084,
  "dist_nn_p75": 3.9044222831726074,
  "dist_nn_max": 5.671638488769531,
  "split_meta": {
    "split_kind": "extrapolation",
    "split_mode": "radial",
    "n_train": 512,
    "n_test": 2000,
    "radial_threshold": 2.931144049879251,
    "split_role": "train"
  },
  "hparams": {
    "n_epochs": 500,
    "batch_size": 256,
    "n_layers": 4,
    "hidden_size": 256,
    "activation": "softplus",
    "lr": 0.005,
    "lambda_": 1.0,
    "max_grad_norm": 1.0,
    "scheduler_patience": 20,
    "scheduler_factor": 0.5
  },
  "timestamp": "2026-04-30T23:08:10.633852"
}