{
  "key": "m2_trig_d10_n2048_moderadial_s1337_dml_fixed",
  "method": "dml_fixed",
  "func_type": "trig",
  "dim": 10,
  "n_train": 2048,
  "n_test": 2000,
  "noise_level": 0.0,
  "split_mode": "radial",
  "seed": 1337,
  "lambda": 1.0,
  "test_value_mse": 12.862481117248535,
  "test_grad_mse": 14.280407905578613,
  "best_epoch": 21,
  "n_epochs_actual": 72,
  "time_s": 6.2,
  "dist_nn_min": 0.8703335523605347,
  "dist_nn_mean": 3.007967710494995,
  "dist_nn_p25": 2.712862968444824,
  "dist_nn_p50": 3.0071961879730225,
  "dist_nn_p75": 3.3215322494506836,
  "dist_nn_max": 4.80805778503418,
  "split_meta": {
    "split_kind": "extrapolation",
    "split_mode": "radial",
    "n_train": 2048,
    "n_test": 2000,
    "radial_threshold": 2.931190097526071,
    "split_role": "train"
  },
  "hparams": {
    "n_epochs": 500,
    "batch_size": 256,
    "n_layers": 4,
    "hidden_size": 256,
    "activation": "softplus",
    "lr": 0.005,
    "lambda_": 1.0,
    "max_grad_norm": 1.0,
    "scheduler_patience": 20,
    "scheduler_factor": 0.5
  },
  "timestamp": "2026-04-30T23:02:23.517291"
}