{
  "key": "m2_trig_d2_n2048_moderadial_s456_dml_fixed",
  "method": "dml_fixed",
  "func_type": "trig",
  "dim": 2,
  "n_train": 2048,
  "n_test": 2000,
  "noise_level": 0.0,
  "split_mode": "radial",
  "seed": 456,
  "lambda": 1.0,
  "test_value_mse": 1.386800765991211,
  "test_grad_mse": 4.831405162811279,
  "best_epoch": 497,
  "n_epochs_actual": 500,
  "time_s": 41.51,
  "dist_nn_min": 0.020598892122507095,
  "dist_nn_mean": 0.5452709794044495,
  "dist_nn_p25": 0.31233614683151245,
  "dist_nn_p50": 0.5517141819000244,
  "dist_nn_p75": 0.7794398665428162,
  "dist_nn_max": 1.4074400663375854,
  "split_meta": {
    "split_kind": "extrapolation",
    "split_mode": "radial",
    "n_train": 2048,
    "n_test": 2000,
    "radial_threshold": 2.2213747702883824,
    "split_role": "train"
  },
  "hparams": {
    "n_epochs": 500,
    "batch_size": 256,
    "n_layers": 4,
    "hidden_size": 256,
    "activation": "softplus",
    "lr": 0.005,
    "lambda_": 1.0,
    "max_grad_norm": 1.0,
    "scheduler_patience": 20,
    "scheduler_factor": 0.5
  },
  "timestamp": "2026-04-30T22:45:04.270377"
}