{
  "key": "m2_trig_d10_n2048_moderadial_s789_dml_fixed",
  "method": "dml_fixed",
  "func_type": "trig",
  "dim": 10,
  "n_train": 2048,
  "n_test": 2000,
  "noise_level": 0.0,
  "split_mode": "radial",
  "seed": 789,
  "lambda": 1.0,
  "test_value_mse": 16.32486343383789,
  "test_grad_mse": 13.856680870056152,
  "best_epoch": 34,
  "n_epochs_actual": 85,
  "time_s": 9.9,
  "dist_nn_min": 1.479710578918457,
  "dist_nn_mean": 3.0161304473876953,
  "dist_nn_p25": 2.714202404022217,
  "dist_nn_p50": 3.0096960067749023,
  "dist_nn_p75": 3.3323216438293457,
  "dist_nn_max": 4.915927410125732,
  "split_meta": {
    "split_kind": "extrapolation",
    "split_mode": "radial",
    "n_train": 2048,
    "n_test": 2000,
    "radial_threshold": 2.9312018875032764,
    "split_role": "train"
  },
  "hparams": {
    "n_epochs": 500,
    "batch_size": 256,
    "n_layers": 4,
    "hidden_size": 256,
    "activation": "softplus",
    "lr": 0.005,
    "lambda_": 1.0,
    "max_grad_norm": 1.0,
    "scheduler_patience": 20,
    "scheduler_factor": 0.5
  },
  "timestamp": "2026-04-30T23:10:34.955878"
}