{
  "key": "m2_trig_d2_n512_moderadial_s456_vanilla",
  "method": "vanilla",
  "func_type": "trig",
  "dim": 2,
  "n_train": 512,
  "n_test": 2000,
  "noise_level": 0.0,
  "split_mode": "radial",
  "seed": 456,
  "lambda": null,
  "test_value_mse": 5.771310806274414,
  "test_grad_mse": 12.60163402557373,
  "best_epoch": 498,
  "n_epochs_actual": 500,
  "time_s": 16.75,
  "dist_nn_min": 0.01136154867708683,
  "dist_nn_mean": 0.580923318862915,
  "dist_nn_p25": 0.34845152497291565,
  "dist_nn_p50": 0.5756021738052368,
  "dist_nn_p75": 0.812332272529602,
  "dist_nn_max": 1.4042152166366577,
  "split_meta": {
    "split_kind": "extrapolation",
    "split_mode": "radial",
    "n_train": 512,
    "n_test": 2000,
    "radial_threshold": 2.2213361637751468,
    "split_role": "train"
  },
  "hparams": {
    "n_epochs": 500,
    "batch_size": 256,
    "n_layers": 4,
    "hidden_size": 256,
    "activation": "softplus",
    "lr": 0.005,
    "lambda_": 1.0,
    "max_grad_norm": 1.0,
    "scheduler_patience": 20,
    "scheduler_factor": 0.5
  },
  "timestamp": "2026-04-30T22:35:34.535708"
}