{
  "key": "m2_trig_d2_n2048_moderadial_s1337_dml_fixed",
  "method": "dml_fixed",
  "func_type": "trig",
  "dim": 2,
  "n_train": 2048,
  "n_test": 2000,
  "noise_level": 0.0,
  "split_mode": "radial",
  "seed": 1337,
  "lambda": 1.0,
  "test_value_mse": 0.13455736637115479,
  "test_grad_mse": 1.410306453704834,
  "best_epoch": 478,
  "n_epochs_actual": 500,
  "time_s": 40.93,
  "dist_nn_min": 0.035496316850185394,
  "dist_nn_mean": 0.5544290542602539,
  "dist_nn_p25": 0.3219762146472931,
  "dist_nn_p50": 0.566611647605896,
  "dist_nn_p75": 0.7899393439292908,
  "dist_nn_max": 1.3068833351135254,
  "split_meta": {
    "split_kind": "extrapolation",
    "split_mode": "radial",
    "n_train": 2048,
    "n_test": 2000,
    "radial_threshold": 2.221391797615181,
    "split_role": "train"
  },
  "hparams": {
    "n_epochs": 500,
    "batch_size": 256,
    "n_layers": 4,
    "hidden_size": 256,
    "activation": "softplus",
    "lr": 0.005,
    "lambda_": 1.0,
    "max_grad_norm": 1.0,
    "scheduler_patience": 20,
    "scheduler_factor": 0.5
  },
  "timestamp": "2026-04-30T22:47:34.558201"
}