{
  "key": "m2_trig_d2_n512_moderadial_s42_dml_gradnorm",
  "method": "dml_gradnorm",
  "func_type": "trig",
  "dim": 2,
  "n_train": 512,
  "n_test": 2000,
  "noise_level": 0.0,
  "split_mode": "radial",
  "seed": 42,
  "lambda": 1.0,
  "test_value_mse": 0.9809868931770325,
  "test_grad_mse": 7.658812522888184,
  "best_epoch": 496,
  "n_epochs_actual": 500,
  "time_s": 27.92,
  "dist_nn_min": 0.03114522621035576,
  "dist_nn_mean": 0.6117574572563171,
  "dist_nn_p25": 0.3724057972431183,
  "dist_nn_p50": 0.6002489328384399,
  "dist_nn_p75": 0.828392744064331,
  "dist_nn_max": 1.573789119720459,
  "split_meta": {
    "split_kind": "extrapolation",
    "split_mode": "radial",
    "n_train": 512,
    "n_test": 2000,
    "radial_threshold": 2.220922956072346,
    "split_role": "train"
  },
  "hparams": {
    "n_epochs": 500,
    "batch_size": 256,
    "n_layers": 4,
    "hidden_size": 256,
    "activation": "softplus",
    "lr": 0.005,
    "lambda_": 1.0,
    "max_grad_norm": 1.0,
    "scheduler_patience": 20,
    "scheduler_factor": 0.5
  },
  "timestamp": "2026-04-30T22:34:59.217965"
}