{
  "domain": "black_scholes",
  "func_type": "black_scholes",
  "dim": 1,
  "n_samples": 256,
  "n_train": 204,
  "n_test": 52,
  "noise_level": 0.0,
  "seed": 789,
  "polynomial_results": {
    "1": {
      "price_mse": 36.203494865632784,
      "grad_mse": 0.1703806386066476,
      "n_params": 2,
      "x_mean_train": 100.78653275035069,
      "x_std_train": 26.64652090157069
    },
    "2": {
      "price_mse": 0.4735728921113209,
      "grad_mse": 0.009929092493246094,
      "n_params": 3,
      "x_mean_train": 100.78653275035069,
      "x_std_train": 26.64652090157069
    },
    "3": {
      "price_mse": 0.2799175639293117,
      "grad_mse": 0.012422119512260169,
      "n_params": 4,
      "x_mean_train": 100.78653275035069,
      "x_std_train": 26.64652090157069
    },
    "4": {
      "price_mse": 0.02562721203899241,
      "grad_mse": 0.0010391817543370125,
      "n_params": 5,
      "x_mean_train": 100.78653275035069,
      "x_std_train": 26.64652090157069
    },
    "5": {
      "price_mse": 0.0031789819911263724,
      "grad_mse": 0.0006420496301354483,
      "n_params": 6,
      "x_mean_train": 100.78653275035069,
      "x_std_train": 26.64652090157069
    },
    "6": {
      "price_mse": 0.0011151239529736785,
      "grad_mse": 0.00019630674519933712,
      "n_params": 7,
      "x_mean_train": 100.78653275035069,
      "x_std_train": 26.64652090157069
    },
    "7": {
      "price_mse": 2.4045445513762195e-05,
      "grad_mse": 5.52042382467306e-06,
      "n_params": 8,
      "x_mean_train": 100.78653275035069,
      "x_std_train": 26.64652090157069
    },
    "8": {
      "price_mse": 2.61478286870557e-05,
      "grad_mse": 1.0409458622151891e-05,
      "n_params": 9,
      "x_mean_train": 100.78653275035069,
      "x_std_train": 26.64652090157069
    },
    "9": {
      "price_mse": 2.39456512000696e-06,
      "grad_mse": 5.500164257092015e-07,
      "n_params": 10,
      "x_mean_train": 100.78653275035069,
      "x_std_train": 26.64652090157069
    },
    "10": {
      "price_mse": 1.354749816876234e-07,
      "grad_mse": 1.821639648642121e-07,
      "n_params": 11,
      "x_mean_train": 100.78653275035069,
      "x_std_train": 26.64652090157069
    },
    "11": {
      "price_mse": 8.153559160419539e-08,
      "grad_mse": 8.956362265844428e-08,
      "n_params": 12,
      "x_mean_train": 100.78653275035069,
      "x_std_train": 26.64652090157069
    },
    "12": {
      "price_mse": 2.5981640545761907e-09,
      "grad_mse": 1.7779784418618832e-09,
      "n_params": 13,
      "x_mean_train": 100.78653275035069,
      "x_std_train": 26.64652090157069
    }
  },
  "elapsed_s": 0.002254009246826172,
  "key": "black_scholes_d1_n256_noise0.0_s789_polynomial",
  "timestamp": "2026-05-06T14:03:33.275443"
}