{
  "domain": "black_scholes",
  "func_type": "black_scholes",
  "dim": 1,
  "n_samples": 1024,
  "n_train": 819,
  "n_test": 205,
  "noise_level": 0.0,
  "seed": 42,
  "polynomial_results": {
    "1": {
      "price_mse": 27.513823519208817,
      "grad_mse": 0.1482343157614361,
      "n_params": 2,
      "x_mean_train": 99.30413142150444,
      "x_std_train": 29.30585698384292
    },
    "2": {
      "price_mse": 0.47777518110591294,
      "grad_mse": 0.008658654008867638,
      "n_params": 3,
      "x_mean_train": 99.30413142150444,
      "x_std_train": 29.30585698384292
    },
    "3": {
      "price_mse": 0.23082181061368973,
      "grad_mse": 0.007207828970750738,
      "n_params": 4,
      "x_mean_train": 99.30413142150444,
      "x_std_train": 29.30585698384292
    },
    "4": {
      "price_mse": 0.023698694255358255,
      "grad_mse": 0.0009678689541099406,
      "n_params": 5,
      "x_mean_train": 99.30413142150444,
      "x_std_train": 29.30585698384292
    },
    "5": {
      "price_mse": 0.002324281539792502,
      "grad_mse": 0.00034588543083768707,
      "n_params": 6,
      "x_mean_train": 99.30413142150444,
      "x_std_train": 29.30585698384292
    },
    "6": {
      "price_mse": 0.0009073024011184302,
      "grad_mse": 0.00012146486760077523,
      "n_params": 7,
      "x_mean_train": 99.30413142150444,
      "x_std_train": 29.30585698384292
    },
    "7": {
      "price_mse": 2.001974945100613e-05,
      "grad_mse": 4.99112144764261e-06,
      "n_params": 8,
      "x_mean_train": 99.30413142150444,
      "x_std_train": 29.30585698384292
    },
    "8": {
      "price_mse": 1.8686918790493713e-05,
      "grad_mse": 7.561246530578479e-06,
      "n_params": 9,
      "x_mean_train": 99.30413142150444,
      "x_std_train": 29.30585698384292
    },
    "9": {
      "price_mse": 1.7029476401495175e-06,
      "grad_mse": 5.422790751440451e-07,
      "n_params": 10,
      "x_mean_train": 99.30413142150444,
      "x_std_train": 29.30585698384292
    },
    "10": {
      "price_mse": 8.420598475471366e-08,
      "grad_mse": 1.027699048808834e-07,
      "n_params": 11,
      "x_mean_train": 99.30413142150444,
      "x_std_train": 29.30585698384292
    },
    "11": {
      "price_mse": 4.8518269927962897e-08,
      "grad_mse": 4.7428200476182286e-08,
      "n_params": 12,
      "x_mean_train": 99.30413142150444,
      "x_std_train": 29.30585698384292
    },
    "12": {
      "price_mse": 1.7526847017167026e-09,
      "grad_mse": 1.0228230070793416e-09,
      "n_params": 13,
      "x_mean_train": 99.30413142150444,
      "x_std_train": 29.30585698384292
    }
  },
  "elapsed_s": 0.0033028125762939453,
  "key": "black_scholes_d1_n1024_noise0.0_s42_polynomial",
  "timestamp": "2026-05-06T14:03:33.295706"
}