{
  "domain": "black_scholes",
  "func_type": "black_scholes",
  "dim": 1,
  "n_samples": 1024,
  "n_train": 819,
  "n_test": 205,
  "noise_level": 0.0,
  "seed": 123,
  "polynomial_results": {
    "1": {
      "price_mse": 26.29680020926357,
      "grad_mse": 0.13658292192104735,
      "n_params": 2,
      "x_mean_train": 100.2152033035814,
      "x_std_train": 28.66005462776964
    },
    "2": {
      "price_mse": 0.48400460347993457,
      "grad_mse": 0.00853121524320499,
      "n_params": 3,
      "x_mean_train": 100.2152033035814,
      "x_std_train": 28.66005462776964
    },
    "3": {
      "price_mse": 0.20520189693415325,
      "grad_mse": 0.005406451841631095,
      "n_params": 4,
      "x_mean_train": 100.2152033035814,
      "x_std_train": 28.66005462776964
    },
    "4": {
      "price_mse": 0.023190009117865056,
      "grad_mse": 0.0010369333440659197,
      "n_params": 5,
      "x_mean_train": 100.2152033035814,
      "x_std_train": 28.66005462776964
    },
    "5": {
      "price_mse": 0.0025792358399682404,
      "grad_mse": 0.00013322338095801909,
      "n_params": 6,
      "x_mean_train": 100.2152033035814,
      "x_std_train": 28.66005462776964
    },
    "6": {
      "price_mse": 0.0008959835573061849,
      "grad_mse": 7.892353003839375e-05,
      "n_params": 7,
      "x_mean_train": 100.2152033035814,
      "x_std_train": 28.66005462776964
    },
    "7": {
      "price_mse": 1.9803657262398515e-05,
      "grad_mse": 2.9654305493667087e-06,
      "n_params": 8,
      "x_mean_train": 100.2152033035814,
      "x_std_train": 28.66005462776964
    },
    "8": {
      "price_mse": 1.492175578033548e-05,
      "grad_mse": 2.7512027614188554e-06,
      "n_params": 9,
      "x_mean_train": 100.2152033035814,
      "x_std_train": 28.66005462776964
    },
    "9": {
      "price_mse": 1.6810899559694207e-06,
      "grad_mse": 3.2445710514614406e-07,
      "n_params": 10,
      "x_mean_train": 100.2152033035814,
      "x_std_train": 28.66005462776964
    },
    "10": {
      "price_mse": 7.637440965653309e-08,
      "grad_mse": 1.8389549422233486e-08,
      "n_params": 11,
      "x_mean_train": 100.2152033035814,
      "x_std_train": 28.66005462776964
    },
    "11": {
      "price_mse": 4.875767231636642e-08,
      "grad_mse": 1.2877504333962804e-08,
      "n_params": 12,
      "x_mean_train": 100.2152033035814,
      "x_std_train": 28.66005462776964
    },
    "12": {
      "price_mse": 2.227173843822464e-09,
      "grad_mse": 6.60806039160664e-10,
      "n_params": 13,
      "x_mean_train": 100.2152033035814,
      "x_std_train": 28.66005462776964
    }
  },
  "elapsed_s": 0.003301858901977539,
  "key": "black_scholes_d1_n1024_noise0.0_s123_polynomial",
  "timestamp": "2026-05-06T14:03:33.299255"
}