{
  "domain": "black_scholes",
  "func_type": "black_scholes",
  "dim": 1,
  "n_samples": 2048,
  "n_train": 1638,
  "n_test": 410,
  "noise_level": 0.0,
  "seed": 42,
  "polynomial_results": {
    "1": {
      "price_mse": 28.089785766018576,
      "grad_mse": 0.14513612200509984,
      "n_params": 2,
      "x_mean_train": 100.13809564968506,
      "x_std_train": 29.355152098956086
    },
    "2": {
      "price_mse": 0.48227880427677106,
      "grad_mse": 0.008255306305547053,
      "n_params": 3,
      "x_mean_train": 100.13809564968506,
      "x_std_train": 29.355152098956086
    },
    "3": {
      "price_mse": 0.23918519689255882,
      "grad_mse": 0.0073230473112605885,
      "n_params": 4,
      "x_mean_train": 100.13809564968506,
      "x_std_train": 29.355152098956086
    },
    "4": {
      "price_mse": 0.02340545962842151,
      "grad_mse": 0.0009722145811123318,
      "n_params": 5,
      "x_mean_train": 100.13809564968506,
      "x_std_train": 29.355152098956086
    },
    "5": {
      "price_mse": 0.0024535268872078707,
      "grad_mse": 0.0003489976059098017,
      "n_params": 6,
      "x_mean_train": 100.13809564968506,
      "x_std_train": 29.355152098956086
    },
    "6": {
      "price_mse": 0.0009318011540896177,
      "grad_mse": 0.0001233386562252664,
      "n_params": 7,
      "x_mean_train": 100.13809564968506,
      "x_std_train": 29.355152098956086
    },
    "7": {
      "price_mse": 1.9271403001510464e-05,
      "grad_mse": 4.79645570175615e-06,
      "n_params": 8,
      "x_mean_train": 100.13809564968506,
      "x_std_train": 29.355152098956086
    },
    "8": {
      "price_mse": 1.7142135319432684e-05,
      "grad_mse": 6.9967608130707574e-06,
      "n_params": 9,
      "x_mean_train": 100.13809564968506,
      "x_std_train": 29.355152098956086
    },
    "9": {
      "price_mse": 1.7005063236775902e-06,
      "grad_mse": 5.391554358851144e-07,
      "n_params": 10,
      "x_mean_train": 100.13809564968506,
      "x_std_train": 29.355152098956086
    },
    "10": {
      "price_mse": 7.511655135335271e-08,
      "grad_mse": 7.795366668358356e-08,
      "n_params": 11,
      "x_mean_train": 100.13809564968506,
      "x_std_train": 29.355152098956086
    },
    "11": {
      "price_mse": 4.5362747442486706e-08,
      "grad_mse": 3.8574058037770354e-08,
      "n_params": 12,
      "x_mean_train": 100.13809564968506,
      "x_std_train": 29.355152098956086
    },
    "12": {
      "price_mse": 1.9036069804658123e-09,
      "grad_mse": 1.0906208731077528e-09,
      "n_params": 13,
      "x_mean_train": 100.13809564968506,
      "x_std_train": 29.355152098956086
    }
  },
  "elapsed_s": 0.004988431930541992,
  "key": "black_scholes_d1_n2048_noise0.0_s42_polynomial",
  "timestamp": "2026-05-06T14:03:33.315097"
}