{
  "domain": "black_scholes",
  "func_type": "black_scholes",
  "dim": 1,
  "n_samples": 1024,
  "n_train": 819,
  "n_test": 205,
  "noise_level": 0.0,
  "seed": 456,
  "polynomial_results": {
    "1": {
      "price_mse": 30.56974071000904,
      "grad_mse": 0.15884095262340486,
      "n_params": 2,
      "x_mean_train": 100.12783462013736,
      "x_std_train": 28.938404557772014
    },
    "2": {
      "price_mse": 0.4489792216519747,
      "grad_mse": 0.008560423683566819,
      "n_params": 3,
      "x_mean_train": 100.12783462013736,
      "x_std_train": 28.938404557772014
    },
    "3": {
      "price_mse": 0.2723769402453572,
      "grad_mse": 0.009199831672553824,
      "n_params": 4,
      "x_mean_train": 100.12783462013736,
      "x_std_train": 28.938404557772014
    },
    "4": {
      "price_mse": 0.023782053297921293,
      "grad_mse": 0.0009828064540036868,
      "n_params": 5,
      "x_mean_train": 100.12783462013736,
      "x_std_train": 28.938404557772014
    },
    "5": {
      "price_mse": 0.0033411822184983104,
      "grad_mse": 0.000508050665223976,
      "n_params": 6,
      "x_mean_train": 100.12783462013736,
      "x_std_train": 28.938404557772014
    },
    "6": {
      "price_mse": 0.0010750744997270589,
      "grad_mse": 0.0001529700767690935,
      "n_params": 7,
      "x_mean_train": 100.12783462013736,
      "x_std_train": 28.938404557772014
    },
    "7": {
      "price_mse": 2.002792064209873e-05,
      "grad_mse": 7.094613714222781e-06,
      "n_params": 8,
      "x_mean_train": 100.12783462013736,
      "x_std_train": 28.938404557772014
    },
    "8": {
      "price_mse": 2.1235656194199068e-05,
      "grad_mse": 1.1412507507996845e-05,
      "n_params": 9,
      "x_mean_train": 100.12783462013736,
      "x_std_train": 28.938404557772014
    },
    "9": {
      "price_mse": 1.730938054050026e-06,
      "grad_mse": 6.201489747935885e-07,
      "n_params": 10,
      "x_mean_train": 100.12783462013736,
      "x_std_train": 28.938404557772014
    },
    "10": {
      "price_mse": 1.2753332066374675e-07,
      "grad_mse": 1.7503072762190214e-07,
      "n_params": 11,
      "x_mean_train": 100.12783462013736,
      "x_std_train": 28.938404557772014
    },
    "11": {
      "price_mse": 6.519376799194985e-08,
      "grad_mse": 7.648278550724671e-08,
      "n_params": 12,
      "x_mean_train": 100.12783462013736,
      "x_std_train": 28.938404557772014
    },
    "12": {
      "price_mse": 2.2895183636556204e-09,
      "grad_mse": 1.0112572469056741e-09,
      "n_params": 13,
      "x_mean_train": 100.12783462013736,
      "x_std_train": 28.938404557772014
    }
  },
  "elapsed_s": 0.0032858848571777344,
  "key": "black_scholes_d1_n1024_noise0.0_s456_polynomial",
  "timestamp": "2026-05-06T14:03:33.302785"
}