{
  "domain": "black_scholes",
  "func_type": "black_scholes",
  "dim": 1,
  "n_samples": 512,
  "n_train": 409,
  "n_test": 103,
  "noise_level": 0.0,
  "seed": 789,
  "polynomial_results": {
    "1": {
      "price_mse": 29.547199128865486,
      "grad_mse": 0.14983264250390602,
      "n_params": 2,
      "x_mean_train": 100.77925526106131,
      "x_std_train": 28.174282726991493
    },
    "2": {
      "price_mse": 0.4362754003573343,
      "grad_mse": 0.008692673066980109,
      "n_params": 3,
      "x_mean_train": 100.77925526106131,
      "x_std_train": 28.174282726991493
    },
    "3": {
      "price_mse": 0.24897552913120408,
      "grad_mse": 0.007946024872038805,
      "n_params": 4,
      "x_mean_train": 100.77925526106131,
      "x_std_train": 28.174282726991493
    },
    "4": {
      "price_mse": 0.02561286180894072,
      "grad_mse": 0.0007749687707643106,
      "n_params": 5,
      "x_mean_train": 100.77925526106131,
      "x_std_train": 28.174282726991493
    },
    "5": {
      "price_mse": 0.002450835627457523,
      "grad_mse": 0.0003980807358270048,
      "n_params": 6,
      "x_mean_train": 100.77925526106131,
      "x_std_train": 28.174282726991493
    },
    "6": {
      "price_mse": 0.0009348192861679496,
      "grad_mse": 0.00011176696075239167,
      "n_params": 7,
      "x_mean_train": 100.77925526106131,
      "x_std_train": 28.174282726991493
    },
    "7": {
      "price_mse": 2.0401701245636957e-05,
      "grad_mse": 3.4927081997514595e-06,
      "n_params": 8,
      "x_mean_train": 100.77925526106131,
      "x_std_train": 28.174282726991493
    },
    "8": {
      "price_mse": 1.8760026612720382e-05,
      "grad_mse": 5.487212168561534e-06,
      "n_params": 9,
      "x_mean_train": 100.77925526106131,
      "x_std_train": 28.174282726991493
    },
    "9": {
      "price_mse": 1.8230533995906625e-06,
      "grad_mse": 3.177321923528674e-07,
      "n_params": 10,
      "x_mean_train": 100.77925526106131,
      "x_std_train": 28.174282726991493
    },
    "10": {
      "price_mse": 6.950664137585765e-08,
      "grad_mse": 7.112637369525536e-08,
      "n_params": 11,
      "x_mean_train": 100.77925526106131,
      "x_std_train": 28.174282726991493
    },
    "11": {
      "price_mse": 4.903921187707619e-08,
      "grad_mse": 3.0056479863229096e-08,
      "n_params": 12,
      "x_mean_train": 100.77925526106131,
      "x_std_train": 28.174282726991493
    },
    "12": {
      "price_mse": 2.0041112382079365e-09,
      "grad_mse": 6.610791643984162e-10,
      "n_params": 13,
      "x_mean_train": 100.77925526106131,
      "x_std_train": 28.174282726991493
    }
  },
  "elapsed_s": 0.002573251724243164,
  "key": "black_scholes_d1_n512_noise0.0_s789_polynomial",
  "timestamp": "2026-05-06T14:03:33.289326"
}