{
  "domain": "black_scholes",
  "func_type": "black_scholes",
  "dim": 1,
  "n_samples": 8192,
  "n_train": 6553,
  "n_test": 1639,
  "noise_level": 0.0,
  "seed": 42,
  "polynomial_results": {
    "1": {
      "price_mse": 27.904383527882697,
      "grad_mse": 0.1442244748549893,
      "n_params": 2,
      "x_mean_train": 99.10844711665248,
      "x_std_train": 28.795669104443622
    },
    "2": {
      "price_mse": 0.5198263690019029,
      "grad_mse": 0.009504746923505104,
      "n_params": 3,
      "x_mean_train": 99.10844711665248,
      "x_std_train": 28.795669104443622
    },
    "3": {
      "price_mse": 0.21422610537068704,
      "grad_mse": 0.006705397367214606,
      "n_params": 4,
      "x_mean_train": 99.10844711665248,
      "x_std_train": 28.795669104443622
    },
    "4": {
      "price_mse": 0.02379164880711237,
      "grad_mse": 0.0011884106254126201,
      "n_params": 5,
      "x_mean_train": 99.10844711665248,
      "x_std_train": 28.795669104443622
    },
    "5": {
      "price_mse": 0.0022156631358810183,
      "grad_mse": 0.0002431186767363004,
      "n_params": 6,
      "x_mean_train": 99.10844711665248,
      "x_std_train": 28.795669104443622
    },
    "6": {
      "price_mse": 0.0009258633661065394,
      "grad_mse": 0.00011407235954197717,
      "n_params": 7,
      "x_mean_train": 99.10844711665248,
      "x_std_train": 28.795669104443622
    },
    "7": {
      "price_mse": 1.9885650966084436e-05,
      "grad_mse": 4.7347307365821025e-06,
      "n_params": 8,
      "x_mean_train": 99.10844711665248,
      "x_std_train": 28.795669104443622
    },
    "8": {
      "price_mse": 1.638998991064148e-05,
      "grad_mse": 4.66988405957391e-06,
      "n_params": 9,
      "x_mean_train": 99.10844711665248,
      "x_std_train": 28.795669104443622
    },
    "9": {
      "price_mse": 1.7575355416085307e-06,
      "grad_mse": 5.504449214965726e-07,
      "n_params": 10,
      "x_mean_train": 99.10844711665248,
      "x_std_train": 28.795669104443622
    },
    "10": {
      "price_mse": 7.116590773291124e-08,
      "grad_mse": 4.856084071667798e-08,
      "n_params": 11,
      "x_mean_train": 99.10844711665248,
      "x_std_train": 28.795669104443622
    },
    "11": {
      "price_mse": 4.755353947698929e-08,
      "grad_mse": 2.9735543070411055e-08,
      "n_params": 12,
      "x_mean_train": 99.10844711665248,
      "x_std_train": 28.795669104443622
    },
    "12": {
      "price_mse": 2.198658149667382e-09,
      "grad_mse": 1.5079213296048377e-09,
      "n_params": 13,
      "x_mean_train": 99.10844711665248,
      "x_std_train": 28.795669104443622
    }
  },
  "elapsed_s": 0.013654470443725586,
  "key": "black_scholes_d1_n8192_noise0.0_s42_polynomial",
  "timestamp": "2026-05-06T14:03:33.390151"
}