{
  "domain": "black_scholes",
  "func_type": "black_scholes",
  "dim": 1,
  "n_samples": 512,
  "n_train": 409,
  "n_test": 103,
  "noise_level": 0.0,
  "seed": 456,
  "polynomial_results": {
    "1": {
      "price_mse": 25.026170313768727,
      "grad_mse": 0.1385439229760634,
      "n_params": 2,
      "x_mean_train": 100.89956206567214,
      "x_std_train": 29.02875731955297
    },
    "2": {
      "price_mse": 0.445100838005395,
      "grad_mse": 0.006074115873672155,
      "n_params": 3,
      "x_mean_train": 100.89956206567214,
      "x_std_train": 29.02875731955297
    },
    "3": {
      "price_mse": 0.2179490249807714,
      "grad_mse": 0.00490088892075197,
      "n_params": 4,
      "x_mean_train": 100.89956206567214,
      "x_std_train": 29.02875731955297
    },
    "4": {
      "price_mse": 0.021526553008475596,
      "grad_mse": 0.0006383351856301318,
      "n_params": 5,
      "x_mean_train": 100.89956206567214,
      "x_std_train": 29.02875731955297
    },
    "5": {
      "price_mse": 0.0025776688145198933,
      "grad_mse": 0.00010164557834350324,
      "n_params": 6,
      "x_mean_train": 100.89956206567214,
      "x_std_train": 29.02875731955297
    },
    "6": {
      "price_mse": 0.0010166881778570815,
      "grad_mse": 4.71474814990483e-05,
      "n_params": 7,
      "x_mean_train": 100.89956206567214,
      "x_std_train": 29.02875731955297
    },
    "7": {
      "price_mse": 1.7614700163246172e-05,
      "grad_mse": 2.1670917052320924e-06,
      "n_params": 8,
      "x_mean_train": 100.89956206567214,
      "x_std_train": 29.02875731955297
    },
    "8": {
      "price_mse": 1.5478836210036463e-05,
      "grad_mse": 1.971430354632025e-06,
      "n_params": 9,
      "x_mean_train": 100.89956206567214,
      "x_std_train": 29.02875731955297
    },
    "9": {
      "price_mse": 1.6169322085643144e-06,
      "grad_mse": 2.2417361783210176e-07,
      "n_params": 10,
      "x_mean_train": 100.89956206567214,
      "x_std_train": 29.02875731955297
    },
    "10": {
      "price_mse": 7.992104089619264e-08,
      "grad_mse": 9.64797590364863e-09,
      "n_params": 11,
      "x_mean_train": 100.89956206567214,
      "x_std_train": 29.02875731955297
    },
    "11": {
      "price_mse": 4.6767405381871686e-08,
      "grad_mse": 6.942643115243871e-09,
      "n_params": 12,
      "x_mean_train": 100.89956206567214,
      "x_std_train": 29.02875731955297
    },
    "12": {
      "price_mse": 2.011438907154094e-09,
      "grad_mse": 3.5186209622749554e-10,
      "n_params": 13,
      "x_mean_train": 100.89956206567214,
      "x_std_train": 29.02875731955297
    }
  },
  "elapsed_s": 0.0026082992553710938,
  "key": "black_scholes_d1_n512_noise0.0_s456_polynomial",
  "timestamp": "2026-05-06T14:03:33.286504"
}