{
  "domain": "black_scholes",
  "func_type": "black_scholes",
  "dim": 1,
  "n_samples": 4096,
  "n_train": 3276,
  "n_test": 820,
  "noise_level": 0.0,
  "seed": 1000,
  "polynomial_results": {
    "1": {
      "price_mse": 30.07717285885794,
      "grad_mse": 0.14811165817381783,
      "n_params": 2,
      "x_mean_train": 100.43921158171675,
      "x_std_train": 28.772338094038016
    },
    "2": {
      "price_mse": 0.5233706846230742,
      "grad_mse": 0.010027457099546982,
      "n_params": 3,
      "x_mean_train": 100.43921158171675,
      "x_std_train": 28.772338094038016
    },
    "3": {
      "price_mse": 0.22620605243502456,
      "grad_mse": 0.007842284841709186,
      "n_params": 4,
      "x_mean_train": 100.43921158171675,
      "x_std_train": 28.772338094038016
    },
    "4": {
      "price_mse": 0.025745094288135095,
      "grad_mse": 0.0012646010816741264,
      "n_params": 5,
      "x_mean_train": 100.43921158171675,
      "x_std_train": 28.772338094038016
    },
    "5": {
      "price_mse": 0.002643195697369809,
      "grad_mse": 0.00029780756556565554,
      "n_params": 6,
      "x_mean_train": 100.43921158171675,
      "x_std_train": 28.772338094038016
    },
    "6": {
      "price_mse": 0.001041337837147334,
      "grad_mse": 0.0001364828003011014,
      "n_params": 7,
      "x_mean_train": 100.43921158171675,
      "x_std_train": 28.772338094038016
    },
    "7": {
      "price_mse": 2.1347001416463085e-05,
      "grad_mse": 6.484738696284313e-06,
      "n_params": 8,
      "x_mean_train": 100.43921158171675,
      "x_std_train": 28.772338094038016
    },
    "8": {
      "price_mse": 1.929842869314738e-05,
      "grad_mse": 7.034756213939506e-06,
      "n_params": 9,
      "x_mean_train": 100.43921158171675,
      "x_std_train": 28.772338094038016
    },
    "9": {
      "price_mse": 1.8555968131990863e-06,
      "grad_mse": 7.527177495361645e-07,
      "n_params": 10,
      "x_mean_train": 100.43921158171675,
      "x_std_train": 28.772338094038016
    },
    "10": {
      "price_mse": 8.959854993135355e-08,
      "grad_mse": 9.06087727497783e-08,
      "n_params": 11,
      "x_mean_train": 100.43921158171675,
      "x_std_train": 28.772338094038016
    },
    "11": {
      "price_mse": 5.5950544304805464e-08,
      "grad_mse": 5.066007204289976e-08,
      "n_params": 12,
      "x_mean_train": 100.43921158171675,
      "x_std_train": 28.772338094038016
    },
    "12": {
      "price_mse": 2.39386885756682e-09,
      "grad_mse": 1.9721732789445853e-09,
      "n_params": 13,
      "x_mean_train": 100.43921158171675,
      "x_std_train": 28.772338094038016
    }
  },
  "elapsed_s": 0.007846355438232422,
  "key": "black_scholes_d1_n4096_noise0.0_s1000_polynomial",
  "timestamp": "2026-05-06T14:03:33.376253"
}