{
  "domain": "black_scholes",
  "func_type": "black_scholes",
  "dim": 1,
  "n_samples": 512,
  "n_train": 409,
  "n_test": 103,
  "noise_level": 0.0,
  "seed": 1000,
  "polynomial_results": {
    "1": {
      "price_mse": 31.526470949715108,
      "grad_mse": 0.15665857595339658,
      "n_params": 2,
      "x_mean_train": 98.87577710555391,
      "x_std_train": 29.82949781100236
    },
    "2": {
      "price_mse": 0.5865598736131191,
      "grad_mse": 0.010160378987742842,
      "n_params": 3,
      "x_mean_train": 98.87577710555391,
      "x_std_train": 29.82949781100236
    },
    "3": {
      "price_mse": 0.21440044597180885,
      "grad_mse": 0.008459610320989108,
      "n_params": 4,
      "x_mean_train": 98.87577710555391,
      "x_std_train": 29.82949781100236
    },
    "4": {
      "price_mse": 0.029085293885575216,
      "grad_mse": 0.0014270102035238595,
      "n_params": 5,
      "x_mean_train": 98.87577710555391,
      "x_std_train": 29.82949781100236
    },
    "5": {
      "price_mse": 0.002307489696720876,
      "grad_mse": 0.00023891454474030477,
      "n_params": 6,
      "x_mean_train": 98.87577710555391,
      "x_std_train": 29.82949781100236
    },
    "6": {
      "price_mse": 0.0010447413543615532,
      "grad_mse": 0.00013876498369858826,
      "n_params": 7,
      "x_mean_train": 98.87577710555391,
      "x_std_train": 29.82949781100236
    },
    "7": {
      "price_mse": 2.6216253496127746e-05,
      "grad_mse": 6.947162347676708e-06,
      "n_params": 8,
      "x_mean_train": 98.87577710555391,
      "x_std_train": 29.82949781100236
    },
    "8": {
      "price_mse": 2.0429284963928875e-05,
      "grad_mse": 4.843840879588352e-06,
      "n_params": 9,
      "x_mean_train": 98.87577710555391,
      "x_std_train": 29.82949781100236
    },
    "9": {
      "price_mse": 2.5356619171910127e-06,
      "grad_mse": 1.3149731136783469e-06,
      "n_params": 10,
      "x_mean_train": 98.87577710555391,
      "x_std_train": 29.82949781100236
    },
    "10": {
      "price_mse": 8.351997800012192e-08,
      "grad_mse": 1.7462953416764487e-08,
      "n_params": 11,
      "x_mean_train": 98.87577710555391,
      "x_std_train": 29.82949781100236
    },
    "11": {
      "price_mse": 6.700552939505992e-08,
      "grad_mse": 4.071611408459903e-08,
      "n_params": 12,
      "x_mean_train": 98.87577710555391,
      "x_std_train": 29.82949781100236
    },
    "12": {
      "price_mse": 3.5681453249964047e-09,
      "grad_mse": 5.11217116346906e-09,
      "n_params": 13,
      "x_mean_train": 98.87577710555391,
      "x_std_train": 29.82949781100236
    }
  },
  "elapsed_s": 0.0025861263275146484,
  "key": "black_scholes_d1_n512_noise0.0_s1000_polynomial",
  "timestamp": "2026-05-06T14:03:33.292157"
}