{
  "domain": "black_scholes",
  "func_type": "black_scholes",
  "dim": 1,
  "n_samples": 4096,
  "n_train": 3276,
  "n_test": 820,
  "noise_level": 0.0,
  "seed": 789,
  "polynomial_results": {
    "1": {
      "price_mse": 30.092364559414975,
      "grad_mse": 0.14595028086660097,
      "n_params": 2,
      "x_mean_train": 99.86713501633659,
      "x_std_train": 28.886819496680378
    },
    "2": {
      "price_mse": 0.5225129660858493,
      "grad_mse": 0.009588343574983515,
      "n_params": 3,
      "x_mean_train": 99.86713501633659,
      "x_std_train": 28.886819496680378
    },
    "3": {
      "price_mse": 0.25089946340402985,
      "grad_mse": 0.008366099604928155,
      "n_params": 4,
      "x_mean_train": 99.86713501633659,
      "x_std_train": 28.886819496680378
    },
    "4": {
      "price_mse": 0.027190341844781866,
      "grad_mse": 0.0012419475325710662,
      "n_params": 5,
      "x_mean_train": 99.86713501633659,
      "x_std_train": 28.886819496680378
    },
    "5": {
      "price_mse": 0.002550013515464614,
      "grad_mse": 0.0003920689405041487,
      "n_params": 6,
      "x_mean_train": 99.86713501633659,
      "x_std_train": 28.886819496680378
    },
    "6": {
      "price_mse": 0.0010316288078943629,
      "grad_mse": 0.00016157016922946856,
      "n_params": 7,
      "x_mean_train": 99.86713501633659,
      "x_std_train": 28.886819496680378
    },
    "7": {
      "price_mse": 2.1378591989406366e-05,
      "grad_mse": 7.2749366456092634e-06,
      "n_params": 8,
      "x_mean_train": 99.86713501633659,
      "x_std_train": 28.886819496680378
    },
    "8": {
      "price_mse": 1.9078403971333238e-05,
      "grad_mse": 8.247525412430801e-06,
      "n_params": 9,
      "x_mean_train": 99.86713501633659,
      "x_std_train": 28.886819496680378
    },
    "9": {
      "price_mse": 1.8766543081323186e-06,
      "grad_mse": 8.255832012008361e-07,
      "n_params": 10,
      "x_mean_train": 99.86713501633659,
      "x_std_train": 28.886819496680378
    },
    "10": {
      "price_mse": 8.406216855359302e-08,
      "grad_mse": 9.97756807204525e-08,
      "n_params": 11,
      "x_mean_train": 99.86713501633659,
      "x_std_train": 28.886819496680378
    },
    "11": {
      "price_mse": 5.386412636517155e-08,
      "grad_mse": 5.637591374007141e-08,
      "n_params": 12,
      "x_mean_train": 99.86713501633659,
      "x_std_train": 28.886819496680378
    },
    "12": {
      "price_mse": 2.364092740878588e-09,
      "grad_mse": 2.349474790628122e-09,
      "n_params": 13,
      "x_mean_train": 99.86713501633659,
      "x_std_train": 28.886819496680378
    }
  },
  "elapsed_s": 0.0078046321868896484,
  "key": "black_scholes_d1_n4096_noise0.0_s789_polynomial",
  "timestamp": "2026-05-06T14:03:33.368161"
}