{
  "domain": "black_scholes",
  "func_type": "black_scholes",
  "dim": 1,
  "n_samples": 1024,
  "n_train": 819,
  "n_test": 205,
  "noise_level": 0.0,
  "seed": 1000,
  "polynomial_results": {
    "1": {
      "price_mse": 30.671721462080217,
      "grad_mse": 0.15378305742281947,
      "n_params": 2,
      "x_mean_train": 98.52567739150524,
      "x_std_train": 29.380626879141094
    },
    "2": {
      "price_mse": 0.49291284046348455,
      "grad_mse": 0.009859152191160321,
      "n_params": 3,
      "x_mean_train": 98.52567739150524,
      "x_std_train": 29.380626879141094
    },
    "3": {
      "price_mse": 0.2527356156744143,
      "grad_mse": 0.008937635515653606,
      "n_params": 4,
      "x_mean_train": 98.52567739150524,
      "x_std_train": 29.380626879141094
    },
    "4": {
      "price_mse": 0.025630653070214678,
      "grad_mse": 0.0010927426555695614,
      "n_params": 5,
      "x_mean_train": 98.52567739150524,
      "x_std_train": 29.380626879141094
    },
    "5": {
      "price_mse": 0.0029896714031337275,
      "grad_mse": 0.00039736685213508885,
      "n_params": 6,
      "x_mean_train": 98.52567739150524,
      "x_std_train": 29.380626879141094
    },
    "6": {
      "price_mse": 0.0011126385349953835,
      "grad_mse": 0.0001347143011526493,
      "n_params": 7,
      "x_mean_train": 98.52567739150524,
      "x_std_train": 29.380626879141094
    },
    "7": {
      "price_mse": 2.525540304573185e-05,
      "grad_mse": 7.294912077559314e-06,
      "n_params": 8,
      "x_mean_train": 98.52567739150524,
      "x_std_train": 29.380626879141094
    },
    "8": {
      "price_mse": 2.388689281754762e-05,
      "grad_mse": 9.078871571776185e-06,
      "n_params": 9,
      "x_mean_train": 98.52567739150524,
      "x_std_train": 29.380626879141094
    },
    "9": {
      "price_mse": 1.899864085630328e-06,
      "grad_mse": 7.595473516981125e-07,
      "n_params": 10,
      "x_mean_train": 98.52567739150524,
      "x_std_train": 29.380626879141094
    },
    "10": {
      "price_mse": 1.0798720488992589e-07,
      "grad_mse": 1.474193639675811e-07,
      "n_params": 11,
      "x_mean_train": 98.52567739150524,
      "x_std_train": 29.380626879141094
    },
    "11": {
      "price_mse": 6.269938352299934e-08,
      "grad_mse": 6.85961729249094e-08,
      "n_params": 12,
      "x_mean_train": 98.52567739150524,
      "x_std_train": 29.380626879141094
    },
    "12": {
      "price_mse": 2.410683942345642e-09,
      "grad_mse": 2.0615340714383183e-09,
      "n_params": 13,
      "x_mean_train": 98.52567739150524,
      "x_std_train": 29.380626879141094
    }
  },
  "elapsed_s": 0.003262042999267578,
  "key": "black_scholes_d1_n1024_noise0.0_s1000_polynomial",
  "timestamp": "2026-05-06T14:03:33.309846"
}