{
  "domain": "poly_trig",
  "func_type": "poly_trig",
  "dim": 1,
  "n_samples": 2048,
  "n_train": 1638,
  "n_test": 410,
  "noise_level": 0.0,
  "seed": 789,
  "polynomial_results": {
    "1": {
      "price_mse": 0.01949684297028062,
      "grad_mse": 0.40826781340433393,
      "n_params": 2,
      "x_mean_train": 0.0018406694289296865,
      "x_std_train": 0.5749564170837402
    },
    "2": {
      "price_mse": 0.006951175596267622,
      "grad_mse": 0.27023957961570005,
      "n_params": 3,
      "x_mean_train": 0.0018406694289296865,
      "x_std_train": 0.5749564170837402
    },
    "3": {
      "price_mse": 1.9122293444398928e-05,
      "grad_mse": 0.003423776307952389,
      "n_params": 4,
      "x_mean_train": 0.0018406694289296865,
      "x_std_train": 0.5749564170837402
    },
    "4": {
      "price_mse": 1.9203155123173305e-05,
      "grad_mse": 0.0034429534945312596,
      "n_params": 5,
      "x_mean_train": 0.0018406694289296865,
      "x_std_train": 0.5749564170837402
    },
    "5": {
      "price_mse": 1.1076887379892542e-08,
      "grad_mse": 5.2718200979249265e-06,
      "n_params": 6,
      "x_mean_train": 0.0018406694289296865,
      "x_std_train": 0.5749564170837402
    },
    "6": {
      "price_mse": 1.107422779198439e-08,
      "grad_mse": 5.294229662347116e-06,
      "n_params": 7,
      "x_mean_train": 0.0018406694289296865,
      "x_std_train": 0.5749564170837402
    },
    "7": {
      "price_mse": 2.387573322121976e-12,
      "grad_mse": 1.9218893693953175e-09,
      "n_params": 8,
      "x_mean_train": 0.0018406694289296865,
      "x_std_train": 0.5749564170837402
    },
    "8": {
      "price_mse": 2.3869651026969625e-12,
      "grad_mse": 1.9384131479271175e-09,
      "n_params": 9,
      "x_mean_train": 0.0018406694289296865,
      "x_std_train": 0.5749564170837402
    },
    "9": {
      "price_mse": 9.846018260396318e-16,
      "grad_mse": 2.590156092618577e-13,
      "n_params": 10,
      "x_mean_train": 0.0018406694289296865,
      "x_std_train": 0.5749564170837402
    },
    "10": {
      "price_mse": 9.797849405239739e-16,
      "grad_mse": 2.5261693113358426e-13,
      "n_params": 11,
      "x_mean_train": 0.0018406694289296865,
      "x_std_train": 0.5749564170837402
    },
    "11": {
      "price_mse": 8.401727413784827e-16,
      "grad_mse": 1.2731616934627134e-14,
      "n_params": 12,
      "x_mean_train": 0.0018406694289296865,
      "x_std_train": 0.5749564170837402
    },
    "12": {
      "price_mse": 5.665176661662654e-13,
      "grad_mse": 7.966733368711088e-10,
      "n_params": 13,
      "x_mean_train": 0.0018406694289296865,
      "x_std_train": 0.5749564170837402
    }
  },
  "elapsed_s": 0.036612510681152344,
  "key": "poly_trig_d1_n2048_noise0.0_s789_polynomial",
  "timestamp": "2026-05-06T14:03:30.359818"
}