{
  "domain": "poly_trig",
  "func_type": "poly_trig",
  "dim": 1,
  "n_samples": 1024,
  "n_train": 819,
  "n_test": 205,
  "noise_level": 0.0,
  "seed": 456,
  "polynomial_results": {
    "1": {
      "price_mse": 0.014693288084087333,
      "grad_mse": 0.36733116199064125,
      "n_params": 2,
      "x_mean_train": 0.0201772078871727,
      "x_std_train": 0.5832076072692871
    },
    "2": {
      "price_mse": 0.006191740921048369,
      "grad_mse": 0.219817756700337,
      "n_params": 3,
      "x_mean_train": 0.0201772078871727,
      "x_std_train": 0.5832076072692871
    },
    "3": {
      "price_mse": 1.870512836889856e-05,
      "grad_mse": 0.002371253170646396,
      "n_params": 4,
      "x_mean_train": 0.0201772078871727,
      "x_std_train": 0.5832076072692871
    },
    "4": {
      "price_mse": 1.8692938044262407e-05,
      "grad_mse": 0.0023707360466830663,
      "n_params": 5,
      "x_mean_train": 0.0201772078871727,
      "x_std_train": 0.5832076072692871
    },
    "5": {
      "price_mse": 1.1072396457347782e-08,
      "grad_mse": 3.7703509539572194e-06,
      "n_params": 6,
      "x_mean_train": 0.0201772078871727,
      "x_std_train": 0.5832076072692871
    },
    "6": {
      "price_mse": 1.1035179069657976e-08,
      "grad_mse": 3.7355327118197863e-06,
      "n_params": 7,
      "x_mean_train": 0.0201772078871727,
      "x_std_train": 0.5832076072692871
    },
    "7": {
      "price_mse": 2.6683240270588315e-12,
      "grad_mse": 1.5949563425648123e-09,
      "n_params": 8,
      "x_mean_train": 0.0201772078871727,
      "x_std_train": 0.5832076072692871
    },
    "8": {
      "price_mse": 2.6651972331100148e-12,
      "grad_mse": 1.5904968607995955e-09,
      "n_params": 9,
      "x_mean_train": 0.0201772078871727,
      "x_std_train": 0.5832076072692871
    },
    "9": {
      "price_mse": 2.747926447155805e-15,
      "grad_mse": 2.417109929901254e-13,
      "n_params": 10,
      "x_mean_train": 0.0201772078871727,
      "x_std_train": 0.5832076072692871
    },
    "10": {
      "price_mse": 2.628366634409955e-15,
      "grad_mse": 2.29026705985916e-13,
      "n_params": 11,
      "x_mean_train": 0.0201772078871727,
      "x_std_train": 0.5832076072692871
    },
    "11": {
      "price_mse": 2.383047864514861e-15,
      "grad_mse": 1.2422638263154702e-13,
      "n_params": 12,
      "x_mean_train": 0.0201772078871727,
      "x_std_train": 0.5832076072692871
    },
    "12": {
      "price_mse": 1.723690187160993e-13,
      "grad_mse": 3.0482567725526233e-10,
      "n_params": 13,
      "x_mean_train": 0.0201772078871727,
      "x_std_train": 0.5832076072692871
    }
  },
  "elapsed_s": 0.034775733947753906,
  "key": "poly_trig_d1_n1024_noise0.0_s456_polynomial",
  "timestamp": "2026-05-06T14:03:29.121542"
}