{
  "domain": "poly_trig",
  "func_type": "poly_trig",
  "dim": 1,
  "n_samples": 1024,
  "n_train": 819,
  "n_test": 205,
  "noise_level": 0.0,
  "seed": 789,
  "polynomial_results": {
    "1": {
      "price_mse": 0.0185774070102269,
      "grad_mse": 0.379748227661966,
      "n_params": 2,
      "x_mean_train": 0.016644693911075592,
      "x_std_train": 0.5823253393173218
    },
    "2": {
      "price_mse": 0.0065970966627816215,
      "grad_mse": 0.22649868622414446,
      "n_params": 3,
      "x_mean_train": 0.016644693911075592,
      "x_std_train": 0.5823253393173218
    },
    "3": {
      "price_mse": 1.7709165384046674e-05,
      "grad_mse": 0.002644044321863487,
      "n_params": 4,
      "x_mean_train": 0.016644693911075592,
      "x_std_train": 0.5823253393173218
    },
    "4": {
      "price_mse": 1.7660734637656226e-05,
      "grad_mse": 0.0026361868345766448,
      "n_params": 5,
      "x_mean_train": 0.016644693911075592,
      "x_std_train": 0.5823253393173218
    },
    "5": {
      "price_mse": 1.0773407170180315e-08,
      "grad_mse": 4.019201242784239e-06,
      "n_params": 6,
      "x_mean_train": 0.016644693911075592,
      "x_std_train": 0.5823253393173218
    },
    "6": {
      "price_mse": 1.0961966211459755e-08,
      "grad_mse": 4.0018484173625506e-06,
      "n_params": 7,
      "x_mean_train": 0.016644693911075592,
      "x_std_train": 0.5823253393173218
    },
    "7": {
      "price_mse": 2.254797050499101e-12,
      "grad_mse": 1.4840067844923617e-09,
      "n_params": 8,
      "x_mean_train": 0.016644693911075592,
      "x_std_train": 0.5823253393173218
    },
    "8": {
      "price_mse": 2.27270994197806e-12,
      "grad_mse": 1.4882531311125439e-09,
      "n_params": 9,
      "x_mean_train": 0.016644693911075592,
      "x_std_train": 0.5823253393173218
    },
    "9": {
      "price_mse": 9.469858571151007e-16,
      "grad_mse": 2.1187332757779734e-13,
      "n_params": 10,
      "x_mean_train": 0.016644693911075592,
      "x_std_train": 0.5823253393173218
    },
    "10": {
      "price_mse": 9.465551044457888e-16,
      "grad_mse": 2.2451611046868414e-13,
      "n_params": 11,
      "x_mean_train": 0.016644693911075592,
      "x_std_train": 0.5823253393173218
    },
    "11": {
      "price_mse": 8.112276504833494e-16,
      "grad_mse": 1.3019759415582518e-14,
      "n_params": 12,
      "x_mean_train": 0.016644693911075592,
      "x_std_train": 0.5823253393173218
    },
    "12": {
      "price_mse": 8.224332689664225e-16,
      "grad_mse": 1.2987308234415487e-14,
      "n_params": 13,
      "x_mean_train": 0.016644693911075592,
      "x_std_train": 0.5823253393173218
    }
  },
  "elapsed_s": 0.03436112403869629,
  "key": "poly_trig_d1_n1024_noise0.0_s789_polynomial",
  "timestamp": "2026-05-06T14:03:29.156169"
}