{
  "domain": "poly_trig",
  "func_type": "poly_trig",
  "dim": 1,
  "n_samples": 4096,
  "n_train": 3276,
  "n_test": 820,
  "noise_level": 0.0,
  "seed": 1000,
  "polynomial_results": {
    "1": {
      "price_mse": 0.03624019993159621,
      "grad_mse": 1.0606944796046487,
      "n_params": 2,
      "x_mean_train": -0.004970450419932604,
      "x_std_train": 0.5788708925247192
    },
    "2": {
      "price_mse": 0.02059629923314771,
      "grad_mse": 0.7990980079379545,
      "n_params": 3,
      "x_mean_train": -0.004970450419932604,
      "x_std_train": 0.5788708925247192
    },
    "3": {
      "price_mse": 2.0533829655200882e-05,
      "grad_mse": 0.0034659740690116923,
      "n_params": 4,
      "x_mean_train": -0.004970450419932604,
      "x_std_train": 0.5788708925247192
    },
    "4": {
      "price_mse": 2.053450738821085e-05,
      "grad_mse": 0.003466020644078735,
      "n_params": 5,
      "x_mean_train": -0.004970450419932604,
      "x_std_train": 0.5788708925247192
    },
    "5": {
      "price_mse": 1.2045213063113697e-08,
      "grad_mse": 5.85446683978159e-06,
      "n_params": 6,
      "x_mean_train": -0.004970450419932604,
      "x_std_train": 0.5788708925247192
    },
    "6": {
      "price_mse": 1.2046797133675335e-08,
      "grad_mse": 5.855840113138485e-06,
      "n_params": 7,
      "x_mean_train": -0.004970450419932604,
      "x_std_train": 0.5788708925247192
    },
    "7": {
      "price_mse": 2.6475791008386935e-12,
      "grad_mse": 2.622236419175023e-09,
      "n_params": 8,
      "x_mean_train": -0.004970450419932604,
      "x_std_train": 0.5788708925247192
    },
    "8": {
      "price_mse": 2.6490265693624258e-12,
      "grad_mse": 2.6237724213875934e-09,
      "n_params": 9,
      "x_mean_train": -0.004970450419932604,
      "x_std_train": 0.5788708925247192
    },
    "9": {
      "price_mse": 3.2346474681309778e-15,
      "grad_mse": 4.3091691713503485e-13,
      "n_params": 10,
      "x_mean_train": -0.004970450419932604,
      "x_std_train": 0.5788708925247192
    },
    "10": {
      "price_mse": 3.237887670328584e-15,
      "grad_mse": 4.3014897739260306e-13,
      "n_params": 11,
      "x_mean_train": -0.004970450419932604,
      "x_std_train": 0.5788708925247192
    },
    "11": {
      "price_mse": 9.43848465080148e-10,
      "grad_mse": 1.4221972172502587e-06,
      "n_params": 12,
      "x_mean_train": -0.004970450419932604,
      "x_std_train": 0.5788708925247192
    },
    "12": {
      "price_mse": 9.40308824778515e-10,
      "grad_mse": 1.4112091888191815e-06,
      "n_params": 13,
      "x_mean_train": -0.004970450419932604,
      "x_std_train": 0.5788708925247192
    }
  },
  "elapsed_s": 0.03996753692626953,
  "key": "poly_trig_d1_n4096_noise0.0_s1000_polynomial",
  "timestamp": "2026-05-06T14:03:31.469418"
}