{
  "domain": "poly_trig",
  "func_type": "poly_trig",
  "dim": 1,
  "n_samples": 256,
  "n_train": 204,
  "n_test": 52,
  "noise_level": 0.0,
  "seed": 789,
  "polynomial_results": {
    "1": {
      "price_mse": 0.01877875602964529,
      "grad_mse": 0.3627982961214831,
      "n_params": 2,
      "x_mean_train": 0.07257603853940964,
      "x_std_train": 0.5642075538635254
    },
    "2": {
      "price_mse": 0.006451689999866959,
      "grad_mse": 0.2365859802097829,
      "n_params": 3,
      "x_mean_train": 0.07257603853940964,
      "x_std_train": 0.5642075538635254
    },
    "3": {
      "price_mse": 1.6938710237529287e-05,
      "grad_mse": 0.0028143047764912906,
      "n_params": 4,
      "x_mean_train": 0.07257603853940964,
      "x_std_train": 0.5642075538635254
    },
    "4": {
      "price_mse": 1.729932284438032e-05,
      "grad_mse": 0.002932127643706078,
      "n_params": 5,
      "x_mean_train": 0.07257603853940964,
      "x_std_train": 0.5642075538635254
    },
    "5": {
      "price_mse": 9.779357635367686e-09,
      "grad_mse": 3.542762750186239e-06,
      "n_params": 6,
      "x_mean_train": 0.07257603853940964,
      "x_std_train": 0.5642075538635254
    },
    "6": {
      "price_mse": 9.820786764158925e-09,
      "grad_mse": 3.9094392072495755e-06,
      "n_params": 7,
      "x_mean_train": 0.07257603853940964,
      "x_std_train": 0.5642075538635254
    },
    "7": {
      "price_mse": 2.3407252195630763e-12,
      "grad_mse": 1.1569988902107371e-09,
      "n_params": 8,
      "x_mean_train": 0.07257603853940964,
      "x_std_train": 0.5642075538635254
    },
    "8": {
      "price_mse": 2.3391633282567993e-12,
      "grad_mse": 1.5215262508051671e-09,
      "n_params": 9,
      "x_mean_train": 0.07257603853940964,
      "x_std_train": 0.5642075538635254
    },
    "9": {
      "price_mse": 1.1042266429681706e-15,
      "grad_mse": 1.9796553880678157e-13,
      "n_params": 10,
      "x_mean_train": 0.07257603853940964,
      "x_std_train": 0.5642075538635254
    },
    "10": {
      "price_mse": 1.1048025886001325e-15,
      "grad_mse": 1.9205220885232102e-13,
      "n_params": 11,
      "x_mean_train": 0.07257603853940964,
      "x_std_train": 0.5642075538635254
    },
    "11": {
      "price_mse": 9.389717752423203e-16,
      "grad_mse": 2.2959910758563372e-14,
      "n_params": 12,
      "x_mean_train": 0.07257603853940964,
      "x_std_train": 0.5642075538635254
    },
    "12": {
      "price_mse": 9.532150794303072e-16,
      "grad_mse": 2.3487298645553265e-14,
      "n_params": 13,
      "x_mean_train": 0.07257603853940964,
      "x_std_train": 0.5642075538635254
    }
  },
  "elapsed_s": 0.03323769569396973,
  "key": "poly_trig_d1_n256_noise0.0_s789_polynomial",
  "timestamp": "2026-05-06T14:03:27.091419"
}