{
  "domain": "poly_trig",
  "func_type": "poly_trig",
  "dim": 1,
  "n_samples": 256,
  "n_train": 204,
  "n_test": 52,
  "noise_level": 0.0,
  "seed": 123,
  "polynomial_results": {
    "1": {
      "price_mse": 0.014154916306107814,
      "grad_mse": 0.380114139875414,
      "n_params": 2,
      "x_mean_train": 0.1000085175037384,
      "x_std_train": 0.5734312534332275
    },
    "2": {
      "price_mse": 0.00477505845447336,
      "grad_mse": 0.1840251191969046,
      "n_params": 3,
      "x_mean_train": 0.1000085175037384,
      "x_std_train": 0.5734312534332275
    },
    "3": {
      "price_mse": 1.7583686430661092e-05,
      "grad_mse": 0.0012459471389611617,
      "n_params": 4,
      "x_mean_train": 0.1000085175037384,
      "x_std_train": 0.5734312534332275
    },
    "4": {
      "price_mse": 1.76556295380923e-05,
      "grad_mse": 0.0012182758015257522,
      "n_params": 5,
      "x_mean_train": 0.1000085175037384,
      "x_std_train": 0.5734312534332275
    },
    "5": {
      "price_mse": 1.1546015476070071e-08,
      "grad_mse": 1.4718691630779265e-06,
      "n_params": 6,
      "x_mean_train": 0.1000085175037384,
      "x_std_train": 0.5734312534332275
    },
    "6": {
      "price_mse": 1.1249605131957075e-08,
      "grad_mse": 1.3454518999143354e-06,
      "n_params": 7,
      "x_mean_train": 0.1000085175037384,
      "x_std_train": 0.5734312534332275
    },
    "7": {
      "price_mse": 1.8111042943133426e-12,
      "grad_mse": 4.85154694549894e-10,
      "n_params": 8,
      "x_mean_train": 0.1000085175037384,
      "x_std_train": 0.5734312534332275
    },
    "8": {
      "price_mse": 1.8258423570372253e-12,
      "grad_mse": 4.4995940385856236e-10,
      "n_params": 9,
      "x_mean_train": 0.1000085175037384,
      "x_std_train": 0.5734312534332275
    },
    "9": {
      "price_mse": 1.955113258978749e-15,
      "grad_mse": 4.915497789280203e-14,
      "n_params": 10,
      "x_mean_train": 0.1000085175037384,
      "x_std_train": 0.5734312534332275
    },
    "10": {
      "price_mse": 1.965926577684664e-15,
      "grad_mse": 4.9456487589787697e-14,
      "n_params": 11,
      "x_mean_train": 0.1000085175037384,
      "x_std_train": 0.5734312534332275
    },
    "11": {
      "price_mse": 2.109827378182138e-15,
      "grad_mse": 1.52229742182337e-14,
      "n_params": 12,
      "x_mean_train": 0.1000085175037384,
      "x_std_train": 0.5734312534332275
    },
    "12": {
      "price_mse": 2.1043747053414125e-15,
      "grad_mse": 1.3807009508667201e-14,
      "n_params": 13,
      "x_mean_train": 0.1000085175037384,
      "x_std_train": 0.5734312534332275
    }
  },
  "elapsed_s": 0.03671526908874512,
  "key": "poly_trig_d1_n256_noise0.0_s123_polynomial",
  "timestamp": "2026-05-06T14:03:27.024124"
}