{
  "domain": "poly_trig",
  "func_type": "poly_trig",
  "dim": 1,
  "n_samples": 512,
  "n_train": 409,
  "n_test": 103,
  "noise_level": 0.0,
  "seed": 42,
  "polynomial_results": {
    "1": {
      "price_mse": 0.04613592269186352,
      "grad_mse": 1.096637686588967,
      "n_params": 2,
      "x_mean_train": -0.033612754195928574,
      "x_std_train": 0.5707864761352539
    },
    "2": {
      "price_mse": 0.01763694096215665,
      "grad_mse": 0.6558753134897756,
      "n_params": 3,
      "x_mean_train": -0.033612754195928574,
      "x_std_train": 0.5707864761352539
    },
    "3": {
      "price_mse": 1.9508755980900252e-05,
      "grad_mse": 0.0027966650534103324,
      "n_params": 4,
      "x_mean_train": -0.033612754195928574,
      "x_std_train": 0.5707864761352539
    },
    "4": {
      "price_mse": 1.9437190229983045e-05,
      "grad_mse": 0.002788918962550326,
      "n_params": 5,
      "x_mean_train": -0.033612754195928574,
      "x_std_train": 0.5707864761352539
    },
    "5": {
      "price_mse": 9.734495689816841e-09,
      "grad_mse": 4.492139182815115e-06,
      "n_params": 6,
      "x_mean_train": -0.033612754195928574,
      "x_std_train": 0.5707864761352539
    },
    "6": {
      "price_mse": 9.806857183237513e-09,
      "grad_mse": 4.520270376715029e-06,
      "n_params": 7,
      "x_mean_train": -0.033612754195928574,
      "x_std_train": 0.5707864761352539
    },
    "7": {
      "price_mse": 2.504172389779464e-12,
      "grad_mse": 1.2603789703392134e-09,
      "n_params": 8,
      "x_mean_train": -0.033612754195928574,
      "x_std_train": 0.5707864761352539
    },
    "8": {
      "price_mse": 2.4814771124738998e-12,
      "grad_mse": 1.234067686365568e-09,
      "n_params": 9,
      "x_mean_train": -0.033612754195928574,
      "x_std_train": 0.5707864761352539
    },
    "9": {
      "price_mse": 1.4199856274789676e-15,
      "grad_mse": 1.4629685096092383e-13,
      "n_params": 10,
      "x_mean_train": -0.033612754195928574,
      "x_std_train": 0.5707864761352539
    },
    "10": {
      "price_mse": 1.4027262499212556e-15,
      "grad_mse": 1.3606655972362924e-13,
      "n_params": 11,
      "x_mean_train": -0.033612754195928574,
      "x_std_train": 0.5707864761352539
    },
    "11": {
      "price_mse": 1.264225524544234e-15,
      "grad_mse": 1.3111671935851392e-14,
      "n_params": 12,
      "x_mean_train": -0.033612754195928574,
      "x_std_train": 0.5707864761352539
    },
    "12": {
      "price_mse": 1.262662967899285e-15,
      "grad_mse": 1.3859980045590783e-14,
      "n_params": 13,
      "x_mean_train": -0.033612754195928574,
      "x_std_train": 0.5707864761352539
    }
  },
  "elapsed_s": 0.8374409675598145,
  "key": "poly_trig_d1_n512_noise0.0_s42_polynomial",
  "timestamp": "2026-05-06T14:03:27.962647"
}