{
  "domain": "poly_trig",
  "func_type": "poly_trig",
  "dim": 1,
  "n_samples": 4096,
  "n_train": 3276,
  "n_test": 820,
  "noise_level": 0.0,
  "seed": 789,
  "polynomial_results": {
    "1": {
      "price_mse": 0.018661616740393093,
      "grad_mse": 0.40749725751124954,
      "n_params": 2,
      "x_mean_train": -0.0050144074484705925,
      "x_std_train": 0.5783040523529053
    },
    "2": {
      "price_mse": 0.006593288753775766,
      "grad_mse": 0.24841420580170198,
      "n_params": 3,
      "x_mean_train": -0.0050144074484705925,
      "x_std_train": 0.5783040523529053
    },
    "3": {
      "price_mse": 1.78148582931637e-05,
      "grad_mse": 0.0028748554967847027,
      "n_params": 4,
      "x_mean_train": -0.0050144074484705925,
      "x_std_train": 0.5783040523529053
    },
    "4": {
      "price_mse": 1.7876321385485285e-05,
      "grad_mse": 0.0028904071839502437,
      "n_params": 5,
      "x_mean_train": -0.0050144074484705925,
      "x_std_train": 0.5783040523529053
    },
    "5": {
      "price_mse": 1.1576902828289672e-08,
      "grad_mse": 4.312625034830541e-06,
      "n_params": 6,
      "x_mean_train": -0.0050144074484705925,
      "x_std_train": 0.5783040523529053
    },
    "6": {
      "price_mse": 1.1613873220472629e-08,
      "grad_mse": 4.344049987163467e-06,
      "n_params": 7,
      "x_mean_train": -0.0050144074484705925,
      "x_std_train": 0.5783040523529053
    },
    "7": {
      "price_mse": 2.3128829713916817e-12,
      "grad_mse": 1.761643733530634e-09,
      "n_params": 8,
      "x_mean_train": -0.0050144074484705925,
      "x_std_train": 0.5783040523529053
    },
    "8": {
      "price_mse": 2.3385129609328764e-12,
      "grad_mse": 1.799462169307503e-09,
      "n_params": 9,
      "x_mean_train": -0.0050144074484705925,
      "x_std_train": 0.5783040523529053
    },
    "9": {
      "price_mse": 1.0760676587948244e-15,
      "grad_mse": 2.6002330661693167e-13,
      "n_params": 10,
      "x_mean_train": -0.0050144074484705925,
      "x_std_train": 0.5783040523529053
    },
    "10": {
      "price_mse": 1.0760339272353738e-15,
      "grad_mse": 2.569898903641571e-13,
      "n_params": 11,
      "x_mean_train": -0.0050144074484705925,
      "x_std_train": 0.5783040523529053
    },
    "11": {
      "price_mse": 5.501888376140451e-10,
      "grad_mse": 5.874229401978869e-07,
      "n_params": 12,
      "x_mean_train": -0.0050144074484705925,
      "x_std_train": 0.5783040523529053
    },
    "12": {
      "price_mse": 5.509011621478063e-10,
      "grad_mse": 5.939139895283097e-07,
      "n_params": 13,
      "x_mean_train": -0.0050144074484705925,
      "x_std_train": 0.5783040523529053
    }
  },
  "elapsed_s": 0.039591312408447266,
  "key": "poly_trig_d1_n4096_noise0.0_s789_polynomial",
  "timestamp": "2026-05-06T14:03:31.429180"
}