{
  "domain": "spy_bs_target",
  "dataset": "spy_options",
  "split_mode": "temporal",
  "target_mode": "bs_price",
  "dim": 4,
  "n_train": 10000,
  "n_test": 10000,
  "seed": 456,
  "polynomial_results": {
    "1": {
      "price_mse": 0.00017069674525163676,
      "grad_mse": 0.04609946607747217,
      "n_params": 5,
      "x_mean_train": [
        1.0004962759973204,
        0.4309624202600977,
        0.020000000000002852,
        0.2321519510000001
      ],
      "x_std_train": [
        0.07561334384670641,
        0.49204838258765476,
        1.0,
        0.09157507836569723
      ]
    },
    "2": {
      "price_mse": 2.1150758412911668e-05,
      "grad_mse": 0.02385671303631706,
      "n_params": 15,
      "x_mean_train": [
        1.0004962759973204,
        0.4309624202600977,
        0.020000000000002852,
        0.2321519510000001
      ],
      "x_std_train": [
        0.07561334384670641,
        0.49204838258765476,
        1.0,
        0.09157507836569723
      ]
    },
    "3": {
      "price_mse": 7.309250718904125e-06,
      "grad_mse": 0.02073771697537569,
      "n_params": 35,
      "x_mean_train": [
        1.0004962759973204,
        0.4309624202600977,
        0.020000000000002852,
        0.2321519510000001
      ],
      "x_std_train": [
        0.07561334384670641,
        0.49204838258765476,
        1.0,
        0.09157507836569723
      ]
    },
    "4": {
      "price_mse": 2.6983319291636978e-06,
      "grad_mse": 0.019292380637249768,
      "n_params": 70,
      "x_mean_train": [
        1.0004962759973204,
        0.4309624202600977,
        0.020000000000002852,
        0.2321519510000001
      ],
      "x_std_train": [
        0.07561334384670641,
        0.49204838258765476,
        1.0,
        0.09157507836569723
      ]
    },
    "5": {
      "price_mse": 1.3080188089100552e-06,
      "grad_mse": 0.018755055347919342,
      "n_params": 126,
      "x_mean_train": [
        1.0004962759973204,
        0.4309624202600977,
        0.020000000000002852,
        0.2321519510000001
      ],
      "x_std_train": [
        0.07561334384670641,
        0.49204838258765476,
        1.0,
        0.09157507836569723
      ]
    },
    "6": {
      "price_mse": 6.631191541747906e-07,
      "grad_mse": 0.018428197118143204,
      "n_params": 210,
      "x_mean_train": [
        1.0004962759973204,
        0.4309624202600977,
        0.020000000000002852,
        0.2321519510000001
      ],
      "x_std_train": [
        0.07561334384670641,
        0.49204838258765476,
        1.0,
        0.09157507836569723
      ]
    }
  },
  "elapsed_s": 1.3763511180877686,
  "key": "spy_n10000_s456_polynomial",
  "timestamp": "2026-05-06T14:04:30.741746"
}