{
  "domain": "spy_bs_target",
  "dataset": "spy_options",
  "split_mode": "temporal",
  "target_mode": "bs_price",
  "dim": 4,
  "n_train": 10000,
  "n_test": 10000,
  "seed": 1337,
  "polynomial_results": {
    "1": {
      "price_mse": 0.00017366603352204527,
      "grad_mse": 0.04531333584716704,
      "n_params": 5,
      "x_mean_train": [
        1.000870457202781,
        0.4288979164955497,
        0.020000000000002852,
        0.23155228100000014
      ],
      "x_std_train": [
        0.07543324097878969,
        0.49113259698023654,
        1.0,
        0.09162107874046804
      ]
    },
    "2": {
      "price_mse": 2.1426169016460964e-05,
      "grad_mse": 0.02290389823344247,
      "n_params": 15,
      "x_mean_train": [
        1.000870457202781,
        0.4288979164955497,
        0.020000000000002852,
        0.23155228100000014
      ],
      "x_std_train": [
        0.07543324097878969,
        0.49113259698023654,
        1.0,
        0.09162107874046804
      ]
    },
    "3": {
      "price_mse": 7.348600906665184e-06,
      "grad_mse": 0.019776758437871626,
      "n_params": 35,
      "x_mean_train": [
        1.000870457202781,
        0.4288979164955497,
        0.020000000000002852,
        0.23155228100000014
      ],
      "x_std_train": [
        0.07543324097878969,
        0.49113259698023654,
        1.0,
        0.09162107874046804
      ]
    },
    "4": {
      "price_mse": 2.7450585804519246e-06,
      "grad_mse": 0.018335574855979093,
      "n_params": 70,
      "x_mean_train": [
        1.000870457202781,
        0.4288979164955497,
        0.020000000000002852,
        0.23155228100000014
      ],
      "x_std_train": [
        0.07543324097878969,
        0.49113259698023654,
        1.0,
        0.09162107874046804
      ]
    },
    "5": {
      "price_mse": 1.304257327143248e-06,
      "grad_mse": 0.01773917656202907,
      "n_params": 126,
      "x_mean_train": [
        1.000870457202781,
        0.4288979164955497,
        0.020000000000002852,
        0.23155228100000014
      ],
      "x_std_train": [
        0.07543324097878969,
        0.49113259698023654,
        1.0,
        0.09162107874046804
      ]
    },
    "6": {
      "price_mse": 6.487900839009059e-07,
      "grad_mse": 0.01739254942051691,
      "n_params": 210,
      "x_mean_train": [
        1.000870457202781,
        0.4288979164955497,
        0.020000000000002852,
        0.23155228100000014
      ],
      "x_std_train": [
        0.07543324097878969,
        0.49113259698023654,
        1.0,
        0.09162107874046804
      ]
    }
  },
  "elapsed_s": 1.3517255783081055,
  "key": "spy_n10000_s1337_polynomial",
  "timestamp": "2026-05-06T14:04:33.422078"
}