{
  "domain": "trig",
  "func_type": "trig",
  "dim": 1,
  "n_samples": 4096,
  "n_train": 3276,
  "n_test": 820,
  "noise_level": 0.0,
  "seed": 456,
  "polynomial_results": {
    "1": {
      "price_mse": 0.5247511724850613,
      "grad_mse": 10.01855434759993,
      "n_params": 2,
      "x_mean_train": 0.008913011290133,
      "x_std_train": 1.8158974647521973
    },
    "2": {
      "price_mse": 0.525814712444907,
      "grad_mse": 10.011811785925167,
      "n_params": 3,
      "x_mean_train": 0.008913011290133,
      "x_std_train": 1.8158974647521973
    },
    "3": {
      "price_mse": 0.494160914633033,
      "grad_mse": 9.746736098509558,
      "n_params": 4,
      "x_mean_train": 0.008913011290133,
      "x_std_train": 1.8158974647521973
    },
    "4": {
      "price_mse": 0.49498080442703635,
      "grad_mse": 9.745797416230479,
      "n_params": 5,
      "x_mean_train": 0.008913011290133,
      "x_std_train": 1.8158974647521973
    },
    "5": {
      "price_mse": 0.43161151156865407,
      "grad_mse": 9.769706072039844,
      "n_params": 6,
      "x_mean_train": 0.008913011290133,
      "x_std_train": 1.8158974647521973
    },
    "6": {
      "price_mse": 0.43157446116323406,
      "grad_mse": 9.770013330300925,
      "n_params": 7,
      "x_mean_train": 0.008913011290133,
      "x_std_train": 1.8158974647521973
    },
    "7": {
      "price_mse": 0.39949666331514294,
      "grad_mse": 13.671744334217212,
      "n_params": 8,
      "x_mean_train": 0.008913011290133,
      "x_std_train": 1.8158974647521973
    },
    "8": {
      "price_mse": 0.3995374478758754,
      "grad_mse": 13.662417480492728,
      "n_params": 9,
      "x_mean_train": 0.008913011290133,
      "x_std_train": 1.8158974647521973
    },
    "9": {
      "price_mse": 0.3624362771490545,
      "grad_mse": 7.874400537347662,
      "n_params": 10,
      "x_mean_train": 0.008913011290133,
      "x_std_train": 1.8158974647521973
    },
    "10": {
      "price_mse": 0.36230665556761116,
      "grad_mse": 7.870851582759081,
      "n_params": 11,
      "x_mean_train": 0.008913011290133,
      "x_std_train": 1.8158974647521973
    },
    "11": {
      "price_mse": 0.3347884687721058,
      "grad_mse": 7.208865240831213,
      "n_params": 12,
      "x_mean_train": 0.008913011290133,
      "x_std_train": 1.8158974647521973
    },
    "12": {
      "price_mse": 0.33485998180192467,
      "grad_mse": 7.20922034453115,
      "n_params": 13,
      "x_mean_train": 0.008913011290133,
      "x_std_train": 1.8158974647521973
    }
  },
  "elapsed_s": 0.013692855834960938,
  "key": "trig_d1_n4096_noise0.0_s456_polynomial",
  "timestamp": "2026-05-06T14:03:33.090204"
}