{
  "domain": "trig",
  "func_type": "trig",
  "dim": 1,
  "n_samples": 8192,
  "n_train": 6553,
  "n_test": 1639,
  "noise_level": 0.0,
  "seed": 789,
  "polynomial_results": {
    "1": {
      "price_mse": 0.19083503519684356,
      "grad_mse": 2.0580866248769083,
      "n_params": 2,
      "x_mean_train": 0.009463110007345676,
      "x_std_train": 1.8077247142791748
    },
    "2": {
      "price_mse": 0.19077467805069115,
      "grad_mse": 2.0582358638681875,
      "n_params": 3,
      "x_mean_train": 0.009463110007345676,
      "x_std_train": 1.8077247142791748
    },
    "3": {
      "price_mse": 0.1824826633082403,
      "grad_mse": 2.188641725703555,
      "n_params": 4,
      "x_mean_train": 0.009463110007345676,
      "x_std_train": 1.8077247142791748
    },
    "4": {
      "price_mse": 0.18263673766769306,
      "grad_mse": 2.191140791156795,
      "n_params": 5,
      "x_mean_train": 0.009463110007345676,
      "x_std_train": 1.8077247142791748
    },
    "5": {
      "price_mse": 0.1701982738464604,
      "grad_mse": 1.7081158928062883,
      "n_params": 6,
      "x_mean_train": 0.009463110007345676,
      "x_std_train": 1.8077247142791748
    },
    "6": {
      "price_mse": 0.1701943305355962,
      "grad_mse": 1.7080259629755337,
      "n_params": 7,
      "x_mean_train": 0.009463110007345676,
      "x_std_train": 1.8077247142791748
    },
    "7": {
      "price_mse": 0.08688784827959668,
      "grad_mse": 3.105197171928924,
      "n_params": 8,
      "x_mean_train": 0.009463110007345676,
      "x_std_train": 1.8077247142791748
    },
    "8": {
      "price_mse": 0.0869376988966693,
      "grad_mse": 3.1053287902211952,
      "n_params": 9,
      "x_mean_train": 0.009463110007345676,
      "x_std_train": 1.8077247142791748
    },
    "9": {
      "price_mse": 0.011023899456099854,
      "grad_mse": 1.0671807681999712,
      "n_params": 10,
      "x_mean_train": 0.009463110007345676,
      "x_std_train": 1.8077247142791748
    },
    "10": {
      "price_mse": 0.011024483013323483,
      "grad_mse": 1.0671745146654699,
      "n_params": 11,
      "x_mean_train": 0.009463110007345676,
      "x_std_train": 1.8077247142791748
    },
    "11": {
      "price_mse": 0.02453420675716074,
      "grad_mse": 2.135018659030202,
      "n_params": 12,
      "x_mean_train": 0.009463110007345676,
      "x_std_train": 1.8077247142791748
    },
    "12": {
      "price_mse": 0.024534931541728432,
      "grad_mse": 2.1353158165003863,
      "n_params": 13,
      "x_mean_train": 0.009463110007345676,
      "x_std_train": 1.8077247142791748
    }
  },
  "elapsed_s": 0.019984722137451172,
  "key": "trig_d1_n8192_noise0.0_s789_polynomial",
  "timestamp": "2026-05-06T14:03:33.245041"
}