{
  "domain": "trig",
  "func_type": "trig",
  "dim": 1,
  "n_samples": 4096,
  "n_train": 3276,
  "n_test": 820,
  "noise_level": 0.0,
  "seed": 789,
  "polynomial_results": {
    "1": {
      "price_mse": 0.1948292359123408,
      "grad_mse": 2.0691757358414073,
      "n_params": 2,
      "x_mean_train": -0.018334468826651573,
      "x_std_train": 1.81499445438385
    },
    "2": {
      "price_mse": 0.1947837129820816,
      "grad_mse": 2.070048442897299,
      "n_params": 3,
      "x_mean_train": -0.018334468826651573,
      "x_std_train": 1.81499445438385
    },
    "3": {
      "price_mse": 0.18974710880672366,
      "grad_mse": 2.227858205100776,
      "n_params": 4,
      "x_mean_train": -0.018334468826651573,
      "x_std_train": 1.81499445438385
    },
    "4": {
      "price_mse": 0.1897673741798846,
      "grad_mse": 2.227815750877325,
      "n_params": 5,
      "x_mean_train": -0.018334468826651573,
      "x_std_train": 1.81499445438385
    },
    "5": {
      "price_mse": 0.1790260527923076,
      "grad_mse": 1.6689084665757454,
      "n_params": 6,
      "x_mean_train": -0.018334468826651573,
      "x_std_train": 1.81499445438385
    },
    "6": {
      "price_mse": 0.1790524856062645,
      "grad_mse": 1.6696358156271072,
      "n_params": 7,
      "x_mean_train": -0.018334468826651573,
      "x_std_train": 1.81499445438385
    },
    "7": {
      "price_mse": 0.08834130975899229,
      "grad_mse": 3.993940563154649,
      "n_params": 8,
      "x_mean_train": -0.018334468826651573,
      "x_std_train": 1.81499445438385
    },
    "8": {
      "price_mse": 0.08842601975483212,
      "grad_mse": 3.998143933533472,
      "n_params": 9,
      "x_mean_train": -0.018334468826651573,
      "x_std_train": 1.81499445438385
    },
    "9": {
      "price_mse": 0.011508596622245643,
      "grad_mse": 1.464708009969666,
      "n_params": 10,
      "x_mean_train": -0.018334468826651573,
      "x_std_train": 1.81499445438385
    },
    "10": {
      "price_mse": 0.011531846921576761,
      "grad_mse": 1.474364632682215,
      "n_params": 11,
      "x_mean_train": -0.018334468826651573,
      "x_std_train": 1.81499445438385
    },
    "11": {
      "price_mse": 0.02553664544089675,
      "grad_mse": 2.9960287780162873,
      "n_params": 12,
      "x_mean_train": -0.018334468826651573,
      "x_std_train": 1.81499445438385
    },
    "12": {
      "price_mse": 0.025522248696207738,
      "grad_mse": 2.9905641046690383,
      "n_params": 13,
      "x_mean_train": -0.018334468826651573,
      "x_std_train": 1.81499445438385
    }
  },
  "elapsed_s": 0.013729572296142578,
  "key": "trig_d1_n4096_noise0.0_s789_polynomial",
  "timestamp": "2026-05-06T14:03:33.104188"
}