{
  "domain": "trig",
  "func_type": "trig",
  "dim": 1,
  "n_samples": 512,
  "n_train": 409,
  "n_test": 103,
  "noise_level": 0.0,
  "seed": 789,
  "polynomial_results": {
    "1": {
      "price_mse": 0.1937655687338179,
      "grad_mse": 2.0805899045558003,
      "n_params": 2,
      "x_mean_train": 0.035980984568595886,
      "x_std_train": 1.7738063335418701
    },
    "2": {
      "price_mse": 0.1938004743885389,
      "grad_mse": 2.083681313751833,
      "n_params": 3,
      "x_mean_train": 0.035980984568595886,
      "x_std_train": 1.7738063335418701
    },
    "3": {
      "price_mse": 0.18479256218137474,
      "grad_mse": 2.171915172770634,
      "n_params": 4,
      "x_mean_train": 0.035980984568595886,
      "x_std_train": 1.7738063335418701
    },
    "4": {
      "price_mse": 0.18589591399632982,
      "grad_mse": 2.1964887353751905,
      "n_params": 5,
      "x_mean_train": 0.035980984568595886,
      "x_std_train": 1.7738063335418701
    },
    "5": {
      "price_mse": 0.17646411878881418,
      "grad_mse": 1.8626721499084566,
      "n_params": 6,
      "x_mean_train": 0.035980984568595886,
      "x_std_train": 1.7738063335418701
    },
    "6": {
      "price_mse": 0.17664814022767833,
      "grad_mse": 1.8578749069214096,
      "n_params": 7,
      "x_mean_train": 0.035980984568595886,
      "x_std_train": 1.7738063335418701
    },
    "7": {
      "price_mse": 0.09439073457042801,
      "grad_mse": 2.3874498329928957,
      "n_params": 8,
      "x_mean_train": 0.035980984568595886,
      "x_std_train": 1.7738063335418701
    },
    "8": {
      "price_mse": 0.09507949802450887,
      "grad_mse": 2.4617002585917764,
      "n_params": 9,
      "x_mean_train": 0.035980984568595886,
      "x_std_train": 1.7738063335418701
    },
    "9": {
      "price_mse": 0.00969193531856843,
      "grad_mse": 0.6688032787590532,
      "n_params": 10,
      "x_mean_train": 0.035980984568595886,
      "x_std_train": 1.7738063335418701
    },
    "10": {
      "price_mse": 0.009718554614353152,
      "grad_mse": 0.653255350735444,
      "n_params": 11,
      "x_mean_train": 0.035980984568595886,
      "x_std_train": 1.7738063335418701
    },
    "11": {
      "price_mse": 0.00043243827290456206,
      "grad_mse": 0.03937346956191283,
      "n_params": 12,
      "x_mean_train": 0.035980984568595886,
      "x_std_train": 1.7738063335418701
    },
    "12": {
      "price_mse": 0.0004242378335797567,
      "grad_mse": 0.04268019801895578,
      "n_params": 13,
      "x_mean_train": 0.035980984568595886,
      "x_std_train": 1.7738063335418701
    }
  },
  "elapsed_s": 0.008449077606201172,
  "key": "trig_d1_n512_noise0.0_s789_polynomial",
  "timestamp": "2026-05-06T14:03:32.797445"
}