{
  "domain": "trig",
  "func_type": "trig",
  "dim": 1,
  "n_samples": 512,
  "n_train": 409,
  "n_test": 103,
  "noise_level": 0.0,
  "seed": 1000,
  "polynomial_results": {
    "1": {
      "price_mse": 0.14070065670938212,
      "grad_mse": 0.6328077546980403,
      "n_params": 2,
      "x_mean_train": -0.11880599707365036,
      "x_std_train": 1.8153645992279053
    },
    "2": {
      "price_mse": 0.14071551136717905,
      "grad_mse": 0.6295471145504309,
      "n_params": 3,
      "x_mean_train": -0.11880599707365036,
      "x_std_train": 1.8153645992279053
    },
    "3": {
      "price_mse": 0.0007495092661878165,
      "grad_mse": 0.011847691868673023,
      "n_params": 4,
      "x_mean_train": -0.11880599707365036,
      "x_std_train": 1.8153645992279053
    },
    "4": {
      "price_mse": 0.0007471756157311184,
      "grad_mse": 0.011756885114452713,
      "n_params": 5,
      "x_mean_train": -0.11880599707365036,
      "x_std_train": 1.8153645992279053
    },
    "5": {
      "price_mse": 8.613395607954616e-07,
      "grad_mse": 2.6656853474573923e-05,
      "n_params": 6,
      "x_mean_train": -0.11880599707365036,
      "x_std_train": 1.8153645992279053
    },
    "6": {
      "price_mse": 8.664203595697763e-07,
      "grad_mse": 2.6691890398616968e-05,
      "n_params": 7,
      "x_mean_train": -0.11880599707365036,
      "x_std_train": 1.8153645992279053
    },
    "7": {
      "price_mse": 2.4344900603357193e-10,
      "grad_mse": 1.9403845163023604e-08,
      "n_params": 8,
      "x_mean_train": -0.11880599707365036,
      "x_std_train": 1.8153645992279053
    },
    "8": {
      "price_mse": 2.5310304328378857e-10,
      "grad_mse": 2.0482962593830748e-08,
      "n_params": 9,
      "x_mean_train": -0.11880599707365036,
      "x_std_train": 1.8153645992279053
    },
    "9": {
      "price_mse": 5.0161188374203755e-14,
      "grad_mse": 5.348234226644818e-12,
      "n_params": 10,
      "x_mean_train": -0.11880599707365036,
      "x_std_train": 1.8153645992279053
    },
    "10": {
      "price_mse": 5.244778033243424e-14,
      "grad_mse": 6.596064909483387e-12,
      "n_params": 11,
      "x_mean_train": -0.11880599707365036,
      "x_std_train": 1.8153645992279053
    },
    "11": {
      "price_mse": 2.707898898735264e-15,
      "grad_mse": 8.62994559326794e-15,
      "n_params": 12,
      "x_mean_train": -0.11880599707365036,
      "x_std_train": 1.8153645992279053
    },
    "12": {
      "price_mse": 2.764823835129761e-15,
      "grad_mse": 3.628950885135975e-14,
      "n_params": 13,
      "x_mean_train": -0.11880599707365036,
      "x_std_train": 1.8153645992279053
    }
  },
  "elapsed_s": 0.00836634635925293,
  "key": "trig_d1_n512_noise0.0_s1000_polynomial",
  "timestamp": "2026-05-06T14:03:32.806064"
}