{
  "domain": "trig",
  "func_type": "trig",
  "dim": 1,
  "n_samples": 512,
  "n_train": 409,
  "n_test": 103,
  "noise_level": 0.0,
  "seed": 42,
  "polynomial_results": {
    "1": {
      "price_mse": 0.5687059945224444,
      "grad_mse": 9.438786350566373,
      "n_params": 2,
      "x_mean_train": 0.05843416601419449,
      "x_std_train": 1.81001877784729
    },
    "2": {
      "price_mse": 0.5721682667449691,
      "grad_mse": 9.403792493686845,
      "n_params": 3,
      "x_mean_train": 0.05843416601419449,
      "x_std_train": 1.81001877784729
    },
    "3": {
      "price_mse": 0.514653824119428,
      "grad_mse": 8.843083784812814,
      "n_params": 4,
      "x_mean_train": 0.05843416601419449,
      "x_std_train": 1.81001877784729
    },
    "4": {
      "price_mse": 0.5118098638639722,
      "grad_mse": 8.823321976471838,
      "n_params": 5,
      "x_mean_train": 0.05843416601419449,
      "x_std_train": 1.81001877784729
    },
    "5": {
      "price_mse": 0.4790646603784422,
      "grad_mse": 9.221391745187216,
      "n_params": 6,
      "x_mean_train": 0.05843416601419449,
      "x_std_train": 1.81001877784729
    },
    "6": {
      "price_mse": 0.4734778841864687,
      "grad_mse": 9.442372304068213,
      "n_params": 7,
      "x_mean_train": 0.05843416601419449,
      "x_std_train": 1.81001877784729
    },
    "7": {
      "price_mse": 0.46376054001918515,
      "grad_mse": 8.581369863316496,
      "n_params": 8,
      "x_mean_train": 0.05843416601419449,
      "x_std_train": 1.81001877784729
    },
    "8": {
      "price_mse": 0.46779494710413666,
      "grad_mse": 8.2278824666829,
      "n_params": 9,
      "x_mean_train": 0.05843416601419449,
      "x_std_train": 1.81001877784729
    },
    "9": {
      "price_mse": 0.2037682802798282,
      "grad_mse": 11.112483209307912,
      "n_params": 10,
      "x_mean_train": 0.05843416601419449,
      "x_std_train": 1.81001877784729
    },
    "10": {
      "price_mse": 0.20223339375183347,
      "grad_mse": 9.983480210997197,
      "n_params": 11,
      "x_mean_train": 0.05843416601419449,
      "x_std_train": 1.81001877784729
    },
    "11": {
      "price_mse": 0.03255795488684836,
      "grad_mse": 2.587098635047928,
      "n_params": 12,
      "x_mean_train": 0.05843416601419449,
      "x_std_train": 1.81001877784729
    },
    "12": {
      "price_mse": 0.033103452199631955,
      "grad_mse": 2.3124096220093375,
      "n_params": 13,
      "x_mean_train": 0.05843416601419449,
      "x_std_train": 1.81001877784729
    }
  },
  "elapsed_s": 0.06234240531921387,
  "key": "trig_d1_n512_noise0.0_s42_polynomial",
  "timestamp": "2026-05-06T14:03:32.771141"
}