{
  "domain": "trig",
  "func_type": "trig",
  "dim": 1,
  "n_samples": 512,
  "n_train": 409,
  "n_test": 103,
  "noise_level": 0.0,
  "seed": 123,
  "polynomial_results": {
    "1": {
      "price_mse": 0.1599217001055789,
      "grad_mse": 0.30468086650204634,
      "n_params": 2,
      "x_mean_train": 0.06389309465885162,
      "x_std_train": 1.8980945348739624
    },
    "2": {
      "price_mse": 0.15946961955684447,
      "grad_mse": 0.3046616070401216,
      "n_params": 3,
      "x_mean_train": 0.06389309465885162,
      "x_std_train": 1.8980945348739624
    },
    "3": {
      "price_mse": 0.022647396096854774,
      "grad_mse": 0.2589747475937986,
      "n_params": 4,
      "x_mean_train": 0.06389309465885162,
      "x_std_train": 1.8980945348739624
    },
    "4": {
      "price_mse": 0.022641233690509466,
      "grad_mse": 0.2512251452014902,
      "n_params": 5,
      "x_mean_train": 0.06389309465885162,
      "x_std_train": 1.8980945348739624
    },
    "5": {
      "price_mse": 0.000712272301612975,
      "grad_mse": 0.013772937797098936,
      "n_params": 6,
      "x_mean_train": 0.06389309465885162,
      "x_std_train": 1.8980945348739624
    },
    "6": {
      "price_mse": 0.0007000786296290888,
      "grad_mse": 0.01349577143308421,
      "n_params": 7,
      "x_mean_train": 0.06389309465885162,
      "x_std_train": 1.8980945348739624
    },
    "7": {
      "price_mse": 4.554570531149449e-06,
      "grad_mse": 0.0002141761143698517,
      "n_params": 8,
      "x_mean_train": 0.06389309465885162,
      "x_std_train": 1.8980945348739624
    },
    "8": {
      "price_mse": 4.545296251041848e-06,
      "grad_mse": 0.00020879047384681008,
      "n_params": 9,
      "x_mean_train": 0.06389309465885162,
      "x_std_train": 1.8980945348739624
    },
    "9": {
      "price_mse": 1.2419223560743415e-08,
      "grad_mse": 1.0885493607659191e-06,
      "n_params": 10,
      "x_mean_train": 0.06389309465885162,
      "x_std_train": 1.8980945348739624
    },
    "10": {
      "price_mse": 1.2400513414527896e-08,
      "grad_mse": 1.0865407373365334e-06,
      "n_params": 11,
      "x_mean_train": 0.06389309465885162,
      "x_std_train": 1.8980945348739624
    },
    "11": {
      "price_mse": 1.6603374738473808e-11,
      "grad_mse": 2.019220392463909e-09,
      "n_params": 12,
      "x_mean_train": 0.06389309465885162,
      "x_std_train": 1.8980945348739624
    },
    "12": {
      "price_mse": 1.63074536390799e-11,
      "grad_mse": 1.9458866071835503e-09,
      "n_params": 13,
      "x_mean_train": 0.06389309465885162,
      "x_std_train": 1.8980945348739624
    }
  },
  "elapsed_s": 0.008588314056396484,
  "key": "trig_d1_n512_noise0.0_s123_polynomial",
  "timestamp": "2026-05-06T14:03:32.780095"
}