{
  "domain": "trig",
  "func_type": "trig",
  "dim": 1,
  "n_samples": 4096,
  "n_train": 3276,
  "n_test": 820,
  "noise_level": 0.0,
  "seed": 1000,
  "polynomial_results": {
    "1": {
      "price_mse": 0.17559832563404315,
      "grad_mse": 0.5999283697482849,
      "n_params": 2,
      "x_mean_train": -0.035057228058576584,
      "x_std_train": 1.8199182748794556
    },
    "2": {
      "price_mse": 0.17667299801939973,
      "grad_mse": 0.6006013767434941,
      "n_params": 3,
      "x_mean_train": -0.035057228058576584,
      "x_std_train": 1.8199182748794556
    },
    "3": {
      "price_mse": 0.0008295791115819896,
      "grad_mse": 0.014616390042292086,
      "n_params": 4,
      "x_mean_train": -0.035057228058576584,
      "x_std_train": 1.8199182748794556
    },
    "4": {
      "price_mse": 0.000837847922427426,
      "grad_mse": 0.014790537188471762,
      "n_params": 5,
      "x_mean_train": -0.035057228058576584,
      "x_std_train": 1.8199182748794556
    },
    "5": {
      "price_mse": 9.262909743146015e-07,
      "grad_mse": 4.0566808375798765e-05,
      "n_params": 6,
      "x_mean_train": -0.035057228058576584,
      "x_std_train": 1.8199182748794556
    },
    "6": {
      "price_mse": 9.334468957392289e-07,
      "grad_mse": 4.123216558089794e-05,
      "n_params": 7,
      "x_mean_train": -0.035057228058576584,
      "x_std_train": 1.8199182748794556
    },
    "7": {
      "price_mse": 3.139665880632658e-10,
      "grad_mse": 2.9999239566740874e-08,
      "n_params": 8,
      "x_mean_train": -0.035057228058576584,
      "x_std_train": 1.8199182748794556
    },
    "8": {
      "price_mse": 3.1700139165058027e-10,
      "grad_mse": 3.0652020008645786e-08,
      "n_params": 9,
      "x_mean_train": -0.035057228058576584,
      "x_std_train": 1.8199182748794556
    },
    "9": {
      "price_mse": 4.616434699607123e-14,
      "grad_mse": 8.505150817090116e-12,
      "n_params": 10,
      "x_mean_train": -0.035057228058576584,
      "x_std_train": 1.8199182748794556
    },
    "10": {
      "price_mse": 4.6962105907646794e-14,
      "grad_mse": 8.900055126853266e-12,
      "n_params": 11,
      "x_mean_train": -0.035057228058576584,
      "x_std_train": 1.8199182748794556
    },
    "11": {
      "price_mse": 2.2320692735194042e-08,
      "grad_mse": 3.756018076050466e-06,
      "n_params": 12,
      "x_mean_train": -0.035057228058576584,
      "x_std_train": 1.8199182748794556
    },
    "12": {
      "price_mse": 2.216619128871777e-08,
      "grad_mse": 3.6786117642020874e-06,
      "n_params": 13,
      "x_mean_train": -0.035057228058576584,
      "x_std_train": 1.8199182748794556
    }
  },
  "elapsed_s": 0.013642311096191406,
  "key": "trig_d1_n4096_noise0.0_s1000_polynomial",
  "timestamp": "2026-05-06T14:03:33.118092"
}