{
  "domain": "trig",
  "func_type": "trig",
  "dim": 1,
  "n_samples": 2048,
  "n_train": 1638,
  "n_test": 410,
  "noise_level": 0.0,
  "seed": 789,
  "polynomial_results": {
    "1": {
      "price_mse": 0.19442449932392636,
      "grad_mse": 2.07709091250912,
      "n_params": 2,
      "x_mean_train": 0.00291751092299819,
      "x_std_train": 1.7716374397277832
    },
    "2": {
      "price_mse": 0.1943302044950732,
      "grad_mse": 2.078691873035957,
      "n_params": 3,
      "x_mean_train": 0.00291751092299819,
      "x_std_train": 1.7716374397277832
    },
    "3": {
      "price_mse": 0.18370647831148834,
      "grad_mse": 2.1967913724072248,
      "n_params": 4,
      "x_mean_train": 0.00291751092299819,
      "x_std_train": 1.7716374397277832
    },
    "4": {
      "price_mse": 0.18343904350158832,
      "grad_mse": 2.1960498973303886,
      "n_params": 5,
      "x_mean_train": 0.00291751092299819,
      "x_std_train": 1.7716374397277832
    },
    "5": {
      "price_mse": 0.17212732149518464,
      "grad_mse": 1.7650257300210979,
      "n_params": 6,
      "x_mean_train": 0.00291751092299819,
      "x_std_train": 1.7716374397277832
    },
    "6": {
      "price_mse": 0.17221382070911806,
      "grad_mse": 1.762395563637785,
      "n_params": 7,
      "x_mean_train": 0.00291751092299819,
      "x_std_train": 1.7716374397277832
    },
    "7": {
      "price_mse": 0.09192366217841763,
      "grad_mse": 3.7516482265709947,
      "n_params": 8,
      "x_mean_train": 0.00291751092299819,
      "x_std_train": 1.7716374397277832
    },
    "8": {
      "price_mse": 0.09172073853309895,
      "grad_mse": 3.72320552482281,
      "n_params": 9,
      "x_mean_train": 0.00291751092299819,
      "x_std_train": 1.7716374397277832
    },
    "9": {
      "price_mse": 0.012165249870340157,
      "grad_mse": 1.5346204362974942,
      "n_params": 10,
      "x_mean_train": 0.00291751092299819,
      "x_std_train": 1.7716374397277832
    },
    "10": {
      "price_mse": 0.012154186830027301,
      "grad_mse": 1.5277616170219788,
      "n_params": 11,
      "x_mean_train": 0.00291751092299819,
      "x_std_train": 1.7716374397277832
    },
    "11": {
      "price_mse": 0.0006393728942389418,
      "grad_mse": 0.18119728951046019,
      "n_params": 12,
      "x_mean_train": 0.00291751092299819,
      "x_std_train": 1.7716374397277832
    },
    "12": {
      "price_mse": 0.000640635212992133,
      "grad_mse": 0.18200889771473633,
      "n_params": 13,
      "x_mean_train": 0.00291751092299819,
      "x_std_train": 1.7716374397277832
    }
  },
  "elapsed_s": 0.011069774627685547,
  "key": "trig_d1_n2048_noise0.0_s789_polynomial",
  "timestamp": "2026-05-06T14:03:32.989708"
}